Uniprot,Gene description,Organ,GO
Q8NE22,SET domain containing 9,Testis,GO:0005739;GO:0005654;GO:0016278;GO:0032259;GO:1901796
Q01638,Interleukin 1 receptor like 1,Kidney,GO:0009986;GO:0005829;GO:0009897;GO:0005576;GO:0005925;GO:0005886;GO:0004896;GO:0004908;GO:0002113;GO:0002114;GO:0003953;GO:0061809;GO:0006955;GO:0006954;GO:0038172;GO:0030225;GO:0002826;GO:0032689;GO:0032722;GO:0050729;GO:0032754;GO:0043032;GO:0007165
Q8N0Y3,Olfactory receptor family 4 subfamily N member 4,Testis,GO:0005886;GO:0004930;GO:0004984
Q6ICG8,WBP2 N-terminal like,Testis,GO:0005634;GO:0033011;GO:0036126;GO:0061827;GO:0031490;GO:0003713;GO:0050699;GO:0007343;GO:0035039;GO:0051321;GO:0045893
Q9UH90,F-box protein 40,Heart,GO:0005737;GO:0005829;GO:0061630;GO:0008270;GO:0042692
P63316,"Troponin C1, slow skeletal and cardiac type",Heart,GO:1990584;GO:0005829;GO:0005861;GO:0051015;GO:0005509;GO:0048306;GO:0042803;GO:0031013;GO:0031014;GO:0060048;GO:0002086;GO:0043462;GO:0006937;GO:0032972;GO:0010038;GO:0003009;GO:0014883;GO:0055010
Q6P444,Mitochondrial fission regulator 2,Testis,GO:0005739;GO:0009060;GO:0000266;GO:0007005
Q8WW32,High mobility group box 4,Testis,GO:0005694;GO:0005634;GO:0008301;GO:0006357
Q12860,Contactin 1,Brain,GO:0030424;GO:0070062;GO:0098978;GO:0016020;GO:0005886;GO:0045211;GO:0042734;GO:0098552;GO:0030246;GO:0098632;GO:0007411;GO:0007420;GO:0007155;GO:0098609;GO:0032289;GO:0021549;GO:0010467;GO:0007626;GO:0007219;GO:0010628;GO:0010976;GO:0010765
P42262,Glutamate ionotropic receptor AMPA type subunit 2,Brain,GO:0032281;GO:0032279;GO:0030425;GO:0043197;GO:0030666;GO:0060076;GO:0009897;GO:0043025;GO:0005886;GO:0098794;GO:0014069;GO:0098839;GO:0098843;GO:0004971;GO:0001540;GO:0004970;GO:0099094;GO:1904315;GO:0007268;GO:0035235;GO:0050804;GO:0007165;GO:0035249
P04732,Metallothionein 1E,Liver,GO:0005737;GO:0005634;GO:0046872;GO:0008270;GO:0071276;GO:0071280;GO:0071294;GO:0010273;GO:0006882;GO:0045926
Q9NRJ5,Poly(A) polymerase beta,Testis,GO:0005783;GO:0005634;GO:0005524;GO:0046872;GO:1990817;GO:0003723;GO:0006397;GO:0031123
Q6PCE3,Phosphoglucomutase 2 like 1,Brain,GO:0005829;GO:0047933;GO:0016868;GO:0046872;GO:0006006
Q01449,Myosin light chain 7,Heart,GO:0031672;GO:0005737;GO:0005829;GO:0043197;GO:0030016;GO:0016459;GO:0005509;GO:0048738;GO:0060047
Q8NCR9,Clarin 3,Kidney,GO:0070062;GO:0016020;GO:0007605
P57789,Potassium two pore domain channel subfamily K member 10,Brain,GO:0034702;GO:0005886;GO:0098782;GO:0015271;GO:0005267;GO:0022841;GO:1904551;GO:0007613;GO:0071805;GO:0007165
Q96L15,ADP-ribosyltransferase 5,Testis,GO:0005576;GO:0003950;GO:0106274;GO:0016779
X6R8D5,GUCA1A neighbor,Testis,
Q8IXP5,POU class 2 homeobox associating factor 2,Testis,GO:0005829;GO:0005634;GO:0070974;GO:0043565;GO:0003713
Q8WW18,Chromosome 17 open reading frame 50,Testis,
Q02833,Ras association domain family member 7,Kidney,GO:0034451;GO:0005737;GO:0006915;GO:0007165
P39877,Phospholipase A2 group V,Heart,GO:0032009;GO:0005576;GO:0005794;GO:0032010;GO:0005886;GO:0055037;GO:0005509;GO:0047498;GO:0047499;GO:0005543;GO:0050482;GO:0035965;GO:0006631;GO:0019370;GO:0034374;GO:0042130;GO:0090385;GO:0034638;GO:0046470;GO:0046471;GO:0006644;GO:1905036;GO:0070374;GO:0090265;GO:0010744;GO:1903028;GO:0050766;GO:1905164;GO:0010518
Q03154,Aminoacylase 1,Kidney,GO:0005829;GO:0070062;GO:0004046;GO:0042802;GO:0046872;GO:0006520
Q49AJ0,Family with sequence similarity 135 member B,Brain,
Q92820,Gamma-glutamyl hydrolase,Kidney,GO:0035578;GO:0070062;GO:0005576;GO:0005615;GO:0042470;GO:0005634;GO:0035580;GO:1904724;GO:0005773;GO:0008238;GO:0034722;GO:0008242;GO:0046900
A2RU67,Family with sequence similarity 234 member B,Brain,GO:0005794;GO:0016020;GO:0005815
Q9Y2D1,Activating transcription factor 5,Liver,GO:0005813;GO:0000785;GO:0005829;GO:0005654;GO:0005634;GO:0090575;GO:0003682;GO:0001228;GO:0003700;GO:0000981;GO:0019900;GO:0000977;GO:0043565;GO:0000976;GO:0015631;GO:0021930;GO:0007623;GO:0045444;GO:0035264;GO:0043066;GO:1902750;GO:0008285;GO:0045892;GO:0021891;GO:0045893;GO:0045944;GO:0009791;GO:0046605;GO:0006355;GO:0006357
Q96DD0,Leucine rich repeat containing 39,Heart,GO:0031430;GO:0035556
Q92556,Engulfment and cell motility 1,Brain,GO:0005737;GO:0005829;GO:0098978;GO:0032045;GO:0016020;GO:0005886;GO:0098794;GO:0017124;GO:0030036;GO:0007015;GO:0006915;GO:0048870;GO:0006911;GO:0016601;GO:0150052
Q8WU66,Thrombospondin type laminin G domain and EAR repeats,Testis,GO:0009986;GO:0060170;GO:0005576;GO:0032420;GO:0022405;GO:0007219;GO:0008593;GO:0007605;GO:0007165;GO:0034505
P16455,O-6-methylguanine-DNA methyltransferase,Liver,GO:0016020;GO:0005654;GO:0005634;GO:0003677;GO:0009008;GO:0046872;GO:0003908;GO:0008168;GO:0006307;GO:0006266;GO:0006281;GO:0032259;GO:0043066;GO:2000781
Q96SE0,Abhydrolase domain containing 1,Testis,GO:0016020;GO:0008126;GO:0047372;GO:0051792;GO:0051793
Q6ZNQ3,Leucine rich repeat containing 69,Testis,GO:0035556
Q9P2E8,Membrane associated ring-CH-type finger 4,Brain,GO:0000139;GO:0005795;GO:0005802;GO:0004842;GO:0008270;GO:0016567
Q6ZNG2,Developing brain homeobox 2,Brain,GO:0000785;GO:0005634;GO:0003677;GO:0000981;GO:0006357
P51795,Chloride voltage-gated channel 5,Liver,GO:0045177;GO:0005829;GO:0005769;GO:0010008;GO:0005794;GO:0000139;GO:0005765;GO:0016020;GO:0005886;GO:0008021;GO:0015297;GO:0005524;GO:0042802;GO:0005247;GO:0006821;GO:0006897;GO:0034220;GO:0003014
Q9UPY5,Solute carrier family 7 member 11,Brain,GO:0045177;GO:0097449;GO:0031526;GO:0009986;GO:0016020;GO:0031528;GO:0005886;GO:0015327;GO:0015179;GO:0140926;GO:0030534;GO:0003333;GO:0034599;GO:0140206;GO:0006749;GO:0034775;GO:0090461;GO:0015811;GO:0098712;GO:0015813;GO:0140924;GO:0070306;GO:0060173;GO:0048286;GO:0050804;GO:0110076;GO:0070527;GO:1904717;GO:0042127;GO:1900407;GO:1901494;GO:2000211;GO:1903786;GO:0048021;GO:0033029;GO:0051223;GO:0050807;GO:0035094;GO:0014070;GO:0051775;GO:0009636;GO:0021756;GO:0021591;GO:0008542
Q8WUB2,Family with sequence similarity 216 member A,Brain,
Q5T5A4,Cilia and flagella associated protein 276,Testis,GO:0160112;GO:0005879;GO:0005737;GO:0005856;GO:0036126;GO:0030317
Q8IXF0,Neuronal PAS domain protein 3,Brain,GO:0000785;GO:0005654;GO:0000981;GO:0046982;GO:0000977;GO:0045893;GO:0006357
Q9UJM3,ERBB receptor feedback inhibitor 1,Liver,GO:0005737;GO:0005829;GO:0005634;GO:0005886;GO:0005096;GO:0019901;GO:0006915;GO:0006699;GO:0051216;GO:0016477;GO:0042632;GO:0008203;GO:0035988;GO:0007566;GO:0007173;GO:0050673;GO:0060613;GO:0010467;GO:0006006;GO:0036022;GO:0001889;GO:0048286;GO:0060428;GO:0060426;GO:0042059;GO:0007175;GO:0031953;GO:0043491;GO:0050847;GO:0072659;GO:0045616;GO:1904565;GO:0032355;GO:0032868;GO:0032570;GO:0009410;GO:0043589;GO:0001894;GO:0035847
O14810,Complexin 1,Brain,GO:0044305;GO:0005829;GO:0098978;GO:0043204;GO:0098794;GO:0098685;GO:0031201;GO:0070554;GO:0043195;GO:0000149;GO:0019905;GO:0007268;GO:0006887;GO:0030073;GO:0050804;GO:0099145;GO:0017157;GO:0031630;GO:0016079
Q86V42,Family with sequence similarity 124 member A,Brain,
Q08426,Enoyl-CoA hydratase and 3-hydroxyacyl CoA dehydrogenase,Kidney,GO:0005829;GO:0005782;GO:0005777;GO:0018812;GO:0003857;GO:0004165;GO:0004300;GO:0019899;GO:0016863;GO:0016509;GO:0070403;GO:0006635;GO:0033540
Q9NX36,DnaJ heat shock protein family (Hsp40) member C28,Testis,
O00230,Cortistatin,Brain,GO:0005576;GO:0005615;GO:0045202;GO:0001664;GO:0005184;GO:0007193;GO:0007268;GO:0030334
Q2TAL6,Von Willebrand factor C domain containing 2,Heart,GO:0032281;GO:0005604;GO:0005615;GO:0098890;GO:0098978;GO:0005614;GO:0030514;GO:0099645;GO:0010811;GO:0045666
Q13562,Neuronal differentiation 1,Brain,GO:0000785;GO:0005737;GO:0005654;GO:0005634;GO:0090575;GO:0003682;GO:0001228;GO:0003700;GO:0000981;GO:0070888;GO:0046982;GO:0061629;GO:1990837;GO:0035881;GO:0009952;GO:0061564;GO:0007259;GO:0071333;GO:0021549;GO:0021542;GO:0048562;GO:0031018;GO:0035883;GO:0042593;GO:0048839;GO:0030073;GO:0046426;GO:2000675;GO:0022008;GO:0006913;GO:0003326;GO:0003329;GO:0043065;GO:0045597;GO:0051091;GO:0045893;GO:0045666;GO:0045944;GO:2000679;GO:0050796;GO:0060730;GO:0009749;GO:0007423;GO:0023019;GO:0006366
Q8TBG9,Synaptoporin,Brain,GO:0043005;GO:0030672
P35372,Opioid receptor mu 1,Brain,GO:0030424;GO:0030425;GO:0005783;GO:0005768;GO:0005794;GO:0043005;GO:0043204;GO:0005886;GO:0045202;GO:0004979;GO:0004930;GO:0001965;GO:0031681;GO:0038047;GO:0042923;GO:0005245;GO:0007197;GO:0048149;GO:0038003;GO:0007187;GO:0043951;GO:0008285;GO:0051481;GO:0045019;GO:0061358;GO:0007218;GO:0007200;GO:0043950;GO:0007204;GO:0070374;GO:0050769;GO:0045429;GO:0080135;GO:2000310;GO:0007600;GO:0019233
Q5TZF3,Ankyrin repeat domain 45,Testis,GO:0032154;GO:0005737;GO:0090543;GO:0030496;GO:0008283
Q9Y5I1,Protocadherin alpha 11,Brain,GO:0005886;GO:0005509;GO:0007155;GO:0007156;GO:0007399
Q14831,Glutamate metabotropic receptor 7,Brain,GO:0032279;GO:0030424;GO:0005938;GO:0030425;GO:0043198;GO:0016020;GO:0005886;GO:0045211;GO:0048786;GO:0043235;GO:0010855;GO:0005509;GO:0016595;GO:0008066;GO:0001642;GO:0030165;GO:0046983;GO:0070905;GO:0007196;GO:0007193;GO:0061564;GO:0007268;GO:0007216;GO:0070085;GO:0014050;GO:0051966;GO:0007605
Q9ULZ0,TP53 target 3 family member E,Testis,GO:0005737;GO:0005634
O95936,Eomesodermin,Brain,GO:0000785;GO:0005654;GO:0005634;GO:0031490;GO:0003677;GO:0000981;GO:0000978;GO:0061629;GO:0043565;GO:1990837;GO:0002250;GO:0048708;GO:0007420;GO:0010002;GO:0002302;GO:0060706;GO:0021895;GO:0021796;GO:0006338;GO:0001706;GO:0001714;GO:0010467;GO:0048382;GO:0001707;GO:0060809;GO:0043433;GO:0000122;GO:0001764;GO:0021772;GO:0045893;GO:0045944;GO:0006357;GO:0035914;GO:0019827;GO:0001829
Q5VZ72,IZUMO family member 3,Testis,GO:0002079;GO:0005886;GO:0042803;GO:0001675
A8MYJ7,Tetratricopeptide repeat domain 34,Testis,
Q16822,"Phosphoenolpyruvate carboxykinase 2, mitochondrial",Kidney,GO:0005759;GO:0005739;GO:0005525;GO:0030145;GO:0004613;GO:0004611;GO:0071549;GO:0071333;GO:0032869;GO:0071356;GO:0006094;GO:0046327;GO:0070365;GO:0006116;GO:0006107;GO:0032024;GO:0019543;GO:0032496;GO:0042594
Q17RY6,Lymphocyte antigen 6 family member K,Testis,GO:0001669;GO:0005576;GO:0045121;GO:0005886;GO:0098552;GO:0007339
P0DMW5,Small integral membrane protein 10 like 2B,Heart,
Q12794,Hyaluronidase 1,Liver,GO:0031410;GO:0070062;GO:0005615;GO:0036117;GO:0043202;GO:0005764;GO:0052757;GO:0004415;GO:0005975;GO:0051216;GO:0044344;GO:0071347;GO:0071467;GO:0036120;GO:0071356;GO:0071493;GO:0030207;GO:0060272;GO:0006027;GO:0030214;GO:0030212;GO:0006954;GO:0030308;GO:0045766;GO:0045785;GO:0030307;GO:1900106;GO:0046677;GO:0000302;GO:0009615
Q96KV7,WD repeat domain 90,Testis,GO:0005814;GO:0005813;GO:0005737;GO:0060271
Q92736,Ryanodine receptor 2,Heart,GO:0034704;GO:0014701;GO:0016020;GO:0005886;GO:0032991;GO:0042383;GO:0016529;GO:0033017;GO:0005790;GO:0030018;GO:0005262;GO:0005509;GO:0048763;GO:0005516;GO:0019899;GO:0042802;GO:0015278;GO:0034236;GO:0034237;GO:0005219;GO:0043924;GO:0044325;GO:0006816;GO:0060402;GO:0019722;GO:0060048;GO:0003300;GO:0086064;GO:0071313;GO:0071872;GO:0005513;GO:0003143;GO:0051649;GO:0072599;GO:0006874;GO:0003220;GO:0010460;GO:0051284;GO:0098735;GO:0086029;GO:0098910;GO:0098904;GO:0055117;GO:0010882;GO:0010881;GO:0051480;GO:0002027;GO:0098907;GO:0098911;GO:0051209;GO:0014808;GO:0031000;GO:0001666;GO:0014850;GO:0035994;GO:0051775;GO:0070296;GO:0006941;GO:0097050;GO:0086005
Q15800,Methylsterol monooxygenase 1,Liver,GO:0005783;GO:0005789;GO:0016020;GO:0005886;GO:0000254;GO:0005506;GO:0006695;GO:0006631;GO:0008202;GO:0016126
Q86Z14,Klotho beta,Liver,GO:0005886;GO:0017134;GO:0005104;GO:0004553;GO:0005975;GO:0008284;GO:0090080
P78333,Glypican 5,Kidney,GO:0009986;GO:0062023;GO:0005576;GO:0005796;GO:0043202;GO:0016020;GO:0005886;GO:0098552;GO:0016477;GO:0090263;GO:1905475
Q9P2T0,Theg spermatid protein,Testis,GO:0005634;GO:0030154;GO:0051131;GO:0007283
A6NLU0,Ret finger protein like 4A,Liver,GO:0005737;GO:0005829;GO:0005654;GO:0046872;GO:0042803;GO:0019901;GO:0061630;GO:0045087;GO:0010508;GO:0043123;GO:0010468;GO:0032880;GO:0046596
P20062,Transcobalamin 2,Kidney,GO:0009897;GO:0005576;GO:0005615;GO:0043202;GO:0005886;GO:0140355;GO:0031419;GO:0046872;GO:0015889;GO:0006824
A6ND48,Olfactory receptor family 14 subfamily I member 1,Brain,GO:0005886;GO:0004930;GO:0005549;GO:0004984
Q9H6D8,Fibronectin type III domain containing 4,Liver,GO:0005783;GO:0005615;GO:0005886;GO:0050728;GO:0071559
P20742,PZP alpha-2-macroglobulin like,Liver,GO:0072562;GO:0070062;GO:0005576;GO:0005615;GO:0004866;GO:0002020;GO:0004867;GO:0007565
Q68CJ6,"Nuclear GTPase, germinal center associated",Liver,GO:0016607;GO:0005525;GO:0003924;GO:0071222;GO:0043066;GO:0033262
Q9H6L4,Armadillo repeat containing 7,Kidney,GO:0005681;GO:0006397;GO:0008380
Q5VU36,SPATA31 subfamily A member 5,Testis,GO:0016020;GO:0030154;GO:0007283
P62079,Tetraspanin 5,Brain,GO:0015629;GO:0005788;GO:0005654;GO:0005886;GO:0019899;GO:0045747;GO:0072659;GO:0051604;GO:0051043
O00198,"Harakiri, BCL2 interacting protein",Brain,GO:0016020;GO:0005739;GO:0006915;GO:0043065;GO:0031334;GO:0090200
Q9UI17,Dimethylglycine dehydrogenase,Kidney,GO:0005737;GO:0005759;GO:0005739;GO:0047865;GO:0009055;GO:0003723;GO:0006579;GO:0042426;GO:0019695
Q6PFW1,Diphosphoinositol pentakisphosphate kinase 1,Brain,GO:0005829;GO:0005886;GO:0033857;GO:0005524;GO:0000829;GO:0052723;GO:0000832;GO:0000828;GO:0000827;GO:0006020;GO:0032958;GO:0043647
Q96M43,NBPF member 4,Testis,GO:0005737
Q8N729,Neuropeptide W,Liver,GO:0005576;GO:0001664;GO:0007631;GO:0007186;GO:0007218
Q9BU61,NADH:ubiquinone oxidoreductase complex assembly factor 3,Testis,GO:0005743;GO:0005739;GO:0005634;GO:0032981
Q9Y5R2,Matrix metallopeptidase 24,Brain,GO:0070062;GO:0031012;GO:0005615;GO:0005886;GO:0032588;GO:0045296;GO:0008047;GO:0004222;GO:0008270;GO:0044331;GO:0098742;GO:0030574;GO:0050965;GO:0030198;GO:0010001;GO:0097150;GO:0006508
Q9Y5Q5,"Corin, serine peptidase",Heart,GO:0015629;GO:0009986;GO:0005576;GO:0016604;GO:0005886;GO:0004175;GO:0004252;GO:0007565;GO:0016486;GO:0008217;GO:1903779;GO:0035813;GO:0003050
Q9H115,NSF attachment protein beta,Brain,GO:0070062;GO:0098978;GO:0070044;GO:0005483;GO:0019905;GO:0006886;GO:0010807;GO:0035494;GO:0035249
Q96M11,HYLS1 centriolar and ciliogenesis associated,Testis,GO:0005814;GO:0005813;GO:0005929;GO:0005737;GO:0005829;GO:0097730;GO:0005634;GO:0005886;GO:0060271
Q9ULN7,PNMA family member 8B,Brain,
Q8WW36,Zinc finger CCHC-type containing 13,Testis,GO:0005737;GO:0003729;GO:0003727;GO:0045182;GO:0008270;GO:2000767
Q9UJ99,Cadherin 22,Brain,GO:0005912;GO:0016342;GO:0008013;GO:0045296;GO:0005509;GO:0034332;GO:0016339;GO:0016477;GO:0000902;GO:0044331;GO:0007043;GO:0007156
Q9NXD2,Myotubularin related protein 10,Brain,GO:0005737;GO:0005829;GO:0046856
P08172,Cholinergic receptor muscarinic 2,Heart,GO:0032279;GO:0043679;GO:0098981;GO:0030669;GO:0030425;GO:0098978;GO:0016020;GO:0043025;GO:0005886;GO:0045211;GO:0042734;GO:0032280;GO:0045202;GO:1990763;GO:0016907;GO:0007197;GO:0007188;GO:0007268;GO:0007213;GO:0007186;GO:0007187;GO:0007399;GO:0007207;GO:0099171;GO:0008016;GO:0006940;GO:0009615
A8MT33,Synaptonemal complex central element protein 1 like,Testis,GO:0045111;GO:0000795;GO:0007130
Q14439,G protein-coupled receptor 176,Brain,GO:0005886;GO:0045202;GO:0004930;GO:0007193;GO:0007268;GO:0048512;GO:0007186
O00744,Wnt family member 10B,Brain,GO:0005576;GO:0005615;GO:0005125;GO:0005109;GO:0048018;GO:0060346;GO:0060070;GO:0045165;GO:0071320;GO:0071374;GO:0071300;GO:0002062;GO:0030855;GO:0045444;GO:0061196;GO:0000086;GO:0071425;GO:0006629;GO:0048627;GO:0014835;GO:0120163;GO:0050680;GO:0045599;GO:0000122;GO:0030182;GO:0001649;GO:0043065;GO:0030501;GO:0090263;GO:0030858;GO:0010971;GO:1902035;GO:0045669;GO:0045899;GO:0045582;GO:0051885;GO:0050821;GO:0032434;GO:0048641;GO:0050909;GO:0048741;GO:0007224;GO:0030217;GO:0006366
Q6WBX8,RAD9 checkpoint clamp component B,Testis,GO:0030896;GO:0005654;GO:0005634;GO:0071479;GO:0006281;GO:0000076;GO:0031573
Q96MB7,Harbinger transposase derived 1,Testis,GO:0034451;GO:0005829;GO:0005634;GO:0005886;GO:0046872;GO:0004518
Q09470,Potassium voltage-gated channel subfamily A member 1,Brain,GO:0070161;GO:0016324;GO:0043194;GO:0043679;GO:0044305;GO:0030054;GO:0009986;GO:0031410;GO:0005829;GO:0030425;GO:0005783;GO:0098978;GO:0044224;GO:0016020;GO:0043025;GO:0033270;GO:0043204;GO:0005886;GO:0045211;GO:0042734;GO:0045202;GO:0008076;GO:0005251;GO:0097718;GO:1905030;GO:0099508;GO:0005249;GO:0001508;GO:0061564;GO:0010644;GO:0071286;GO:0021987;GO:0022038;GO:0050966;GO:0050976;GO:0021766;GO:0010960;GO:0086011;GO:0007405;GO:0050905;GO:0019228;GO:0023041;GO:0021554;GO:0071805;GO:0051260;GO:0008104;GO:0042391;GO:0006937;GO:0001964
Q96FC7,Phytanoyl-CoA 2-hydroxylase interacting protein like,Brain,GO:0005737
Q96IC2,RNA exonuclease 5,Testis,GO:0070062;GO:0005730;GO:0005634;GO:0004527;GO:0003723;GO:0031125
Q96SA4,Serine incorporator 2,Liver,GO:0070062;GO:0016020
Q8N428,Polypeptide N-acetylgalactosaminyltransferase 16,Heart,GO:0005794;GO:0000139;GO:0030246;GO:0046872;GO:0004653;GO:0006493;GO:0018242;GO:0018243
Q9H4F8,SPARC related modular calcium binding 1,Liver,GO:0005604;GO:0005615;GO:0005509;GO:0050840;GO:0008201;GO:0030154;GO:0030198;GO:0001654;GO:0060173;GO:0045667
Q16572,Solute carrier family 18 member A3,Brain,GO:0030121;GO:0030122;GO:0030669;GO:0060201;GO:0005886;GO:0030672;GO:0043195;GO:0005277;GO:0005278;GO:0015311;GO:0051630;GO:0007268;GO:0006836;GO:0014057;GO:1900273;GO:1904398;GO:0051610
Q02318,Cytochrome P450 family 27 subfamily A member 1,Liver,GO:0005743;GO:0005759;GO:0005739;GO:0047748;GO:0031073;GO:0020037;GO:0005506;GO:0008395;GO:0030343;GO:0006699;GO:0036378;GO:0006707;GO:0008203;GO:0016125
Q86XU0,Zinc finger protein 677,Testis,GO:0005634;GO:0000981;GO:0046872;GO:0000978;GO:0006357
O43570,Carbonic anhydrase 12,Kidney,GO:0016324;GO:0016323;GO:0016020;GO:0005886;GO:0004089;GO:0008270;GO:0055064;GO:0044849;GO:0006730
Q71RH2,TLC domain containing 3B,Brain,GO:0005783;GO:0005789;GO:0000139;GO:0050291;GO:0046513;GO:0055088;GO:0045599
Q6J272,Family with sequence similarity 166 member A,Testis,GO:0160111;GO:0036064;GO:0005634;GO:0036126;GO:0030317
Q6PEX7,Testis expressed 38,Testis,GO:0016020
Q6R2W3,Zinc finger BED-type containing 9,Testis,GO:0005737;GO:0005634;GO:0003676;GO:0015074;GO:0045787;GO:0050679
Q9BWV7,Tubulin tyrosine ligase like 2,Testis,GO:0036064;GO:0005524;GO:0046872;GO:0015631;GO:0070740;GO:0000226;GO:0036211
Q8IXW0,Lamin tail domain containing 2,Testis,GO:0005638;GO:0030527
Q9NYG8,Potassium two pore domain channel subfamily K member 4,Brain,GO:0033268;GO:0005886;GO:0034705;GO:0042802;GO:0098782;GO:0046872;GO:0015271;GO:0005267;GO:0022841;GO:0097604;GO:0071468;GO:0071469;GO:1904551;GO:0071398;GO:0071260;GO:0071502;GO:0050976;GO:0007613;GO:0019228;GO:0071805;GO:0006813;GO:1990478;GO:0019233;GO:0050951
Q9Y6R1,Solute carrier family 4 member 4,Kidney,GO:0016323;GO:0009986;GO:0070062;GO:0016020;GO:0005886;GO:0042802;GO:0008509;GO:0008510;GO:0005452;GO:0015293;GO:0015701;GO:0045821;GO:0051453;GO:0042391;GO:0036376;GO:0035725;GO:0006814;GO:0055085;GO:0150104
P35080,Profilin 2,Brain,GO:0005737;GO:0005856;GO:0070062;GO:0098978;GO:0098794;GO:0098793;GO:0098685;GO:0003779;GO:0003785;GO:0016887;GO:0005546;GO:0098885;GO:0030837;GO:0010633;GO:1900028;GO:0032233;GO:0030838;GO:0032781;GO:0033138;GO:0051496;GO:0099140;GO:0099171;GO:0050821;GO:0030833;GO:2000300
Q0VD86,"Inhibitor of CDK, cyclin A1 interacting protein 1",Testis,GO:0005737;GO:0016604;GO:0005654;GO:0005634;GO:0030332;GO:0004861;GO:0042802;GO:0044877;GO:0097190;GO:0048144;GO:0008285;GO:0045736;GO:0048147;GO:2001235
Q5U4P2,Aspartate beta-hydroxylase domain containing 1,Brain,GO:0016020;GO:0051213
Q9ULQ0,Striatin interacting protein 2,Brain,GO:0005737;GO:0005829;GO:0090443;GO:0016477;GO:0007010;GO:0008360
Q13508,ADP-ribosyltransferase 3 (inactive),Testis,GO:0070062;GO:0005576;GO:0005886;GO:0098552;GO:0003950;GO:0106274;GO:0016779
P18509,Adenylate cyclase activating polypeptide 1,Brain,GO:0005576;GO:0005615;GO:0043005;GO:0043204;GO:0005184;GO:0051428;GO:0016521;GO:0005102;GO:0031891;GO:0031892;GO:0007190;GO:0007189;GO:0007188;GO:0007267;GO:0007565;GO:0030073;GO:0045786;GO:0031175;GO:0007218;GO:0071651;GO:0120162;GO:0007204;GO:0070374;GO:0060124;GO:0043547;GO:0045860;GO:0045944;GO:0008277;GO:0032880
O15131,Karyopherin subunit alpha 5,Testis,GO:0005829;GO:0042564;GO:0005654;GO:0005634;GO:0061608;GO:0008139;GO:0006607;GO:0006606
Q5T655,Cilia and flagella associated protein 58,Testis,GO:0005813;GO:0005737;GO:0005856;GO:0005615;GO:0036126;GO:0097225;GO:0060271;GO:0030317;GO:0007219;GO:0120229;GO:0007288;GO:0120316;GO:0120317
Q9Y5I7,Claudin 16,Kidney,GO:0005923;GO:0005886;GO:0070160;GO:0042802;GO:0015095;GO:0160187;GO:0030165;GO:0005198;GO:0070830;GO:0016338;GO:0007155;GO:0010496;GO:0030003;GO:0030001;GO:0160184;GO:0070293
Q6P499,NIPA like domain containing 3,Brain,GO:0016020;GO:0015095;GO:0015693
Q9NWB1,RNA binding fox-1 homolog 1,Brain,GO:0005737;GO:0010494;GO:0097165;GO:0005634;GO:0005802;GO:0003729;GO:0003723;GO:0006397;GO:0007399;GO:0000381;GO:0008380;GO:0050658
P27144,Adenylate kinase 4,Kidney,GO:0005737;GO:0005759;GO:0005739;GO:0047506;GO:0004017;GO:0005524;GO:0036430;GO:0036431;GO:0005525;GO:0004550;GO:0050145;GO:0046899;GO:0006172;GO:0046033;GO:0046034;GO:0071456;GO:0046039;GO:0015949;GO:0009142;GO:0002082;GO:0009188
Q15760,G protein-coupled receptor 19,Brain,GO:0005929;GO:0005886;GO:0004930;GO:0007186
Q8TF21,Ankyrin repeat domain 24,Testis,GO:0005886;GO:0032420;GO:0003779;GO:0060088;GO:0007605
Q96MM7,Heparan sulfate 6-O-sulfotransferase 2,Brain,GO:0000139;GO:0017095;GO:0015015
Q4G0M1,Erythroferrone,Kidney,GO:0005576;GO:0005615;GO:0005179;GO:0042802;GO:0051649;GO:0015908;GO:0006879;GO:0043066;GO:0010507;GO:0045721;GO:0045668;GO:0045671;GO:0046326;GO:2000193;GO:0046628;GO:0051897;GO:0019217
Q9C0H6,Kelch like family member 4,Brain,GO:0034451;GO:0031463;GO:0005737;GO:0015630;GO:0003779;GO:1990756;GO:0043161
Q7RTT9,Solute carrier family 29 member 4,Brain,GO:0016324;GO:0016323;GO:0005886;GO:0098793;GO:0015562;GO:0008504;GO:0008324;GO:0005326;GO:0005337;GO:0005342;GO:0015101;GO:0019534;GO:0042910;GO:0032238;GO:1990748;GO:0015872;GO:0090494;GO:0048241;GO:0051625;GO:0140115;GO:0001692;GO:0051608;GO:0051615;GO:0015844;GO:0098655;GO:0006836;GO:0015874;GO:0051620;GO:1903825;GO:0015695;GO:0006837;GO:0051610;GO:0150104;GO:0042908
P43004,Solute carrier family 1 member 2,Brain,GO:0097449;GO:0030673;GO:0044297;GO:0009986;GO:0098978;GO:0016020;GO:0098796;GO:0045121;GO:0044306;GO:0005886;GO:0042734;GO:0031982;GO:0033229;GO:0015501;GO:0005314;GO:0005313;GO:0046872;GO:0008509;GO:0015175;GO:0030534;GO:0071314;GO:0007268;GO:0070779;GO:0006750;GO:0140009;GO:0070778;GO:0098712;GO:0015813;GO:0006811;GO:0035264;GO:0098810;GO:0006836;GO:0046326;GO:0070207;GO:0043200;GO:0009611;GO:0009410;GO:0021537;GO:0070633;GO:0150104;GO:0007632
Q13326,Sarcoglycan gamma,Heart,GO:0005737;GO:0005856;GO:0005886;GO:0016012;GO:0042383;GO:0048738;GO:0010467;GO:0060047;GO:0007517
A0A087X179,TBC1 domain family member 3E,Testis,GO:0005886;GO:0005096
Q96JK4,HHIP like 1,Brain,GO:0005576;GO:0016020
Q6Q6R5,Cysteine rich protein 3,Heart,GO:0005737;GO:0046872
A6PVS8,Leucine rich repeats and IQ motif containing 3,Testis,
A0A1B0GTI8,Transmembrane protein 272,Brain,GO:0016020
P22352,Glutathione peroxidase 3,Kidney,GO:0070062;GO:0005576;GO:0005615;GO:0004602;GO:0042802;GO:0008430;GO:0042744;GO:0006982
Q13618,Cullin 3,Testis,GO:0005813;GO:0031463;GO:0005737;GO:0005829;GO:0070062;GO:0098978;GO:0005794;GO:0016020;GO:0072686;GO:0005654;GO:0005634;GO:0005886;GO:0005827;GO:0098794;GO:0036126;GO:0000922;GO:0030332;GO:0042802;GO:0005112;GO:0031208;GO:0160072;GO:0061630;GO:0031625;GO:0031145;GO:0016477;GO:0030030;GO:0071230;GO:0034599;GO:0048208;GO:0040016;GO:0006888;GO:0044346;GO:0000082;GO:0007369;GO:0010467;GO:0006954;GO:0007229;GO:0097193;GO:0001822;GO:0072576;GO:0007080;GO:0035024;GO:0000122;GO:0032480;GO:0071630;GO:0008284;GO:0032467;GO:1901992;GO:0045842;GO:0031398;GO:1904263;GO:0043161;GO:0051865;GO:0031648;GO:0070936;GO:0006513;GO:0000209;GO:0016567;GO:1900076;GO:0140252;GO:0017145;GO:0043149;GO:0001831;GO:0006511;GO:0016055
Q9BY08,EBP like,Liver,GO:0005783;GO:0005789;GO:0047750;GO:0016125
Q8NCV1,Adenosine deaminase domain containing 2,Testis,GO:0005737;GO:0005730;GO:0005634;GO:0004000;GO:0003726;GO:0003725;GO:0008251;GO:0006382;GO:0006396;GO:0007286
Q9H305,Cell death inducing p53 target 1,Brain,GO:0098560;GO:0098574;GO:0005634;GO:0008270;GO:0042771
Q8TDI0,Chromodomain helicase DNA binding protein 5,Brain,GO:0000785;GO:0005829;GO:0000792;GO:0016020;GO:0016607;GO:0005654;GO:0005634;GO:0016581;GO:0005524;GO:0016887;GO:0140658;GO:0140849;GO:0140665;GO:0003682;GO:0140584;GO:0061775;GO:0003677;GO:0003689;GO:0036121;GO:0061749;GO:0009378;GO:0061628;GO:0042393;GO:0046872;GO:1990518;GO:0021895;GO:0006338;GO:0008285;GO:1901798;GO:0006357;GO:0035092
Q9UGV2,NDRG family member 3,Brain,GO:0005737;GO:0070062;GO:0030154;GO:0030308;GO:0007165;GO:0007283
P05413,Fatty acid binding protein 3,Heart,GO:0005829;GO:0070062;GO:0005615;GO:0005634;GO:0008092;GO:0036041;GO:0070538;GO:0050873;GO:0042632;GO:0032365;GO:0015909;GO:0008285;GO:0055091;GO:0140214;GO:0071073;GO:0046320;GO:2001245
Q9NP95,Fibroblast growth factor 20,Brain,GO:0005737;GO:0005576;GO:0005615;GO:0005104;GO:0008083;GO:0043395;GO:0090722;GO:0005102;GO:0007267;GO:0008543;GO:0042491;GO:0043524;GO:0022008;GO:0008284;GO:1904340;GO:0070374;GO:0043410;GO:0060043;GO:0030334;GO:0014059;GO:0007165
Q6ZSG1,Ring finger protein 165,Brain,GO:0005634;GO:0032991;GO:0061630;GO:0008270;GO:0035136;GO:0060384;GO:0008045;GO:0061061;GO:0030513;GO:0030163;GO:0000209
Q9Y2P4,Solute carrier family 27 member 6,Heart,GO:0005789;GO:0005886;GO:0042383;GO:0047676;GO:0015245;GO:0005324;GO:0004467;GO:0000166;GO:1901480;GO:0031957;GO:0044539;GO:0001676;GO:0015909;GO:0000038
Q9HCS2,Cytochrome P450 family 4 subfamily F member 12,Liver,GO:0016324;GO:0005737;GO:0005789;GO:0043231;GO:0018685;GO:0008392;GO:0020037;GO:0005506;GO:0050051;GO:0004497;GO:0019369;GO:0019373;GO:0006631;GO:0036101;GO:0001676;GO:0042361;GO:0042376;GO:0003095;GO:0003091;GO:0055078;GO:0000038;GO:0042360;GO:0006805
Q5VSG8,Mannosidase endo-alpha like,Brain,GO:0000139;GO:0004559
Q9NZR2,LDL receptor related protein 1B,Brain,GO:0005886;GO:0043235;GO:0005509;GO:0005041;GO:0015031;GO:0006898
Q13621,Solute carrier family 12 member 1,Kidney,GO:0016324;GO:0070062;GO:0016020;GO:0005886;GO:0008511;GO:0006884;GO:0055064;GO:1902476;GO:0034220;GO:0006811;GO:0055075;GO:1990573;GO:0055078;GO:0035725
Q5VUE5,Chromosome 1 open reading frame 53,Liver,GO:0005739
Q9UMX3,BCL2 family apoptosis regulator BOK,Brain,GO:0033106;GO:0005737;GO:0031901;GO:0005783;GO:0005789;GO:0005794;GO:0016020;GO:0005743;GO:0031966;GO:0005741;GO:0005739;GO:0005640;GO:0005634;GO:0055038;GO:0032588;GO:0051400;GO:0015267;GO:0046982;GO:0042803;GO:0044877;GO:0005102;GO:0031625;GO:0006915;GO:0006921;GO:0097192;GO:0072332;GO:0008630;GO:0008584;GO:0051902;GO:1901029;GO:0060546;GO:0043524;GO:0051402;GO:0048709;GO:0043065;GO:2001056;GO:1902237;GO:1900119;GO:2001244;GO:1901030;GO:1903899;GO:0051259;GO:0010506;GO:1901382;GO:0051480;GO:1904708;GO:0001836
Q53FE4,Chromosome 4 open reading frame 17,Testis,
Q5T230,Undifferentiated embryonic cell transcription factor 1,Testis,GO:0005634;GO:0003713;GO:0008584;GO:0045944;GO:0006357
Q92527,Ankyrin repeat domain 7,Testis,GO:0005813;GO:0005654
Q16667,Cyclin dependent kinase inhibitor 3,Testis,GO:0005737;GO:0005829;GO:0005634;GO:0048471;GO:0033192;GO:0140791;GO:0140793;GO:1990439;GO:0017018;GO:0004726;GO:0004722;GO:0004725;GO:0030946;GO:0008138;GO:0180006;GO:0180007;GO:0180008;GO:0180005;GO:0180004;GO:0000082;GO:0008285;GO:0051726;GO:0000079
Q08AF8,Golgin A8 family member F,Testis,
Q8N7Q3,Zinc finger protein 676,Testis,GO:0005634;GO:0000981;GO:0046872;GO:0000978;GO:0006355
Q6ZMH5,Solute carrier family 39 member 5,Liver,GO:0016323;GO:0070062;GO:0005886;GO:0140410;GO:0005385;GO:0030509;GO:0034224;GO:0001654;GO:0070315;GO:0030003;GO:0061351;GO:0048026;GO:0071578;GO:0071577;GO:0006829
Q969Z3,Mitochondrial amidoxime reducing component 2,Liver,GO:0005741;GO:0005739;GO:0005777;GO:0030151;GO:0043546;GO:0008940;GO:0098809;GO:0016661;GO:0030170;GO:0070458;GO:0051410;GO:0042126;GO:0006809
Q9UPX8,SH3 and multiple ankyrin repeat domains 2,Brain,GO:0016324;GO:0031526;GO:0060170;GO:0005829;GO:0043197;GO:0098978;GO:0030426;GO:0098686;GO:0043005;GO:0043025;GO:0001917;GO:0001750;GO:0005886;GO:0014069;GO:0048786;GO:0035255;GO:0017124;GO:0098919;GO:0030160;GO:0030534;GO:0008344;GO:0008306;GO:0007612;GO:0060292;GO:0060291;GO:0035331;GO:0008284;GO:0099175;GO:0007584;GO:0009410;GO:0035176;GO:0007416;GO:0071625
O75037,Kinesin family member 21B,Brain,GO:0005737;GO:0031410;GO:0030425;GO:0030426;GO:0005871;GO:0005874;GO:0005524;GO:0016887;GO:0008017;GO:0003777;GO:0007018
P48751,Solute carrier family 4 member 3,Heart,GO:0009897;GO:0016020;GO:0005886;GO:0015106;GO:0140900;GO:0005452;GO:0022857;GO:0015701;GO:0061337;GO:0086001;GO:0045851;GO:0098901;GO:0051453;GO:0055085;GO:0150104
P51449,RAR related orphan receptor C,Liver,GO:0000785;GO:0016604;GO:0005654;GO:0005634;GO:0003700;GO:0000981;GO:0001227;GO:0098531;GO:0004879;GO:0008142;GO:0000978;GO:1990837;GO:0008270;GO:0060612;GO:0036315;GO:0032922;GO:0048535;GO:0070244;GO:0000122;GO:0048541;GO:0042753;GO:0045893;GO:0045598;GO:0010906;GO:0019218;GO:0006357;GO:0072539;GO:0042093;GO:0006805
Q969I3,Glycine-N-acyltransferase like 1,Liver,GO:0005739;GO:0047946;GO:0047961;GO:0006541
Q8TDN4,Cdk5 and Abl enzyme substrate 1,Brain,GO:0005829;GO:0005634;GO:0051301;GO:0007399;GO:0051726
Q86SK9,Stearoyl-CoA desaturase 5,Brain,GO:0005789;GO:0046872;GO:0016491;GO:0004768;GO:0006636
Q08116,Regulator of G protein signaling 1,Brain,GO:0009898;GO:0005829;GO:0005886;GO:0005516;GO:0001965;GO:0005096;GO:0003924;GO:0007193;GO:0007186;GO:0006955;GO:0061737;GO:0009968;GO:0043547;GO:0009617;GO:0007165
Q4KMQ1,Taperin,Brain,GO:0005737;GO:0005902;GO:0005654;GO:0032420;GO:0120044;GO:0003779;GO:0008157;GO:0004865;GO:0060088;GO:0007605;GO:0120045
Q92820,Gamma-glutamyl hydrolase,Liver,GO:0035578;GO:0070062;GO:0005576;GO:0005615;GO:0042470;GO:0005634;GO:0035580;GO:1904724;GO:0005773;GO:0008238;GO:0034722;GO:0008242;GO:0046900
Q9H8S5,Cyclin P,Brain,GO:0000307;GO:0005737;GO:0005815;GO:0005634;GO:0016538;GO:0000082
O15069,NAC alpha domain containing,Brain,GO:0005737;GO:0005854;GO:0005634;GO:0051082;GO:0006612;GO:0015031
Q9UPR6,Zinc finger RNA binding protein 2,Brain,GO:0003725;GO:0003727;GO:0008270
Q9UJQ7,SCP2 sterol binding domain containing 1,Testis,GO:0005829
Q9NR83,SLC2A4 regulator,Liver,GO:0005737;GO:0016607;GO:0005634;GO:0003700;GO:0046872;GO:0000978;GO:0006355;GO:0006357
P07320,Crystallin gamma D,Brain,GO:0005737;GO:0005634;GO:0005212;GO:0034614;GO:0002088;GO:0070306;GO:0007601
O76050,Neuralized E3 ubiquitin protein ligase 1,Brain,GO:0097440;GO:0043197;GO:0098978;GO:0043204;GO:0048471;GO:0005886;GO:0014069;GO:0046872;GO:0045183;GO:0061630;GO:0004842;GO:0071230;GO:0007595;GO:0008285;GO:0045746;GO:0007399;GO:0007219;GO:0043065;GO:0060999;GO:0051491;GO:0048170;GO:0090129;GO:0006513;GO:0150052;GO:0007519;GO:0007288
Q2VPJ9,Leucine rich repeat containing 75B,Brain,
P00740,Coagulation factor IX,Liver,GO:0062023;GO:0005788;GO:0070062;GO:0005576;GO:0005615;GO:0005796;GO:0005886;GO:0005509;GO:0004175;GO:0046872;GO:0004252;GO:0007596;GO:0006508;GO:0031638
P24752,Acetyl-CoA acetyltransferase 1,Kidney,GO:0005783;GO:0070062;GO:0005759;GO:0005739;GO:0003985;GO:0016453;GO:0034736;GO:0120225;GO:0019899;GO:0042802;GO:0030955;GO:0006085;GO:0046356;GO:0060612;GO:0015937;GO:0015936;GO:0006635;GO:0006550;GO:0046952;GO:1902224;GO:0001889;GO:0072229;GO:1902860;GO:0009725;GO:0014070;GO:0042594
Q8N5W8,Family with sequence similarity 24 member B,Kidney,GO:0005576
P0C881,Radial spoke head 10 homolog B,Testis,GO:0097729;GO:0005737;GO:0005856
Q96M69,Leucine rich repeats and guanylate kinase domain containing,Testis,GO:0001669;GO:0042995;GO:0005829;GO:0002177;GO:0005524;GO:0004385;GO:0035082;GO:0030154;GO:0007283
Q5VV43,KIAA0319,Brain,GO:0030669;GO:0031410;GO:0005769;GO:0031901;GO:0043231;GO:0005886;GO:0033555;GO:0030517;GO:0048692;GO:2000171;GO:0001764;GO:0060391;GO:0010996
P01213,Prodynorphin,Brain,GO:0043679;GO:0030425;GO:0005576;GO:0098686;GO:0043025;GO:0098992;GO:0005886;GO:0001515;GO:0031628;GO:0007268;GO:0007218;GO:0007600
Q86Y01,Deltex E3 ubiquitin ligase 1,Brain,GO:0005737;GO:0005829;GO:0016604;GO:0005654;GO:0005112;GO:0017124;GO:0003713;GO:0061630;GO:0031625;GO:0008270;GO:0007166;GO:1990830;GO:0006351;GO:0010001;GO:0045665;GO:0045581;GO:0007219;GO:0016567;GO:0008593;GO:0030217;GO:0006366
Q9BWC9,Coiled-coil domain containing 106,Brain,GO:0005829;GO:0005654
P0C7W6,Coiled-coil domain containing 172,Testis,GO:0005737;GO:0097225
Q8IXT2,DMRT like family C2,Testis,GO:0000785;GO:0005634;GO:0001741;GO:0000981;GO:0042802;GO:0046872;GO:1990837;GO:0070828;GO:0007141;GO:0007548;GO:0007290
P10451,Secreted phosphoprotein 1,Kidney,GO:0042995;GO:0005788;GO:0070062;GO:0005576;GO:0005615;GO:0005794;GO:0048471;GO:0005125;GO:0050840;GO:0005178;GO:0036094;GO:0006710;GO:0031214;GO:0007155;GO:0071394;GO:0046697;GO:0007566;GO:0048685;GO:0001649;GO:0045780;GO:0045893;GO:2000866;GO:1904612;GO:0036005;GO:0048545;GO:0033280
Q5VZB9,DMRT like family A1,Liver,GO:0000785;GO:0005634;GO:0000981;GO:0042802;GO:0046872;GO:0000978;GO:1990837;GO:0060179;GO:0001541;GO:0006357;GO:0007548
Q14832,Glutamate metabotropic receptor 3,Brain,GO:0097449;GO:0030424;GO:0043197;GO:0098978;GO:0005886;GO:0014069;GO:0045211;GO:0042734;GO:0005246;GO:0004930;GO:0008066;GO:0001641;GO:0097110;GO:0033554;GO:0007268;GO:0007216;GO:0010467;GO:0007194;GO:0099170;GO:0051966
P07101,Tyrosine hydroxylase,Brain,GO:0030424;GO:0005737;GO:0009898;GO:0031410;GO:0005829;GO:0030425;GO:0033162;GO:0005739;GO:0043005;GO:0005634;GO:0043204;GO:0048471;GO:0005790;GO:0008021;GO:0043195;GO:0016597;GO:0035240;GO:0019899;GO:0008199;GO:0008198;GO:0042802;GO:0019825;GO:0019904;GO:0034617;GO:0004511;GO:0015842;GO:0009653;GO:0009887;GO:0071312;GO:0071333;GO:0071363;GO:0071287;GO:0071316;GO:0071466;GO:0021987;GO:0042745;GO:0042416;GO:0006585;GO:0042755;GO:0048596;GO:0042418;GO:0042462;GO:0006631;GO:0016137;GO:0007507;GO:0003007;GO:1990384;GO:0033076;GO:0007612;GO:0007626;GO:0007617;GO:0007613;GO:0042421;GO:0018963;GO:0052314;GO:0043473;GO:0008016;GO:0014823;GO:0001975;GO:0051412;GO:0051602;GO:0032355;GO:0045471;GO:0045472;GO:0009635;GO:0001666;GO:0035902;GO:0035900;GO:0009416;GO:0032496;GO:0031667;GO:0043434;GO:0046684;GO:0009651;GO:0010043;GO:0035176;GO:0006665;GO:0001963;GO:0042214;GO:0007601
Q7Z5H3,Rho GTPase activating protein 22,Brain,GO:0005829;GO:0005925;GO:0098978;GO:0005634;GO:0005096;GO:0001525;GO:0030154;GO:0051058;GO:0099175;GO:0051056;GO:0007165
P05155,Serpin family G member 1,Liver,GO:0072562;GO:0062023;GO:0005788;GO:0070062;GO:0005576;GO:0005615;GO:0031093;GO:0004867;GO:0008015;GO:0007596;GO:0006958;GO:0042730;GO:0045087;GO:0001869
Q6ZVX9,Progestin and adipoQ receptor family member 9,Testis,GO:0005886;GO:0038023;GO:0005496
A0A0A6YYK4,T cell receptor beta variable 7-1 (non-functional),Testis,GO:0005886;GO:0042101;GO:0002250;GO:0007166
Q13474,Dystrophin related protein 2,Brain,GO:0030425;GO:0098978;GO:0043204;GO:0005886;GO:0014069;GO:0008270;GO:0007417;GO:0050808;GO:0099536
Q96Q04,Lemur tyrosine kinase 3,Brain,GO:0030424;GO:0030425;GO:0000139;GO:0004676;GO:0004679;GO:0005524;GO:0004677;GO:0004694;GO:0044024;GO:0072371;GO:1990244;GO:0035979;GO:0044025;GO:0140823;GO:0035175;GO:0044022;GO:0140855;GO:0035402;GO:0072354;GO:0140857;GO:0035403;GO:0044023;GO:0046872;GO:0004672;GO:0106310;GO:0072518;GO:0004711
Q96KD3,Golgi associated RAB2 interactor 1B,Testis,GO:0005794;GO:0001675;GO:0007340
Q8IYS8,Biorientation of chromosomes in cell division 1 like 2,Testis,GO:0005813;GO:0005737;GO:0000776;GO:0051301
B2RUZ4,Small integral membrane protein 1 (Vel blood group),Testis,GO:0009986;GO:0005886;GO:0042803
A6NHQ2,Fibrillarin like 1,Brain,GO:0031428;GO:0015030;GO:0001650;GO:0005730;GO:0005654;GO:0032040;GO:1990259;GO:0003723;GO:0008649;GO:0001835;GO:0000494;GO:0031167
O94850,Dendrin,Brain,GO:0042995;GO:0005737;GO:0032591;GO:0005789;GO:0005634;GO:0043204;GO:0045211;GO:0098793;GO:0000981;GO:0000978;GO:0045944
Q6NSI3,Family with sequence similarity 53 member A,Testis,GO:0005634;GO:0006606
Q99569,Plakophilin 4,Brain,GO:0005912;GO:0030054;GO:0005911;GO:0001533;GO:0005737;GO:0009898;GO:0005856;GO:0030057;GO:0030496;GO:0072686;GO:0005634;GO:0048471;GO:0005886;GO:0014069;GO:0051233;GO:0000922;GO:0045296;GO:0098609;GO:0007043;GO:0007267;GO:0032467;GO:0043547;GO:0030155
A2IDD5,Coiled-coil domain containing 78,Brain,GO:0005814;GO:0005737;GO:0098536;GO:0048471;GO:0042383;GO:0016529;GO:0030030;GO:0098535;GO:0003009
Q9Y4P9,Sperm flagellar 1,Brain,GO:0097729;GO:0016324;GO:1990716;GO:0005930;GO:0016323;GO:0097542;GO:0005737;GO:0030175;GO:0030027;GO:0005874;GO:0005902;GO:0001725;GO:0003779;GO:0008017;GO:1904158;GO:0016477;GO:0003341;GO:0046847;GO:0030032;GO:0001578;GO:0007026;GO:0051493;GO:2000095
Q9UHI7,Solute carrier family 23 member 1,Kidney,GO:0016324;GO:0009925;GO:0005737;GO:0070062;GO:0043229;GO:0005886;GO:0033300;GO:0008520;GO:0015229;GO:0015205;GO:0015081;GO:0015143;GO:0007420;GO:0070837;GO:0019852;GO:0015882;GO:0030324;GO:0015851;GO:0009636;GO:0006814
P32320,Cytidine deaminase,Liver,GO:0005829;GO:0005576;GO:1904813;GO:0034774;GO:1904724;GO:0004126;GO:0042802;GO:0001882;GO:0042803;GO:0008270;GO:0007166;GO:0071217;GO:0009972;GO:0019858;GO:0030308;GO:0045980;GO:0008655;GO:0046898;GO:0044206
Q8TEX9,Importin 4,Testis,GO:0000785;GO:0005737;GO:0016020;GO:0005634;GO:0032991;GO:0061608;GO:0008139;GO:0031267;GO:0006606;GO:0034504
Q96A11,Galactose-3-O-sulfotransferase 3,Brain,GO:0032580;GO:0016020;GO:0050656;GO:0030246;GO:0050694;GO:0001733;GO:0050698;GO:0009247;GO:0005996;GO:0009311;GO:0030309;GO:0030166;GO:0006790
O75508,Claudin 11,Testis,GO:0030424;GO:0045178;GO:0005923;GO:0030054;GO:0005811;GO:0005883;GO:0005886;GO:0070160;GO:0042802;GO:0005198;GO:0008366;GO:0070830;GO:0016338;GO:0007155;GO:0007283;GO:0120192
Q9NSE2,Cytokine inducible SH2 containing protein,Liver,GO:0005829;GO:0005886;GO:0005126;GO:0019221;GO:0035556;GO:0001960;GO:0046426;GO:0016567;GO:0001558
Q92558,WASP family member 1,Testis,GO:0015629;GO:0005856;GO:0005829;GO:0005925;GO:0030027;GO:0005741;GO:0098794;GO:0032991;GO:0031209;GO:0003779;GO:0071933;GO:0051018;GO:0034237;GO:0030036;GO:0030041;GO:1990416;GO:0097484;GO:0072673;GO:0007005;GO:0098885;GO:2000601;GO:0051388;GO:0065003;GO:0016601;GO:0006898
O43448,Potassium voltage-gated channel subfamily A regulatory beta subunit 3,Brain,GO:0005737;GO:0005886;GO:0008076;GO:0004033;GO:0015459;GO:0044325;GO:0005249;GO:0006813;GO:1901379
P98164,LDL receptor related protein 2,Kidney,GO:0016324;GO:0030424;GO:0031526;GO:0030669;GO:0005905;GO:0030425;GO:0005783;GO:0031904;GO:0009897;GO:0070062;GO:0005794;GO:0005765;GO:0005764;GO:0005886;GO:0043235;GO:0005509;GO:0038024;GO:0042562;GO:0031994;GO:0005041;GO:0140318;GO:0051087;GO:0017124;GO:0097242;GO:0035904;GO:0008283;GO:0071363;GO:0015889;GO:0060982;GO:1904888;GO:0034311;GO:0006897;GO:1904447;GO:0030900;GO:0010467;GO:0001822;GO:0006629;GO:0008584;GO:0030001;GO:0043066;GO:0030514;GO:0001843;GO:0140058;GO:0003148;GO:0043491;GO:1905167;GO:0050769;GO:0070447;GO:0015031;GO:0061156;GO:0006898;GO:0044321;GO:0001523;GO:0003139;GO:0007605;GO:0045056;GO:0150104;GO:0060068;GO:0003223;GO:0003281;GO:0042359
O00264,Progesterone receptor membrane component 1,Liver,GO:0044297;GO:0012505;GO:0005783;GO:0005576;GO:0016020;GO:0005741;GO:0043005;GO:0043025;GO:0005886;GO:0030868;GO:0035579;GO:0045202;GO:0001540;GO:0020037;GO:0046872;GO:0042803;GO:0005496;GO:0006783;GO:0140077;GO:1903078
Q86SQ6,Adhesion G protein-coupled receptor A1,Brain,GO:0098978;GO:0016020;GO:0005886;GO:0014069;GO:0004930;GO:0007166;GO:0007186;GO:0007165
Q9BWV2,Spermatogenesis associated 9,Testis,GO:0016020;GO:0030154;GO:0007283
O15457,MutS homolog 4,Testis,GO:0005694;GO:0005634;GO:0005713;GO:0000795;GO:0005524;GO:0140664;GO:0003677;GO:0003690;GO:0030983;GO:0007292;GO:0007129;GO:0006298;GO:0001541;GO:0007131;GO:0007283
P0DJI9,Serum amyloid A2,Liver,GO:0070062;GO:0034364;GO:0006953
O00300,TNF receptor superfamily member 11b,Kidney,GO:0031012;GO:0005576;GO:0005615;GO:0005886;GO:0043235;GO:0005125;GO:1904399;GO:0038023;GO:0006915;GO:0030198;GO:0045779;GO:0042489;GO:0045671;GO:0010804;GO:0046685;GO:0043627;GO:0032026;GO:0007584;GO:0009410;GO:0007165;GO:0001501
P0DMB1,Proline rich 23 domain containing 2,Testis,
O95045,Uridine phosphorylase 2,Kidney,GO:0005829;GO:0045098;GO:0047847;GO:0042802;GO:0004850;GO:0006249;GO:0009116;GO:0044206;GO:0006218;GO:0046108
Q9UL62,Transient receptor potential cation channel subfamily C member 5,Brain,GO:0034704;GO:0034703;GO:0030425;GO:0030426;GO:0043025;GO:0005886;GO:0098793;GO:0003779;GO:0042805;GO:0051117;GO:0005262;GO:0030276;GO:0070679;GO:0015279;GO:0070588;GO:0006816;GO:0050774;GO:0007399;GO:0051402;GO:0030182;GO:0070782;GO:0045773;GO:0008284;GO:0007204;GO:0045666;GO:0051480;GO:1902630
Q9H165,BAF chromatin remodeling complex subunit BCL11A,Brain,GO:0005737;GO:0005829;GO:0016363;GO:0005654;GO:0005634;GO:0042382;GO:0098794;GO:0016514;GO:0003700;GO:0140297;GO:0001227;GO:0046872;GO:0046982;GO:0042803;GO:0019901;GO:0000978;GO:0003712;GO:0001067;GO:1905232;GO:0030517;GO:2000173;GO:0048671;GO:2000171;GO:1903860;GO:0010977;GO:1904800;GO:0032463;GO:0000122;GO:0048672;GO:0010628;GO:0010976;GO:0045944;GO:0016925;GO:0050773;GO:0006357
Q92782,Double PHD fingers 1,Brain,GO:0000785;GO:0005737;GO:0071565;GO:0005654;GO:0046872;GO:1990837;GO:0006915;GO:0006338;GO:0007399;GO:0045597;GO:2000781;GO:0070316;GO:2000045;GO:0030071;GO:2000819;GO:0006357
Q8N412,Sperm tail PG-rich repeat containing 2,Testis,
Q9GZN6,Solute carrier family 6 member 16,Testis,GO:0005886;GO:0005326;GO:0015293;GO:0006865;GO:0006836;GO:0035725
O75364,Paired like homeodomain 3,Brain,GO:0000785;GO:0005634;GO:0001228;GO:0000981;GO:0000978;GO:1990837;GO:0009653;GO:0009887;GO:1990792;GO:0071542;GO:0002088;GO:0070306;GO:0002089;GO:0007626;GO:0030901;GO:0014014;GO:0048666;GO:1904935;GO:0045893;GO:0043525;GO:0006355;GO:0006357;GO:0042220;GO:0035902;GO:1904313
Q15392,24-dehydrocholesterol reductase,Liver,GO:0005737;GO:0005783;GO:0005789;GO:0000139;GO:0016020;GO:0005634;GO:0000246;GO:0050614;GO:0019899;GO:0071949;GO:0016628;GO:0042605;GO:0042987;GO:0006695;GO:0033489;GO:0033490;GO:0030539;GO:0061024;GO:0008285;GO:0031639;GO:0008104;GO:0007265;GO:0009725;GO:0043588;GO:0008202;GO:0009888
Q6S9Z5,Zinc finger protein 474,Testis,GO:0046872
D6RF30,Golgin A8 family member K,Testis,GO:0005801;GO:0000137;GO:0032580;GO:0007030
Q9UGM5,Fetuin B,Liver,GO:0070062;GO:0005576;GO:0004869;GO:0008191;GO:0007339;GO:0010951;GO:0007338
Q9Y3Q4,Hyperpolarization activated cyclic nucleotide gated potassium channel 4,Heart,GO:0030424;GO:0030425;GO:0098855;GO:0048471;GO:0005886;GO:0030552;GO:0042802;GO:0005222;GO:0005249;GO:0086041;GO:0005248;GO:0008015;GO:0071320;GO:0071321;GO:0086012;GO:0086046;GO:0006812;GO:0006936;GO:1990573;GO:0071805;GO:0098909;GO:0055117;GO:0002027;GO:0086091;GO:0003254;GO:0042391;GO:0086015;GO:0003163;GO:0098719;GO:0035725
Q8NDY3,ADP-ribosylhydrolase like 1,Heart,GO:0030017;GO:0003875;GO:0000287;GO:0003242;GO:0055003;GO:0051725
Q5GH76,XK related 4,Brain,GO:0005886;GO:1902742;GO:0043652;GO:0070782
P0DTE4,UDP glucuronosyltransferase family 2 member A1 complex locus,Kidney,GO:0005789;GO:0015020;GO:0008206;GO:0052695;GO:0007606;GO:0007608
P0DPH7,Tubulin alpha 3c,Testis,GO:0005737;GO:0005874;GO:0015630;GO:0005634;GO:0005525;GO:0016787;GO:0046872;GO:0005200;GO:0000226;GO:0000278
P43146,DCC netrin 1 receptor,Testis,GO:0044295;GO:0009986;GO:0005829;GO:0005886;GO:0098839;GO:0098685;GO:0004888;GO:0033564;GO:0006915;GO:0007411;GO:0007409;GO:0098609;GO:0033563;GO:0048671;GO:2000171;GO:0010977;GO:0001764;GO:0099170;GO:0021965
P50440,Glycine amidinotransferase,Liver,GO:0070062;GO:0005743;GO:0005758;GO:0005739;GO:0015067;GO:0015068;GO:0006601;GO:0006600;GO:0007611;GO:0014889;GO:0120162
Q8IZU3,Synaptonemal complex protein 3,Testis,GO:0000775;GO:0000800;GO:0005634;GO:0000795;GO:0003677;GO:0051301;GO:0007141;GO:0051321;GO:0035092;GO:0007286
Q96HZ4,Hes family bHLH transcription factor 6,Brain,GO:0000785;GO:0005634;GO:0005667;GO:0003700;GO:0000981;GO:0001227;GO:0046983;GO:0000978;GO:0061629;GO:1990837;GO:0009952;GO:0030154;GO:0043433;GO:0007399;GO:0006355;GO:0050767;GO:0006357
Q86X40,Leucine rich repeat containing 28,Liver,GO:0035556
Q8WXD2,Secretogranin III,Brain,GO:0005788;GO:0005576;GO:0034774;GO:0030667;GO:0030658;GO:0003723;GO:0033366
Q8IZU0,Family with sequence similarity 9 member B,Liver,GO:0005694;GO:0005737;GO:0005654;GO:0005634;GO:0000795;GO:0051321;GO:0007286
Q9C0B6,BMP/retinoic acid inducible neural specific 2,Brain,GO:0005737;GO:0030425;GO:0005576;GO:0043025;GO:0071300;GO:0021953;GO:0045930;GO:0045666
P00739,Haptoglobin-related protein,Liver,GO:0072562;GO:0070062;GO:0005576;GO:0005615;GO:0034366;GO:0030492;GO:0004252
Q8NCU8,Mitoregulin,Heart,GO:0005743;GO:0005739;GO:0045333;GO:0006635;GO:0006629;GO:0032000;GO:0010918;GO:0031334;GO:0051284;GO:0051146;GO:0070328
Q9P2U8,Solute carrier family 17 member 6,Brain,GO:0034707;GO:0060076;GO:0043005;GO:0005886;GO:0030672;GO:0005254;GO:0005313;GO:0140788;GO:0005326;GO:0015386;GO:0005436;GO:1990384;GO:0051938;GO:0006820;GO:0006811;GO:0098700;GO:0055062;GO:0006817;GO:0050803;GO:0044341;GO:0035249
A0A1B0GTH6,Casein kinase 2 subunit alpha' interacting protein,Testis,GO:0005634
Q9NQ35,Nuclear receptor interacting protein 3,Testis,GO:0004190;GO:0006508
Q9Y3M9,Zinc finger protein 337,Brain,GO:0005634;GO:0000981;GO:0046872;GO:0000977;GO:0006357
Q8WXJ9,Ankyrin repeat and SOCS box containing 17,Testis,GO:0005829;GO:0035556;GO:0016567
Q8IY49,Monocyte to macrophage differentiation associated 2,Testis,GO:0000139;GO:0048471;GO:0004672;GO:0045666;GO:0045860;GO:0046579;GO:0032880
Q96P56,Cation channel sperm associated 2,Testis,GO:0036128;GO:0031514;GO:0005886;GO:0005227;GO:0005245;GO:0006816;GO:0009566;GO:0030317;GO:0048240
A0A1B0GUS4,Ubiquitin conjugating enzyme E2 L5,Testis,GO:0005634;GO:0005524;GO:0016874;GO:0061631;GO:0070979;GO:0006511
Q9Y6L6,Solute carrier organic anion transporter family member 1B1,Liver,GO:0009925;GO:0016323;GO:0016020;GO:0005886;GO:0015125;GO:0008514;GO:0015132;GO:0015347;GO:0015349;GO:0015721;GO:0042167;GO:0006811;GO:0015711;GO:0043252;GO:0006805
P62508,Estrogen related receptor gamma,Kidney,GO:0000785;GO:0005654;GO:0050682;GO:0001228;GO:0000981;GO:0034056;GO:0042802;GO:0004879;GO:0003707;GO:1990837;GO:0005496;GO:0008270;GO:0030518;GO:0120162;GO:0045944;GO:0006355;GO:0006357;GO:0048384
Q99592,Zinc finger and BTB domain containing 18,Brain,GO:0000792;GO:0016607;GO:0005654;GO:0005634;GO:0003677;GO:0000981;GO:0001227;GO:0046872;GO:0043565;GO:1990837;GO:0045892;GO:0000122;GO:0045944;GO:0006357;GO:0007519
O75077,ADAM metallopeptidase domain 23,Brain,GO:0005576;GO:0098978;GO:0005886;GO:0042734;GO:0005178;GO:0004222;GO:0008237;GO:0007155;GO:1990830;GO:0007417;GO:0006508
Q9P0X4,Calcium voltage-gated channel subunit alpha1 I,Brain,GO:0005886;GO:0005891;GO:0008331;GO:0005245;GO:0098703;GO:0019228;GO:0007165;GO:0030431
Q86YS6,"RAB43, member RAS oncogene family",Liver,GO:0012505;GO:0070062;GO:0005794;GO:0045335;GO:0030670;GO:0032588;GO:0005525;GO:0003924;GO:0000045;GO:0071346;GO:0007030;GO:0006886;GO:0090382;GO:0035526;GO:0019068
P85298,Rho GTPase activating protein 8,Kidney,GO:0005737;GO:0005829;GO:0005096;GO:2001136;GO:0070374;GO:0051056;GO:0007264
O60939,Sodium voltage-gated channel beta subunit 2,Brain,GO:0043194;GO:0033268;GO:0005886;GO:0045202;GO:0030315;GO:0001518;GO:0017080;GO:1902282;GO:0086006;GO:0061337;GO:0086002;GO:0060048;GO:0007268;GO:0010467;GO:0086010;GO:0086012;GO:0007399;GO:0010765;GO:0060371;GO:0086091;GO:0009408;GO:0046684
Q8TDY3,Actin related protein T2,Testis,GO:0005737;GO:0005856
P43146,DCC netrin 1 receptor,Brain,GO:0044295;GO:0009986;GO:0005829;GO:0005886;GO:0098839;GO:0098685;GO:0004888;GO:0033564;GO:0006915;GO:0007411;GO:0007409;GO:0098609;GO:0033563;GO:0048671;GO:2000171;GO:0010977;GO:0001764;GO:0099170;GO:0021965
Q4G0S7,Coiled-coil domain containing 152,Liver,
Q9UI47,Catenin alpha 3,Heart,GO:0005912;GO:0005737;GO:0005856;GO:0030057;GO:0005916;GO:0030027;GO:0051015;GO:0008013;GO:0045296;GO:0086073;GO:0016477;GO:0098609;GO:0086091;GO:0098911
Q6ZMV7,"Leucine, glutamate and lysine rich 1",Testis,
Q16850,Cytochrome P450 family 51 subfamily A member 1,Liver,GO:0005789;GO:0016020;GO:0020037;GO:0005506;GO:0016491;GO:0016712;GO:0008398;GO:0006695;GO:0033488;GO:1900222;GO:0042177;GO:0050709;GO:0006694;GO:0016125
P35346,Somatostatin receptor 5,Heart,GO:0043005;GO:0005886;GO:0042923;GO:0004994;GO:0071385;GO:0007186;GO:0007187;GO:0008285;GO:0007218;GO:0032467;GO:0050796
Q5JUK2,Spermatogenesis and oogenesis specific basic helix-loop-helix 1,Testis,GO:0000785;GO:0005737;GO:0005634;GO:0000981;GO:0046982;GO:0042803;GO:0000976;GO:0030154;GO:0009994;GO:0007283
Q9BXG8,Spermatogenic leucine zipper 1,Testis,GO:0005737;GO:0005634;GO:0003677;GO:0003700
Q9H159,Cadherin 19,Heart,GO:0005912;GO:0016342;GO:0005886;GO:0008013;GO:0045296;GO:0005509;GO:0034332;GO:0016339;GO:0016477;GO:0000902;GO:0044331;GO:0007043;GO:0007156
Q15121,Proliferation and apoptosis adaptor protein 15,Brain,GO:0005829;GO:0043231;GO:0005875;GO:0005654;GO:0006915;GO:0000165;GO:0046325;GO:1902042;GO:1902043
P0DPH9,Chromosome X open reading frame 51B,Testis,
Q658N2,WSC domain containing 1,Brain,GO:0000139;GO:0008146
P0C7V6,SUPT20H like 2,Testis,GO:0005615;GO:0000124;GO:0003712;GO:0006357
Q9BRU2,Transcription elongation factor A like 7,Brain,GO:0005654;GO:0005634;GO:0045892;GO:0032088
A0A1B0GUV1,Chromosome 17 open reading frame 114,Brain,
A6NKX4,Solute carrier family 22 member 31,Brain,GO:0016020;GO:0022857;GO:0006811
Q9UJT2,Testis specific serine kinase substrate,Testis,GO:0005814;GO:0005737;GO:0019901
P49006,MARCKS like 1,Brain,GO:0005737;GO:0005856;GO:0070062;GO:0005886;GO:0051015;GO:0005516;GO:0007015;GO:0008283;GO:0007417;GO:0008284
Q92932,Protein tyrosine phosphatase receptor type N2,Brain,GO:0101003;GO:0005886;GO:0043235;GO:0030141;GO:0030667;GO:0045202;GO:0030672;GO:0140793;GO:0004726;GO:0030946;GO:0005001;GO:0035773;GO:0006629;GO:0007269;GO:0006470;GO:0051046
Q5HYN5,Cancer/testis antigen family 45 member A1,Testis,
Q7RTU9,Stereocilin,Brain,GO:0009986;GO:0060091;GO:0032426;GO:0060088;GO:0007160;GO:0050910;GO:0008104
Q6P7N7,Transmembrane protein 81,Brain,GO:0016020
Q8IUE0,TGFB induced factor homeobox 2 like Y-linked,Testis,GO:0000785;GO:0005634;GO:0000981;GO:0001227;GO:0000978;GO:1990837;GO:0000122
P08247,Synaptophysin,Brain,GO:0060076;GO:0031594;GO:0043005;GO:0048471;GO:0048786;GO:0042734;GO:0098685;GO:0008021;GO:0030672;GO:0043195;GO:0015485;GO:0042802;GO:0042169;GO:0006897;GO:0048169;GO:0048168;GO:2000474;GO:0048172;GO:0010807;GO:0016188;GO:0048499
Q9UI17,Dimethylglycine dehydrogenase,Liver,GO:0005737;GO:0005759;GO:0005739;GO:0047865;GO:0009055;GO:0003723;GO:0006579;GO:0042426;GO:0019695
P10092,Calcitonin related polypeptide beta,Brain,GO:0005576;GO:0005615;GO:0031716;GO:0005179;GO:0005184;GO:0007189;GO:1990408;GO:0006874;GO:0051480;GO:0007165
P09430,Transition protein 1,Testis,GO:0001673;GO:0000786;GO:0005634;GO:0003677;GO:0006338;GO:0030317;GO:0031507;GO:0045892;GO:0006337;GO:0010954;GO:0019953;GO:0000012;GO:0035092;GO:0035041;GO:0007286;GO:0007289;GO:0007290
Q9H2C1,LIM homeobox 5,Brain,GO:0000785;GO:0005634;GO:0000981;GO:0000977;GO:1990837;GO:0008270;GO:0021846;GO:0021702;GO:0021937;GO:0021879;GO:0021766;GO:0007405;GO:0030182;GO:0045893;GO:1902692;GO:0006357;GO:0021527
P51170,Sodium channel epithelial 1 subunit gamma,Kidney,GO:0016324;GO:0009897;GO:0070062;GO:0005654;GO:0005886;GO:0034706;GO:0015280;GO:0005216;GO:0005272;GO:0050699;GO:0071468;GO:1904045;GO:1904117;GO:0006883;GO:0050891;GO:0008217;GO:0050914;GO:0050915;GO:0055078;GO:0098719;GO:0035725;GO:0006814
P05062,"Aldolase, fructose-bisphosphate B",Kidney,GO:0034451;GO:0005829;GO:0070062;GO:0005815;GO:0051117;GO:0008092;GO:0070061;GO:0061609;GO:0004332;GO:0042802;GO:0060090;GO:0030388;GO:0061624;GO:0006000;GO:0006094;GO:0006096;GO:0006116;GO:1905856;GO:0032781;GO:0070072
Q8NCB2,CaM kinase like vesicle associated,Brain,GO:0005737;GO:0030659;GO:0098978;GO:0005886;GO:0045202;GO:0005524;GO:0004683;GO:0005516;GO:0050804;GO:0099159;GO:0007165
Q8N2C7,"Unc-80 homolog, NALCN channel complex subunit",Brain,GO:0030424;GO:0034703;GO:0005886;GO:0005261;GO:0055080
Q5VUB5,Family with sequence similarity 171 member A1,Brain,GO:0005886;GO:0008360;GO:0043149
Q96QD5,DEP domain containing 7,Kidney,GO:0035556
Q96LL4,Chromosome 8 open reading frame 48,Testis,
Q96PD5,Peptidoglycan recognition protein 2,Liver,GO:0070062;GO:0005576;GO:0016020;GO:0008745;GO:0042834;GO:0016019;GO:0008270;GO:0051701;GO:0042742;GO:0050830;GO:0016045;GO:0006955;GO:0045087;GO:0032827;GO:0032689;GO:0001519;GO:0009253;GO:0050727
Q96MN2,NLR family pyrin domain containing 4,Testis,GO:0005737;GO:0005829;GO:0005524;GO:0060090;GO:0006954;GO:0045824;GO:0050727
Q9UJ68,Methionine sulfoxide reductase A,Kidney,GO:0015629;GO:0005737;GO:0005829;GO:0070062;GO:0043231;GO:0030496;GO:0005739;GO:0005654;GO:0005886;GO:0036456;GO:0008113;GO:0034599;GO:0006555;GO:0036211;GO:0030091;GO:0006979
Q8N8V4,Ankyrin repeat and sterile alpha motif domain containing 4B,Liver,GO:0005903;GO:0005789;GO:0005902;GO:0005886;GO:1904970;GO:0030154;GO:1904106;GO:0065003;GO:0034976
Q9ULD8,Potassium voltage-gated channel subfamily H member 3,Brain,GO:0016020;GO:0034702;GO:0005886;GO:0005242;GO:0005249;GO:0071805;GO:0006813;GO:0042391
P50458,LIM homeobox 2,Brain,GO:0000785;GO:0005634;GO:0003682;GO:0001228;GO:0000981;GO:0046872;GO:0000978;GO:0000977;GO:0048675;GO:0007411;GO:0021987;GO:0009953;GO:0001942;GO:0045199;GO:0007498;GO:0045814;GO:0050768;GO:0001843;GO:0030182;GO:0021772;GO:0045893;GO:2000179;GO:0006357;GO:0060041;GO:0021978
A6NGB0,Transmembrane protein 191C,Testis,GO:0016020
Q8N9B8,RasGEF domain family member 1A,Brain,GO:0005829;GO:0005886;GO:0005085;GO:0016477;GO:0046579;GO:0007265
O75031,Heat shock transcription factor 2 binding protein,Testis,GO:0005694;GO:0005829;GO:0005654;GO:1990918;GO:0007144;GO:0007141;GO:0007283;GO:0006366
P35414,Apelin receptor,Brain,GO:0005886;GO:0060182;GO:0004930;GO:0038023;GO:0007193;GO:0007512;GO:0001525;GO:0035904;GO:0060183;GO:0003171;GO:0001568;GO:0060976;GO:0003272;GO:0007186;GO:0007369;GO:0007507;GO:0001947;GO:0043951;GO:0010629;GO:0045766;GO:1903589;GO:1904022;GO:0051281;GO:0050878;GO:1903596;GO:0010468;GO:0035886;GO:0001944;GO:0001570;GO:0060841;GO:0060412
Q3B7T3,Brain expressed associated with NEDD4 1,Brain,GO:0016020
Q8NBL3,Transmembrane protein 178A,Brain,GO:0005789;GO:0045671;GO:0051480
A6NLX3,Speedy/RINGO cell cycle regulator family member E4,Testis,GO:0019901
Q92832,Neural EGFL like 1,Kidney,GO:0005737;GO:0005615;GO:0005635;GO:0048471;GO:0005509;GO:0008201;GO:0042802;GO:0005080;GO:0030154;GO:0033689;GO:0042177;GO:0007399;GO:0043065;GO:0030501;GO:0045778;GO:0045669;GO:0010468;GO:0045667
Q96PY5,Formin like 2,Brain,GO:0005829;GO:0051015;GO:0045296;GO:0031267;GO:0016477;GO:0030866;GO:0007010;GO:0022604;GO:0008360
Q9BXA6,Testis specific serine kinase 6,Testis,GO:0160110;GO:0005634;GO:0036126;GO:0004676;GO:0004679;GO:0005524;GO:0004677;GO:0004694;GO:0044024;GO:0072371;GO:1990244;GO:0035979;GO:0044025;GO:0140823;GO:0035175;GO:0044022;GO:0140855;GO:0035402;GO:0072354;GO:0140857;GO:0035403;GO:0044023;GO:0000287;GO:0106310;GO:0004674;GO:0044877;GO:0072518;GO:0004711;GO:0030317;GO:0006468;GO:0035092
O95684,Centrosomal protein 43,Testis,GO:0042995;GO:0005814;GO:0005813;GO:0005829;GO:0005634;GO:0048471;GO:0042803;GO:0019901;GO:0030292;GO:0030030;GO:0034453;GO:0006469;GO:0030307;GO:0030335;GO:0008284
E9PQR5,Nuclear pore complex interacting protein family member B8,Testis,
Q99712,Potassium inwardly rectifying channel subfamily J member 15,Kidney,GO:0034702;GO:0005886;GO:0005242;GO:1990573;GO:0006813;GO:0034765
Q8IWG1,Dynein axonemal intermediate chain 3,Testis,GO:0005858;GO:0005737;GO:0036156;GO:0071933;GO:0045504;GO:0045503;GO:0060294;GO:0036159;GO:0034316;GO:0030336;GO:0045669
O15354,G protein-coupled receptor 37,Brain,GO:0009986;GO:0005737;GO:0030425;GO:0005783;GO:0005789;GO:0005886;GO:0043235;GO:0045202;GO:0000151;GO:0008528;GO:0004930;GO:0031072;GO:0030544;GO:0042923;GO:0008188;GO:0030165;GO:0042277;GO:0036505;GO:0031625;GO:0007193;GO:0034614;GO:0016358;GO:0042416;GO:0007186;GO:0031987;GO:0007218;GO:0045964;GO:0043410
P16949,Stathmin 1,Brain,GO:0005737;GO:0005829;GO:0070062;GO:0016020;GO:0005874;GO:0043005;GO:0015631;GO:0007409;GO:0061436;GO:0048012;GO:0035556;GO:0007019;GO:0000281;GO:0007052;GO:1905098;GO:0031115;GO:0035024;GO:0051497;GO:0070495;GO:0031175;GO:0030334;GO:0031110;GO:0009615;GO:0007165
P78329,Cytochrome P450 family 4 subfamily F member 2,Kidney,GO:0016324;GO:0005737;GO:0005789;GO:0043231;GO:0097259;GO:0097258;GO:0018685;GO:0052871;GO:0008392;GO:0052869;GO:0020037;GO:0005506;GO:0050051;GO:0102033;GO:0004497;GO:0016709;GO:0019369;GO:0007596;GO:0019373;GO:0010430;GO:0006690;GO:0036101;GO:0006691;GO:0001676;GO:0042361;GO:0032304;GO:0097267;GO:0042376;GO:0032305;GO:0003095;GO:0008217;GO:0003091;GO:0055078;GO:0000038;GO:0042360;GO:0042377;GO:0006805
Q8N987,N-terminal EF-hand calcium binding protein 1,Brain,GO:0005737;GO:0005829;GO:0005654;GO:0005509;GO:0042802;GO:0001835;GO:0042984
O43711,T cell leukemia homeobox 3,Brain,GO:0000785;GO:0005654;GO:0005634;GO:0000981;GO:0000978;GO:1990837;GO:0048513;GO:0007417;GO:0097154;GO:0045665;GO:0048665;GO:0001764;GO:0002087;GO:0006357;GO:0007585
O00408,Phosphodiesterase 2A,Brain,GO:0005737;GO:0005829;GO:0005783;GO:0005794;GO:0005743;GO:0005759;GO:0005741;GO:0005634;GO:0048471;GO:0005886;GO:0042734;GO:0097060;GO:0004119;GO:0004118;GO:0004115;GO:0047555;GO:0030552;GO:0030553;GO:0042802;GO:0000287;GO:0042301;GO:0042803;GO:0030911;GO:0008270;GO:0007193;GO:0035904;GO:0019933;GO:1904613;GO:0071320;GO:0071321;GO:0097011;GO:0036006;GO:0071260;GO:0071560;GO:0071466;GO:0046069;GO:0019934;GO:0061028;GO:0003170;GO:0030224;GO:0106072;GO:0043951;GO:0010754;GO:0000122;GO:0043116;GO:0010628;GO:0050729;GO:0043117;GO:0010752;GO:0010821;GO:0003281
Q6PB30,Chondrosarcoma associated gene 1,Testis,GO:0005813;GO:0005737;GO:0000922;GO:0007098
Q9ULE4,Family with sequence similarity 184 member B,Brain,
P54646,Protein kinase AMP-activated catalytic subunit alpha 2,Heart,GO:0030424;GO:0005737;GO:0010494;GO:0005829;GO:0030425;GO:0005794;GO:0043025;GO:0016607;GO:0005654;GO:0031588;GO:0005634;GO:0004676;GO:0047322;GO:0004679;GO:0005524;GO:0003682;GO:0004677;GO:0004694;GO:0044024;GO:0072371;GO:1990244;GO:0035979;GO:0044025;GO:0140823;GO:0035175;GO:0044022;GO:0140855;GO:0035402;GO:0072354;GO:0140857;GO:0035403;GO:0044023;GO:0046872;GO:0004672;GO:0106310;GO:0004674;GO:0004712;GO:0072518;GO:0004711;GO:0006914;GO:0071277;GO:0042149;GO:0071333;GO:0031669;GO:0034599;GO:0071380;GO:0071466;GO:0006695;GO:0097009;GO:0006633;GO:0055089;GO:0042593;GO:0008610;GO:1905691;GO:0043066;GO:0010629;GO:1903944;GO:0032007;GO:1904262;GO:1904428;GO:0010508;GO:0045821;GO:0016239;GO:2000758;GO:1903829;GO:1990044;GO:0006468;GO:0042752;GO:0016241;GO:0070507;GO:0062028;GO:0014850;GO:0048511;GO:0007165;GO:0016055
Q5JRV8,Transmembrane protein 255A,Brain,GO:0016020;GO:0009617
Q13467,Frizzled class receptor 5,Liver,GO:0030424;GO:0005923;GO:0009986;GO:0030669;GO:0030425;GO:0031901;GO:0000139;GO:0043204;GO:0048471;GO:0005886;GO:0045202;GO:0001540;GO:0004930;GO:0008289;GO:0019901;GO:0044877;GO:0031625;GO:0042813;GO:0017147;GO:0001525;GO:0008595;GO:0060561;GO:0060670;GO:0060070;GO:0071219;GO:0060718;GO:0000578;GO:0048596;GO:0001654;GO:0002071;GO:0060574;GO:0060716;GO:0008285;GO:0030182;GO:0035567;GO:0032731;GO:1903955;GO:0002726;GO:0045944;GO:0032760;GO:0032729;GO:0031077;GO:2000810;GO:1901382;GO:1901524;GO:0060061;GO:0007416;GO:0060715;GO:0033077
Q8N159,N-acetylglutamate synthase,Liver,GO:0005759;GO:0005739;GO:0004042;GO:0006536;GO:0006526;GO:0000050
Q5VU43,Phosphodiesterase 4D interacting protein,Heart,GO:0005813;GO:0005737;GO:0005794;GO:0030016;GO:0005634;GO:0019899;GO:0060090;GO:0030953;GO:0007098;GO:0090063;GO:0065003;GO:1903358
Q99819,Rho GDP dissociation inhibitor gamma,Brain,GO:0031410;GO:0005829;GO:0016020;GO:0005886;GO:0005096;GO:0005094;GO:0001835;GO:0007162;GO:0032880;GO:0007266
Q6NSI4,"RPA1 related single stranded DNA binding protein, X-linked",Brain,GO:0016607;GO:0005657;GO:0003723;GO:0003697;GO:2000042;GO:0006282
Q8NFP0,Peroxisomal testis enriched protein 1,Testis,GO:0005634;GO:0005777;GO:0043065
Q8TCD1,Chromosome 18 open reading frame 32,Brain,GO:0005783;GO:0005811;GO:0043123
Q8WW38,"Zinc finger protein, FOG family member 2",Brain,GO:0000785;GO:0005737;GO:0001673;GO:0005654;GO:0005634;GO:0003677;GO:0061629;GO:0003713;GO:0003714;GO:0008270;GO:0030154;GO:0048568;GO:0045444;GO:0007506;GO:0007507;GO:0001701;GO:0030324;GO:0045892;GO:0045599;GO:2000195;GO:0000122;GO:0003148;GO:0060045;GO:2000020;GO:0045944;GO:0003221;GO:0001570;GO:0060412
Q96Q35,Flagellum associated containing coiled-coil domains 1,Testis,GO:0005737;GO:0031410;GO:0001520;GO:0036126
H3BPF8,Golgin A8 family member S,Testis,GO:0005801;GO:0000137;GO:0032580;GO:0007030
Q6NUS8,UDP glycosyltransferase family 3 member A1,Kidney,GO:0043541;GO:0015020;GO:0008194
Q96NU7,Amidohydrolase domain containing 1,Liver,GO:0005829;GO:0016812;GO:0050480;GO:0046872;GO:0006548;GO:0019556;GO:0019557
Q9P218,Collagen type XX alpha 1 chain,Testis,GO:0005581;GO:0062023;GO:0005788;GO:0005576
A6NGQ2,Oocyte expressed protein,Testis,GO:0005938;GO:0005737;GO:0005634;GO:0032991;GO:0106333;GO:0003723;GO:0007015;GO:0009880;GO:0051293;GO:0035088;GO:2000781;GO:1905168;GO:0045836;GO:0051302;GO:0070201;GO:0032880;GO:0031297
A2RRL7,Transmembrane protein 213,Kidney,GO:0016020
Q86VV4,RAN binding protein 3 like,Kidney,GO:0005737;GO:0005643;GO:0046332;GO:1901706;GO:0045668;GO:0045663;GO:0006611
O00337,Solute carrier family 28 member 1,Liver,GO:0016324;GO:0031526;GO:0005829;GO:0016607;GO:0005886;GO:1901474;GO:0015212;GO:0005415;GO:0005345;GO:0015389;GO:0015213;GO:0045117;GO:0015861;GO:0180015;GO:1901642;GO:1904823;GO:0015855;GO:0072531;GO:0015862
Q9UPV7,PHD finger protein 24,Testis,GO:0005737;GO:0098978;GO:0005634;GO:0030672;GO:0046872;GO:0003714;GO:0050966;GO:0007214;GO:0008277;GO:0032228
A4D1F6,Leucine rich repeats and death domain containing 1,Testis,GO:0005737;GO:0007165
Q5GH70,XK related 9,Testis,GO:0005886;GO:1902742;GO:0043652;GO:0070782
Q9P1Z3,Hyperpolarization activated cyclic nucleotide gated potassium channel 3,Liver,GO:0030424;GO:0044316;GO:0030425;GO:0098855;GO:0043025;GO:0005886;GO:0030552;GO:0005249;GO:0005248;GO:1903351;GO:0071805;GO:0003254;GO:0042391;GO:0035725
Q96M63,Outer dynein arm docking complex subunit 1,Testis,GO:0005930;GO:0005929;GO:0036157;GO:0120228;GO:0003341;GO:0036158
P10911,MCF.2 cell line derived transforming sequence,Testis,GO:0005737;GO:0005856;GO:0005829;GO:0019898;GO:0016020;GO:0005085;GO:1990830;GO:0016358;GO:0035556;GO:0050771;GO:0051056
O43677,NADH:ubiquinone oxidoreductase subunit C1,Heart,GO:0005743;GO:0005739;GO:0045271;GO:0008137;GO:0009060;GO:0006120;GO:0032981;GO:0042776
Q9UQM7,Calcium/calmodulin dependent protein kinase II alpha,Brain,GO:0005954;GO:0005737;GO:0005829;GO:0043197;GO:0030666;GO:0005739;GO:0043005;GO:0005654;GO:0005634;GO:0014069;GO:0005524;GO:0004683;GO:0005516;GO:0035254;GO:0042802;GO:0016301;GO:0046872;GO:0042803;GO:0106310;GO:0004674;GO:0038166;GO:0006816;GO:0035458;GO:0071346;GO:0060996;GO:0000082;GO:0051346;GO:0018105;GO:1990443;GO:0051928;GO:0010666;GO:0051092;GO:0046427;GO:0046777;GO:0006468;GO:2000124;GO:1902108;GO:2001222;GO:0048168;GO:0046928;GO:1903076;GO:0002931;GO:0007165
Q3KNT9,Transmembrane protein 95,Testis,GO:0002080;GO:0097524;GO:0007342
Q9Y4G6,Talin 2,Kidney,GO:0015629;GO:0005737;GO:0005925;GO:0005886;GO:0098793;GO:0001726;GO:0045202;GO:0003779;GO:0051015;GO:0005178;GO:0005200;GO:0005198;GO:0030036;GO:0007155;GO:0098609;GO:0007043;GO:0099140
P09467,Fructose-bisphosphatase 1,Liver,GO:0005737;GO:0005829;GO:0070062;GO:0005634;GO:0016208;GO:0042132;GO:0042802;GO:0046872;GO:0048029;GO:0061629;GO:0071475;GO:0071477;GO:0071320;GO:0032869;GO:0071286;GO:1904628;GO:0097403;GO:0071466;GO:0016311;GO:0030388;GO:0006002;GO:0006000;GO:0006094;GO:0030308;GO:0045820;GO:0046580;GO:0000122;GO:0006111;GO:0031667
Q9BUT9,MAPK regulated corepressor interacting protein 2,Heart,GO:0005737;GO:0010494;GO:0005634
Q2M329,Coiled-coil domain containing 96,Testis,GO:0005930;GO:0005813;GO:0036064;GO:0060271
Q14520,Hyaluronan binding protein 2,Liver,GO:0005576;GO:0005615;GO:0005509;GO:0005539;GO:0008233;GO:0004252;GO:0007155;GO:0006508
Q6ZWJ8,Kielin cysteine rich BMP regulator,Kidney,GO:0005576;GO:0030513
Q9NNZ3,DnaJ heat shock protein family (Hsp40) member C4,Testis,GO:0016020;GO:0051082;GO:0006457;GO:0006986
O94810,Regulator of G protein signaling 11,Brain,GO:0005737;GO:0043005;GO:0005886;GO:0032991;GO:0031681;GO:0005096;GO:0003924;GO:0007186;GO:0035556;GO:0009968;GO:0008277
Q8N138,ORMDL sphingolipid biosynthesis regulator 3,Liver,GO:0005783;GO:0005789;GO:0005886;GO:0030667;GO:0017059;GO:0035579;GO:0006672;GO:0090156;GO:0061744;GO:0042552;GO:0002903;GO:1900060;GO:0010508;GO:1900182;GO:0006940;GO:0030148;GO:0006686
Q8TF61,F-box protein 41,Brain,GO:0005829
Q9H5P4,PDZ domain containing 7,Brain,GO:0005929;GO:0005615;GO:0005654;GO:0005634;GO:0005886;GO:0002141;GO:0002142;GO:0032420;GO:0032426;GO:1990696;GO:0042802;GO:0060117;GO:0060088;GO:0050910;GO:0051649;GO:0045184;GO:0060113;GO:0007605
P48764,Solute carrier family 9 member A3,Kidney,GO:0016324;GO:0005903;GO:0031526;GO:0009986;GO:0005769;GO:0031901;GO:0070062;GO:0005886;GO:0055038;GO:0042802;GO:0030165;GO:0035091;GO:0015386;GO:0015385;GO:0006811;GO:0071805;GO:0051453;GO:0098719
P04003,Complement component 4 binding protein alpha,Liver,GO:0072562;GO:0005576;GO:0005615;GO:0005886;GO:0003723;GO:0006958;GO:0045087;GO:0045959;GO:0045732;GO:1903027;GO:0009609;GO:0002456
Q9Y534,Cold shock domain containing C2,Heart,GO:0005737;GO:0005634;GO:0003730;GO:0003723;GO:0006397;GO:0043488
O60941,Dystrobrevin beta,Brain,GO:0009925;GO:0005737;GO:0030425;GO:0060077;GO:0005634;GO:0005886;GO:0014069;GO:0045202;GO:0008270;GO:0030182;GO:0099536
Q86SE5,RALY RNA binding protein like,Brain,GO:0005654;GO:0005634;GO:0042802;GO:0003723
Q5BJF6,Outer dense fiber of sperm tails 2,Testis,GO:0120103;GO:0005814;GO:0005813;GO:0036064;GO:0005929;GO:0005829;GO:0043231;GO:0005874;GO:0005634;GO:0036126;GO:0097225;GO:0097228;GO:0000922;GO:0031267;GO:0005198;GO:0030154;GO:0010457;GO:0044782;GO:0008104;GO:1902017;GO:0007283
Q86UV6,Tripartite motif containing 74,Testis,GO:0005737;GO:0005829;GO:0061630;GO:0008270;GO:0045087
Q7Z5J8,Ankyrin and armadillo repeat containing,Testis,GO:0016020
Q5VWX1,"KH RNA binding domain containing, signal transduction associated 2",Brain,GO:0005654;GO:0005634;GO:0003729;GO:0008143;GO:0008266;GO:0042169;GO:0017124;GO:0006397;GO:0000381
Q9UPT6,Mitogen-activated protein kinase 8 interacting protein 3,Brain,GO:0030424;GO:1904115;GO:0044297;GO:0005737;GO:0031410;GO:0030425;GO:0000139;GO:0030426;GO:0048471;GO:0008432;GO:0019894;GO:0005078;GO:0030159;GO:0099641;GO:0061564;GO:0031103;GO:0043066;GO:0046330;GO:0050821;GO:0046328;GO:0016192
Q9Y235,Apolipoprotein B mRNA editing enzyme catalytic subunit 2,Heart,GO:0005737;GO:0005634;GO:0004126;GO:0042802;GO:0046872;GO:0003723;GO:0016554;GO:0016556;GO:0006397;GO:0044029
Q9H9B4,Sideroflexin 1,Liver,GO:0005743;GO:0005739;GO:0015180;GO:0015194;GO:0015075;GO:0022857;GO:0030218;GO:0006826;GO:0015808;GO:0015825;GO:0006730;GO:0140300
Q9NVV2,Chromosome 19 open reading frame 73,Brain,
P17658,Potassium voltage-gated channel subfamily A member 6,Brain,GO:0043679;GO:0005829;GO:0043231;GO:0016020;GO:0005886;GO:0034705;GO:0008076;GO:0005251;GO:0005249;GO:0001508;GO:0071805;GO:0006813;GO:0051260
Q7L266,Asparaginase and isoaspartyl peptidase 1,Testis,GO:0005737;GO:0005829;GO:0005634;GO:0001917;GO:0004067;GO:0008798;GO:0033345;GO:0006508
O75197,LDL receptor related protein 5,Liver,GO:0005783;GO:0005886;GO:0043235;GO:1990909;GO:1990851;GO:0015026;GO:0042813;GO:0017147;GO:0060612;GO:0006865;GO:0060033;GO:0009952;GO:1902262;GO:0048539;GO:0060349;GO:0046849;GO:0060444;GO:0060070;GO:0042074;GO:0098609;GO:0060764;GO:0042632;GO:0008203;GO:0042733;GO:0006897;GO:0060856;GO:1990963;GO:0035426;GO:0001702;GO:0010467;GO:0006007;GO:0008078;GO:0045668;GO:0071901;GO:0007399;GO:0110135;GO:0002076;GO:0033687;GO:0008284;GO:0045893;GO:0045600;GO:0002053;GO:0045840;GO:0045669;GO:0033690;GO:0045944;GO:0042981;GO:0008217;GO:0061178;GO:0043434;GO:0060042;GO:0061304;GO:0035019
Q9C029,Tripartite motif containing 7,Brain,GO:0005737;GO:0005794;GO:0005634;GO:0061630;GO:0008270;GO:0140374;GO:0045087;GO:0016567
Q02962,Paired box 2,Kidney,GO:0034451;GO:0000785;GO:0005815;GO:0005654;GO:0005634;GO:0032991;GO:0032993;GO:0000987;GO:0003677;GO:0003700;GO:0000981;GO:0000978;GO:1990837;GO:0000976;GO:0008134;GO:0007409;GO:0048854;GO:0001658;GO:0043010;GO:0001709;GO:0071364;GO:0071333;GO:0071300;GO:0090102;GO:0090103;GO:0010001;GO:0042472;GO:0060231;GO:0003337;GO:0007501;GO:0001823;GO:0072205;GO:0072221;GO:0072207;GO:0072162;GO:0072075;GO:0072289;GO:0043066;GO:1900215;GO:1900218;GO:2000117;GO:0045892;GO:0072305;GO:1900212;GO:0043069;GO:2000378;GO:0072179;GO:0007399;GO:0001843;GO:0061360;GO:0002072;GO:0021554;GO:0021631;GO:0021633;GO:0045893;GO:0050679;GO:0072108;GO:2000594;GO:0072300;GO:2000597;GO:0045944;GO:0039003;GO:0048793;GO:0072307;GO:0035566;GO:0006357;GO:0031667;GO:0003406;GO:0007423;GO:0048863;GO:0072189;GO:0035799;GO:0001655;GO:0021650;GO:0007601
P43489,TNF receptor superfamily member 4,Heart,GO:0009986;GO:0009897;GO:0005886;GO:0005031;GO:0001618;GO:0006955;GO:0006954;GO:0043433;GO:0045892;GO:0030890;GO:0002639;GO:0042098
Q86XQ3,Cation channel sperm associated 3,Testis,GO:0001669;GO:0036128;GO:0005783;GO:0031514;GO:0005886;GO:0005245;GO:0051649;GO:0030317;GO:0006814;GO:0048240
Q16644,MAPK activated protein kinase 3,Heart,GO:0005737;GO:0005829;GO:0005654;GO:0005634;GO:0004676;GO:0004679;GO:0005524;GO:0009931;GO:0004683;GO:0005516;GO:0004677;GO:0004694;GO:0044024;GO:0072371;GO:1990244;GO:0035979;GO:0044025;GO:0140823;GO:0035175;GO:0044022;GO:0140855;GO:0035402;GO:0072354;GO:0140857;GO:0035403;GO:0044023;GO:0004708;GO:0051019;GO:0106310;GO:0004674;GO:0072518;GO:0004711;GO:0035556;GO:0044351;GO:0018105;GO:0034097;GO:0032496;GO:0007165;GO:0002224;GO:0048010
P48740,MBL associated serine protease 1,Heart,GO:0005829;GO:0005576;GO:0005615;GO:0005654;GO:0005509;GO:0048306;GO:0042802;GO:0008233;GO:0042803;GO:0004252;GO:0001867;GO:0045916;GO:0031638
Q8TDG2,Actin related protein T1,Testis,GO:0005737;GO:0005856;GO:0005634;GO:0003682;GO:0045892;GO:0006355;GO:0008589
Q9UKB5,Adherens junctions associated protein 1,Brain,GO:0005912;GO:0016324;GO:0016323;GO:0009986;GO:0044291;GO:0009898;GO:0005886;GO:0008013;GO:0019904;GO:0044877;GO:0007155;GO:0001953;GO:0061045;GO:0030860
Q9H3T3,Semaphorin 6B,Brain,GO:0005886;GO:0045499;GO:0038191;GO:0030215;GO:0007411;GO:0007417;GO:0021766;GO:0050919;GO:0001755;GO:0030335;GO:0071526
A6NFE3,EF-hand calcium binding domain 10,Testis,GO:0005509
Q96JG8,MAGE family member D4,Brain,GO:0005634;GO:0000122
P02686,Myelin basic protein,Brain,GO:0071944;GO:0009986;GO:0043218;GO:0005829;GO:0033269;GO:0043209;GO:0043025;GO:0005634;GO:0005886;GO:0032991;GO:0045202;GO:0005516;GO:0008289;GO:0002020;GO:0019911;GO:0008366;GO:0007417;GO:0007268;GO:0006955;GO:0035633;GO:0000165;GO:0061024;GO:0042552;GO:0034115;GO:2000343;GO:0032755;GO:1904685;GO:0009636;GO:0007605;GO:0021762
O95393,Bone morphogenetic protein 10,Heart,GO:0009986;GO:0005737;GO:0005576;GO:0005615;GO:0030018;GO:0005125;GO:0008083;GO:0005179;GO:0033612;GO:0031433;GO:0032924;GO:0007512;GO:0055009;GO:0030509;GO:0060038;GO:0007155;GO:0060347;GO:0001822;GO:0010614;GO:0030308;GO:0030336;GO:0010596;GO:0060045;GO:0010613;GO:0061036;GO:2000138;GO:0045893;GO:0010628;GO:0060298;GO:0060391;GO:0055117;GO:1903242;GO:0045214;GO:0055015;GO:0055010
Q8TDI7,Transmembrane channel like 2,Brain,GO:0032437;GO:0005886;GO:0032420;GO:0032426;GO:0005262;GO:0008381;GO:0005245;GO:0050910;GO:1903169;GO:0060005
P58549,FXYD domain containing ion transport regulator 7,Brain,GO:0005886;GO:0017080;GO:1903278;GO:0006813;GO:0006814
Q6ZP82,Coiled-coil domain containing 141,Heart,GO:0005813;GO:0005737;GO:0051642;GO:0021799
Q9NPE6,Sperm associated antigen 4,Testis,GO:0005737;GO:0005856;GO:0034993;GO:0031514;GO:0005635;GO:0005637;GO:0043495;GO:0005198;GO:0030154;GO:0007283
P35914,3-hydroxy-3-methylglutaryl-CoA lyase,Liver,GO:0005829;GO:0005759;GO:0005739;GO:0005782;GO:0005777;GO:0032991;GO:0004419;GO:0000287;GO:0030145;GO:0046872;GO:0005198;GO:0046951;GO:0006552;GO:0006629;GO:0007005
Q52MB2,Coiled-coil domain containing 184,Brain,GO:0005737
Q9NPD7,Neuritin 1,Brain,GO:0005576;GO:0005886;GO:0098843;GO:0098552;GO:1990138
Q9BR01,Sulfotransferase family 4A member 1,Brain,GO:0005737;GO:0005829;GO:0005739;GO:0042802;GO:0008146;GO:0140059;GO:0008202;GO:0051923
O94964,"Suppressor of glucose, autophagy associated 1",Brain,GO:0070062;GO:0005615;GO:0000139;GO:0005874;GO:0030496;GO:0051301;GO:0007059;GO:0008286;GO:0045721;GO:0010506
A6NCS6,Chromosome 2 open reading frame 72,Brain,
Q12829,"RAB40B, member RAS oncogene family",Brain,GO:0005768;GO:0005635;GO:0048471;GO:0005886;GO:0008021;GO:0005525;GO:0003924;GO:1990748;GO:0006887;GO:0035556;GO:0016567
Q9Y6S9,Ribosomal protein S6 kinase like 1,Brain,GO:1990904;GO:0005840;GO:0004676;GO:0004679;GO:0005524;GO:0004677;GO:0004694;GO:0044024;GO:0072371;GO:1990244;GO:0035979;GO:0044025;GO:0140823;GO:0035175;GO:0044022;GO:0140855;GO:0035402;GO:0072354;GO:0140857;GO:0035403;GO:0044023;GO:0106310;GO:0072518;GO:0004711
Q9NUK0,Muscleblind like splicing regulator 3,Liver,GO:0005737;GO:0005829;GO:0005654;GO:0046872;GO:0003723;GO:0006397;GO:0045662;GO:0043484;GO:0008380
Q96A08,H2B clustered histone 1,Testis,GO:0009986;GO:0000781;GO:0001674;GO:0005654;GO:0000786;GO:0005634;GO:0003677;GO:0042393;GO:0046982;GO:0030527;GO:0051276;GO:0006954;GO:0071674;GO:0006334;GO:0006337;GO:0031639;GO:0035092
A4D2P6,Grid2 interacting protein,Brain,GO:0150048;GO:0098688;GO:0099092;GO:0045211;GO:0060292;GO:0099566;GO:0099072
Q96LD8,"SUMO peptidase family member, NEDD8 specific",Testis,GO:0005829;GO:0008234;GO:0019784;GO:0043687;GO:0000338;GO:0016579;GO:0006508
O95970,Leucine rich glioma inactivated 1,Brain,GO:0043194;GO:0005737;GO:0030425;GO:0005783;GO:0005576;GO:0005615;GO:0098978;GO:0005794;GO:0043083;GO:0005102;GO:0007411;GO:0007399;GO:0031175;GO:0099645;GO:0030307;GO:0050806
P43362,MAGE family member A9,Testis,GO:0005634;GO:0042826;GO:0000122
Q6MZQ0,Proline rich 5 like,Brain,GO:0031932;GO:0031625;GO:0034599;GO:0001933;GO:0009968;GO:0043491;GO:0090316;GO:0061014;GO:0051897;GO:0010762;GO:0038203
Q9NYI0,Pleckstrin and Sec7 domain containing 3,Brain,GO:0014069;GO:0032587;GO:0005085;GO:0032012
Q12834,Cell division cycle 20,Testis,GO:0005680;GO:0005813;GO:0005829;GO:0000776;GO:0033597;GO:0005654;GO:0005819;GO:0000922;GO:0010997;GO:1990757;GO:1990756;GO:0031145;GO:0030154;GO:0051301;GO:0044784;GO:1990949;GO:0007064;GO:0090307;GO:0007094;GO:0007399;GO:1905786;GO:0045842;GO:0090129;GO:0031915;GO:1904668;GO:0016567;GO:0051445;GO:0040020;GO:0007346
P12883,Myosin heavy chain 7,Heart,GO:0005737;GO:0005859;GO:0030016;GO:0016459;GO:0032982;GO:0016460;GO:0030017;GO:0001725;GO:0030018;GO:0051015;GO:0005524;GO:0005516;GO:0000146;GO:0007512;GO:0046034;GO:0060048;GO:0014898;GO:0006936;GO:0030049;GO:0002027;GO:0031449;GO:0002026;GO:0014728;GO:0045214;GO:0003009;GO:0006941;GO:0014883;GO:0055010
Q9BYL1,Sterile alpha motif domain containing 10,Brain,GO:0009898;GO:0007169
O95067,Cyclin B2,Testis,GO:0005813;GO:0000307;GO:0005737;GO:0005829;GO:0016020;GO:0015630;GO:0005815;GO:0005634;GO:0045296;GO:0016538;GO:0051301;GO:0000082;GO:0008315;GO:0001701;GO:0040008;GO:0007057;GO:0043029;GO:0048538
Q8N7B9,EF-hand calcium binding domain 3,Testis,GO:0005509
Q8NEE8,Tetratricopeptide repeat domain 16,Testis,
Q8N2A8,Phospholipase D family member 6,Brain,GO:0005794;GO:0005741;GO:0005739;GO:0035755;GO:0046872;GO:0042803;GO:0016891;GO:0016042;GO:0051321;GO:0008053;GO:0030719;GO:0034587;GO:0010636;GO:0007286
Q8NEW7,Transmembrane inner ear,Brain,GO:0016020;GO:0042472;GO:0007605
Q9UJ04,TSPY like 4,Brain,GO:0000785;GO:0005634;GO:0003682;GO:0042393;GO:0006334
Q9UKZ9,Procollagen C-endopeptidase enhancer 2,Heart,GO:0005576;GO:0005518;GO:0008201;GO:0016504;GO:1990830
Q9NSA2,Potassium voltage-gated channel subfamily D member 1,Brain,GO:0043197;GO:0043025;GO:0005886;GO:0045211;GO:0008076;GO:0005250;GO:0046872;GO:0001508;GO:0071805;GO:0051260
Q9H9R9,Dysbindin domain containing 1,Brain,GO:0005737;GO:0009966
Q9NVC3,Solute carrier family 38 member 7,Testis,GO:0030424;GO:0005765;GO:0016020;GO:0043025;GO:0015182;GO:0140901;GO:0015186;GO:0140902;GO:0003333;GO:0006867;GO:0006868;GO:0006814
P30038,Aldehyde dehydrogenase 4 family member A1,Kidney,GO:0005829;GO:0005759;GO:0005739;GO:0003842;GO:0004029;GO:0009055;GO:0042802;GO:0019470;GO:0006562;GO:0010133;GO:0006560
H3BMG3,Small lysine rich protein 1,Testis,
Q86UX6,Serine/threonine kinase 32C,Testis,GO:0004676;GO:0004679;GO:0005524;GO:0004677;GO:0004694;GO:0044024;GO:0072371;GO:1990244;GO:0035979;GO:0044025;GO:0140823;GO:0035175;GO:0044022;GO:0140855;GO:0035402;GO:0072354;GO:0140857;GO:0035403;GO:0044023;GO:0046872;GO:0106310;GO:0004674;GO:0072518;GO:0004711;GO:0035556
Q6NUP7,Protein phosphatase 4 regulatory subunit 4,Testis,GO:0005737;GO:0005829;GO:0008287;GO:0004864;GO:0019888;GO:0004865;GO:0001835
P17481,Homeobox B8,Kidney,GO:0000785;GO:0005654;GO:0005634;GO:0000981;GO:0001227;GO:0000977;GO:1990837;GO:0008344;GO:0009952;GO:0021516;GO:0048704;GO:0007625;GO:0045638;GO:0006357;GO:0019233
Q02221,Cytochrome c oxidase subunit 6A2,Heart,GO:0005743;GO:0005739;GO:0045277;GO:0030234;GO:0016491;GO:0006091;GO:0006123
Q8N9Y4,Family with sequence similarity 181 member A,Testis,GO:0005737
Q5T089,MORN repeat containing 1,Brain,
H3BU77,Coiled-coil domain containing 179,Testis,
Q96P50,"ArfGAP with coiled-coil, ankyrin repeat and PH domains 3",Brain,GO:0005737;GO:0030426;GO:0005096;GO:0046872;GO:0001764;GO:0010975
O15375,Solute carrier family 16 member 5,Kidney,GO:0016323;GO:0016020;GO:0005886;GO:0008028;GO:0015293;GO:0015718
Q68G75,LEM domain containing 1,Testis,GO:0016020
Q6ZRK6,Coiled-coil domain containing 73,Testis,
Q9NZI2,Potassium voltage-gated channel interacting protein 1,Brain,GO:0005737;GO:0009898;GO:0030425;GO:0071196;GO:0005886;GO:0045202;GO:0008076;GO:0005509;GO:0005267;GO:0015459;GO:0044325;GO:0007268;GO:0086009;GO:0006936;GO:0097623;GO:0008016;GO:1901379;GO:0009966
P20809,Interleukin 11,Brain,GO:0005737;GO:0005576;GO:0005615;GO:0005125;GO:0008083;GO:0005142;GO:0030183;GO:0008283;GO:0045444;GO:0038154;GO:0030219;GO:0046888;GO:0008284;GO:0043410;GO:0033138;GO:0050731;GO:0045944
O75881,Cytochrome P450 family 7 subfamily B member 1,Liver,GO:0005789;GO:0033782;GO:0033783;GO:0020037;GO:0005506;GO:0008396;GO:0035754;GO:0006699;GO:0042632;GO:0008203;GO:0050673;GO:0030520;GO:0033147;GO:0050679;GO:0060740;GO:0016125
Q6EMB2,Tubulin tyrosine ligase like 5,Testis,GO:0005813;GO:0036064;GO:0005829;GO:0005874;GO:0005634;GO:0005886;GO:0005524;GO:0046872;GO:0106438;GO:0106437;GO:0015631;GO:0070740;GO:0036211;GO:0060041;GO:0007288
Q5PT55,Solute carrier family 10 member 5,Liver,GO:0016020;GO:0008508;GO:0015721
O60224,SSX family member 4B,Testis,GO:0005634;GO:0006355
Q5VZ66,Janus kinase and microtubule interacting protein 3,Brain,GO:0005794;GO:0019900;GO:0008017
Q8IVS8,Glycerate kinase,Liver,GO:0005737;GO:0005829;GO:0005794;GO:0005739;GO:0005524;GO:0008887;GO:0061624;GO:0006468
Q6UWR7,Ectonucleotide pyrophosphatase/phosphodiesterase 6,Brain,GO:0070062;GO:0005576;GO:0005886;GO:0098552;GO:0047390;GO:0008889;GO:0046872;GO:0008081;GO:0019695;GO:0046475;GO:0006629
Q9Y619,Solute carrier family 25 member 15,Liver,GO:0016020;GO:0005743;GO:0005739;GO:0015297;GO:0061459;GO:0015189;GO:0000064;GO:1903826;GO:1903401;GO:1990575;GO:0000050
Q8TBF8,Family with sequence similarity 81 member A,Brain,GO:0098978;GO:0014069;GO:0099092;GO:0140693
Q8NB49,ATPase phospholipid transporting 11C,Liver,GO:0031901;GO:0005783;GO:0005789;GO:0005765;GO:1990531;GO:0005886;GO:0055037;GO:0055038;GO:0005524;GO:0016887;GO:0140326;GO:0000287;GO:0090555;GO:0140346;GO:0090556;GO:0034220;GO:0045332
Q9H4G1,Cystatin 9 like,Testis,GO:0005615;GO:0004869;GO:0019730
Q13002,Glutamate ionotropic receptor kainate type subunit 2,Brain,GO:0098978;GO:0098686;GO:0032983;GO:0097471;GO:0043025;GO:0005886;GO:0098839;GO:0042734;GO:0005234;GO:0022849;GO:0004970;GO:0015277;GO:0099507;GO:1904315;GO:0001662;GO:0007268;GO:0120169;GO:0007215;GO:0060080;GO:0006874;GO:0050804;GO:0043524;GO:0051967;GO:0051402;GO:0019228;GO:0050806;GO:0099171;GO:0048169;GO:0048172;GO:0035249
P22732,Solute carrier family 2 member 5,Testis,GO:0016324;GO:0070062;GO:0005886;GO:0042383;GO:0035579;GO:0055056;GO:0070061;GO:0005353;GO:0005975;GO:0071332;GO:1904659;GO:1990539;GO:0015755;GO:0106001;GO:0003044;GO:0009750
O95197,Reticulon 3,Brain,GO:0005783;GO:0005789;GO:0005615;GO:0005794;GO:0000139;GO:0043005;GO:0005886;GO:0014069;GO:0006915;GO:0007420;GO:0071787;GO:0071786;GO:1902430;GO:0030182;GO:0016192
Q9NS67,G protein-coupled receptor 27,Brain,GO:0005886;GO:0004930;GO:0035774;GO:1900738;GO:0007165
Q9BXT5,"Testis expressed 15, meiosis and synapsis associated",Testis,GO:0005737;GO:0005634;GO:0030154;GO:0006346;GO:0006281;GO:0007140;GO:0010569;GO:0031047;GO:0007283;GO:0007130;GO:0010526
Q8WVT3,Trafficking protein particle complex subunit 12,Testis,GO:0005737;GO:0005829;GO:0005793;GO:0005794;GO:0000776;GO:0005654;GO:0005634;GO:0030008;GO:1990072;GO:0048208;GO:0006888;GO:0007030;GO:0051310;GO:1905342;GO:0090234;GO:0099022
H3BQB6,Stathmin domain containing 1,Testis,GO:0005737;GO:0043005;GO:0015631;GO:0007019;GO:0031175;GO:0031110
Q2L4Q9,Serine protease 53,Liver,GO:0005576;GO:0004252;GO:0006508
E7EW31,Proline rich basic protein 1,Heart,GO:0005654
P14616,Insulin receptor related receptor,Testis,GO:0030424;GO:0005899;GO:0005886;GO:0043235;GO:0005524;GO:0008288;GO:0060175;GO:0005006;GO:0005007;GO:0005004;GO:0005008;GO:0140801;GO:0035401;GO:0005009;GO:0043560;GO:0005010;GO:0005011;GO:0043548;GO:0036332;GO:0005018;GO:0005019;GO:0038062;GO:0005020;GO:0004714;GO:0005005;GO:0005021;GO:0030036;GO:0007169;GO:0071469;GO:0030238;GO:0046777
Q8TBB6,Solute carrier family 7 member 14,Brain,GO:0005829;GO:0043231;GO:0005765;GO:0005654;GO:0005886;GO:0015171;GO:0015185;GO:0006865;GO:0051939
Q08257,Crystallin zeta,Kidney,GO:0005829;GO:0070062;GO:0005739;GO:0042802;GO:0003730;GO:0070402;GO:0003960;GO:0008270;GO:0051289;GO:0007601;GO:0042178
P01034,Cystatin C,Brain,GO:0005737;GO:0005783;GO:0005788;GO:0070062;GO:0005576;GO:0005615;GO:1904813;GO:0005794;GO:0005886;GO:1904724;GO:0031982;GO:0001540;GO:0004869;GO:0004866;GO:0042802;GO:0030414;GO:0002020;GO:0006952;GO:0060313;GO:0010711;GO:0060311;GO:0010716;GO:0010466;GO:0045861;GO:0034103;GO:0097435
Q6NUN0,Acyl-CoA synthetase medium chain family member 5,Liver,GO:0005759;GO:0005739;GO:0005524;GO:0015645;GO:0004321;GO:0005525;GO:0031956;GO:0046872;GO:0006637;GO:0006633
Q7Z7G1,Cytokine dependent hematopoietic cell linker,Kidney,GO:0005737;GO:0042629;GO:0032991;GO:0044877;GO:0007169;GO:0035556;GO:0043303;GO:0032815;GO:0002729
O14967,Calmegin,Testis,GO:0005783;GO:0005789;GO:0005635;GO:0005509;GO:0044183;GO:0051082;GO:0007339;GO:0036503;GO:0006457;GO:0065003;GO:0007338
Q2T9L4,Inhibitory synaptic factor 1,Heart,GO:0098982;GO:0014069;GO:0060080;GO:0099084
Q5SYC1,Clavesin 2,Brain,GO:0030136;GO:0031901;GO:0005768;GO:0005802;GO:0032588;GO:1902936;GO:0080025;GO:0007040
Q13255,Glutamate metabotropic receptor 1,Brain,GO:0030425;GO:0038037;GO:0038038;GO:0098978;GO:0005634;GO:0005886;GO:0098839;GO:0098685;GO:0001640;GO:0098872;GO:0004930;GO:0099530;GO:0008066;GO:0099583;GO:0071257;GO:0007268;GO:0007216;GO:0007186;GO:0098712;GO:0007626;GO:0007206;GO:0007200;GO:0043410;GO:0051930;GO:0051966;GO:0019233;GO:0099538
P05089,Arginase 1,Liver,GO:0035578;GO:0005737;GO:0005829;GO:0005576;GO:0005615;GO:0005634;GO:0035580;GO:0004053;GO:0030145;GO:0002250;GO:0006527;GO:0019547;GO:0042832;GO:0045087;GO:0046007;GO:0042130;GO:2000552;GO:0060336;GO:0070965;GO:0009624;GO:0000050
Q99719,Septin 5,Brain,GO:0032153;GO:0015630;GO:0005886;GO:0031105;GO:0005940;GO:0008021;GO:0005525;GO:0003924;GO:0042802;GO:0060090;GO:0005198;GO:0030534;GO:0061640;GO:0008104;GO:0017157;GO:2000300;GO:0035176;GO:0016080
P42679,Megakaryocyte-associated tyrosine kinase,Brain,GO:0005829;GO:0005886;GO:0005524;GO:0140801;GO:0035401;GO:0004715;GO:0004713;GO:0008284;GO:0006468
Q3SY17,Solute carrier family 25 member 52,Testis,GO:0005743;GO:0005739;GO:0051724;GO:1990549
Q9UMX9,Solute carrier family 45 member 2,Testis,GO:0033162;GO:0016020;GO:0005356;GO:0008506;GO:0048066;GO:0035752;GO:0006583;GO:0015770;GO:0007601
Q9P2N2,Rho GTPase activating protein 28,Testis,GO:0030054;GO:0005737;GO:0005829;GO:0005654;GO:0005096;GO:0051497;GO:0030833;GO:0051056;GO:0007165
P31152,Mitogen-activated protein kinase 4,Brain,GO:0005737;GO:0005829;GO:0005654;GO:0005634;GO:0005524;GO:0004705;GO:0004707;GO:0046982;GO:0042803;GO:0019901;GO:0106310;GO:0004674;GO:0035556;GO:0006468
Q8NA58,PARN like ribonuclease domain containing exonuclease 1,Brain,GO:0005783;GO:0005789;GO:0005634;GO:0000175;GO:0046872;GO:0004535;GO:0003723;GO:0001825;GO:0000184;GO:0000289;GO:0034587;GO:1990431;GO:1990432;GO:0007283
Q8NFP7,Nudix hydrolase 10,Testis,GO:0005737;GO:0005829;GO:0005634;GO:0034431;GO:0034432;GO:0008486;GO:0000298;GO:0046872;GO:1901911;GO:1901909;GO:1901907;GO:0071543
Q9NSA1,Fibroblast growth factor 21,Liver,GO:0005737;GO:0005576;GO:0005615;GO:0005104;GO:0008083;GO:0007267;GO:0071377;GO:0071333;GO:0071404;GO:0071466;GO:0030968;GO:0072577;GO:0008543;GO:2000352;GO:0022008;GO:0008284;GO:0120162;GO:0046326;GO:0070374;GO:1905599;GO:0043410;GO:0090080;GO:0010898;GO:0030334;GO:0010988;GO:0014823;GO:1904640;GO:0031667;GO:0007165
Q9NPZ5,"Beta-1,3-glucuronyltransferase 2",Brain,GO:0000139;GO:0015018;GO:0046872;GO:0016051;GO:0005975;GO:0050650;GO:0006486
Q6PIV2,Forkhead box R1,Testis,GO:0000785;GO:0005737;GO:0005634;GO:0048471;GO:0001228;GO:0000981;GO:0001227;GO:1990837;GO:0007420;GO:0045944;GO:0006357
P51512,Matrix metallopeptidase 16,Brain,GO:0009986;GO:0031012;GO:0005615;GO:0005796;GO:0005886;GO:0008047;GO:0070006;GO:0004222;GO:0008270;GO:0035988;GO:0030574;GO:0097094;GO:0048701;GO:0001958;GO:0030198;GO:0016485;GO:0006508;GO:0001501
O14791,Apolipoprotein L1,Liver,GO:0072562;GO:0005788;GO:0005576;GO:0005615;GO:0034364;GO:0016020;GO:0034361;GO:0005254;GO:0008289;GO:1902476;GO:0008203;GO:0051838;GO:0045087;GO:0006869;GO:0042157
P47989,Xanthine dehydrogenase,Liver,GO:0005829;GO:0005615;GO:0005777;GO:0016529;GO:0051537;GO:0071949;GO:0050660;GO:0070674;GO:0070675;GO:0005506;GO:0043546;GO:0042803;GO:0004854;GO:0004855;GO:0006154;GO:0000255;GO:0043605;GO:0006196;GO:0046059;GO:0006157;GO:0006161;GO:0006149;GO:0046055;GO:0046038;GO:0006147;GO:0009114;GO:0006204;GO:0006148;GO:0016226;GO:0007595;GO:0045602;GO:0001937;GO:0010629;GO:0051898;GO:0001933;GO:1900747;GO:2001213;GO:2001056;GO:1900745;GO:2000379;GO:0009115
Q9BZB8,Cytoplasmic polyadenylation element binding protein 1,Brain,GO:0005737;GO:0005829;GO:0030425;GO:0016020;GO:0043005;GO:0005654;GO:0005634;GO:0000932;GO:0014069;GO:1990904;GO:0045202;GO:0046872;GO:0035925;GO:0003730;GO:0000900;GO:0043022;GO:0008135;GO:0071230;GO:0071456;GO:0032869;GO:0006397;GO:2000766;GO:0031440
Q9NQA5,Transient receptor potential cation channel subfamily V member 5,Brain,GO:0016324;GO:0034704;GO:0005886;GO:0005262;GO:0005516;GO:0046872;GO:0055074;GO:0098703;GO:0070588;GO:0006816;GO:0060402;GO:0051289;GO:0035809
O75553,DAB adaptor protein 1,Brain,GO:0005737;GO:0005829;GO:0098978;GO:0043231;GO:0048471;GO:0035591;GO:0007628;GO:0048708;GO:0007409;GO:0007259;GO:0021813;GO:0021589;GO:0016358;GO:0051645;GO:0021766;GO:0097477;GO:0021819;GO:0048712;GO:0050771;GO:0007162;GO:0046426;GO:0001764;GO:0045666;GO:0021942;GO:0140650;GO:0038026;GO:0090128;GO:0007264;GO:0021517
Q8NA77,Testis expressed 19,Testis,GO:0005737;GO:0005634;GO:0034584;GO:0030154;GO:0008584;GO:0007140;GO:0001890;GO:0007131;GO:0007283;GO:0010526
Q9Y6M5,Solute carrier family 30 member 1,Liver,GO:0016323;GO:0005737;GO:0030659;GO:0030425;GO:0005783;GO:0005789;GO:0099573;GO:0005794;GO:0000139;GO:0016020;GO:0031965;GO:0005886;GO:0098839;GO:0099092;GO:0098685;GO:0030315;GO:0019855;GO:0046872;GO:0005385;GO:0140826;GO:0070574;GO:0070509;GO:0042742;GO:0071585;GO:0010312;GO:0001701;GO:0006874;GO:0006882;GO:0090281;GO:0046929;GO:0071584;GO:0061003;GO:1902897;GO:0140882;GO:0062111;GO:0071577;GO:0006829
P30047,GTP cyclohydrolase I feedback regulator,Liver,GO:0005737;GO:0005829;GO:0030425;GO:0042470;GO:0031965;GO:0005654;GO:0005634;GO:0044549;GO:0009890;GO:0045428
A8MZG2,Chromosome 16 open reading frame 90,Testis,
Q9UJ98,Stromal antigen 3,Testis,GO:0000785;GO:0000775;GO:0005615;GO:0030893;GO:0005730;GO:0005654;GO:0005634;GO:0000795;GO:0003682;GO:0034089;GO:0007062;GO:0007130
O95196,Chondroitin sulfate proteoglycan 5,Brain,GO:0009986;GO:0005789;GO:0005576;GO:0098982;GO:0098978;GO:0005794;GO:0005796;GO:0000139;GO:0030660;GO:0043202;GO:0016020;GO:0005886;GO:0045211;GO:0045202;GO:0008083;GO:0031103;GO:0048858;GO:0007010;GO:0106091;GO:0046907;GO:0007399;GO:1900026;GO:2000300
O15522,NK2 homeobox 8,Brain,GO:0000785;GO:0005634;GO:0001228;GO:0003700;GO:0000981;GO:0003690;GO:0000978;GO:0043565;GO:1990837;GO:0007409;GO:0030154;GO:0006351;GO:0050673;GO:0001889;GO:0030324;GO:0050680;GO:0045944;GO:0006357;GO:0006366
Q8WXH4,Ankyrin repeat and SOCS box containing 11,Heart,GO:0031466;GO:0005829;GO:0005783;GO:1990756;GO:0030968;GO:0045732;GO:0043161;GO:0070979;GO:0016567
Q08495,Dematin actin binding protein,Brain,GO:0015629;GO:0005884;GO:0031253;GO:0030863;GO:0031410;GO:0005829;GO:0048471;GO:0005886;GO:0031095;GO:0014069;GO:0005790;GO:0014731;GO:0003779;GO:0051015;GO:0005102;GO:0030507;GO:0030036;GO:0051017;GO:0051693;GO:0071320;GO:0007010;GO:0071786;GO:0048821;GO:0030032;GO:0010812;GO:0051895;GO:0033137;GO:0010801;GO:0050732;GO:0090315;GO:1900025;GO:0010763;GO:0090303;GO:0065003;GO:0032956;GO:0008360;GO:0051489;GO:0010591;GO:0051563
Q14990,Outer dense fiber of sperm tails 1,Testis,GO:0005813;GO:0005737;GO:0002177;GO:0005634;GO:0001520;GO:0036126;GO:0030154;GO:0007283
P41146,Opioid related nociceptin receptor 1,Testis,GO:0031410;GO:0043005;GO:0005886;GO:0004930;GO:0042923;GO:0001626;GO:0007193;GO:0019722;GO:1990708;GO:0042755;GO:0044849;GO:0106072;GO:0045776;GO:0043951;GO:0007218;GO:0007200;GO:0035810;GO:1904059;GO:0032355;GO:0007600;GO:0019233
Q96NX9,Dachshund family transcription factor 2,Brain,GO:0005634;GO:0005667;GO:0000981;GO:0000978;GO:0046545;GO:0006357
P47871,Glucagon receptor,Liver,GO:0005768;GO:0016020;GO:0005886;GO:0004967;GO:0005085;GO:0017046;GO:0007189;GO:0007188;GO:0007166;GO:0071377;GO:0009267;GO:0006887;GO:0006091;GO:0042593;GO:0009755;GO:0010628;GO:0008217;GO:0070873;GO:0007584;GO:0042594
Q9H4F8,SPARC related modular calcium binding 1,Brain,GO:0005604;GO:0005615;GO:0005509;GO:0050840;GO:0008201;GO:0030154;GO:0030198;GO:0001654;GO:0060173;GO:0045667
Q9ULB4,Cadherin 9,Brain,GO:0005912;GO:0016342;GO:0005886;GO:0045211;GO:0042734;GO:0008013;GO:0045296;GO:0005509;GO:0034332;GO:0016339;GO:0016477;GO:0000902;GO:0098609;GO:0044331;GO:0007043;GO:0007156;GO:0007416;GO:0099560
Q8TC27,ADAM metallopeptidase domain 32,Testis,GO:0009986;GO:0005886;GO:0004222;GO:0007339;GO:0007155;GO:0008584;GO:0006508
P61266,Syntaxin 1B,Brain,GO:0030424;GO:0005813;GO:0005737;GO:0005829;GO:0012505;GO:0016020;GO:0031594;GO:0005652;GO:0005654;GO:0005634;GO:0005886;GO:0048787;GO:0031201;GO:0005819;GO:0019901;GO:0005102;GO:0005484;GO:0000149;GO:0048791;GO:0098967;GO:0006886;GO:1905302;GO:0010977;GO:1903422;GO:2000463;GO:0001956;GO:1904050;GO:0010468;GO:0060025;GO:0010807;GO:0061669;GO:0016081;GO:0031629;GO:0048278;GO:0006904;GO:0006906
Q86VH5,Leucine rich repeat transmembrane neuronal 3,Brain,GO:0031012;GO:0005615;GO:0098978;GO:0098839;GO:1902004;GO:0051965;GO:1905606
Q7Z5Q5,DNA polymerase nu,Testis,GO:0005654;GO:0005634;GO:0030332;GO:0003677;GO:0003887;GO:0006261;GO:0006302;GO:0000724;GO:0036297;GO:0019985
P81277,Prolactin releasing hormone,Heart,GO:0005576;GO:0005179;GO:0005184;GO:0031861;GO:0048483;GO:0042755;GO:0006112;GO:0045444;GO:0007631;GO:0007186;GO:0006629;GO:0040014;GO:0002021;GO:0009749;GO:0032868;GO:0043434;GO:0001894
Q8TC90,Coiled-coil glutamate rich protein 1,Testis,
Q96DX5,Ankyrin repeat and SOCS box containing 9,Kidney,GO:0031466;GO:0005829;GO:0005739;GO:1990756;GO:0035556;GO:0045732;GO:0043161;GO:0016567
O75078,ADAM metallopeptidase domain 11,Brain,GO:0030424;GO:0043204;GO:0005886;GO:0042734;GO:0005178;GO:0004222;GO:0008237;GO:0061367;GO:0061368;GO:0045184;GO:0007229;GO:0033555;GO:0006508
H3BQW9,Family with sequence similarity 229 member A,Testis,
Q5CZC0,Fibrous sheath interacting protein 2,Testis,GO:0097229;GO:0120212;GO:0097225;GO:0097228;GO:0030317;GO:0061512;GO:0007288
P35680,HNF1 homeobox B,Kidney,GO:0000785;GO:0043231;GO:0005654;GO:0005634;GO:0005667;GO:0003677;GO:0003700;GO:0000981;GO:0042802;GO:0042803;GO:0000978;GO:0001221;GO:0009952;GO:0048754;GO:0048557;GO:0031018;GO:0001714;GO:0050673;GO:0048806;GO:0061017;GO:0030902;GO:0001826;GO:0030073;GO:0001822;GO:1900200;GO:0072181;GO:0061296;GO:1900212;GO:0000122;GO:0007219;GO:0031016;GO:0045893;GO:0010628;GO:0060261;GO:0039020;GO:0048793;GO:0072095;GO:0035565;GO:0006357;GO:0030111;GO:0009749;GO:0060677
P21549,Alanine--glyoxylate aminotransferase,Liver,GO:0005829;GO:0043231;GO:0005782;GO:0005777;GO:0008453;GO:0016597;GO:0042802;GO:0004760;GO:0042803;GO:0030170;GO:0008483;GO:0019265;GO:0009436;GO:0046487;GO:0042853;GO:0019448;GO:0006563;GO:0007219;GO:0046724
P60606,Cortexin 1,Brain,GO:0016020
P29122,Proprotein convertase subtilisin/kexin type 6,Liver,GO:0009986;GO:0062023;GO:0005783;GO:0005576;GO:0005615;GO:0005796;GO:0016020;GO:0005886;GO:0004175;GO:0008201;GO:0048406;GO:0004252;GO:0007368;GO:0009100;GO:0032902;GO:0016486;GO:0034369;GO:0016485;GO:0030510;GO:0032940;GO:0007354
Q9H2Z4,NK2 homeobox 4,Testis,GO:0000785;GO:0005634;GO:0000981;GO:0000978;GO:0030154;GO:0006357
Q0VAA2,Leucine rich repeat containing 74A,Testis,
Q86YV5,"PEAK1 related, kinase-activating pseudokinase 1",Brain,GO:0005737;GO:0005829;GO:0005925;GO:0005634;GO:0042802;GO:0004672;GO:0016477;GO:0010977;GO:0035025;GO:2000145;GO:0008360;GO:0008593
P10323,Acrosin,Testis,GO:0043159;GO:0005576;GO:0005798;GO:0005634;GO:0032991;GO:0004040;GO:0005507;GO:0005537;GO:0003677;GO:0042806;GO:0002020;GO:0004252;GO:0008236;GO:0008270;GO:0002077;GO:0007340;GO:0007190;GO:0007339;GO:0007341;GO:0048545;GO:0007338
Q8NBT0,POC1 centriolar protein A,Testis,GO:0005814;GO:0005813;GO:0036064;GO:0005737;GO:0000922;GO:0060271
P49910,Zinc finger protein 165,Testis,GO:0005634;GO:0000981;GO:0046872;GO:0000978;GO:0006357
P49454,Centromere protein F,Testis,GO:0005930;GO:0005813;GO:0000785;GO:0000775;GO:0036064;GO:0097539;GO:0005737;GO:0005829;GO:0000776;GO:0030496;GO:0005635;GO:0016363;GO:0031965;GO:0005654;GO:0005634;GO:0000940;GO:0048471;GO:0045120;GO:0005819;GO:0000922;GO:0003682;GO:0140297;GO:0070840;GO:0008017;GO:0042803;GO:0030154;GO:0051301;GO:0007059;GO:0071897;GO:0001822;GO:0051382;GO:0051310;GO:0000278;GO:0007094;GO:0007517;GO:0045892;GO:0015031;GO:0010389;GO:0016202;GO:0009410;GO:0021591
Q93099,"Homogentisate 1,2-dioxygenase",Liver,GO:0005829;GO:0070062;GO:0004411;GO:0042802;GO:0046872;GO:0006559;GO:0006572
Q4G0N7,Family with sequence similarity 229 member B,Testis,
Q969W3,Family with sequence similarity 104 member A,Testis,
Q9NVF9,Ethanolamine kinase 2,Liver,GO:0005737;GO:0005829;GO:0005524;GO:0004305;GO:0001701;GO:0035264;GO:0006646;GO:0001890;GO:0009791
Q6UWX4,HHIP like 2,Testis,GO:0005576
Q9NPB6,Par-6 family cell polarity regulator alpha,Brain,GO:0016324;GO:0005923;GO:0005938;GO:0034451;GO:0005813;GO:0005829;GO:0005634;GO:0120157;GO:0005886;GO:0001726;GO:0070160;GO:0030742;GO:0031267;GO:0051301;GO:0045217;GO:0007098;GO:0007163;GO:0045197;GO:1904781;GO:0050714;GO:0060341;GO:0016032
Q8IVV8,Sodium/potassium transporting ATPase interacting 4,Kidney,GO:0005886;GO:0002028
P24298,Glutamic--pyruvic transaminase,Liver,GO:0005829;GO:0070062;GO:0004021;GO:0030170;GO:0009058;GO:0032869;GO:0042853;GO:0045722;GO:0042594
P48169,Gamma-aminobutyric acid type A receptor subunit alpha4,Brain,GO:0034707;GO:0032590;GO:1902711;GO:0098982;GO:0043005;GO:0005886;GO:0098794;GO:0099634;GO:0045202;GO:1902495;GO:0008503;GO:0004890;GO:0022851;GO:1904315;GO:1902476;GO:0007214;GO:1904862;GO:0060078;GO:0051932
P55084,Hydroxyacyl-CoA dehydrogenase trifunctional multienzyme complex subunit beta,Heart,GO:0005783;GO:0005740;GO:0016507;GO:0005743;GO:0042645;GO:0005741;GO:0005739;GO:0003857;GO:0003985;GO:0003988;GO:0050633;GO:0004300;GO:0106222;GO:0003723;GO:0071222;GO:0006635;GO:0010467
Q9BYG5,Par-6 family cell polarity regulator beta,Kidney,GO:0016324;GO:0005923;GO:0005938;GO:0005829;GO:0070062;GO:0005634;GO:0120157;GO:0005886;GO:0070160;GO:0007409;GO:0051301;GO:0007043;GO:0007098;GO:0007163;GO:0045197;GO:0065003;GO:0030334;GO:0060341
P0CF75,Endogenous Bornavirus like nucleoprotein 1,Testis,
A6NNM8,Tubulin tyrosine ligase like 13,Testis,GO:0036064;GO:0005829;GO:0005874;GO:0005524;GO:0046872;GO:0106438;GO:0015631;GO:0070740;GO:0001578;GO:0036211
Q86W54,Spermatogenesis associated 24,Testis,GO:0005737;GO:0005829;GO:0001673;GO:0005730;GO:0005654;GO:0005634;GO:0003677;GO:0042802;GO:0030154;GO:0007283
Q96NN9,Apoptosis inducing factor mitochondria associated 3,Brain,GO:0005737;GO:0005829;GO:0005783;GO:0005743;GO:0005739;GO:0051537;GO:0046872;GO:0016651;GO:0097194
Q6ZQN7,Solute carrier organic anion transporter family member 4C1,Kidney,GO:0035577;GO:0016323;GO:0070062;GO:0005886;GO:0035579;GO:0008514;GO:0015347;GO:0030154;GO:0006811;GO:0043252;GO:0007283
Q8NEM7,"SPT20 homolog, SAGA complex component",Testis,GO:0005634;GO:0000124;GO:0070461;GO:0003712;GO:0006914;GO:0007369;GO:0045893;GO:0006282;GO:0043484;GO:0006357
P07148,Fatty acid binding protein 1,Liver,GO:0045179;GO:0005829;GO:0070062;GO:0005654;GO:0005634;GO:0005782;GO:0032991;GO:0016209;GO:0032052;GO:0003682;GO:0005504;GO:1901363;GO:0005324;GO:0070538;GO:0005543;GO:0070301;GO:0071456;GO:0015908;GO:0050892;GO:0043066;GO:2000117;GO:0032000;GO:0033552
Q9Y4P9,Sperm flagellar 1,Testis,GO:0097729;GO:0016324;GO:1990716;GO:0005930;GO:0016323;GO:0097542;GO:0005737;GO:0030175;GO:0030027;GO:0005874;GO:0005902;GO:0001725;GO:0003779;GO:0008017;GO:1904158;GO:0016477;GO:0003341;GO:0046847;GO:0030032;GO:0001578;GO:0007026;GO:0051493;GO:2000095
A0A087WWA1,PIK3R3 upstream open reading frame,Testis,GO:0019221
Q9Y4P3,Transducin beta like 2,Testis,GO:0005783;GO:0005789;GO:0051219;GO:0019901;GO:0003723;GO:0031369;GO:0042149;GO:0071456;GO:0030968
P13942,Collagen type XI alpha 2 chain,Testis,GO:0005581;GO:0005592;GO:0062023;GO:0005788;GO:0005576;GO:0005615;GO:0030020;GO:0008201;GO:0046872;GO:0030674;GO:0051216;GO:0030199;GO:0060021;GO:0007605;GO:0001501;GO:0060023
P56597,NME/NM23 family member 5,Testis,GO:0097729;GO:0005929;GO:0005576;GO:0001534;GO:0036126;GO:0008408;GO:0004550;GO:0060271;GO:0003341;GO:0006241;GO:0003351;GO:0051649;GO:0006183;GO:1902176;GO:0009116;GO:0007286;GO:0007283;GO:0006228;GO:0021591
A6NLE4,Small integral membrane protein 23,Testis,GO:0005886
P27144,Adenylate kinase 4,Liver,GO:0005737;GO:0005759;GO:0005739;GO:0047506;GO:0004017;GO:0005524;GO:0036430;GO:0036431;GO:0005525;GO:0004550;GO:0050145;GO:0046899;GO:0006172;GO:0046033;GO:0046034;GO:0071456;GO:0046039;GO:0015949;GO:0009142;GO:0002082;GO:0009188
P50440,Glycine amidinotransferase,Kidney,GO:0070062;GO:0005743;GO:0005758;GO:0005739;GO:0015067;GO:0015068;GO:0006601;GO:0006600;GO:0007611;GO:0014889;GO:0120162
Q96F85,Cannabinoid receptor interacting protein 1,Brain,GO:0005737;GO:0005886;GO:0031718;GO:2000272;GO:0010469
O14829,Protein phosphatase with EF-hand domain 1,Brain,GO:0005829;GO:0005634;GO:0005509;GO:0033192;GO:0140791;GO:0005506;GO:0030145;GO:1990439;GO:0017018;GO:0004722;GO:0180006;GO:0180007;GO:0180008;GO:0180005;GO:0180004;GO:0050906;GO:0006470
Q9UMR3,T-box transcription factor 20,Heart,GO:0000785;GO:0005737;GO:0005634;GO:0001228;GO:0000981;GO:0000978;GO:0000977;GO:0061629;GO:1990837;GO:0003180;GO:0060413;GO:0036302;GO:0003171;GO:0008015;GO:0001569;GO:0003207;GO:0055008;GO:0003215;GO:0003279;GO:0001708;GO:0008283;GO:0009953;GO:0036306;GO:0003143;GO:0003272;GO:0003203;GO:0001706;GO:0035922;GO:0001947;GO:0048370;GO:0014031;GO:0097475;GO:0006936;GO:0045892;GO:0060392;GO:0000122;GO:0003148;GO:0003344;GO:0043065;GO:0030513;GO:0060045;GO:0090068;GO:0010718;GO:0003193;GO:0060577;GO:0006357;GO:0003175;GO:0001570;GO:0021524
Q9P242,Neuronal tyrosine-phosphorylated phosphoinositide-3-kinase adaptor 2,Brain,GO:0048812;GO:0043491
Q9P127,Leucine zipper protein 4,Testis,GO:0005737;GO:0005634;GO:0003723;GO:0051028
Q9NS66,G protein-coupled receptor 173,Brain,GO:0005886;GO:0004930;GO:0004968;GO:2001223;GO:0007165
Q8NC96,NECAP endocytosis associated 1,Brain,GO:0030125;GO:0005905;GO:0005829;GO:0005886;GO:0006897;GO:0015031;GO:0016192
Q96MH2,HEXIM P-TEFb complex subunit 2,Testis,GO:0005737;GO:0005829;GO:0016607;GO:0005654;GO:0005634;GO:0097322;GO:0004861;GO:0042802;GO:0017069;GO:0045736;GO:0045892;GO:0000122
Q9H9S3,SEC61 translocon subunit alpha 2,Brain,GO:0005784;GO:0008320;GO:0043022;GO:0005048;GO:0031204;GO:0006616
O00144,Frizzled class receptor 9,Testis,GO:0009986;GO:0005737;GO:0005789;GO:0031527;GO:0098978;GO:0005794;GO:0016020;GO:0031966;GO:0048471;GO:0005886;GO:0098794;GO:0004930;GO:0046982;GO:0042803;GO:0042813;GO:0017147;GO:0030183;GO:1990523;GO:0060070;GO:0007611;GO:0051902;GO:1901029;GO:0060546;GO:0043524;GO:1904394;GO:0007399;GO:0007405;GO:0035567;GO:0001503;GO:0043065;GO:0030501;GO:0090263;GO:2000179;GO:0099173;GO:0051726;GO:0051480;GO:0099566;GO:1904393;GO:0001836
A6NDB9,Paralemmin 3,Liver,GO:0005737;GO:0005886;GO:0005524;GO:0001960;GO:0008360;GO:0032496;GO:0008063
Q6ZMV5,Protein phosphatase 4 regulatory subunit 3C,Testis,GO:0005654;GO:0030289;GO:0072542;GO:0006974;GO:2000779
P22309,UDP glucuronosyltransferase family 1 member A1,Liver,GO:0070069;GO:0005783;GO:0034663;GO:0005789;GO:0048471;GO:0005886;GO:0019899;GO:0004857;GO:0015020;GO:0046982;GO:0042803;GO:0001972;GO:0005496;GO:0006953;GO:0031100;GO:0006789;GO:0070980;GO:0052695;GO:0071392;GO:0071361;GO:0071385;GO:0008210;GO:0051552;GO:0052696;GO:0001889;GO:2001030;GO:0045922;GO:0045939;GO:0032496;GO:0007584;GO:0042594;GO:0042573;GO:0008202;GO:0052697;GO:0006805
P00797,Renin,Kidney,GO:0045177;GO:0005576;GO:0005615;GO:0005886;GO:0004190;GO:0005159;GO:0008233;GO:0005102;GO:0050435;GO:0002003;GO:0048469;GO:0071466;GO:0042756;GO:0009755;GO:0072051;GO:0001822;GO:0008584;GO:0001823;GO:0006508;GO:0008217;GO:0043408;GO:0002018;GO:0051591;GO:0070305;GO:0035902;GO:0032496
O95279,Potassium two pore domain channel subfamily K member 5,Kidney,GO:0034702;GO:0005886;GO:0046872;GO:0015271;GO:0005267;GO:0022841;GO:0046982;GO:0097623;GO:1990573;GO:0071805;GO:0006813;GO:0060075
Q96L96,Alpha kinase 3,Heart,GO:0005634;GO:0004676;GO:0004679;GO:0005524;GO:0004677;GO:0004694;GO:0044024;GO:0072371;GO:1990244;GO:0035979;GO:0044025;GO:0140823;GO:0035175;GO:0044022;GO:0140855;GO:0035402;GO:0072354;GO:0140857;GO:0035403;GO:0044023;GO:0106310;GO:0072518;GO:0004711;GO:0055013;GO:0007507
Q9BST9,Rhotekin,Brain,GO:0005826;GO:0005829;GO:0005525;GO:0005095;GO:0031267;GO:0000915;GO:0006915;GO:0000281;GO:0042981;GO:0007266;GO:0031106;GO:0007165
Q6IEE7,Transmembrane protein 132E,Brain,GO:0044297;GO:0016020;GO:0035677
Q9UNW9,NOVA alternative splicing regulator 2,Brain,GO:0005737;GO:0005634;GO:0003729;GO:0003723;GO:1990825;GO:0021954;GO:0000398;GO:0120163;GO:0030182;GO:0000381;GO:1902667;GO:0051252
Q9BV57,Acireductone dioxygenase 1,Liver,GO:0005737;GO:0005829;GO:0005634;GO:0005886;GO:0010308;GO:0010309;GO:0005506;GO:0016151;GO:0016491;GO:0019509;GO:0006555
Q17RD7,Synaptotagmin 16,Brain,GO:0042802;GO:0005543
P55285,Cadherin 6,Kidney,GO:0005912;GO:0016342;GO:0030054;GO:0098978;GO:0005654;GO:0005886;GO:0008013;GO:0045296;GO:0005509;GO:0034332;GO:0016339;GO:0007155;GO:0016477;GO:0000902;GO:0044331;GO:0007043;GO:0007156;GO:0007219;GO:0099560
Q99689,Fasciculation and elongation protein zeta 1,Brain,GO:0030424;GO:0005813;GO:0005737;GO:0030425;GO:0005794;GO:0030426;GO:0005874;GO:0043025;GO:0005886;GO:0043015;GO:0005080;GO:0007411;GO:0007155;GO:0071363;GO:0030010;GO:0051654;GO:0021766;GO:0007005;GO:1902902;GO:0007399;GO:0061881;GO:0010976
Q8N1A0,Keratin 222,Brain,GO:0005882;GO:0005198
Q13449,Limbic system associated membrane protein,Brain,GO:0005829;GO:0005576;GO:0005886;GO:0098552;GO:0007155;GO:0035641;GO:0007399
Q6TCH7,Progestin and adipoQ receptor family member 3,Brain,GO:0005794;GO:0000139;GO:0043495;GO:0038023;GO:1990756;GO:0043407;GO:0010977;GO:0033137;GO:0035359;GO:0001933;GO:0045542;GO:0032436;GO:2000640;GO:0034067
P34897,Serine hydroxymethyltransferase 2,Liver,GO:0070552;GO:0005737;GO:0070062;GO:0015630;GO:0005743;GO:0005759;GO:0042645;GO:0005739;GO:0005634;GO:0016597;GO:0003682;GO:0004372;GO:0042802;GO:0008732;GO:0030170;GO:0019264;GO:0006544;GO:0006564;GO:0006563;GO:0006730;GO:0008284;GO:0051289;GO:0070536;GO:0051262;GO:1903715;GO:0070129;GO:0002082;GO:0034340;GO:0035999;GO:0046653
