Uniprot,Gene description,Organ,GO
O43612,Hypocretin neuropeptide precursor,Brain,GO:0005576;GO:0099013;GO:0048471;GO:0098794;GO:0005791;GO:0008021;GO:0005184;GO:0031771;GO:0031772;GO:0007268;GO:0042755;GO:0060079;GO:0008156;GO:0043267;GO:0051970;GO:0007218;GO:0007200;GO:0051928;GO:0120162;GO:0007204;GO:0051971;GO:0046928;GO:0097305;GO:0042594;GO:0030431;GO:0001659
P01185,Arginine vasopressin,Brain,GO:0030669;GO:0005829;GO:0030425;GO:0005576;GO:0005615;GO:0098992;GO:0030141;GO:0043027;GO:0005185;GO:0005184;GO:0004672;GO:0005102;GO:0031894;GO:0031895;GO:0007267;GO:0006091;GO:0007625;GO:0035556;GO:0007626;GO:0002125;GO:0042711;GO:0050891;GO:0043066;GO:0007621;GO:0051970;GO:0030307;GO:0008284;GO:0032849;GO:0007204;GO:0010628;GO:0014049;GO:0031394;GO:0003084;GO:0045907;GO:0045471;GO:0035094;GO:0033574;GO:0007165;GO:0035176;GO:0046718;GO:0042310;GO:0006833
P20382,Pro-melanin concentrating hormone,Brain,GO:0005576;GO:0005634;GO:0045202;GO:0030354;GO:0031777;GO:0030154;GO:0007268;GO:0007631;GO:0032227;GO:0007218;GO:0007283
Q14833,Glutamate metabotropic receptor 4,Brain,GO:0031410;GO:0005886;GO:0098793;GO:0001640;GO:0004930;GO:0008066;GO:0007196;GO:0007268;GO:0007216;GO:0007269;GO:0043410;GO:0043523;GO:0051966
Q9BZE3,BarH like homeobox 1,Brain,GO:0000785;GO:0005634;GO:0001228;GO:0000981;GO:0000977;GO:1990837;GO:0030901;GO:1905586;GO:0001764;GO:1905584;GO:0006357;GO:0007605
Q16445,Gamma-aminobutyric acid type A receptor subunit alpha6,Brain,GO:0099192;GO:0034707;GO:0032590;GO:1902711;GO:0043005;GO:0005886;GO:0098794;GO:0099634;GO:0045202;GO:1902495;GO:0008503;GO:0004890;GO:0022851;GO:1904315;GO:1902476;GO:0007214;GO:1904862;GO:0060078;GO:0007165;GO:0051932
Q16653,Myelin oligodendrocyte glycoprotein,Brain,GO:0009897;GO:0005886;GO:0005102;GO:0001618;GO:0007155;GO:0007417;GO:0001817;GO:0050852
P28335,5-hydroxytryptamine receptor 2C,Brain,GO:0030425;GO:0098666;GO:0005886;GO:0045202;GO:0071886;GO:0004993;GO:0001587;GO:0042802;GO:0030594;GO:0051378;GO:0099589;GO:0001662;GO:0019934;GO:0007268;GO:0007631;GO:0007187;GO:0098664;GO:0006874;GO:0007626;GO:0007200;GO:0007208;GO:0050850;GO:0070374;GO:0045600;GO:0010513;GO:0032098;GO:0043397;GO:0031644;GO:0051209;GO:0007210
P01178,Oxytocin/neurophysin I prepropeptide,Brain,GO:0005576;GO:0005615;GO:0098992;GO:0030141;GO:0043195;GO:0005185;GO:0005184;GO:0031855;GO:0031894;GO:0042756;GO:0042755;GO:0007565;GO:0007625;GO:0007507;GO:0060179;GO:0002125;GO:0042711;GO:0007613;GO:0045776;GO:0035811;GO:0045777;GO:0120162;GO:0007204;GO:0045925;GO:0060450;GO:0010701;GO:0045778;GO:0060406;GO:0032308;GO:0051965;GO:0050806;GO:0070474;GO:0002027;GO:0014823;GO:0001975;GO:0051591;GO:0042220;GO:0051602;GO:0032355;GO:0045472;GO:0032094;GO:0051384;GO:0043434;GO:0032570;GO:0034695;GO:0032526;GO:0009744;GO:0007165;GO:0035176;GO:0042713
P11487,Fibroblast growth factor 3,Brain,GO:0005737;GO:0005576;GO:0005615;GO:0005104;GO:0008083;GO:0009653;GO:0007267;GO:0008543;GO:0055026;GO:0022008;GO:0051781;GO:0008284;GO:0043410;GO:0030334;GO:0007165
Q96NK8,Neuronal differentiation 6,Brain,GO:0000785;GO:0005634;GO:0001228;GO:0000981;GO:0070888;GO:0046983;GO:0061564;GO:0021542;GO:0045944;GO:0007423
Q01959,Solute carrier family 6 member 3,Brain,GO:0030424;GO:0043679;GO:0009986;GO:0005737;GO:0098691;GO:0016600;GO:0016020;GO:0045121;GO:0043005;GO:0043025;GO:0032809;GO:0005886;GO:0045211;GO:0042734;GO:0043176;GO:0035240;GO:0005330;GO:1901363;GO:0046872;GO:0008504;GO:0005326;GO:0005334;GO:0002020;GO:0051721;GO:0044877;GO:0005102;GO:0021984;GO:0006865;GO:0050890;GO:0042416;GO:0042420;GO:0015872;GO:0090494;GO:0051583;GO:1990384;GO:0007595;GO:0007626;GO:0015844;GO:0006836;GO:0015874;GO:0040018;GO:0060134;GO:0042053;GO:0051591;GO:0042220;GO:0045471;GO:0010039;GO:0035094;GO:0009410;GO:0007608;GO:0035725
Q9GZV7,Hyaluronan and proteoglycan link protein 2,Brain,GO:0031012;GO:0005615;GO:0033268;GO:0072534;GO:0045202;GO:0005540;GO:0007155;GO:0007417;GO:0008065;GO:0085029;GO:0010001;GO:0002052;GO:0001501
O14594,Neurocan,Brain,GO:0005576;GO:0005615;GO:0005796;GO:0043202;GO:0072534;GO:0045202;GO:0005509;GO:0030246;GO:0005540;GO:0007155;GO:0007417;GO:0010001;GO:0002052;GO:0001501
Q15784,Neuronal differentiation 2,Brain,GO:0000785;GO:0005634;GO:0001228;GO:0003700;GO:0000981;GO:0070888;GO:0046982;GO:1990837;GO:0008306;GO:0061564;GO:0001662;GO:0071277;GO:0071257;GO:0021695;GO:2000297;GO:0007399;GO:0050850;GO:0051091;GO:0045666;GO:0090129;GO:0031915;GO:0045944;GO:0016567;GO:0006357;GO:0007423
O43711,T cell leukemia homeobox 3,Brain,GO:0000785;GO:0005654;GO:0005634;GO:0000981;GO:0000978;GO:1990837;GO:0048513;GO:0007417;GO:0097154;GO:0045665;GO:0048665;GO:0001764;GO:0002087;GO:0006357;GO:0007585
Q8N6N2,Tetratricopeptide repeat domain 9B,Brain,
O14764,Gamma-aminobutyric acid type A receptor subunit delta,Brain,GO:0030424;GO:0034707;GO:0030425;GO:1902711;GO:0098982;GO:0043005;GO:0043025;GO:0005886;GO:0045211;GO:0045202;GO:1902495;GO:0005254;GO:0004890;GO:0030594;GO:1904315;GO:1902476;GO:0007214;GO:0007165;GO:0051932
Q8IUH2,Cellular repressor of E1A stimulated genes 2,Brain,GO:0005783;GO:0005615;GO:0005794
Q05586,Glutamate ionotropic receptor NMDA type subunit 1,Brain,GO:0009986;GO:0005737;GO:0030425;GO:0043197;GO:0005789;GO:0060076;GO:0034702;GO:0043005;GO:0098878;GO:0017146;GO:0005886;GO:0014069;GO:0098839;GO:0045211;GO:0045202;GO:0043083;GO:0097060;GO:0008021;GO:0043195;GO:0001540;GO:0005509;GO:0005516;GO:0016595;GO:0022849;GO:0016594;GO:0015276;GO:0015280;GO:0004972;GO:0044877;GO:0038023;GO:0022824;GO:0007420;GO:0055074;GO:0097553;GO:0070588;GO:0007268;GO:0098976;GO:0060079;GO:0035235;GO:0098655;GO:0006812;GO:0010524;GO:2000463;GO:1903428;GO:0051968;GO:0045944;GO:0018964;GO:0051290;GO:0042391;GO:1904062;GO:0048168;GO:0048167;GO:0045471;GO:1905429;GO:0035725;GO:0008542
Q5XKR4,Orthopedia homeobox,Brain,GO:0000785;GO:0001650;GO:0016604;GO:0005654;GO:0003677;GO:0000981;GO:0001227;GO:0000977;GO:0071542;GO:0021879;GO:0021979;GO:0000122;GO:0007405;GO:0061101;GO:0021985;GO:0030182;GO:0002052
Q9Y466,Nuclear receptor subfamily 2 group E member 1,Brain,GO:0000785;GO:0005654;GO:0001228;GO:0000981;GO:0001227;GO:0042826;GO:0004879;GO:0003707;GO:0000978;GO:1990837;GO:0008270;GO:0002118;GO:0021764;GO:0001525;GO:0021960;GO:0006915;GO:0043615;GO:0048708;GO:0001662;GO:0030154;GO:0045165;GO:0021895;GO:0021542;GO:0030198;GO:0021872;GO:0021819;GO:0060291;GO:0043066;GO:0048712;GO:2000178;GO:0045665;GO:0000122;GO:0007399;GO:0007405;GO:0021772;GO:0045766;GO:0045787;GO:0002052;GO:2000648;GO:0090049;GO:0048814;GO:0060164;GO:0060041;GO:0035176;GO:0035019;GO:0007601
Q9NYG8,Potassium two pore domain channel subfamily K member 4,Brain,GO:0033268;GO:0005886;GO:0034705;GO:0042802;GO:0098782;GO:0046872;GO:0015271;GO:0005267;GO:0022841;GO:0097604;GO:0071468;GO:0071469;GO:1904551;GO:0071398;GO:0071260;GO:0071502;GO:0050976;GO:0007613;GO:0019228;GO:0071805;GO:0006813;GO:1990478;GO:0019233;GO:0050951
P84074,Hippocalcin,Brain,GO:0030424;GO:0005737;GO:0005829;GO:0032839;GO:0032590;GO:0044327;GO:0098978;GO:0016020;GO:0032809;GO:0043204;GO:0003779;GO:0005509;GO:0042802;GO:0019900;GO:0019722;GO:0071277;GO:0071257;GO:1905232;GO:0048839;GO:0090314;GO:0099149;GO:0009966;GO:1901385;GO:1904010;GO:1901986;GO:0060041
P60201,Proteolipid protein 1,Brain,GO:0034683;GO:0043209;GO:0005886;GO:0045202;GO:0042802;GO:0044877;GO:0019911;GO:0005198;GO:0098990;GO:0014002;GO:0061564;GO:0008366;GO:0022010;GO:0007268;GO:0006954;GO:0042759;GO:1904427;GO:0030335;GO:0010628;GO:0021762
Q96P66,G protein-coupled receptor 101,Brain,GO:0005886;GO:0043235;GO:0004930;GO:0071880;GO:0043410
O95665,Neurotensin receptor 2,Brain,GO:0005886;GO:0016492;GO:0004930;GO:0007166;GO:0007218;GO:0007200;GO:0042391;GO:0007600
Q92952,Potassium calcium-activated channel subfamily N member 1,Brain,GO:0043005;GO:0043025;GO:0005886;GO:0045202;GO:0008076;GO:0030018;GO:0015269;GO:0005516;GO:0005242;GO:0016286;GO:0007268;GO:0071805;GO:0006813
P07101,Tyrosine hydroxylase,Brain,GO:0030424;GO:0005737;GO:0009898;GO:0031410;GO:0005829;GO:0030425;GO:0033162;GO:0005739;GO:0043005;GO:0005634;GO:0043204;GO:0048471;GO:0005790;GO:0008021;GO:0043195;GO:0016597;GO:0035240;GO:0019899;GO:0008199;GO:0008198;GO:0042802;GO:0019825;GO:0019904;GO:0034617;GO:0004511;GO:0015842;GO:0009653;GO:0009887;GO:0071312;GO:0071333;GO:0071363;GO:0071287;GO:0071316;GO:0071466;GO:0021987;GO:0042745;GO:0042416;GO:0006585;GO:0042755;GO:0048596;GO:0042418;GO:0042462;GO:0006631;GO:0016137;GO:0007507;GO:0003007;GO:1990384;GO:0033076;GO:0007612;GO:0007626;GO:0007617;GO:0007613;GO:0042421;GO:0018963;GO:0052314;GO:0043473;GO:0008016;GO:0014823;GO:0001975;GO:0051412;GO:0051602;GO:0032355;GO:0045471;GO:0045472;GO:0009635;GO:0001666;GO:0035902;GO:0035900;GO:0009416;GO:0032496;GO:0031667;GO:0043434;GO:0046684;GO:0009651;GO:0010043;GO:0035176;GO:0006665;GO:0001963;GO:0042214;GO:0007601
Q8TAK6,Oligodendrocyte transcription factor 1,Brain,GO:0000785;GO:0005634;GO:0000981;GO:0070888;GO:0046983;GO:0061564;GO:0048663;GO:0014003;GO:0045944;GO:0007423
Q9NQ76,Matrix extracellular phosphoglycoprotein,Brain,GO:0005788;GO:0031012;GO:0005576;GO:1990430;GO:0005201;GO:0031214;GO:0001501
A6NDD5,Synapse differentiation inducing 1 like,Brain,GO:0005794;GO:0043231;GO:0016020
Q9P2W3,G protein subunit gamma 13,Brain,GO:0030425;GO:0005834;GO:0005886;GO:0045202;GO:0031681;GO:0007186;GO:0007200;GO:0050909
Q8WXS5,Calcium voltage-gated channel auxiliary subunit gamma 8,Brain,GO:0032281;GO:0030666;GO:1990454;GO:0005886;GO:0014069;GO:0098839;GO:0005891;GO:0005246;GO:0016247;GO:0005245;GO:0006816;GO:0099590;GO:0098943;GO:0051968;GO:0098970;GO:2000311;GO:0019226
P19622,Engrailed homeobox 2,Brain,GO:0000785;GO:0001650;GO:0005730;GO:0005654;GO:0005634;GO:0000981;GO:0000978;GO:1990837;GO:0071542;GO:1990403;GO:0030902;GO:0030901;GO:0043524;GO:0048666;GO:0030182;GO:0045944;GO:0006357
P58549,FXYD domain containing ion transport regulator 7,Brain,GO:0005886;GO:0017080;GO:1903278;GO:0006813;GO:0006814
Q5W5W9,Regulated endocrine specific protein 18,Brain,GO:0031410;GO:0005783;GO:0005794
O95670,ATPase H+ transporting V1 subunit G2,Brain,GO:0030665;GO:0005829;GO:0042470;GO:0030672;GO:0000221;GO:0016887;GO:0046961;GO:0016241;GO:0097401
Q09470,Potassium voltage-gated channel subfamily A member 1,Brain,GO:0070161;GO:0016324;GO:0043194;GO:0043679;GO:0044305;GO:0030054;GO:0009986;GO:0031410;GO:0005829;GO:0030425;GO:0005783;GO:0098978;GO:0044224;GO:0016020;GO:0043025;GO:0033270;GO:0043204;GO:0005886;GO:0045211;GO:0042734;GO:0045202;GO:0008076;GO:0005251;GO:0097718;GO:1905030;GO:0099508;GO:0005249;GO:0001508;GO:0061564;GO:0010644;GO:0071286;GO:0021987;GO:0022038;GO:0050966;GO:0050976;GO:0021766;GO:0010960;GO:0086011;GO:0007405;GO:0050905;GO:0019228;GO:0023041;GO:0021554;GO:0071805;GO:0051260;GO:0008104;GO:0042391;GO:0006937;GO:0001964
Q92686,Neurogranin,Brain,GO:0005829;GO:0005516;GO:0007399;GO:0007165
Q9BR01,Sulfotransferase family 4A member 1,Brain,GO:0005737;GO:0005829;GO:0005739;GO:0042802;GO:0008146;GO:0140059;GO:0008202;GO:0051923
Q16650,T-box brain transcription factor 1,Brain,GO:0000785;GO:0005634;GO:0031490;GO:0003700;GO:0000981;GO:0019901;GO:0000978;GO:0021764;GO:0007420;GO:0001708;GO:0021987;GO:0006338;GO:0021902;GO:0001661;GO:0010467;GO:0030902;GO:0045892;GO:0045944;GO:1902667;GO:0010975;GO:0006357;GO:0010092
Q96PE5,Oligodendrocytic myelin paranodal and inner loop protein,Brain,GO:0044291;GO:0005794;GO:0005886;GO:0048713
P20916,Myelin associated glycoprotein,Brain,GO:0043218;GO:0045121;GO:0097453;GO:0043209;GO:0035749;GO:0033270;GO:0005886;GO:0043220;GO:0030246;GO:1905576;GO:0042803;GO:0019901;GO:0033691;GO:0005102;GO:0031103;GO:0007155;GO:0098742;GO:0071260;GO:0032289;GO:0030517;GO:0043524;GO:0045665;GO:0010977;GO:0048711;GO:0031643;GO:0021762;GO:0019226
Q8IW70,Transmembrane protein 151B,Brain,GO:0016020
O00555,Calcium voltage-gated channel subunit alpha1 A,Brain,GO:0042995;GO:0005737;GO:0016020;GO:0043025;GO:0005634;GO:0005886;GO:0045202;GO:0005891;GO:0001540;GO:0008331;GO:0046872;GO:0019905;GO:0005245;GO:0098703;GO:0070588;GO:1904646;GO:0007268;GO:0050804;GO:0007204;GO:1904645
Q14D33,Receptor transporter protein 5 (putative),Brain,GO:0016020;GO:0046872;GO:0031849;GO:0001580;GO:0051205;GO:0006612
Q3V5L5,"Alpha-1,6-mannosylglycoprotein 6-beta-N-acetylglucosaminyltransferase B",Brain,GO:0005794;GO:0000139;GO:0030144;GO:0030145;GO:0006487;GO:0018242
A0A0J9YX94,PNMA family member 6F,Brain,
Q99578,Ras like without CAAX 2,Brain,GO:0044297;GO:0005737;GO:0005829;GO:0097447;GO:0005794;GO:0045121;GO:0043005;GO:0005654;GO:0005634;GO:0005886;GO:0045202;GO:0005516;GO:0003682;GO:0003925;GO:0019003;GO:0005525;GO:0003924;GO:0030215;GO:0007189;GO:0007268;GO:0035556;GO:0032507;GO:0010977;GO:0043410;GO:0010976;GO:0045944;GO:0007265;GO:0050848;GO:0032489;GO:0030100;GO:0007264
Q9P2U7,Solute carrier family 17 member 7,Brain,GO:0034707;GO:0060203;GO:0060076;GO:0016020;GO:0043005;GO:0005886;GO:0048786;GO:0030672;GO:0005254;GO:0005313;GO:0140788;GO:0005326;GO:0140787;GO:0015386;GO:0005436;GO:0006821;GO:0015813;GO:0006820;GO:0006811;GO:0003407;GO:0098700;GO:0006836;GO:0055062;GO:0006817;GO:0006813;GO:0050803;GO:1900242;GO:0044341;GO:0035249
P32239,Cholecystokinin B receptor,Brain,GO:0043231;GO:0005886;GO:0046935;GO:0004951;GO:0015054;GO:0017046;GO:0031741;GO:0007166;GO:0038188;GO:0048565;GO:0001696;GO:0048732;GO:0045851;GO:0007200;GO:0008284;GO:0007204
P17677,Growth associated protein 43,Brain,GO:0005737;GO:0030425;GO:0031527;GO:0098982;GO:0032584;GO:0043204;GO:0005886;GO:0014069;GO:0098793;GO:0005516;GO:0035727;GO:1901981;GO:0001786;GO:0048708;GO:0016198;GO:0031103;GO:0045165;GO:0007200;GO:0060019;GO:0051489;GO:0040008;GO:0099150;GO:0010996;GO:0009611;GO:0042246
P14867,Gamma-aminobutyric acid type A receptor subunit alpha1,Brain,GO:0034707;GO:0030659;GO:0032590;GO:0043197;GO:1902710;GO:1902711;GO:0098982;GO:0043005;GO:0005886;GO:0098794;GO:0099634;GO:0045202;GO:1902495;GO:0004890;GO:0022851;GO:1904315;GO:1902476;GO:0007214;GO:1904862;GO:0060078;GO:0051932
Q9H3M0,Potassium voltage-gated channel modifier subfamily F member 1,Brain,GO:0097546;GO:0016020;GO:0005886;GO:0008076;GO:0015459;GO:0005249;GO:0001508;GO:1905515;GO:0071805;GO:0006813;GO:0051260;GO:0043266
P02686,Myelin basic protein,Brain,GO:0071944;GO:0009986;GO:0043218;GO:0005829;GO:0033269;GO:0043209;GO:0043025;GO:0005634;GO:0005886;GO:0032991;GO:0045202;GO:0005516;GO:0008289;GO:0002020;GO:0019911;GO:0008366;GO:0007417;GO:0007268;GO:0006955;GO:0035633;GO:0000165;GO:0061024;GO:0042552;GO:0034115;GO:2000343;GO:0032755;GO:1904685;GO:0009636;GO:0007605;GO:0021762
Q9NQ03,Scratch family transcriptional repressor 2,Brain,GO:0000785;GO:0005634;GO:0000981;GO:0001227;GO:0070888;GO:0046872;GO:0000978;GO:1990837;GO:1902042;GO:0000122;GO:0006355;GO:2001222
Q15915,Zic family member 1,Brain,GO:0005737;GO:0005654;GO:0005634;GO:0001228;GO:0003700;GO:0000981;GO:0046872;GO:0000978;GO:1990837;GO:0007628;GO:0007420;GO:0030154;GO:0007417;GO:0010467;GO:0021766;GO:0042472;GO:0098727;GO:0021772;GO:0007389;GO:0045893;GO:0042307;GO:0008589;GO:0006357;GO:0021510
O00230,Cortistatin,Brain,GO:0005576;GO:0005615;GO:0045202;GO:0001664;GO:0005184;GO:0007193;GO:0007268;GO:0030334
P48050,Potassium inwardly rectifying channel subfamily J member 4,Brain,GO:0016323;GO:0030659;GO:0005886;GO:0045211;GO:0008076;GO:0005242;GO:0030165;GO:1990573;GO:0006813;GO:0034765
Q6TCH4,Progestin and adipoQ receptor family member 6,Brain,GO:0005886;GO:0038023;GO:0005496
Q14832,Glutamate metabotropic receptor 3,Brain,GO:0097449;GO:0030424;GO:0043197;GO:0098978;GO:0005886;GO:0014069;GO:0045211;GO:0042734;GO:0005246;GO:0004930;GO:0008066;GO:0001641;GO:0097110;GO:0033554;GO:0007268;GO:0007216;GO:0010467;GO:0007194;GO:0099170;GO:0051966
Q9Y5N1,Histamine receptor H3,Brain,GO:0030425;GO:0005886;GO:0098793;GO:0045202;GO:0004969;GO:0030594;GO:0007197;GO:0007268;GO:0007187;GO:0007269
Q14576,ELAV like RNA binding protein 3,Brain,GO:1990904;GO:0035925;GO:0030154;GO:0007399
Q99689,Fasciculation and elongation protein zeta 1,Brain,GO:0030424;GO:0005813;GO:0005737;GO:0030425;GO:0005794;GO:0030426;GO:0005874;GO:0043025;GO:0005886;GO:0043015;GO:0005080;GO:0007411;GO:0007155;GO:0071363;GO:0030010;GO:0051654;GO:0021766;GO:0007005;GO:1902902;GO:0007399;GO:0061881;GO:0010976
Q6PIU1,Potassium voltage-gated channel modifier subfamily V member 1,Brain,GO:0045171;GO:0016020;GO:0005886;GO:0008076;GO:0008200;GO:0015459;GO:0005249;GO:0001508;GO:0071805;GO:0006813;GO:0051260
P54829,Protein tyrosine phosphatase non-receptor type 5,Brain,GO:0030054;GO:0005829;GO:0005789;GO:0016020;GO:0005654;GO:0005886;GO:0140793;GO:0004726;GO:0001784;GO:0019901;GO:0004725;GO:0030946;GO:0006470;GO:0007165
Q8N4K4,Reprimo like,Brain,GO:0016020
Q9NS82,Solute carrier family 7 member 10,Brain,GO:0016020;GO:0005886;GO:0015179;GO:0015194;GO:0015175;GO:0006865;GO:0042941;GO:0042942;GO:0015816;GO:1903444;GO:0015804;GO:0060094
Q8NCB2,CaM kinase like vesicle associated,Brain,GO:0005737;GO:0030659;GO:0098978;GO:0005886;GO:0045202;GO:0005524;GO:0004683;GO:0005516;GO:0050804;GO:0099159;GO:0007165
P48742,LIM homeobox 1,Brain,GO:0000785;GO:0005634;GO:0032991;GO:0005667;GO:0000987;GO:0003700;GO:0000981;GO:0000977;GO:1990837;GO:0008270;GO:0048646;GO:0009653;GO:0009887;GO:0009948;GO:0009952;GO:0001658;GO:0007267;GO:0044344;GO:0021702;GO:0021937;GO:0021549;GO:0060067;GO:0072049;GO:0097379;GO:0009953;GO:0001705;GO:0009880;GO:0060059;GO:0048703;GO:0001706;GO:0060429;GO:0021871;GO:0001702;GO:0060322;GO:0001822;GO:0097477;GO:0048382;GO:0072177;GO:0072278;GO:0072224;GO:0035502;GO:0072283;GO:0072284;GO:0008045;GO:0045892;GO:0035849;GO:0072178;GO:0007399;GO:0030182;GO:0060066;GO:0035846;GO:0061205;GO:0007389;GO:2000744;GO:0090190;GO:0045893;GO:0040019;GO:2000543;GO:2000768;GO:0009791;GO:0090009;GO:0048793;GO:0010468;GO:0006357;GO:0072077;GO:0010842;GO:0072050;GO:0032525;GO:0021527;GO:0021537;GO:0006366;GO:0072197;GO:0001657;GO:0001655;GO:0035847;GO:0060065;GO:0060068;GO:0021517
Q9BY11,Protein kinase C and casein kinase substrate in neurons 1,Brain,GO:0043679;GO:0030137;GO:0005737;GO:0030659;GO:0005829;GO:0005768;GO:0048471;GO:0098684;GO:0005886;GO:0098833;GO:0032587;GO:0045202;GO:0008092;GO:0042802;GO:0005543;GO:0007015;GO:0007010;GO:0045806;GO:0048812;GO:0097320;GO:1900006;GO:0072657;GO:0072659;GO:0030100;GO:0048488
A7MD48,Serine/arginine repetitive matrix 4,Brain,GO:0005634;GO:0042802;GO:0003729;GO:0030154;GO:0006397;GO:0007399;GO:0042551;GO:0000381;GO:0043484;GO:0008380;GO:0007605
Q6UW01,Cerebellin 3 precursor,Brain,GO:0005783;GO:0005615;GO:0005794;GO:0098688;GO:0045202;GO:0043083;GO:0099558
Q6UWT2,Energy homeostasis associated,Brain,GO:0005576;GO:0005886;GO:0005179;GO:0045747
Q9H4S2,GS homeobox 1,Brain,GO:0000785;GO:0005634;GO:0001228;GO:0000981;GO:0000978;GO:0043565;GO:1990837;GO:0021984;GO:0007417;GO:0021854;GO:0030182;GO:0048663;GO:0045944;GO:0021527;GO:0006366
Q9UBB6,Neurochondrin,Brain,GO:0005829;GO:0030425;GO:0010008;GO:0098978;GO:0016020;GO:0043025;GO:0043204;GO:0098794;GO:0045453;GO:0031175;GO:0048168;GO:0099149
Q9BWW7,Scratch family transcriptional repressor 1,Brain,GO:0016604;GO:0003700;GO:0000981;GO:0001227;GO:0046872;GO:0000978;GO:0000977;GO:0043565;GO:1990837;GO:0000122;GO:0006355;GO:2001222
Q16143,Synuclein beta,Brain,GO:0043679;GO:0005737;GO:0005829;GO:0016234;GO:0043025;GO:0005509;GO:1903136;GO:0004859;GO:0046914;GO:0007268;GO:0042417;GO:0043524;GO:0051402;GO:0050808;GO:0048488
Q8IVV8,Sodium/potassium transporting ATPase interacting 4,Brain,GO:0005886;GO:0002028
Q13516,Oligodendrocyte transcription factor 2,Brain,GO:0000785;GO:0005737;GO:0005634;GO:0000981;GO:0070888;GO:0071837;GO:0042802;GO:0046983;GO:1990837;GO:0061564;GO:0042552;GO:0045665;GO:0000122;GO:0048663;GO:0048714;GO:0045944;GO:0007423;GO:0021522;GO:0021530;GO:0021794
Q7L1I2,Synaptic vesicle glycoprotein 2B,Brain,GO:0001669;GO:0016020;GO:0005886;GO:0008021;GO:0030672;GO:0022857;GO:0007268;GO:0006836;GO:0099509;GO:2000300
Q9H2A9,Carbohydrate sulfotransferase 8,Brain,GO:0000139;GO:0016020;GO:0001537;GO:0008146;GO:0016051;GO:0007417;GO:0042446;GO:0030166;GO:0006790
Q9H2C1,LIM homeobox 5,Brain,GO:0000785;GO:0005634;GO:0000981;GO:0000977;GO:1990837;GO:0008270;GO:0021846;GO:0021702;GO:0021937;GO:0021879;GO:0021766;GO:0007405;GO:0030182;GO:0045893;GO:1902692;GO:0006357;GO:0021527
Q8NFP4,MAM domain containing glycosylphosphatidylinositol anchor 1,Brain,GO:0030424;GO:0009986;GO:0030425;GO:0005576;GO:0005615;GO:0098982;GO:0005794;GO:0005886;GO:0098552;GO:0007420;GO:0021799;GO:1904862;GO:0007399;GO:0001764;GO:0099054;GO:1905606;GO:0099179;GO:0021527
Q13875,Myelin associated oligodendrocyte basic protein,Brain,GO:0005739;GO:0048471;GO:0019911;GO:0032289;GO:0007399
P20265,POU class 3 homeobox 2,Brain,GO:0000785;GO:0005654;GO:0005667;GO:0003677;GO:0001228;GO:0003700;GO:0000981;GO:0042802;GO:0000978;GO:1990837;GO:0021799;GO:0008544;GO:0021897;GO:0021869;GO:0021979;GO:0022011;GO:0010629;GO:0007399;GO:0061101;GO:0021985;GO:0048666;GO:0030182;GO:0048663;GO:0048665;GO:0008284;GO:0040018;GO:0045944;GO:0050770;GO:0045595;GO:0006357
Q6U841,Solute carrier family 4 member 10,Brain,GO:0097440;GO:0016324;GO:0043679;GO:0097441;GO:0016323;GO:0097442;GO:0030425;GO:0098982;GO:0016020;GO:0043025;GO:0043204;GO:0005886;GO:0098794;GO:0036477;GO:0045202;GO:0140892;GO:0008510;GO:0005452;GO:0015701;GO:0048854;GO:0006821;GO:0035641;GO:0035264;GO:0009791;GO:1902600;GO:0021860;GO:0051453;GO:0048172;GO:0009416;GO:0055085;GO:0007601
Q9H169,Stathmin 4,Brain,GO:0005737;GO:0005794;GO:0030426;GO:0043005;GO:0015631;GO:0007019;GO:0031175;GO:0031110
Q02246,Contactin 2,Brain,GO:0030424;GO:0043194;GO:0009986;GO:0044224;GO:0043209;GO:0043025;GO:0033268;GO:0005886;GO:0045211;GO:0098552;GO:0045202;GO:0030246;GO:0098632;GO:0007628;GO:0007411;GO:0007413;GO:0007155;GO:0022010;GO:0021853;GO:0045163;GO:0070593;GO:0051649;GO:0071206;GO:0045444;GO:0001973;GO:0007156;GO:0007612;GO:0000226;GO:0045665;GO:0060168;GO:0010954;GO:0097090;GO:0071205;GO:0016485;GO:0031623;GO:0002023;GO:0048710;GO:0031133;GO:0022604;GO:0048168;GO:0050808
O95196,Chondroitin sulfate proteoglycan 5,Brain,GO:0009986;GO:0005789;GO:0005576;GO:0098982;GO:0098978;GO:0005794;GO:0005796;GO:0000139;GO:0030660;GO:0043202;GO:0016020;GO:0005886;GO:0045211;GO:0045202;GO:0008083;GO:0031103;GO:0048858;GO:0007010;GO:0106091;GO:0046907;GO:0007399;GO:1900026;GO:2000300
O15442,Metallophosphoesterase domain containing 1,Brain,GO:0016787
P02689,Peripheral myelin protein 2,Brain,GO:0005829;GO:0070062;GO:0043209;GO:0005634;GO:0015485;GO:0005504;GO:0015908;GO:0061024
Q9BYT9,Anoctamin 3,Brain,GO:0005886;GO:0005254;GO:0017128;GO:0046983;GO:0061591;GO:0061590;GO:1902476;GO:0050982;GO:0016048;GO:0051649;GO:0034220
P15882,Chimerin 1,Brain,GO:0005829;GO:0046875;GO:0005096;GO:0046872;GO:0048013;GO:0008045;GO:0050770;GO:0051056
Q5KSL6,Diacylglycerol kinase kappa,Brain,GO:0005886;GO:0005524;GO:0004143;GO:0046872;GO:0046339;GO:0035556;GO:0006654;GO:0007200;GO:0030168;GO:0006979
P47898,5-hydroxytryptamine receptor 5A,Brain,GO:0030425;GO:0043204;GO:0005886;GO:0099634;GO:0004993;GO:0001586;GO:0030594;GO:0051378;GO:0099589;GO:0007189;GO:0007198;GO:0007268;GO:0007186;GO:0007187;GO:0021766;GO:0032355
Q8WVF5,Potassium channel tetramerization domain containing 4,Brain,GO:0042802;GO:0051260
P20264,POU class 3 homeobox 3,Brain,GO:0000785;GO:0005654;GO:0005634;GO:0003700;GO:0000981;GO:0071837;GO:0042803;GO:0000978;GO:0043565;GO:0007417;GO:0021799;GO:0048878;GO:0021869;GO:0072218;GO:0072240;GO:0072236;GO:0072227;GO:0072233;GO:0043066;GO:0045892;GO:0008284;GO:0045893;GO:0010628;GO:0045944;GO:0006357;GO:0071918
Q5GH72,XK related 7,Brain,GO:0005886;GO:1902742;GO:0043652;GO:0070782
Q6ZRI8,Rho GTPase activating protein 36,Brain,GO:0005096;GO:0007165
P09543,"2',3'-cyclic nucleotide 3' phosphodiesterase",Brain,GO:0005737;GO:0070062;GO:0005615;GO:0042470;GO:0016020;GO:0005874;GO:0005902;GO:0005743;GO:0005741;GO:0035748;GO:0035749;GO:0048471;GO:0031143;GO:0045202;GO:0004113;GO:0030551;GO:0003723;GO:0008344;GO:0007409;GO:0007268;GO:0009214;GO:0030900;GO:0048709;GO:0046902;GO:0032496;GO:0009636;GO:0021762
A7MBM2,Dispatched RND transporter family member 2,Brain,GO:0016020;GO:0005886;GO:0007224
O60262,G protein subunit gamma 7,Brain,GO:0070062;GO:0005834;GO:0005886;GO:0045202;GO:0031681;GO:0001662;GO:0007186;GO:0007626;GO:0007168;GO:0008277
Q969V1,Melanin concentrating hormone receptor 2,Brain,GO:0005886;GO:0008528;GO:0007218
A6NFC5,Transmembrane protein 235,Brain,GO:0016324;GO:0005783
A6NKF7,Transmembrane protein 88B,Brain,GO:0005886;GO:0090090
P62760,Visinin like 1,Brain,GO:0005829;GO:0016020;GO:0005509;GO:0046676;GO:0045921;GO:0035774;GO:0009966
Q8N9L1,Zic family member 4,Brain,GO:0005634;GO:0003677;GO:0000981;GO:0046872;GO:0000978;GO:1990837;GO:0007417;GO:0006357
Q05996,Zona pellucida glycoprotein 2,Brain,GO:0062023;GO:0035805;GO:0005783;GO:0005576;GO:0005771;GO:0005886;GO:0032190;GO:0015026;GO:0042802;GO:0035804;GO:0007339;GO:0060468
Q9NZU7,Calcium binding protein 1,Brain,GO:0005938;GO:0005737;GO:0005856;GO:0005615;GO:0000139;GO:0048471;GO:0005886;GO:0014069;GO:0005246;GO:0005509;GO:0048306;GO:0004857;GO:0008139;GO:0042308;GO:0007601
O60359,Calcium voltage-gated channel auxiliary subunit gamma 3,Brain,GO:0032281;GO:0030425;GO:0030666;GO:0060076;GO:0098978;GO:0005886;GO:0098839;GO:0098685;GO:0036477;GO:0005891;GO:0016247;GO:0035255;GO:0030165;GO:0005245;GO:0006816;GO:0099590;GO:0099645;GO:0098943;GO:0051968;GO:0098970;GO:0008104;GO:0006605;GO:2000311;GO:0019226
Q13224,Glutamate ionotropic receptor NMDA type subunit 2B,Brain,GO:0009986;GO:0005737;GO:0005856;GO:0030425;GO:0005789;GO:0005770;GO:0005764;GO:0043005;GO:0017146;GO:0005886;GO:0014069;GO:0098839;GO:0045211;GO:0097060;GO:0001540;GO:0016595;GO:0022849;GO:0016594;GO:0099507;GO:0004972;GO:1904315;GO:0008270;GO:0007420;GO:0097553;GO:0007268;GO:0098976;GO:0060079;GO:0007215;GO:0035235;GO:0007611;GO:0060291;GO:0098655;GO:1902951;GO:2000463;GO:0051968;GO:0051290;GO:1904062;GO:0048168;GO:0048167;GO:0045471;GO:0035249
A8MTL9,Histocompatibility minor serpin domain containing,Brain,GO:0005615;GO:0004867;GO:0002253
Q96PV4,PNMA family member 5,Brain,GO:0042802;GO:0043065
P05129,Protein kinase C gamma,Brain,GO:0044305;GO:0005911;GO:0005829;GO:0030425;GO:0005634;GO:0048471;GO:0005886;GO:0099524;GO:0014069;GO:0099523;GO:0097060;GO:0005524;GO:0004698;GO:0004697;GO:0004699;GO:0004672;GO:0106310;GO:0004674;GO:0004712;GO:0008270;GO:0007268;GO:0007635;GO:0060384;GO:0035556;GO:0007611;GO:0060291;GO:0043524;GO:1901799;GO:0042177;GO:0031397;GO:0007200;GO:0016310;GO:0032425;GO:0099171;GO:0006468;GO:0042752;GO:0050764;GO:0032095;GO:2000300;GO:0043278;GO:0048265;GO:1990911;GO:0009636;GO:0048511
Q99250,Sodium voltage-gated channel alpha subunit 2,Brain,GO:0030424;GO:0098978;GO:0014704;GO:0016020;GO:0033268;GO:0033270;GO:0005886;GO:0042734;GO:0030315;GO:0001518;GO:0005516;GO:0005248;GO:0086002;GO:0071456;GO:0021542;GO:0008340;GO:0008627;GO:0007613;GO:0042552;GO:0021675;GO:0007399;GO:0051402;GO:0019228;GO:0035725;GO:0006814
A6NJT0,UNC homeobox,Brain,GO:0000785;GO:0005634;GO:0000981;GO:1990837;GO:0001502;GO:0035726;GO:0021516;GO:0021889;GO:0007389;GO:0045595;GO:0010468
Q9NY43,BarH like homeobox 2,Brain,GO:0000785;GO:0005634;GO:0001228;GO:0000981;GO:0000977;GO:1990837;GO:0035881;GO:0001709;GO:0001764;GO:0045727;GO:0030516;GO:0006357
Q96GW7,Brevican,Brain,GO:0005576;GO:0005615;GO:0098978;GO:0005796;GO:0043202;GO:0072534;GO:0098552;GO:0045202;GO:0030246;GO:0005540;GO:0007155;GO:0007417;GO:0010001;GO:0021766;GO:0002052;GO:0001501;GO:0060074
Q8WXD9,CASK interacting protein 1,Brain,GO:0005737;GO:0098978;GO:0098794;GO:0042802;GO:0099151;GO:0007165
P21728,Dopamine receptor D1,Brain,GO:0060170;GO:0005929;GO:0043197;GO:0005789;GO:0097648;GO:0098982;GO:0098978;GO:0097730;GO:0005634;GO:0005886;GO:0045211;GO:0042734;GO:1990763;GO:0035240;GO:0004952;GO:0001588;GO:0004930;GO:0001965;GO:0032795;GO:0007190;GO:0071880;GO:0007191;GO:0007189;GO:0007628;GO:0014002;GO:0001662;GO:0048148;GO:0071870;GO:0021853;GO:0001661;GO:0046323;GO:0021542;GO:0042417;GO:0015872;GO:0007212;GO:0007187;GO:0007625;GO:0046959;GO:0060292;GO:0060291;GO:0042711;GO:0007617;GO:0007613;GO:0099010;GO:0019228;GO:0035106;GO:0030432;GO:0060158;GO:0030335;GO:0043410;GO:2001224;GO:0043268;GO:0051281;GO:0051968;GO:0060134;GO:0099171;GO:0006606;GO:0042053;GO:0051584;GO:0001975;GO:0009410;GO:0046960;GO:0021756;GO:0007416;GO:0035249;GO:0001659;GO:0019226;GO:0042311;GO:0008542
Q8N461,F-box and leucine rich repeat protein 16,Brain,GO:0005829;GO:0019005;GO:0031146
Q8NE63,Homeodomain interacting protein kinase 4,Brain,GO:0005737;GO:0005634;GO:0004676;GO:0004679;GO:0005524;GO:0004677;GO:0004694;GO:0044024;GO:0072371;GO:1990244;GO:0035979;GO:0044025;GO:0140823;GO:0035175;GO:0044022;GO:0140855;GO:0035402;GO:0072354;GO:0140857;GO:0035403;GO:0044023;GO:0106310;GO:0004674;GO:0004713;GO:0072518;GO:0004711;GO:1901796
P58417,Neurexophilin 1,Brain,GO:0098982;GO:0098978;GO:0043083;GO:0005102;GO:0050804
Q9UJD0,Regulating synaptic membrane exocytosis 3,Brain,GO:0048786;GO:0098831;GO:0042734;GO:0031267;GO:0098882;GO:0044325;GO:0017156;GO:0042391;GO:2000300;GO:0016081;GO:0016082
Q92777,Synapsin II,Brain,GO:0098978;GO:0005886;GO:0014069;GO:0098685;GO:0031201;GO:0045202;GO:0030672;GO:0005524;GO:0042802;GO:0017156;GO:0007268;GO:0007269;GO:0050808;GO:0097091
Q6NUJ2,Chromosome 11 open reading frame 87,Brain,GO:0016020
Q8N3J6,Cell adhesion molecule 2,Brain,GO:0030424;GO:0032809;GO:0005886;GO:0045202;GO:0007156
P06307,Cholecystokinin,Brain,GO:0030424;GO:0005576;GO:0005615;GO:0005179;GO:0005184;GO:0051428;GO:0007409;GO:0007586;GO:0042755;GO:0001764;GO:0007165
O95727,Cytotoxic and regulatory T cell molecule,Brain,GO:0001772;GO:0005886;GO:0042802;GO:0005102;GO:0002250;GO:0008037;GO:0051606;GO:0002355;GO:0001768;GO:0007157;GO:0097021;GO:0046007;GO:0001819;GO:0045954;GO:0002860;GO:0032729;GO:2001185;GO:0050863;GO:0045580
O60258,Fibroblast growth factor 17,Brain,GO:0005737;GO:0005576;GO:0005615;GO:0008083;GO:0005105;GO:0005111;GO:0007267;GO:0008543;GO:0007399;GO:0022008;GO:0008284;GO:0043410;GO:0030334;GO:0007165
Q13002,Glutamate ionotropic receptor kainate type subunit 2,Brain,GO:0098978;GO:0098686;GO:0032983;GO:0097471;GO:0043025;GO:0005886;GO:0098839;GO:0042734;GO:0005234;GO:0022849;GO:0004970;GO:0015277;GO:0099507;GO:1904315;GO:0001662;GO:0007268;GO:0120169;GO:0007215;GO:0060080;GO:0006874;GO:0050804;GO:0043524;GO:0051967;GO:0051402;GO:0019228;GO:0050806;GO:0099171;GO:0048169;GO:0048172;GO:0035249
P48547,Potassium voltage-gated channel subfamily C member 1,Brain,GO:0030673;GO:0043679;GO:0044305;GO:0009986;GO:0032590;GO:0032809;GO:0005886;GO:0045211;GO:0042734;GO:0008076;GO:0005251;GO:0019894;GO:0044325;GO:0099508;GO:0005249;GO:0001508;GO:0071466;GO:0021549;GO:0022038;GO:0021759;GO:0021554;GO:1901381;GO:0071805;GO:0006813;GO:0051260;GO:0051262;GO:0014075;GO:0010996;GO:0071774;GO:0009642;GO:1990089;GO:0035864;GO:0009636
Q8WXC3,Pyrin domain containing 1,Brain,GO:0005829;GO:0008385;GO:0005634;GO:0120283;GO:0030291;GO:0045087;GO:0043124;GO:2000660;GO:0010804;GO:0032731
P61266,Syntaxin 1B,Brain,GO:0030424;GO:0005813;GO:0005737;GO:0005829;GO:0012505;GO:0016020;GO:0031594;GO:0005652;GO:0005654;GO:0005634;GO:0005886;GO:0048787;GO:0031201;GO:0005819;GO:0019901;GO:0005102;GO:0005484;GO:0000149;GO:0048791;GO:0098967;GO:0006886;GO:1905302;GO:0010977;GO:1903422;GO:2000463;GO:0001956;GO:1904050;GO:0010468;GO:0060025;GO:0010807;GO:0061669;GO:0016081;GO:0031629;GO:0048278;GO:0006904;GO:0006906
Q8TAG6,Vexin,Brain,GO:0005634;GO:0005886;GO:0022008;GO:0030182
A6NE02,BTB domain containing 17,Brain,GO:0005576;GO:0005886;GO:0045071;GO:0009615
P23435,Cerebellin 1 precursor,Brain,GO:0062023;GO:0005576;GO:0098978;GO:0098688;GO:0045211;GO:0043083;GO:0042802;GO:0021707;GO:0007268;GO:0051649;GO:0007157;GO:0099558;GO:0090394;GO:1905703;GO:0007399;GO:1900454;GO:0051965;GO:0009306;GO:0099151;GO:1905606;GO:0007416;GO:0050808;GO:0099550
O94850,Dendrin,Brain,GO:0042995;GO:0005737;GO:0032591;GO:0005789;GO:0005634;GO:0043204;GO:0045211;GO:0098793;GO:0000981;GO:0000978;GO:0045944
Q13491,Glycoprotein M6B,Brain,GO:0045121;GO:0043209;GO:0005886;GO:0019911;GO:0061564;GO:0022010;GO:0085029;GO:2000009;GO:0051612;GO:0007399;GO:0001503;GO:0030501;GO:0015031;GO:0032956;GO:0051893
Q6ZVL6,KIAA1549 like,Brain,GO:0016020
Q12840,Kinesin family member 5A,Brain,GO:1904115;GO:0035253;GO:0005737;GO:0005829;GO:0032839;GO:0005871;GO:0016020;GO:0005874;GO:0043204;GO:0048471;GO:0099524;GO:0005524;GO:0016887;GO:0003774;GO:0019894;GO:0008017;GO:0008574;GO:0099641;GO:0098971;GO:0007411;GO:0007268;GO:0007018;GO:1990049;GO:0048489;GO:0016192
Q13562,Neuronal differentiation 1,Brain,GO:0000785;GO:0005737;GO:0005654;GO:0005634;GO:0090575;GO:0003682;GO:0001228;GO:0003700;GO:0000981;GO:0070888;GO:0046982;GO:0061629;GO:1990837;GO:0035881;GO:0009952;GO:0061564;GO:0007259;GO:0071333;GO:0021549;GO:0021542;GO:0048562;GO:0031018;GO:0035883;GO:0042593;GO:0048839;GO:0030073;GO:0046426;GO:2000675;GO:0022008;GO:0006913;GO:0003326;GO:0003329;GO:0043065;GO:0045597;GO:0051091;GO:0045893;GO:0045666;GO:0045944;GO:2000679;GO:0050796;GO:0060730;GO:0009749;GO:0007423;GO:0023019;GO:0006366
Q9Y4Z2,Neurogenin 3,Brain,GO:0000785;GO:0005634;GO:0031490;GO:0001228;GO:0000981;GO:0001227;GO:0070888;GO:0046983;GO:0000978;GO:0061564;GO:0007417;GO:0030855;GO:0030900;GO:0030902;GO:0000122;GO:0007399;GO:0007422;GO:0045893;GO:0045666;GO:0045944;GO:0048814;GO:0007423;GO:0021510;GO:0060290
Q5VXU1,Sodium/potassium transporting ATPase interacting 2,Brain,GO:0005886;GO:0002028
P01213,Prodynorphin,Brain,GO:0043679;GO:0030425;GO:0005576;GO:0098686;GO:0043025;GO:0098992;GO:0005886;GO:0001515;GO:0031628;GO:0007268;GO:0007218;GO:0007600
Q8N4B5,Proline rich 18,Brain,
A0A1B0GVH4,Serine protease 51,Brain,GO:0005576;GO:0004252;GO:0006508
Q8N4L1,Transmembrane protein 151A,Brain,GO:0030424;GO:0030425;GO:0005783;GO:0005789;GO:0016020
Q9NYX4,Calcyon neuron specific vesicular protein,Brain,GO:1904115;GO:0031410;GO:0030659;GO:0005768;GO:0098978;GO:0016020;GO:0005886;GO:0098843;GO:0032051;GO:0044877;GO:0008089;GO:0048268;GO:0016197;GO:1905445;GO:0045807;GO:2001019;GO:0098884
P55291,Cadherin 15,Brain,GO:0005912;GO:0016342;GO:0005901;GO:0070062;GO:0005794;GO:0031594;GO:0005886;GO:0008013;GO:0045296;GO:0005509;GO:0034332;GO:0016339;GO:0007155;GO:0016477;GO:0000902;GO:0044331;GO:0007043;GO:0007156
Q9NY35,Claudin domain containing 1,Brain,GO:0016324;GO:0009986
Q9C0A0,Contactin associated protein family member 4,Brain,GO:0042995;GO:0042734;GO:0007155;GO:2000821;GO:0032225;GO:0032228
Q8NHU0,Cancer/testis antigen family 45 member A3,Brain,
Q92782,Double PHD fingers 1,Brain,GO:0000785;GO:0005737;GO:0071565;GO:0005654;GO:0046872;GO:1990837;GO:0006915;GO:0006338;GO:0007399;GO:0045597;GO:2000781;GO:0070316;GO:2000045;GO:0030071;GO:2000819;GO:0006357
Q8TAM6,Ermin,Brain,GO:0005938;GO:0005737;GO:0005856;GO:0070062;GO:0030175;GO:0097386;GO:0033269;GO:0043209;GO:0043025;GO:0033270;GO:0051015;GO:0007015;GO:0001763;GO:0031344;GO:0008360
P31644,Gamma-aminobutyric acid type A receptor subunit alpha5,Brain,GO:0034707;GO:0005829;GO:0032590;GO:1902711;GO:0098982;GO:0043005;GO:0032809;GO:0005654;GO:0005886;GO:0098794;GO:0099634;GO:0042734;GO:0045202;GO:1902495;GO:0050811;GO:0004890;GO:0022851;GO:0099507;GO:0038023;GO:1904315;GO:0008306;GO:0001662;GO:1902476;GO:0090102;GO:0007214;GO:1904862;GO:0060119;GO:0060384;GO:0060078;GO:0007165;GO:0051932
Q9HC10,Otoferlin,Brain,GO:0016323;GO:0042995;GO:0005829;GO:0005789;GO:0000139;GO:0016020;GO:0042734;GO:0030672;GO:0005509;GO:0061025;GO:0046928;GO:0007605;GO:0016079
Q9UPR5,Solute carrier family 8 member A2,Brain,GO:0030424;GO:0043679;GO:0016323;GO:0030425;GO:0043197;GO:0043025;GO:0043204;GO:0005886;GO:0098794;GO:0014069;GO:0098793;GO:0042383;GO:0045202;GO:0015085;GO:1905060;GO:0005432;GO:0005516;GO:0046872;GO:0015081;GO:1990034;GO:0098703;GO:0070588;GO:0007154;GO:0050890;GO:0006874;GO:0007612;GO:0007611;GO:0060291;GO:0007613;GO:0098815;GO:0006811;GO:0070050;GO:0071902;GO:0099608;GO:0106056;GO:1903779;GO:0051480;GO:0010468;GO:0048172;GO:0002931;GO:0035725;GO:0050808;GO:0150104
Q96MN9,Zinc finger protein 488,Brain,GO:0005634;GO:0003677;GO:0046872;GO:0045892;GO:0014003;GO:0031643;GO:0048714;GO:0006355
A0A0U1RR11,Centromere protein V like 1,Brain,GO:0016846;GO:0046872
Q96DZ9,CKLF like MARVEL transmembrane domain containing 5,Brain,GO:0005615;GO:0016020;GO:0005125;GO:0006935;GO:0045662
Q96KN2,Carnosine dipeptidase 1,Brain,GO:0005829;GO:0005576;GO:0004180;GO:0016805;GO:0046872;GO:0070573;GO:0006508;GO:0051246
P56177,Distal-less homeobox 1,Brain,GO:0000785;GO:0005829;GO:0043231;GO:0005654;GO:0005634;GO:0003682;GO:0000981;GO:0000978;GO:1990837;GO:0030154;GO:0071773;GO:0071560;GO:0021893;GO:0048706;GO:0021879;GO:0021766;GO:0030514;GO:1903845;GO:0043524;GO:0045746;GO:0048715;GO:0046533;GO:0000122;GO:0014016;GO:0051402;GO:0007219;GO:0042475;GO:0048709;GO:1902871;GO:0045597;GO:0045944;GO:0009954;GO:0006357;GO:0021544
Q8N475,Follistatin like 5,Brain,GO:0005576;GO:0005509;GO:0030154;GO:0030510
P41968,Melanocortin 3 receptor,Brain,GO:0005737;GO:0005886;GO:0004977;GO:0004980;GO:0042923;GO:0017046;GO:0007189;GO:0032922;GO:0007187;GO:0042309;GO:0045475;GO:0007200;GO:0008217;GO:0060259;GO:0002027;GO:0019222;GO:0055078
Q16517,Neuronatin,Brain,GO:0005737;GO:0007420;GO:0032024;GO:0009249
O95502,Neuronal pentraxin receptor,Brain,GO:0098978;GO:0016020;GO:0046872
Q99784,Olfactomedin 1,Brain,GO:0030424;GO:0044295;GO:0005783;GO:0005615;GO:0043025;GO:0043204;GO:0045202;GO:0003190;GO:0060317;GO:0010629;GO:0007399;GO:0023041;GO:0043065;GO:0010718;GO:0010628;GO:0030516;GO:0098696;GO:0007165
Q16799,Reticulon 1,Brain,GO:0030425;GO:0005783;GO:0005789;GO:0000139;GO:0043005;GO:0043025;GO:0014069;GO:0007420;GO:0071787;GO:1902430;GO:0030182
Q8IZD0,Sterile alpha motif domain containing 14,Brain,GO:0015629;GO:0005737;GO:0030425;GO:0014069;GO:0051015;GO:0007015;GO:0019722;GO:0031175
Q99884,Solute carrier family 6 member 7,Brain,GO:0016020;GO:0005886;GO:0045202;GO:0097060;GO:0015193;GO:0005298;GO:1903804;GO:0006836;GO:0015824;GO:0030163;GO:0035725
Q2M3C7,"SPHK1 interactor, AKAP domain containing",Brain,GO:0005737;GO:0005739;GO:0051018
Q9UPW8,Unc-13 homolog A,Brain,GO:0031594;GO:0043005;GO:0005886;GO:0048786;GO:0098831;GO:0042734;GO:0030672;GO:0043195;GO:0005509;GO:0005516;GO:0019992;GO:0005543;GO:0017075;GO:0030154;GO:0061789;GO:0099011;GO:0007269;GO:1903861;GO:0099525;GO:0051966;GO:0035249;GO:0016081;GO:0016082
C9JTQ0,Ankyrin repeat domain 63,Brain,
Q9NPZ5,"Beta-1,3-glucuronyltransferase 2",Brain,GO:0000139;GO:0015018;GO:0046872;GO:0016051;GO:0005975;GO:0050650;GO:0006486
Q8WXS3,BAALC binder of MAP3K1 and KLF4,Brain,GO:0005737;GO:0005829;GO:0045121;GO:0043005;GO:0005654;GO:0014069;GO:0016528
Q6IC83,Chromosome 22 open reading frame 42,Brain,
Q15878,Calcium voltage-gated channel subunit alpha1 E,Brain,GO:0043025;GO:0005886;GO:0045202;GO:0005891;GO:0005509;GO:0008331;GO:0005245;GO:0022843;GO:0098703;GO:0007268
P34998,Corticotropin releasing hormone receptor 1,Brain,GO:0005768;GO:0098978;GO:0016020;GO:0043005;GO:0005886;GO:0098839;GO:0015056;GO:0051424;GO:0043404;GO:0008528;GO:0004930;GO:0007190;GO:0007189;GO:0030325;GO:0048149;GO:0007166;GO:0071376;GO:0051458;GO:0035640;GO:0042596;GO:0007565;GO:0051867;GO:0006955;GO:1901386;GO:0007567;GO:2000852
P0DMU7,Cancer/testis antigen family 45 member A6,Brain,
P48169,Gamma-aminobutyric acid type A receptor subunit alpha4,Brain,GO:0034707;GO:0032590;GO:1902711;GO:0098982;GO:0043005;GO:0005886;GO:0098794;GO:0099634;GO:0045202;GO:1902495;GO:0008503;GO:0004890;GO:0022851;GO:1904315;GO:1902476;GO:0007214;GO:1904862;GO:0060078;GO:0051932
Q9HCQ5,Polypeptide N-acetylgalactosaminyltransferase 9,Brain,GO:0005794;GO:0000139;GO:0030246;GO:0046872;GO:0004653;GO:0016266;GO:0006493
P52951,Gastrulation brain homeobox 2,Brain,GO:0000785;GO:0005634;GO:0001228;GO:0003700;GO:0000981;GO:0000979;GO:0000977;GO:0061629;GO:1990837;GO:0048483;GO:0007411;GO:0001569;GO:0021930;GO:0021549;GO:0021884;GO:0042472;GO:0021555;GO:0007399;GO:0001755;GO:0051960;GO:0006357;GO:0021568;GO:0021794
Q5T442,Gap junction protein gamma 2,Brain,GO:0005922;GO:0005921;GO:0043209;GO:0033270;GO:0043204;GO:1990769;GO:0005243;GO:1903763;GO:0010644;GO:0007267;GO:2000134;GO:1904427;GO:0010628;GO:0070447;GO:0009636
Q86UW8,Hyaluronan and proteoglycan link protein 4,Brain,GO:0005615;GO:0072534;GO:0045202;GO:0005540;GO:0150043;GO:0007155;GO:0007417;GO:0010001;GO:1904862;GO:0002052;GO:0001501;GO:0051932
Q9UM19,Hippocalcin like 4,Brain,GO:0005246;GO:0005509;GO:0019904;GO:0007417;GO:0009966
P08908,5-hydroxytryptamine receptor 1A,Brain,GO:0030425;GO:0005886;GO:0045202;GO:0004993;GO:0001586;GO:0030594;GO:0090722;GO:0051378;GO:0099589;GO:0007198;GO:0001662;GO:0007268;GO:0035640;GO:0007186;GO:0007187;GO:0007214;GO:0008284;GO:0050795;GO:0042053;GO:0046883;GO:0014062;GO:0019229;GO:0042428;GO:0007210
O95259,Potassium voltage-gated channel subfamily H member 1,Brain,GO:0030424;GO:0030425;GO:0031901;GO:0043231;GO:0005637;GO:0043204;GO:0005886;GO:0098839;GO:0042734;GO:0008076;GO:0005516;GO:0005251;GO:1902936;GO:0071277;GO:0007520;GO:0071805;GO:0006813;GO:0042127;GO:0042391
Q7Z553,MAM domain containing glycosylphosphatidylinositol anchor 2,Brain,GO:0005576;GO:0005886;GO:0098552;GO:0007399;GO:0021522
Q8N3F0,"Maturin, neural progenitor differentiation regulator homolog",Brain,GO:0005737;GO:0032088;GO:0070374;GO:0046330;GO:0045654;GO:0023051
Q9Y328,Neuronal vesicle trafficking associated 2,Brain,GO:0030659;GO:0030425;GO:0005769;GO:0031901;GO:0005768;GO:0098978;GO:0005794;GO:1990674;GO:0005770;GO:0043202;GO:0016020;GO:0032585;GO:0098839;GO:0032588;GO:0032051;GO:0048268;GO:0016197;GO:0099072
Q4W5P6,Small integral membrane protein 43,Brain,GO:0005886;GO:0044325;GO:0048382;GO:0010828
Q86XE0,Sorting nexin 32,Brain,GO:0005829;GO:0005768;GO:0035091;GO:0015031;GO:0016241;GO:0042147
P61278,Somatostatin,Brain,GO:0005829;GO:0005576;GO:0005615;GO:0098982;GO:0043025;GO:0098992;GO:0005179;GO:0007166;GO:0007267;GO:0007268;GO:0007586;GO:0007186;GO:0008628;GO:0006972;GO:0008285;GO:0030334;GO:0099072;GO:0010447;GO:0043200;GO:0007584;GO:0048545;GO:0009410;GO:0038170
Q16623,Syntaxin 1A,Brain,GO:0030424;GO:0005829;GO:0012505;GO:0005576;GO:0043005;GO:0031965;GO:0005886;GO:0048787;GO:0031201;GO:0008021;GO:0030672;GO:0070044;GO:0019855;GO:0019869;GO:0042802;GO:0019900;GO:0005484;GO:0000149;GO:0017156;GO:0006887;GO:0030073;GO:0006886;GO:0045956;GO:0033605;GO:2000463;GO:0001956;GO:0010701;GO:0016925;GO:0050796;GO:0010807;GO:0032940;GO:0048488;GO:0016079;GO:0031629;GO:0048278
O43761,Synaptogyrin 3,Brain,GO:0016020;GO:0031594;GO:0008021;GO:0030672;GO:0042169;GO:0032411;GO:0045055;GO:0051580;GO:0010807;GO:0021762
Q92752,Tenascin R,Brain,GO:0009986;GO:0062023;GO:0005576;GO:0005615;GO:0098978;GO:0045121;GO:0072534;GO:0098685;GO:0090733;GO:0008306;GO:0048677;GO:0007411;GO:0007155;GO:0030198;GO:0035641;GO:0060291;GO:0048692;GO:0022408;GO:0010977;GO:0050805;GO:0007399;GO:0097402;GO:0050885;GO:0007158;GO:0051968;GO:0051971;GO:0030155;GO:0045595;GO:0030334;GO:0050808;GO:0035249;GO:0022029
Q6ZTA4,Tripartite motif containing 67,Brain,GO:0005737;GO:0005856;GO:0008270;GO:0046580;GO:0010976;GO:2000060;GO:0032880
Q99490,"ArfGAP with GTPase domain, ankyrin repeat and PH domain 2",Brain,GO:0005737;GO:0005829;GO:0005768;GO:0070062;GO:0090543;GO:0016020;GO:0005654;GO:0005634;GO:0005524;GO:0005525;GO:0005096;GO:0003924;GO:0046872;GO:0141038;GO:0035014;GO:0030295;GO:0019901;GO:0030036;GO:0016197;GO:0043524;GO:0042177;GO:0045860;GO:0015031
O75363,Brain enriched myelin associated protein 1,Brain,GO:0005737;GO:0070062;GO:0042552
Q5VWW1,Complement C1q like 3,Brain,GO:0005581;GO:0098978;GO:0098686;GO:0043083;GO:0042802;GO:0099645;GO:0097107;GO:0050807
A0A1B0GTL2,Chromosome 20 open reading frame 204,Brain,
Q86V35,Calcium binding protein 7,Brain,GO:0048471;GO:0005886;GO:0032588;GO:0005509
Q9UJ99,Cadherin 22,Brain,GO:0005912;GO:0016342;GO:0008013;GO:0045296;GO:0005509;GO:0034332;GO:0016339;GO:0016477;GO:0000902;GO:0044331;GO:0007043;GO:0007156
Q13319,Cyclin dependent kinase 5 regulatory subunit 2,Brain,GO:0000307;GO:0005737;GO:0030426;GO:0016020;GO:0043005;GO:0005886;GO:0098793;GO:0016533;GO:0003779;GO:0061575;GO:0008289;GO:0019901;GO:0007411;GO:0007420;GO:0021549;GO:0021766;GO:0021819;GO:0001764;GO:0045956;GO:0000079;GO:0021722
P11229,Cholinergic receptor muscarinic 1,Brain,GO:0043679;GO:0098981;GO:0030425;GO:0098978;GO:0016020;GO:0005886;GO:0098839;GO:0042734;GO:0098685;GO:0045202;GO:0016907;GO:0004435;GO:0007197;GO:0007268;GO:0050890;GO:0007213;GO:0007186;GO:0007187;GO:0007399;GO:0007274;GO:0007207;GO:0007200;GO:0090316;GO:0043270;GO:0099170;GO:0060251;GO:0040012;GO:0060078;GO:0046541;GO:0007165
Q6PI25,Cornichon family AMPA receptor auxiliary protein 2,Brain,GO:0032281;GO:0030425;GO:0043198;GO:0043197;GO:0005789;GO:0033116;GO:0012507;GO:0014069;GO:0045211;GO:0045202;GO:0005102;GO:2000311;GO:0035249;GO:0016192
Q9UI47,Catenin alpha 3,Brain,GO:0005912;GO:0005737;GO:0005856;GO:0030057;GO:0005916;GO:0030027;GO:0051015;GO:0008013;GO:0045296;GO:0086073;GO:0016477;GO:0098609;GO:0086091;GO:0098911
Q9Y6A2,Cytochrome P450 family 46 subfamily A member 1,Brain,GO:0030425;GO:0005783;GO:0005789;GO:0098794;GO:0098793;GO:0033781;GO:0020037;GO:0005506;GO:0008395;GO:0062184;GO:0006699;GO:0006707;GO:0007399;GO:0042448;GO:1903044;GO:1900271;GO:0016125;GO:0006805
Q96HU8,DIRAS family GTPase 2,Brain,GO:0005886;GO:0019003;GO:0005525;GO:0003924;GO:0007165
Q9P2K9,Dispatched RND transporter family member 3,Brain,GO:0005737;GO:0030659;GO:0005783;GO:0005789;GO:0016020;GO:0031965;GO:0030154;GO:0042632;GO:0008203;GO:0045665;GO:0045834;GO:2000179;GO:0032368;GO:0007224
P63215,G protein subunit gamma 3,Brain,GO:0044297;GO:0030425;GO:0005834;GO:0005886;GO:0014069;GO:0031681;GO:0003924;GO:0007186;GO:0007204
O60883,G protein-coupled receptor 37 like 1,Brain,GO:0060170;GO:0016020;GO:0005886;GO:0043235;GO:0008528;GO:0004930;GO:0042277;GO:0036505;GO:0007193;GO:0060020;GO:0034614;GO:0048712;GO:0045665;GO:0045879;GO:0003085;GO:0021940;GO:0043410;GO:0007224
Q9ULD8,Potassium voltage-gated channel subfamily H member 3,Brain,GO:0016020;GO:0034702;GO:0005886;GO:0005242;GO:0005249;GO:0071805;GO:0006813;GO:0042391
Q92806,Potassium inwardly rectifying channel subfamily J member 9,Brain,GO:0034702;GO:0098688;GO:0005886;GO:0042734;GO:0015467;GO:0005242;GO:1990573;GO:0034765;GO:0099505
Q96KK3,Potassium voltage-gated channel modifier subfamily S member 1,Brain,GO:0016020;GO:0048471;GO:0005886;GO:0008076;GO:0015459;GO:0005249;GO:0001508;GO:0071805;GO:0006813;GO:0051260;GO:1901379
O60282,Kinesin family member 5C,Brain,GO:1904115;GO:0044295;GO:0035253;GO:0005737;GO:0032839;GO:0150034;GO:0098982;GO:0005871;GO:0005874;GO:0043025;GO:0099524;GO:0034190;GO:0005524;GO:0016887;GO:0008017;GO:0003777;GO:0008574;GO:0099641;GO:0098964;GO:0098971;GO:0007411;GO:0008298;GO:0008045;GO:0051028;GO:0006996;GO:0048489
Q86UP9,LHFPL tetraspan subfamily member 3,Brain,GO:0005886;GO:0007605
Q8N967,Leucine rich repeats and transmembrane domains 2,Brain,GO:0016020;GO:0008201;GO:0048495;GO:0007411;GO:0050919;GO:0051965
P11137,Microtubule associated protein 2,Brain,GO:0150014;GO:0043203;GO:0043194;GO:0097441;GO:0005737;GO:0005829;GO:0030425;GO:0032839;GO:0044307;GO:1902737;GO:0044294;GO:0043198;GO:0150002;GO:0005874;GO:0005875;GO:0043005;GO:0043025;GO:0150001;GO:1990635;GO:1990769;GO:0005516;GO:0002162;GO:0008017;GO:0005198;GO:0048156;GO:0021954;GO:0016358;GO:0048813;GO:0000226;GO:0030517;GO:1904527;GO:0031115;GO:0031175;GO:1901953;GO:1903744;GO:0031113;GO:1902513;GO:0032880
Q8TDF5,Neuropilin and tolloid like 1,Brain,GO:1904115;GO:0060076;GO:0005576;GO:0098978;GO:0014069;GO:0098839;GO:0098685;GO:0035255;GO:0140231;GO:0007613;GO:0099645;GO:2000463;GO:0048169;GO:0008542
P01303,Neuropeptide Y,Brain,GO:0005576;GO:0005615;GO:0098982;GO:0005794;GO:0098992;GO:0005246;GO:0004930;GO:0005184;GO:0031841;GO:0005102;GO:0008343;GO:0021954;GO:0021987;GO:0007268;GO:0007631;GO:0007187;GO:0060575;GO:0031175;GO:0007218;GO:0032100;GO:0008217;GO:0099538
O95156,Neurexophilin 2,Brain,GO:0005576;GO:0005102;GO:0007218
O95206,Protocadherin 8,Brain,GO:0030425;GO:0098978;GO:0005886;GO:0045211;GO:0042734;GO:0098685;GO:0005509;GO:0007155;GO:0007267;GO:0007268;GO:0007156;GO:0050804;GO:0016331;GO:0099179;GO:0001756
Q96KR7,Phosphatase and actin regulator 3,Brain,GO:0016363;GO:0005654;GO:0003779;GO:0004864;GO:0030036
O75335,PTPRF interacting protein alpha 4,Brain,GO:0009986;GO:0005829;GO:0048786;GO:0045202;GO:0050808
Q9BQI7,Pleckstrin and Sec7 domain containing 2,Brain,GO:0032154;GO:0030425;GO:0098978;GO:0043025;GO:0098794;GO:0032587;GO:0005085;GO:0005543;GO:0032012
Q92599,Septin 8,Brain,GO:0030424;GO:0032153;GO:0015630;GO:0098793;GO:0031105;GO:0005940;GO:0030672;GO:0005525;GO:0003924;GO:0060090;GO:0061640;GO:0008104;GO:0033157;GO:0031647;GO:0035542
Q8N4V2,SV2 related protein,Brain,GO:0009925;GO:0008021;GO:0030672;GO:0022857;GO:0042908
P21579,Synaptotagmin 1,Brain,GO:0030424;GO:0042584;GO:0030669;GO:0060201;GO:0061202;GO:0060203;GO:0070083;GO:0005737;GO:0031045;GO:0060076;GO:0070382;GO:0098978;GO:0005794;GO:0098686;GO:0043005;GO:0044306;GO:0005886;GO:0099524;GO:0014069;GO:0045211;GO:0048786;GO:0099523;GO:0042734;GO:0008021;GO:0030672;GO:0005509;GO:0061891;GO:0005544;GO:0048306;GO:0005516;GO:0030276;GO:0042802;GO:0008289;GO:0050750;GO:0140693;GO:0005546;GO:0001786;GO:0046982;GO:0000149;GO:0017075;GO:0030348;GO:0099502;GO:0030154;GO:0071277;GO:0007268;GO:0005513;GO:0098746;GO:0007269;GO:0140694;GO:1903235;GO:1903861;GO:0033603;GO:0050806;GO:0051291;GO:0017158;GO:0017157;GO:1903305;GO:0051966;GO:2000300;GO:0061669;GO:0071911;GO:0048278;GO:0006906;GO:0016050;GO:0016192
Q8IYR6,Transmembrane protein with EGF like and two follistatin like domains 1,Brain,GO:0005886;GO:0141069;GO:0046597
Q8IXH6,Tumor protein p53 inducible nuclear protein 2,Brain,GO:0005776;GO:0031410;GO:0005829;GO:0005634;GO:0016605;GO:0043130;GO:0000045;GO:1903828;GO:0001649;GO:0045893;GO:0008104;GO:0001894;GO:0006511
O15240,VGF nerve growth factor inducible,Brain,GO:0031410;GO:0005788;GO:0005615;GO:0098978;GO:0005794;GO:0043231;GO:0043025;GO:0030133;GO:0008083;GO:0005179;GO:0005184;GO:0033500;GO:0042742;GO:0006091;GO:0042593;GO:0030073;GO:0001541;GO:0048168;GO:0048167;GO:0051591;GO:0009409;GO:0002021;GO:0032868;GO:0019953;GO:0099538
O75078,ADAM metallopeptidase domain 11,Brain,GO:0030424;GO:0043204;GO:0005886;GO:0042734;GO:0005178;GO:0004222;GO:0008237;GO:0061367;GO:0061368;GO:0045184;GO:0007229;GO:0033555;GO:0006508
O60241,Adhesion G protein-coupled receptor B2,Brain,GO:0005576;GO:0016020;GO:0005886;GO:0004930;GO:0007189;GO:0033173;GO:0007166;GO:0007186;GO:0016525;GO:0007422
Q99767,Amyloid beta precursor protein binding family A member 2,Brain,GO:0005737;GO:0043197;GO:0005886;GO:0098793;GO:0098685;GO:0001540;GO:0042802;GO:0007268;GO:0001701;GO:0007626;GO:0035264;GO:0007399;GO:0099171;GO:0015031;GO:0010468
Q96FT7,Acid sensing ion channel subunit family member 4,Brain,GO:0005886;GO:0015280;GO:0005216;GO:0015081;GO:0001662;GO:0035725
P14415,ATPase Na+/K+ transporting subunit beta 2,Brain,GO:0016324;GO:0097450;GO:0097449;GO:0044298;GO:0071944;GO:0031253;GO:0005737;GO:0009897;GO:0016328;GO:0016020;GO:0098984;GO:0001917;GO:0005886;GO:0005890;GO:0001671;GO:0051117;GO:0046982;GO:0030674;GO:0086064;GO:0031589;GO:0030007;GO:0006883;GO:0021670;GO:0086009;GO:0061744;GO:1903976;GO:0021944;GO:0045494;GO:0120036;GO:0032781;GO:0010976;GO:1903288;GO:1901018;GO:1903278;GO:1990573;GO:0050821;GO:0001895;GO:0036376;GO:0021678;GO:0150104
Q7Z5L3,Complement C1q like 2,Brain,GO:0150053;GO:0005581;GO:0098686;GO:0043083;GO:0042802;GO:0099645;GO:0097107;GO:0090128
Q0P641,Chromosome 2 open reading frame 80,Brain,
O75493,Carbonic anhydrase 11,Brain,GO:0016323;GO:0005576;GO:0016836;GO:0008270;GO:0006730
Q96RR4,Calcium/calmodulin dependent protein kinase kinase 2,Brain,GO:0005829;GO:0043005;GO:0005654;GO:0005524;GO:0005509;GO:0004683;GO:0005516;GO:0106310;GO:0004674;GO:0004713;GO:0019722;GO:0061762;GO:0034614;GO:0000165;GO:1903599;GO:0045893;GO:0001934;GO:0046777;GO:0006468;GO:0045859
O14810,Complexin 1,Brain,GO:0044305;GO:0005829;GO:0098978;GO:0043204;GO:0098794;GO:0098685;GO:0031201;GO:0070554;GO:0043195;GO:0000149;GO:0019905;GO:0007268;GO:0006887;GO:0030073;GO:0050804;GO:0099145;GO:0017157;GO:0031630;GO:0016079
Q6UYE1,Deleted in lymphocytic leukemia 7,Brain,
A6NNA5,Dorsal root ganglia homeobox,Brain,GO:0000785;GO:0005634;GO:0000981;GO:0000977;GO:1990837;GO:0007411;GO:0009593;GO:0016048;GO:0021516;GO:0001764;GO:0006357;GO:0050954;GO:0021559
Q86XD5,Family with sequence similarity 131 member B,Brain,GO:0005829;GO:0005654
P0C2L3,Family with sequence similarity 163 member B,Brain,GO:0016020
Q99259,Glutamate decarboxylase 1,Brain,GO:0043679;GO:0005938;GO:0061202;GO:0005737;GO:0098982;GO:0060077;GO:0048471;GO:0005886;GO:0048786;GO:0012506;GO:0004351;GO:0042802;GO:0030170;GO:0007268;GO:0006540;GO:0009449;GO:0006538;GO:0035641;GO:0035176
P27539,Growth differentiation factor 1,Brain,GO:0005615;GO:0005125;GO:0008083;GO:0010614
Q8NDV2,G protein-coupled receptor 26,Brain,GO:0005886;GO:0004930;GO:0007189
P46095,G protein-coupled receptor 6,Brain,GO:0005737;GO:0005886;GO:0004930;GO:0038036;GO:0007189;GO:0007186;GO:0007204;GO:0019222
P48058,Glutamate ionotropic receptor AMPA type subunit 4,Brain,GO:0032281;GO:0030425;GO:0043197;GO:0030666;GO:1903561;GO:0043025;GO:0005886;GO:0098839;GO:0004971;GO:0001540;GO:0004970;GO:0099507;GO:1904315;GO:0007215;GO:0050804;GO:0034392;GO:0035249
P39086,Glutamate ionotropic receptor kainate type subunit 1,Brain,GO:0043231;GO:0032983;GO:0005886;GO:0098839;GO:0042734;GO:0022849;GO:0004970;GO:0015277;GO:1904315;GO:0007417;GO:0007268;GO:0007215;GO:0050804;GO:0007399;GO:0051966;GO:0035249
Q6UXU4,GSG1 like,Brain,GO:0098978;GO:0005886;GO:0098839;GO:0098685;GO:0099149
Q9NP08,H6 family homeobox 1,Brain,GO:0000785;GO:0005634;GO:0003677;GO:0000981;GO:0001227;GO:0000977;GO:1990837;GO:0045892;GO:0006357
A2RU54,H6 family homeobox 2,Brain,GO:0000785;GO:0005634;GO:0000981;GO:0000977;GO:1990837;GO:0007420;GO:0030154;GO:0050673;GO:0042472;GO:0050679;GO:0048026;GO:2000648;GO:0006357;GO:0072089
Q8WXH2,Junctophilin 3,Brain,GO:0005789;GO:0030314;GO:0014701;GO:0016020;GO:0005886;GO:0060402;GO:0035640;GO:0007612;GO:0040011;GO:0007613;GO:0050885;GO:0048168;GO:0060314;GO:0048167
Q9NZV8,Potassium voltage-gated channel subfamily D member 2,Brain,GO:0070161;GO:0043197;GO:0098982;GO:0098978;GO:0071193;GO:0043025;GO:0032809;GO:0043204;GO:0005886;GO:0044853;GO:0045211;GO:0099634;GO:0008076;GO:0005250;GO:0046872;GO:1905030;GO:0005249;GO:0001508;GO:0071456;GO:0007268;GO:0045475;GO:0086009;GO:0006936;GO:0019228;GO:0071805;GO:0051260;GO:0008016;GO:0019233
Q9NR64,Kelch like family member 1,Brain,GO:0031463;GO:0005737;GO:0005856;GO:0030425;GO:0043025;GO:0003779;GO:1990756;GO:0030036;GO:0007628;GO:0021680;GO:0016358;GO:0043161
Q9Y5R2,Matrix metallopeptidase 24,Brain,GO:0070062;GO:0031012;GO:0005615;GO:0005886;GO:0032588;GO:0045296;GO:0008047;GO:0004222;GO:0008270;GO:0044331;GO:0098742;GO:0030574;GO:0050965;GO:0030198;GO:0010001;GO:0097150;GO:0006508
P60323,Nanos C2HC-type zinc finger 3,Brain,GO:0005737;GO:0010494;GO:0005829;GO:0005654;GO:0005634;GO:0000932;GO:0048471;GO:0008047;GO:0003729;GO:0003723;GO:0008270;GO:0097190;GO:0007281;GO:0061157;GO:2001234;GO:0017148;GO:0048477;GO:0051726;GO:0006417;GO:0007283
A6NJ46,NK6 homeobox 3,Brain,GO:0000785;GO:0005634;GO:0001228;GO:0000981;GO:0001227;GO:0000978;GO:0043565;GO:1990837;GO:0030154;GO:0001709;GO:0035883;GO:0030857;GO:0000122;GO:0045944;GO:0006357
Q8IZ57,Neurensin 1,Brain,GO:0031410;GO:0030426;GO:0016020;GO:0043005;GO:0043025;GO:0030133;GO:0007399
Q96PB7,Olfactomedin 3,Brain,GO:0032281;GO:0005615;GO:0005794;GO:0045202;GO:0042462;GO:0007165
A6ND48,Olfactory receptor family 14 subfamily I member 1,Brain,GO:0005886;GO:0004930;GO:0005549;GO:0004984
P31321,Protein kinase cAMP-dependent type I regulatory subunit beta,Brain,GO:0005952;GO:0097546;GO:0005829;GO:0098978;GO:0098686;GO:0005771;GO:0005886;GO:0098794;GO:0098685;GO:0030552;GO:0004862;GO:0008603;GO:0034236;GO:0007189;GO:0007611;GO:0141162;GO:2000463;GO:1903367;GO:1900273;GO:0098693
O43566,Regulator of G protein signaling 14,Brain,GO:0005813;GO:0005737;GO:0030425;GO:0043197;GO:0098978;GO:0005874;GO:0016604;GO:0005634;GO:0005886;GO:0016605;GO:0014069;GO:0005819;GO:0000922;GO:0001965;GO:0005092;GO:0032794;GO:0005096;GO:0003924;GO:0008017;GO:0019901;GO:0030159;GO:0051301;GO:0007059;GO:0007186;GO:0007612;GO:0007616;GO:0060291;GO:0000278;GO:0070373;GO:0045744;GO:0043407;GO:0031914;GO:0006913;GO:0048008;GO:0050769;GO:0008277;GO:0006979;GO:0007051;GO:0008542;GO:0010070
P49802,Regulator of G protein signaling 7,Brain,GO:0005737;GO:0005829;GO:0043005;GO:0005635;GO:0005886;GO:0032991;GO:0001965;GO:0031681;GO:0005096;GO:0003924;GO:0007186;GO:0035556;GO:0045744;GO:0043547;GO:1901381;GO:0001975;GO:0045471
Q86UR5,Regulating synaptic membrane exocytosis 1,Brain,GO:0042995;GO:0005829;GO:0005886;GO:0048786;GO:0098831;GO:0042734;GO:0030695;GO:0046872;GO:0003723;GO:0031267;GO:0098882;GO:0060478;GO:0017156;GO:0030154;GO:0006886;GO:0061025;GO:1903861;GO:2000463;GO:0010628;GO:0097151;GO:0065003;GO:0045055;GO:0046928;GO:2000300;GO:0046903;GO:0016081;GO:0016079;GO:0016082;GO:0007601
Q9ULX5,Ring finger protein 112,Brain,GO:0044297;GO:0005737;GO:0005768;GO:0016020;GO:0043005;GO:0016604;GO:0005654;GO:0005634;GO:0043204;GO:0014069;GO:0008021;GO:0005525;GO:0003924;GO:0061630;GO:0008270;GO:1990403;GO:0007029;GO:0070315;GO:0030182;GO:0045687;GO:0045666;GO:0051865;GO:0051260;GO:0051726;GO:0033194
P04271,S100 calcium binding protein B,Brain,GO:0005737;GO:0005829;GO:0005576;GO:0005615;GO:0043231;GO:0043025;GO:0005654;GO:0005634;GO:0048471;GO:0001726;GO:0005509;GO:0048306;GO:0042802;GO:0042803;GO:0050786;GO:0044548;GO:0048156;GO:0008270;GO:1990845;GO:0007409;GO:0007155;GO:0007417;GO:0007611;GO:0007613;GO:0043123;GO:0008284;GO:0045666;GO:0048168;GO:0097490
Q9UH03,Septin 3,Brain,GO:0032153;GO:0015630;GO:0098793;GO:0099569;GO:0031105;GO:0005940;GO:0005525;GO:0003924;GO:0042802;GO:0060090;GO:0061640;GO:0008104
Q96IW2,Src homology 2 domain containing transforming protein D,Brain,GO:0001784
A6NKW6,Shisa like 2B,Brain,GO:0016020
P57103,Solute carrier family 8 member A3,Brain,GO:0070161;GO:0030424;GO:0043679;GO:0030425;GO:0043197;GO:0005789;GO:0005741;GO:0031594;GO:0043025;GO:0043204;GO:0048471;GO:0005886;GO:0098794;GO:0014069;GO:0042383;GO:0016528;GO:0045202;GO:0005432;GO:0005516;GO:0046872;GO:0098703;GO:0070588;GO:0007154;GO:0071456;GO:0002244;GO:0006874;GO:0007612;GO:0007611;GO:0060291;GO:0007613;GO:0051560;GO:0006851;GO:0098815;GO:0006811;GO:0042552;GO:0071901;GO:0048709;GO:1903779;GO:0014819;GO:0035725;GO:0050808
O75093,Slit guidance ligand 1,Brain,GO:0005615;GO:0005509;GO:0043395;GO:0008201;GO:0048495;GO:0048846;GO:0007411;GO:0033563;GO:0048853;GO:0008045;GO:0050919;GO:0048843;GO:0051964;GO:0007097;GO:0031290;GO:0021510;GO:0022028
Q5JUK2,Spermatogenesis and oogenesis specific basic helix-loop-helix 1,Brain,GO:0000785;GO:0005737;GO:0005634;GO:0000981;GO:0046982;GO:0042803;GO:0000976;GO:0030154;GO:0009994;GO:0007283
Q7RTU9,Stereocilin,Brain,GO:0009986;GO:0060091;GO:0032426;GO:0060088;GO:0007160;GO:0050910;GO:0008104
O00445,Synaptotagmin 5,Brain,GO:0030424;GO:0031045;GO:0070382;GO:0043025;GO:0099012;GO:0048471;GO:0005886;GO:1990769;GO:0055038;GO:0030672;GO:0005509;GO:0061891;GO:0005544;GO:0030276;GO:0005546;GO:0001786;GO:0046982;GO:0000149;GO:0019905;GO:0099502;GO:0007268;GO:0017158;GO:2000300;GO:0016192
Q5JU00,T-complex-associated-testis-expressed 1,Brain,GO:0005737;GO:0005856;GO:0036126;GO:0030317;GO:0007018
Q14C87,Transmembrane protein 132D,Brain,GO:0016020
Q8NBL3,Transmembrane protein 178A,Brain,GO:0005789;GO:0045671;GO:0051480
P20396,Thyrotropin releasing hormone,Brain,GO:0005576;GO:0030141;GO:0008437;GO:0007628;GO:0007267;GO:0042755;GO:0001692;GO:0009755;GO:0014050;GO:0014054;GO:0032024;GO:0007165
Q9NQA5,Transient receptor potential cation channel subfamily V member 5,Brain,GO:0016324;GO:0034704;GO:0005886;GO:0005262;GO:0005516;GO:0046872;GO:0055074;GO:0098703;GO:0070588;GO:0006816;GO:0060402;GO:0051289;GO:0035809
Q9Y3Q8,TSC22 domain family member 4,Brain,GO:0005737;GO:0030425;GO:0005634;GO:0045202;GO:0042593;GO:0045892;GO:0000122;GO:0070050;GO:1990138;GO:0006970
Q9H313,Tweety family member 1,Brain,GO:0034707;GO:0031527;GO:0032433;GO:0016020;GO:0005886;GO:0030868;GO:0045202;GO:0005509;GO:0005254;GO:0005229;GO:0005381;GO:0072320;GO:0098609;GO:0031589;GO:0006821;GO:0046847;GO:0006826;GO:0015813;GO:0000278;GO:0034220
Q9BVA1,Tubulin beta 2B class IIb,Brain,GO:0005737;GO:0045171;GO:0005874;GO:0015630;GO:0072686;GO:0005634;GO:0098685;GO:0005525;GO:0003924;GO:0046872;GO:0046982;GO:0005200;GO:0021987;GO:1990403;GO:0000226;GO:0007017;GO:0000278;GO:0050804;GO:0001764;GO:1902669
Q5SQQ9,Ventral anterior homeobox 1,Brain,GO:0000785;GO:0005634;GO:0031490;GO:0000981;GO:0001227;GO:0000978;GO:0001162;GO:1990837;GO:0048708;GO:0007411;GO:0007420;GO:0043010;GO:0007417;GO:0007406;GO:0007405;GO:0060563;GO:0030182;GO:0001764;GO:0006357;GO:0060021;GO:0035914
A6NLU5,V-set and transmembrane domain containing 2B,Brain,GO:0016020
Q9NZR4,Visual system homeobox 1,Brain,GO:0000785;GO:0005634;GO:0003700;GO:0000981;GO:1990837;GO:0000976;GO:0048666;GO:0042551;GO:0006355;GO:0060040;GO:0007601
O00744,Wnt family member 10B,Brain,GO:0005576;GO:0005615;GO:0005125;GO:0005109;GO:0048018;GO:0060346;GO:0060070;GO:0045165;GO:0071320;GO:0071374;GO:0071300;GO:0002062;GO:0030855;GO:0045444;GO:0061196;GO:0000086;GO:0071425;GO:0006629;GO:0048627;GO:0014835;GO:0120163;GO:0050680;GO:0045599;GO:0000122;GO:0030182;GO:0001649;GO:0043065;GO:0030501;GO:0090263;GO:0030858;GO:0010971;GO:1902035;GO:0045669;GO:0045899;GO:0045582;GO:0051885;GO:0050821;GO:0032434;GO:0048641;GO:0050909;GO:0048741;GO:0007224;GO:0030217;GO:0006366
A6XGL0,YjeF N-terminal domain containing 3,Brain,GO:0052856;GO:0071425;GO:0006869;GO:0031580;GO:0016525;GO:0010874;GO:0008593;GO:0002040
Q9BZC7,ATP binding cassette subfamily A member 2,Brain,GO:0043190;GO:0031410;GO:0005768;GO:0010008;GO:0043231;GO:0005765;GO:0005764;GO:0016020;GO:0005815;GO:0005886;GO:0140359;GO:0005524;GO:0016887;GO:0042626;GO:0099038;GO:0061135;GO:0005319;GO:0000166;GO:0032289;GO:0099040;GO:0042632;GO:0001573;GO:0006687;GO:0090156;GO:0006629;GO:0006869;GO:0007626;GO:0090370;GO:0032384;GO:0071072;GO:1905601;GO:0090155;GO:0045939;GO:0042986;GO:1902993;GO:1902004;GO:0032805;GO:0032383;GO:1901873;GO:0060049;GO:1904375;GO:2000008;GO:0019218;GO:0070723;GO:0048545;GO:0009410;GO:0006684;GO:0046512;GO:0055085;GO:0150104
P22303,Acetylcholinesterase (Cartwright blood group),Brain,GO:0005604;GO:0009986;GO:0005576;GO:0005615;GO:0005794;GO:0016020;GO:0031594;GO:0005634;GO:0048471;GO:0005886;GO:0098552;GO:0045202;GO:0043083;GO:0042166;GO:0003990;GO:0001540;GO:0004104;GO:0005518;GO:0016787;GO:0043236;GO:0042803;GO:0017171;GO:0006581;GO:0001507;GO:0095500;GO:0042982;GO:0007155;GO:0032223;GO:0007399;GO:0002076;GO:0120162;GO:0050714;GO:0031623;GO:0001919;GO:0060041;GO:0007416
O94805,Actin like 6B,Brain,GO:0140092;GO:0035060;GO:0000785;GO:0140288;GO:0000776;GO:0071565;GO:0035267;GO:0016363;GO:0005634;GO:0016586;GO:0016514;GO:0003682;GO:0005200;GO:0003713;GO:0006325;GO:0006338;GO:0016358;GO:0045596;GO:0007399;GO:0042551;GO:0045597;GO:0008284;GO:2000781;GO:0045663;GO:1902459;GO:0045582;GO:0070316;GO:2000045;GO:0030071;GO:2000819;GO:0006357
Q9NS39,Adenosine deaminase RNA specific B2 (inactive),Brain,GO:0005737;GO:0005730;GO:0004000;GO:0003726;GO:0003725;GO:0046872;GO:0003723;GO:0003727;GO:0008251;GO:0006382;GO:0006397;GO:0006396
Q8N7J2,APC membrane recruitment protein 2,Brain,GO:0005886;GO:0008013;GO:0005546;GO:0007398;GO:0090090;GO:0060828;GO:0016055
O95996,APC regulator of WNT signaling pathway 2,Brain,GO:0005884;GO:0030877;GO:0016342;GO:0005737;GO:0005829;GO:0005794;GO:0045171;GO:0031258;GO:0005874;GO:0015630;GO:0030496;GO:0048471;GO:0098794;GO:0008013;GO:0045295;GO:0008017;GO:0090630;GO:0001708;GO:0016477;GO:0000226;GO:0090090;GO:0007026;GO:0007399;GO:0007389;GO:0043161;GO:0016055
P51693,Amyloid beta precursor like protein 1,Brain,GO:0005604;GO:0005794;GO:0005654;GO:0048471;GO:0005886;GO:0031694;GO:0031695;GO:0031696;GO:0008201;GO:0042802;GO:0046914;GO:0009887;GO:0006915;GO:0007409;GO:0007155;GO:0071874;GO:0007417;GO:0180011;GO:0006897;GO:0030198;GO:0030900;GO:0106072;GO:0007399;GO:0006417
P13637,ATPase Na+/K+ transporting subunit alpha 3,Brain,GO:0030424;GO:0005783;GO:1903561;GO:0005794;GO:0016020;GO:0098984;GO:0043025;GO:0032809;GO:0031090;GO:0001917;GO:0060342;GO:0005886;GO:0005890;GO:0045202;GO:0001540;GO:0005524;GO:0016887;GO:0046872;GO:0005391;GO:0051087;GO:1990239;GO:0086064;GO:1904646;GO:0071383;GO:0030007;GO:0006883;GO:1990535;GO:1990573;GO:1902600;GO:0060075;GO:1903416;GO:0036376
O94812,BAI1 associated protein 3,Brain,GO:0005829;GO:0098982;GO:0031902;GO:0005886;GO:0098793;GO:0055038;GO:0099503;GO:0032588;GO:0005509;GO:0005543;GO:0000149;GO:0019905;GO:1990502;GO:0006887;GO:0007186;GO:0035774;GO:0001956;GO:0050795;GO:1905413;GO:0032228;GO:0042147
Q8IUK8,Cerebellin 2 precursor,Brain,GO:0005615;GO:0098978;GO:0045202;GO:0043083;GO:0098820;GO:0099558;GO:0051965;GO:0098814;GO:0007416;GO:0050808;GO:0099550
Q9NQR7,Coiled-coil domain containing 177,Brain,
P17787,Cholinergic receptor nicotinic beta 2 subunit,Brain,GO:0005892;GO:0098981;GO:0009897;GO:0016020;GO:0043005;GO:0005886;GO:0044853;GO:0099634;GO:0042734;GO:0045202;GO:0042166;GO:0015464;GO:0022848;GO:1901363;GO:0015276;GO:0044877;GO:0050997;GO:0095500;GO:0008306;GO:0042113;GO:0035095;GO:0006816;GO:0021952;GO:0050890;GO:0021771;GO:0007612;GO:0007626;GO:0051899;GO:0007613;GO:0006811;GO:0045759;GO:0050877;GO:0021631;GO:0030890;GO:0033603;GO:0042320;GO:0048814;GO:0042053;GO:0014059;GO:0051963;GO:0032225;GO:1905144;GO:0042220;GO:0045471;GO:0001666;GO:0035094;GO:0019233;GO:0007605;GO:0007165;GO:0006939;GO:0035176;GO:0060084;GO:0007271;GO:0021562;GO:0008542;GO:0007601
P60606,Cortexin 1,Brain,GO:0016020
P14920,D-amino acid oxidase,Brain,GO:0042995;GO:0005737;GO:0005829;GO:0005576;GO:0005782;GO:0048786;GO:0003884;GO:0071949;GO:0043799;GO:0042802;GO:0055130;GO:0019478;GO:0036088;GO:0070178;GO:0007586;GO:0042416;GO:0070945;GO:0006562
Q9NYJ7,Delta like canonical Notch ligand 3,Brain,GO:0016020;GO:0005886;GO:0005509;GO:0005112;GO:0030154;GO:0007386;GO:0050768;GO:0045746;GO:0007219;GO:0048339;GO:0001501;GO:0001756
Q9BPU6,Dihydropyrimidinase like 5,Brain,GO:0005829;GO:0030425;GO:0098978;GO:0043025;GO:0032991;GO:0016812;GO:0007411;GO:0050774;GO:0007399;GO:0007165
Q8N9Y4,Family with sequence similarity 181 member A,Brain,GO:0005737
A6NEQ2,Family with sequence similarity 181 member B,Brain,
Q14CM0,FERM and PDZ domain containing 4,Brain,GO:0005856;GO:0043197;GO:0032991;GO:0005546;GO:0051835
O75899,Gamma-aminobutyric acid type B receptor subunit 2,Brain,GO:0005737;GO:1902712;GO:0038039;GO:1902710;GO:0043005;GO:0005886;GO:0045211;GO:0004965;GO:0046982;GO:0004888;GO:0007193;GO:0007268;GO:0007186;GO:0007214;GO:0007194;GO:0150099;GO:0051932
Q8N3F9,G protein-coupled receptor 137C,Brain,GO:0005765;GO:1904263
Q9Y2T5,G protein-coupled receptor 52,Brain,GO:0005886;GO:0008020;GO:0004930;GO:0071482;GO:0007186;GO:0007626;GO:0007602;GO:0009410
Q9GZN0,G protein-coupled receptor 88,Brain,GO:0060170;GO:0005929;GO:0005737;GO:0005634;GO:0005886;GO:0004941;GO:0003774;GO:0008020;GO:0007188;GO:0071482;GO:0007186;GO:0007626;GO:0061743;GO:0050885;GO:0019228;GO:0007602
Q9UL51,Hyperpolarization activated cyclic nucleotide gated potassium and sodium channel 2,Brain,GO:0030424;GO:0030425;GO:0098855;GO:0005886;GO:0008076;GO:0030552;GO:0042802;GO:0005222;GO:0005249;GO:0005248;GO:0072488;GO:0007267;GO:0071320;GO:0071321;GO:0086012;GO:1990573;GO:0071805;GO:0003254;GO:0042391;GO:0098719;GO:0035725
Q6WQI6,"Hepatocellular carcinoma, down-regulated 1",Brain,GO:0005737
Q9HCP6,Hedgehog acyltransferase like,Brain,GO:0005783;GO:0005789;GO:0048471;GO:0060262
Q8WWN9,Interaction protein for cytohesin exchange factors 1,Brain,GO:0005737;GO:0005886;GO:0005344;GO:0004601;GO:0015671;GO:0006979
O95970,Leucine rich glioma inactivated 1,Brain,GO:0043194;GO:0005737;GO:0030425;GO:0005783;GO:0005576;GO:0005615;GO:0098978;GO:0005794;GO:0043083;GO:0005102;GO:0007411;GO:0007399;GO:0031175;GO:0099645;GO:0030307;GO:0050806
Q96FE5,Leucine rich repeat and Ig domain containing 1,Brain,GO:0031012;GO:0005615;GO:0005886;GO:0005154
O94772,Lymphocyte antigen 6 family member H,Brain,GO:0005576;GO:0005886;GO:0098552;GO:0045202;GO:0033130;GO:0030550;GO:0095500;GO:0009887;GO:0007399
P32245,Melanocortin 4 receptor,Brain,GO:0005737;GO:0016020;GO:0005886;GO:0004977;GO:0004980;GO:0042923;GO:0017046;GO:0031625;GO:0007189;GO:0007188;GO:0002024;GO:0006112;GO:0007631;GO:0030073;GO:2000252;GO:0045780;GO:1903998;GO:2000821;GO:0019222;GO:1903925;GO:0032094;GO:0032868;GO:1990680
Q13368,MAGUK p55 scaffold protein 3,Brain,GO:0005912;GO:0016324;GO:0005911;GO:0005886;GO:0030165
P25713,Metallothionein 3,Brain,GO:0097450;GO:0030424;GO:0005737;GO:0005829;GO:0043197;GO:0005615;GO:0016234;GO:0005874;GO:0005741;GO:0005634;GO:0048471;GO:0005840;GO:0008021;GO:0016209;GO:0046870;GO:0005507;GO:0046872;GO:0030295;GO:0008270;GO:0032148;GO:1990748;GO:0071276;GO:0071280;GO:0071456;GO:0034599;GO:0034614;GO:0071294;GO:0010273;GO:0006112;GO:0030003;GO:0006882;GO:0033210;GO:0030517;GO:0030308;GO:2000296;GO:0043524;GO:0010977;GO:0051354;GO:0045893;GO:0070374;GO:0010628;GO:2000376;GO:0001934;GO:0030949;GO:0050821;GO:0032095;GO:0019430;GO:0001666;GO:0006829
Q8N8M0,N-acetyltransferase 16 (putative),Brain,GO:0016747
P07196,Neurofilament light chain,Brain,GO:0030424;GO:1904115;GO:0098981;GO:0005737;GO:0005829;GO:0030426;GO:0005882;GO:0005883;GO:0031594;GO:0099160;GO:0099182;GO:0098685;GO:0042802;GO:0043274;GO:0019904;GO:0044877;GO:0030674;GO:0005200;GO:0099184;GO:0008089;GO:0019896;GO:0007409;GO:0021987;GO:0021766;GO:0045109;GO:0045105;GO:0040011;GO:0000226;GO:0097049;GO:2000672;GO:0033693;GO:0060052;GO:0050885;GO:0014012;GO:0050772;GO:0099170;GO:0051258;GO:0031133;GO:0090128;GO:1903937;GO:0051412;GO:0043434;GO:1903935;GO:0009636;GO:0008090;GO:0021510
P07197,Neurofilament medium chain,Brain,GO:0030424;GO:0005737;GO:0005882;GO:0045111;GO:0097418;GO:0005883;GO:0099160;GO:0008017;GO:0005200;GO:0033693
P58401,Neurexin 2,Brain,GO:0042995;GO:0005886;GO:0042734;GO:0050839;GO:0046872;GO:0097109;GO:0004888;GO:0007158;GO:0007165
P26367,Paired box 6,Brain,GO:0000785;GO:0005737;GO:0005829;GO:0005654;GO:0005634;GO:0031490;GO:0070410;GO:0003677;GO:0001228;GO:0003700;GO:0000981;GO:0001227;GO:0035035;GO:0071837;GO:0003680;GO:0019901;GO:0070412;GO:0003723;GO:0000978;GO:0000979;GO:1990837;GO:0000976;GO:0001221;GO:0031625;GO:0009887;GO:0048708;GO:0007411;GO:0001568;GO:0007420;GO:0001709;GO:0044344;GO:0071333;GO:0032869;GO:1990830;GO:0071380;GO:0071466;GO:0007417;GO:0021549;GO:0021796;GO:0006338;GO:0021902;GO:0061303;GO:0009950;GO:0048596;GO:0000132;GO:0001654;GO:0042462;GO:0030900;GO:0021798;GO:0021905;GO:0042593;GO:0021986;GO:1901142;GO:0022027;GO:0061072;GO:0030216;GO:0032808;GO:0098598;GO:0002088;GO:0050680;GO:0007406;GO:0050768;GO:0045665;GO:0000122;GO:0007399;GO:0001755;GO:0007405;GO:0048663;GO:0061034;GO:0021778;GO:0003322;GO:0021983;GO:0042660;GO:1904798;GO:0045893;GO:0030858;GO:0010628;GO:0120008;GO:1902895;GO:0002052;GO:2001224;GO:0045944;GO:0033365;GO:0009786;GO:0010975;GO:0048505;GO:0006357;GO:0045471;GO:0009611;GO:0060041;GO:0021593;GO:0007435;GO:1904937;GO:0007423;GO:0023019;GO:0007224;GO:0006366;GO:0003309;GO:0021517;GO:0007601
P0CG20,Proline rich 35,Brain,
Q9H6K5,Proline rich 36,Brain,
O76081,Regulator of G protein signaling 20,Brain,GO:0005737;GO:0005634;GO:0005886;GO:0005802;GO:0005096;GO:0003924;GO:0007186;GO:0009968;GO:0008277;GO:0001975
Q86UN3,Reticulon 4 receptor like 2,Brain,GO:0030424;GO:0009986;GO:0030425;GO:0009897;GO:0070062;GO:0031012;GO:0005576;GO:0005615;GO:0045121;GO:0043005;GO:0043204;GO:0005886;GO:0038023;GO:0031103;GO:0007166;GO:0010977
P84550,SKI family transcriptional corepressor 1,Brain,GO:0005737;GO:0030425;GO:0043025;GO:0005634;GO:0005667;GO:0000981;GO:0000978;GO:1990837;GO:0046332;GO:0030514;GO:0000122;GO:0006355
P43004,Solute carrier family 1 member 2,Brain,GO:0097449;GO:0030673;GO:0044297;GO:0009986;GO:0098978;GO:0016020;GO:0098796;GO:0045121;GO:0044306;GO:0005886;GO:0042734;GO:0031982;GO:0033229;GO:0015501;GO:0005314;GO:0005313;GO:0046872;GO:0008509;GO:0015175;GO:0030534;GO:0071314;GO:0007268;GO:0070779;GO:0006750;GO:0140009;GO:0070778;GO:0098712;GO:0015813;GO:0006811;GO:0035264;GO:0098810;GO:0006836;GO:0046326;GO:0070207;GO:0043200;GO:0009611;GO:0009410;GO:0021537;GO:0070633;GO:0150104;GO:0007632
P48066,Solute carrier family 6 member 11,Brain,GO:0042995;GO:0098982;GO:0016020;GO:0005886;GO:0045211;GO:0042734;GO:0016597;GO:0005332;GO:0008028;GO:0005369;GO:0006865;GO:0051936;GO:0015718;GO:0009410;GO:0035725
Q496J9,Synaptic vesicle glycoprotein 2C,Brain,GO:0098691;GO:0005886;GO:0008021;GO:0030672;GO:0022857;GO:0007268;GO:0006836;GO:2000300
P17600,Synapsin I,Brain,GO:0030424;GO:0044297;GO:0005856;GO:0030425;GO:0098850;GO:0005794;GO:0014069;GO:0098793;GO:0048786;GO:0098685;GO:0008021;GO:0030672;GO:0000795;GO:0003779;GO:0005524;GO:0048306;GO:0106006;GO:0042802;GO:0019901;GO:0007268;GO:0048666;GO:0007269;GO:0046928;GO:0098693;GO:2000300;GO:0050808;GO:0097091
Q8N9I0,Synaptotagmin 2,Brain,GO:0030424;GO:0042584;GO:0030669;GO:0031045;GO:0070382;GO:0005886;GO:0030672;GO:0061891;GO:0005544;GO:0043533;GO:0046872;GO:0000149;GO:0099502;GO:0030154;GO:1903861;GO:0017158;GO:2000300;GO:0016192
P29371,Tachykinin receptor 3,Brain,GO:0032590;GO:0032809;GO:0005886;GO:0097225;GO:0004995;GO:0045777;GO:1902093;GO:0010460;GO:0070474;GO:0042053;GO:0060259;GO:0042220;GO:0032355;GO:0007217
Q96LR4,TAFA chemokine like family member 4,Brain,GO:0005615;GO:0098978;GO:0030672;GO:0048018;GO:0048246;GO:0006909;GO:0042391;GO:0051930;GO:0010469;GO:0042554
Q9P272,TRNA methyltransferase 9B (putative),Brain,GO:0005737;GO:0005634;GO:0008757;GO:0106335;GO:0000049;GO:0008175;GO:0030488;GO:0006400;GO:0002098
Q16880,UDP glycosyltransferase 8,Brain,GO:0005783;GO:0005789;GO:0003851;GO:0008489;GO:0007417;GO:0007010;GO:0006682;GO:0006688;GO:0048812;GO:0030913;GO:0007422;GO:0002175;GO:0035902
Q9UIW0,Ventral anterior homeobox 2,Brain,GO:0000785;GO:0005737;GO:0005634;GO:0031490;GO:0003700;GO:0000981;GO:0001227;GO:0000978;GO:0001162;GO:1990837;GO:0007409;GO:0007420;GO:0007417;GO:0009950;GO:0007398;GO:0048048;GO:0030900;GO:0030182;GO:0006357;GO:0060041;GO:0007601;GO:0016055
O95409,Zic family member 2,Brain,GO:0005737;GO:0016604;GO:0005654;GO:0005634;GO:0031490;GO:0003677;GO:0003700;GO:0000981;GO:0046872;GO:0000978;GO:0007420;GO:0030154;GO:0007417;GO:0045892;GO:0051091;GO:0045893;GO:0006357;GO:0007601
Q7Z5M8,Abhydrolase domain containing 12B,Brain,GO:0005789;GO:0004622;GO:0047372;GO:0052651;GO:0006660
Q86SQ6,Adhesion G protein-coupled receptor A1,Brain,GO:0098978;GO:0016020;GO:0005886;GO:0014069;GO:0004930;GO:0007166;GO:0007186;GO:0007165
O14514,Adhesion G protein-coupled receptor B1,Brain,GO:0005911;GO:0030425;GO:0043197;GO:0005615;GO:0005925;GO:0016020;GO:0048471;GO:0001891;GO:0005886;GO:0014069;GO:0004930;GO:0001530;GO:0030165;GO:0001786;GO:0007189;GO:0043277;GO:0007409;GO:0007155;GO:0007166;GO:0050829;GO:0043652;GO:0007186;GO:0045087;GO:0007517;GO:0016525;GO:0008285;GO:0010596;GO:0042177;GO:0031397;GO:0007422;GO:0006910;GO:1901741;GO:1903428;GO:0051965;GO:0048167;GO:0007165
O00253,Agouti related neuropeptide,Brain,GO:0005615;GO:0005796;GO:0043025;GO:0005184;GO:0005102;GO:0070996;GO:0008343;GO:0007623;GO:0042755;GO:0007631;GO:0009755;GO:0048571;GO:0060135;GO:0007218;GO:2000253;GO:0060259;GO:0032868
Q9Y6K8,Adenylate kinase 5,Brain,GO:0034451;GO:0005737;GO:0005829;GO:0004017;GO:0005524;GO:0004550;GO:0006172;GO:0046034;GO:0006173;GO:0009220
Q99819,Rho GDP dissociation inhibitor gamma,Brain,GO:0031410;GO:0005829;GO:0016020;GO:0005886;GO:0005096;GO:0005094;GO:0001835;GO:0007162;GO:0032880;GO:0007266
O60477,BMP/retinoic acid inducible neural specific 1,Brain,GO:0005737;GO:0030425;GO:0098978;GO:0043025;GO:0001662;GO:0007420;GO:0008283;GO:0071300;GO:0021954;GO:0021953;GO:0035640;GO:0010467;GO:0048873;GO:0042711;GO:0045930;GO:0050768;GO:0045666;GO:0010498;GO:0050821;GO:0007614;GO:0035176;GO:0071625
Q5XKL5,BTB domain containing 8,Brain,GO:0030122;GO:0030424;GO:0098850;GO:0044306;GO:0005654;GO:0005634;GO:0016182;GO:0048488
Q9BXJ3,C1q and TNF related 4,Brain,GO:0005615;GO:0005125;GO:0032755;GO:0070105;GO:1901224;GO:0032760
Q8NCR6,Chromosome 9 open reading frame 24,Brain,GO:0160111;GO:0005829;GO:0002177;GO:0005739;GO:0005654;GO:0005634;GO:0048471;GO:0097225;GO:0043014;GO:0030154;GO:0030317;GO:0065003;GO:0007283
O00305,Calcium voltage-gated channel auxiliary subunit beta 4,Brain,GO:0009898;GO:0005829;GO:0098978;GO:0016607;GO:0005886;GO:0098793;GO:0045202;GO:0005891;GO:0019901;GO:0099626;GO:0007628;GO:0006816;GO:0046058;GO:1990830;GO:0007268;GO:0050908;GO:0014051;GO:0007214;GO:0055001;GO:0008285;GO:2000134;GO:0007528;GO:0019227;GO:0048541;GO:1904751;GO:2000300;GO:1901385;GO:0048536;GO:0035249;GO:0050852;GO:0048538
P10092,Calcitonin related polypeptide beta,Brain,GO:0005576;GO:0005615;GO:0031716;GO:0005179;GO:0005184;GO:0007189;GO:1990408;GO:0006874;GO:0051480;GO:0007165
Q7Z7J9,Calcium/calmodulin dependent protein kinase II inhibitor 1,Brain,GO:0030425;GO:0014069;GO:0045202;GO:0008427;GO:0019901;GO:0007616;GO:0050729
Q6NUI6,Chondroadherin like,Brain,GO:0062023;GO:0009897;GO:0031012;GO:0005615;GO:0005518;GO:0098633;GO:0030021;GO:0032331;GO:1904027
Q8TDI0,Chromodomain helicase DNA binding protein 5,Brain,GO:0000785;GO:0005829;GO:0000792;GO:0016020;GO:0016607;GO:0005654;GO:0005634;GO:0016581;GO:0005524;GO:0016887;GO:0140658;GO:0140849;GO:0140665;GO:0003682;GO:0140584;GO:0061775;GO:0003677;GO:0003689;GO:0036121;GO:0061749;GO:0009378;GO:0061628;GO:0042393;GO:0046872;GO:1990518;GO:0021895;GO:0006338;GO:0008285;GO:1901798;GO:0006357;GO:0035092
Q05901,Cholinergic receptor nicotinic beta 3 subunit,Brain,GO:0005892;GO:0098691;GO:0016020;GO:0043005;GO:0005886;GO:0045211;GO:0098793;GO:0045202;GO:0042166;GO:0022848;GO:0015267;GO:1901363;GO:0004888;GO:0095500;GO:0051899;GO:0099171;GO:0035094;GO:0007165;GO:0007271
Q8WXI2,Connector enhancer of kinase suppressor of Ras 2,Brain,GO:0005737;GO:0070062;GO:0099147;GO:0098978;GO:0043025;GO:0005886;GO:0042802;GO:0019901;GO:0035556;GO:0099084;GO:0009966
Q8IYJ1,Copine family member 9,Brain,GO:0070062;GO:0005615;GO:0005886;GO:0005544;GO:0046872;GO:0030154;GO:0071277;GO:1903861
P06850,Corticotropin releasing hormone,Brain,GO:0005576;GO:0005615;GO:0099013;GO:0043204;GO:0045202;GO:0043196;GO:0017045;GO:0051430;GO:0051431;GO:0005179;GO:0005184;GO:0005102;GO:0030325;GO:0008306;GO:0071314;GO:0071549;GO:0007268;GO:0016101;GO:0007565;GO:0006704;GO:0008628;GO:0021854;GO:0006954;GO:0007611;GO:0035641;GO:0060291;GO:0030324;GO:0050801;GO:0042322;GO:0032811;GO:0010629;GO:0070093;GO:0033685;GO:0010700;GO:0003085;GO:0051402;GO:0007567;GO:2000987;GO:0090280;GO:0043950;GO:0008284;GO:0010841;GO:2000854;GO:0051461;GO:0051464;GO:0060456;GO:0010628;GO:0035774;GO:2000310;GO:0014062;GO:1904044;GO:0051412;GO:0043627;GO:0045471;GO:0045472;GO:0035902;GO:0048265;GO:0009410;GO:0007165;GO:0001963
Q12926,ELAV like RNA binding protein 2,Brain,GO:1990904;GO:0003730;GO:0003723;GO:0006355
Q8N336,ELMO domain containing 1,Brain,GO:0005929;GO:0098978;GO:0005794;GO:0005096;GO:0060271;GO:0015031
O14682,Ectodermal-neural cortex 1,Brain,GO:0000785;GO:0031463;GO:0005737;GO:0005856;GO:0043025;GO:0016363;GO:0005654;GO:0005634;GO:0003779;GO:0017148;GO:0007399;GO:0010976;GO:0010499;GO:0016567
P09104,Enolase 2,Brain,GO:0005829;GO:0070062;GO:0005615;GO:0016020;GO:0043204;GO:0000015;GO:0001917;GO:0005886;GO:0000287;GO:0004634;GO:0061621;GO:0006094;GO:0006096
O95936,Eomesodermin,Brain,GO:0000785;GO:0005654;GO:0005634;GO:0031490;GO:0003677;GO:0000981;GO:0000978;GO:0061629;GO:0043565;GO:1990837;GO:0002250;GO:0048708;GO:0007420;GO:0010002;GO:0002302;GO:0060706;GO:0021895;GO:0021796;GO:0006338;GO:0001706;GO:0001714;GO:0010467;GO:0048382;GO:0001707;GO:0060809;GO:0043433;GO:0000122;GO:0001764;GO:0021772;GO:0045893;GO:0045944;GO:0006357;GO:0035914;GO:0019827;GO:0001829
Q8TBG4,Ethanolamine-phosphate phospho-lyase,Brain,GO:0005759;GO:0050459;GO:0030170;GO:0008483
Q92935,Exostosin like glycosyltransferase 1,Brain,GO:0005789;GO:0005794;GO:0008375;GO:0050508;GO:0015020;GO:0015012;GO:0006486;GO:0001501
Q99853,Forkhead box B1,Brain,GO:0000785;GO:0005634;GO:0000981;GO:0000978;GO:0043565;GO:1990837;GO:0009653;GO:0007412;GO:0030154;GO:0061381;GO:0061030;GO:0033504;GO:0021855;GO:0061379;GO:0007595;GO:0061377;GO:0021767;GO:0061374;GO:0030901;GO:0043524;GO:0006357;GO:0001756;GO:0021510;GO:0022029;GO:0021794;GO:0001655;GO:0008542
P34903,Gamma-aminobutyric acid type A receptor subunit alpha3,Brain,GO:0034707;GO:0032590;GO:1902711;GO:0043005;GO:0005886;GO:0098794;GO:0045211;GO:0045202;GO:1902495;GO:0008503;GO:0004890;GO:0022851;GO:1902476;GO:0007214;GO:1904862;GO:0060078;GO:0051932
P47870,Gamma-aminobutyric acid type A receptor subunit beta2,Brain,GO:0034707;GO:0030659;GO:0043197;GO:0070062;GO:1902711;GO:0098982;GO:0043005;GO:0005886;GO:0045211;GO:0099634;GO:0045202;GO:1902495;GO:0005254;GO:0004890;GO:0022851;GO:0030594;GO:1904315;GO:0071420;GO:0007268;GO:1902476;GO:0090102;GO:0007214;GO:1904862;GO:0060119;GO:0060384;GO:0051932
Q8N1C3,Gamma-aminobutyric acid type A receptor subunit gamma1,Brain,GO:0034707;GO:0032590;GO:1902711;GO:0043005;GO:0005886;GO:0098794;GO:0045211;GO:0045202;GO:1902495;GO:0050811;GO:0004890;GO:0022851;GO:1902476;GO:0007214;GO:1904862;GO:0060078;GO:0051932
Q9UN88,Gamma-aminobutyric acid type A receptor subunit theta,Brain,GO:0034707;GO:1902711;GO:0043005;GO:0005886;GO:0045211;GO:0043235;GO:0045202;GO:1902495;GO:0004890;GO:0022851;GO:0030594;GO:0005326;GO:0004888;GO:1902476;GO:0007165
Q05329,Glutamate decarboxylase 2,Brain,GO:0030424;GO:0061202;GO:0005737;GO:0005829;GO:0098982;GO:0000139;GO:0060077;GO:0043025;GO:0048471;GO:0005886;GO:0042734;GO:0030672;GO:0016595;GO:0004351;GO:0044877;GO:0030170;GO:1990416;GO:0071456;GO:0007268;GO:0006540;GO:0009449;GO:0061771;GO:0042220;GO:0071548;GO:0032570;GO:0009410
Q96MZ0,Ganglioside induced differentiation associated protein 1 like 1,Brain,GO:0005739
P14136,Glial fibrillary acidic protein,Brain,GO:0097450;GO:0044297;GO:0042995;GO:0005737;GO:0098574;GO:0005829;GO:0005882;GO:0045111;GO:0042802;GO:0005178;GO:0019900;GO:0005200;GO:0014002;GO:0060020;GO:0070779;GO:0030198;GO:0010467;GO:0045109;GO:0006886;GO:0060291;GO:0010977;GO:0031102;GO:0010625;GO:1904714;GO:0051580;GO:0043254;GO:0014010
O15354,G protein-coupled receptor 37,Brain,GO:0009986;GO:0005737;GO:0030425;GO:0005783;GO:0005789;GO:0005886;GO:0043235;GO:0045202;GO:0000151;GO:0008528;GO:0004930;GO:0031072;GO:0030544;GO:0042923;GO:0008188;GO:0030165;GO:0042277;GO:0036505;GO:0031625;GO:0007193;GO:0034614;GO:0016358;GO:0042416;GO:0007186;GO:0031987;GO:0007218;GO:0045964;GO:0043410
Q14416,Glutamate metabotropic receptor 2,Brain,GO:0097449;GO:0030424;GO:0030425;GO:0098978;GO:0005886;GO:0045211;GO:0042734;GO:0005246;GO:0004930;GO:0008066;GO:0001641;GO:0097110;GO:0035095;GO:0033554;GO:0007268;GO:0007216;GO:0010467;GO:0014047;GO:0090461;GO:0060292;GO:0007194;GO:0051897;GO:0099171;GO:0014059;GO:0014048;GO:2001023;GO:0051966;GO:0042220
P22304,Iduronate 2-sulfatase,Brain,GO:0005737;GO:0043202;GO:0005764;GO:0005509;GO:0004423;GO:0030209;GO:0006027;GO:0030200
Q96ID5,Immunoglobin superfamily member 21,Brain,GO:0005912;GO:0009897;GO:0060077;GO:0098839;GO:0042734;GO:0007157;GO:0007156;GO:0060074;GO:0099550
Q16352,Internexin neuronal intermediate filament protein alpha,Brain,GO:0005737;GO:0036464;GO:0005615;GO:0005882;GO:0005883;GO:0099160;GO:0098685;GO:0005200;GO:0099184;GO:0030154;GO:1990830;GO:0045109;GO:0060052;GO:0099170;GO:0021762
Q9UPP2,IQ motif and Sec7 domain ArfGEF 3,Brain,GO:0005829;GO:0098982;GO:0098690;GO:0060077;GO:0005654;GO:0014069;GO:0045211;GO:0099629;GO:0005085;GO:0030036;GO:0032012
P16389,Potassium voltage-gated channel subfamily A member 2,Brain,GO:0030424;GO:0043194;GO:0043679;GO:0044305;GO:0030425;GO:0005789;GO:0098978;GO:0044224;GO:0030027;GO:0031258;GO:0016020;GO:0032809;GO:0033010;GO:0043204;GO:0005886;GO:0045211;GO:0042734;GO:0008076;GO:0005251;GO:0019894;GO:0015271;GO:0005267;GO:1905030;GO:0099508;GO:0005249;GO:0001508;GO:0021987;GO:0022038;GO:0019228;GO:0021633;GO:0097623;GO:0071805;GO:0006813;GO:0051260;GO:0045188;GO:0014059;GO:0019233
P17658,Potassium voltage-gated channel subfamily A member 6,Brain,GO:0043679;GO:0005829;GO:0043231;GO:0016020;GO:0005886;GO:0034705;GO:0008076;GO:0005251;GO:0005249;GO:0001508;GO:0071805;GO:0006813;GO:0051260
Q14500,Potassium inwardly rectifying channel subfamily J member 12,Brain,GO:0016020;GO:0034702;GO:0005886;GO:0030315;GO:0005242;GO:0006936;GO:1990573;GO:0006813;GO:0051289;GO:0008016;GO:0034765
O43526,Potassium voltage-gated channel subfamily Q member 2,Brain,GO:0043194;GO:0016020;GO:0033268;GO:0005886;GO:0045202;GO:0008076;GO:0030506;GO:0005516;GO:0022843;GO:0005249;GO:0001508;GO:0007268;GO:0007399;GO:0071805
Q8IZU9,Kirre like nephrin family adhesion molecule 3,Brain,GO:0030424;GO:0005911;GO:0030425;GO:0043198;GO:0005576;GO:0016020;GO:0005886;GO:0008021;GO:0050839;GO:0098609;GO:0072102;GO:0030097;GO:0021766;GO:0007156;GO:0002121;GO:0001764;GO:0048812;GO:0021740;GO:0007416
Q7Z7J7,LHFPL tetraspan subfamily member 4,Brain,GO:0030425;GO:0098982;GO:0060077;GO:0005886;GO:0045211;GO:0099572;GO:0050811;GO:0097112;GO:0099645;GO:1905702;GO:0007605
Q9HAT1,"Lectin, mannose binding 1 like",Brain,GO:0062023;GO:0030134;GO:0005789;GO:0005793;GO:0033116;GO:0000139;GO:0005537;GO:0006888
A6NIK2,Leucine rich repeat containing 10B,Brain,
Q8N2G4,LY6/PLAUR domain containing 1,Brain,GO:0005576;GO:0005886;GO:0098552;GO:0045202;GO:0033130;GO:0030550;GO:0095500;GO:0001662;GO:1903077;GO:0072659;GO:0035094;GO:0007271
Q13394,Mab-21 like 1,Brain,GO:0005634;GO:0005524;GO:0005525;GO:0046872;GO:0016779;GO:0009653;GO:0043010;GO:0008283;GO:0001654;GO:0008284
P78559,Microtubule associated protein 1A,Brain,GO:0030424;GO:1904115;GO:0043194;GO:0005737;GO:0005829;GO:0030425;GO:0044307;GO:1901588;GO:0043198;GO:0005874;GO:0005875;GO:0043005;GO:0043025;GO:0150001;GO:0045202;GO:0003779;GO:0008093;GO:0008017;GO:0005198;GO:0048156;GO:0015631;GO:0099641;GO:0008306;GO:0007409;GO:0016358;GO:0007613;GO:0000226;GO:0032435;GO:1902817;GO:0070050;GO:1990535;GO:1903829;GO:2000010;GO:0031114;GO:0048167;GO:0099642;GO:0050882
Q9H115,NSF attachment protein beta,Brain,GO:0070062;GO:0098978;GO:0070044;GO:0005483;GO:0019905;GO:0006886;GO:0010807;GO:0035494;GO:0035249
Q9C056,NK6 homeobox 2,Brain,GO:0000785;GO:0005634;GO:0003677;GO:0003700;GO:0000981;GO:0001227;GO:0000978;GO:1990837;GO:0030154;GO:0022010;GO:0010454;GO:0045892;GO:0048715;GO:0050885;GO:0048663;GO:0003310;GO:0010455;GO:0048714;GO:0006355;GO:0031641;GO:0006357
Q8NG41,Neuropeptide B,Brain,GO:0005576;GO:0001664;GO:0007631;GO:0007186;GO:0007218
P58400,Neurexin 1,Brain,GO:0044295;GO:0009986;GO:0030139;GO:0005783;GO:0098982;GO:0098978;GO:0031594;GO:0043025;GO:0031965;GO:0005886;GO:0098793;GO:0042734;GO:0098635;GO:0098820;GO:0031982;GO:0048306;GO:0050839;GO:0046872;GO:0097109;GO:0005102;GO:0004888;GO:0005105;GO:0030534;GO:0098990;GO:0001525;GO:0016339;GO:0071277;GO:0021707;GO:0045184;GO:0097112;GO:0097116;GO:0097117;GO:0007157;GO:0007612;GO:0051490;GO:0010629;GO:0097118;GO:0007158;GO:0031175;GO:0048812;GO:0023041;GO:0097114;GO:0098989;GO:0043950;GO:0070374;GO:2000463;GO:0045743;GO:0010628;GO:1900075;GO:0051897;GO:1900738;GO:1905520;GO:1903078;GO:0051965;GO:0032230;GO:0051968;GO:0097119;GO:0097104;GO:0097105;GO:0035418;GO:0090126;GO:0097120;GO:0007165;GO:0035176;GO:0007416;GO:0097091;GO:0071625
Q6X4W1,NMDA receptor synaptonuclear signaling and neuronal migration factor,Brain,GO:0097440;GO:0030863;GO:0005737;GO:0030425;GO:0000791;GO:0016020;GO:0043005;GO:0005635;GO:0016363;GO:0031965;GO:0005654;GO:0005634;GO:0043204;GO:0005886;GO:0014069;GO:0045202;GO:0048306;GO:0071230;GO:0071257;GO:0071371;GO:2001224;GO:0048814;GO:0043523;GO:0048168
Q9H813,Proton activated chloride channel 1,Brain,GO:0009986;GO:0034707;GO:0005886;GO:0061797;GO:0006821
Q9UHG2,Proprotein convertase subtilisin/kexin type 1 inhibitor,Brain,GO:0005615;GO:0030141;GO:0005802;GO:0004866;GO:0004867;GO:0005102;GO:0007218;GO:0016486;GO:0009409;GO:0002021
Q8IYJ0,PILR alpha associated neural protein,Brain,GO:0016323;GO:0016020;GO:0005886;GO:0098793;GO:0019904;GO:0021549;GO:0021542;GO:0007214;GO:0010467;GO:0014047;GO:0048872;GO:0050776;GO:0006950;GO:0035176;GO:0008542
Q99569,Plakophilin 4,Brain,GO:0005912;GO:0030054;GO:0005911;GO:0001533;GO:0005737;GO:0009898;GO:0005856;GO:0030057;GO:0030496;GO:0072686;GO:0005634;GO:0048471;GO:0005886;GO:0014069;GO:0051233;GO:0000922;GO:0045296;GO:0098609;GO:0007043;GO:0007267;GO:0032467;GO:0043547;GO:0030155
Q7Z2D5,Phospholipid phosphatase related 4,Brain,GO:0098978;GO:0005886;GO:0098839;GO:0098685;GO:0008195;GO:0007409;GO:0007186;GO:0048839;GO:0140354;GO:0006644;GO:0099175;GO:0051966;GO:0007165
O14829,Protein phosphatase with EF-hand domain 1,Brain,GO:0005829;GO:0005634;GO:0005509;GO:0033192;GO:0140791;GO:0005506;GO:0030145;GO:1990439;GO:0017018;GO:0004722;GO:0180006;GO:0180007;GO:0180008;GO:0180005;GO:0180004;GO:0050906;GO:0006470
O75334,PTPRF interacting protein alpha 2,Brain,GO:0030424;GO:0009986;GO:0005737;GO:0005829;GO:0043197;GO:0070062;GO:0098978;GO:0014069;GO:0048786;GO:0042734;GO:0008021;GO:0098919;GO:0099181;GO:0007160;GO:0099519;GO:0060998;GO:0061001;GO:2000300;GO:0050808
Q96D21,RASD family member 2,Brain,GO:0005886;GO:0045202;GO:0031681;GO:0005525;GO:0003924;GO:0007626;GO:0051897;GO:0033235;GO:0007165;GO:0001963
Q13972,Ras protein specific guanine nucleotide releasing factor 1,Brain,GO:0005829;GO:0030426;GO:0043005;GO:0005886;GO:0035254;GO:0005085;GO:0090630;GO:0007616;GO:0031175;GO:0043547;GO:0046579;GO:0007265;GO:0048168;GO:0035020;GO:0046578;GO:0048167;GO:0034976;GO:0007165;GO:0044342
Q92737,RAS like family 10 member A,Brain,GO:0005730;GO:0005886;GO:0003925;GO:0005525;GO:0003924;GO:0007264
Q9BZR6,Reticulon 4 receptor,Brain,GO:0044295;GO:0009986;GO:0043198;GO:0005783;GO:0009897;GO:0070062;GO:0098978;GO:0045121;GO:0043005;GO:0043025;GO:0043204;GO:0005886;GO:0098793;GO:0035374;GO:1905573;GO:1905576;GO:0008201;GO:0038131;GO:0044877;GO:0038023;GO:0007409;GO:0007166;GO:0022038;GO:0030517;GO:0048681;GO:0010977;GO:0023041;GO:0043547;GO:0035025;GO:0150052
Q59EK9,RUN domain containing 3A,Brain,GO:0043231;GO:0030695;GO:0010753;GO:0007264
P13521,Secretogranin II,Brain,GO:0005788;GO:0005615;GO:0098992;GO:0030141;GO:0042056;GO:0005125;GO:0001525;GO:0043542;GO:0048245;GO:0050930;GO:0006954;GO:0035556;GO:0000165;GO:2000352;GO:0001937;GO:2001237;GO:0050918;GO:0001938;GO:0009306
P0DPB3,Schwannomin interacting protein 1,Brain,GO:0030054;GO:0005737;GO:0005886;GO:0042802;GO:0035332
P43003,Solute carrier family 1 member 3,Brain,GO:0009925;GO:0009986;GO:0031410;GO:0016020;GO:0098796;GO:0043005;GO:0043025;GO:0048471;GO:0005886;GO:0045202;GO:0016595;GO:0015501;GO:0005314;GO:0005313;GO:0046872;GO:0015175;GO:0031223;GO:0048667;GO:0071314;GO:0007268;GO:1902476;GO:0021545;GO:0070779;GO:0009449;GO:0006883;GO:0140009;GO:0051938;GO:0098712;GO:0015813;GO:0006811;GO:0050885;GO:0006836;GO:0001504;GO:0050806;GO:0071805;GO:0046677;GO:0009416;GO:0009611;GO:0009410;GO:0007605;GO:0070633;GO:0150104
Q8WWX8,Solute carrier family 5 member 11,Brain,GO:0016324;GO:0005886;GO:0005412;GO:0005365;GO:0015166;GO:0006915;GO:0015798
P48065,Solute carrier family 6 member 12,Brain,GO:0016323;GO:0042995;GO:0016020;GO:0005886;GO:0098793;GO:0015171;GO:0005332;GO:0008028;GO:0006865;GO:0051936;GO:0015812;GO:0031460;GO:0015718;GO:0035725
P37840,Synuclein alpha,Brain,GO:0015629;GO:0030424;GO:0043679;GO:0005938;GO:0005737;GO:0005829;GO:0005576;GO:0005615;GO:0030426;GO:0016234;GO:0005764;GO:0016020;GO:0005739;GO:0043025;GO:0005634;GO:0048471;GO:0005886;GO:0098794;GO:0032991;GO:0099512;GO:0030672;GO:0003779;GO:0043014;GO:0005509;GO:0005507;GO:1903136;GO:0043027;GO:0070840;GO:0008198;GO:0042393;GO:0030544;GO:0042802;GO:0019894;GO:0008289;GO:0000287;GO:0060090;GO:0016491;GO:0005543;GO:0051219;GO:0004860;GO:0000149;GO:0048156;GO:0000976;GO:0008270;GO:0008344;GO:1990000;GO:0071280;GO:0071872;GO:0034599;GO:0007268;GO:0042416;GO:0051583;GO:0060079;GO:0006631;GO:0060291;GO:0001774;GO:0042775;GO:0007006;GO:0043066;GO:1904715;GO:0051585;GO:0045920;GO:0031115;GO:1902957;GO:0032769;GO:0043524;GO:0051622;GO:0010642;GO:0006469;GO:0051612;GO:0070495;GO:0000122;GO:0032410;GO:0051402;GO:0006638;GO:0006644;GO:0043065;GO:0045807;GO:0045921;GO:1903284;GO:1903285;GO:0050729;GO:0060732;GO:0001956;GO:0033138;GO:1904377;GO:0071902;GO:0001921;GO:0051281;GO:0035543;GO:0031648;GO:0051262;GO:0031623;GO:0050812;GO:0014059;GO:0014048;GO:0040012;GO:0048169;GO:0043030;GO:0051621;GO:0010517;GO:1905606;GO:1903426;GO:1903421;GO:0022898;GO:0070555;GO:0010040;GO:0032496;GO:0032026;GO:0034341;GO:0009410;GO:0035493;GO:0097435;GO:0050808;GO:0048488;GO:0016079;GO:0016082;GO:0048489
O00570,SRY-box transcription factor 1,Brain,GO:0000785;GO:0005634;GO:0003677;GO:0001228;GO:0003700;GO:0000981;GO:0000978;GO:0007420;GO:1990830;GO:0006325;GO:0021884;GO:1904936;GO:0002089;GO:0000122;GO:0030182;GO:0045944;GO:0006355;GO:0048713;GO:0021521
Q9Y4P9,Sperm flagellar 1,Brain,GO:0097729;GO:0016324;GO:1990716;GO:0005930;GO:0016323;GO:0097542;GO:0005737;GO:0030175;GO:0030027;GO:0005874;GO:0005902;GO:0001725;GO:0003779;GO:0008017;GO:1904158;GO:0016477;GO:0003341;GO:0046847;GO:0030032;GO:0001578;GO:0007026;GO:0051493;GO:2000095
Q8TBG9,Synaptoporin,Brain,GO:0043005;GO:0030672
Q9BQG1,Synaptotagmin 3,Brain,GO:0005768;GO:0070382;GO:0005886;GO:0030658;GO:0061891;GO:0005544;GO:0046872;GO:0000149;GO:0030154;GO:1903861;GO:0031340;GO:0017158;GO:0016192
Q6VUC0,Transcription factor AP-2 epsilon,Brain,GO:0000785;GO:0005634;GO:0001228;GO:0000981;GO:0042802;GO:0000978;GO:0000977;GO:1990837;GO:0045944;GO:0042127
Q13009,TIAM Rac1 associated GEF 1,Brain,GO:0044295;GO:0044291;GO:0005911;GO:0005829;GO:0043197;GO:0099147;GO:0098978;GO:0044304;GO:0005874;GO:0043025;GO:0005886;GO:0032587;GO:0045202;GO:0005085;GO:0019900;GO:0008289;GO:0008017;GO:0030971;GO:0090630;GO:0003300;GO:0016477;GO:0007160;GO:0048013;GO:1990138;GO:0050772;GO:0030335;GO:0008284;GO:0061003;GO:0010718;GO:0032092;GO:1904268;GO:0072657;GO:0065003;GO:0016601;GO:1904338;GO:0010717;GO:0070372;GO:0061178;GO:1905274;GO:2000050;GO:0051056;GO:0042220;GO:0007264;GO:0060071
Q8NBT3,Transmembrane protein 145,Brain,GO:0016020;GO:0007186;GO:0019236
Q6ZVK1,Transmembrane protein 179,Brain,GO:0016020
O94811,Tubulin polymerization promoting protein,Brain,GO:0005737;GO:0005829;GO:0005794;GO:0005874;GO:0005815;GO:0005739;GO:0072686;GO:0005634;GO:0048471;GO:0150051;GO:0003924;GO:0000287;GO:1990606;GO:0008017;GO:0140490;GO:0046983;GO:0042803;GO:0015631;GO:0030953;GO:0051301;GO:0001578;GO:0051418;GO:0046785;GO:0032288;GO:1904428;GO:0014003;GO:0048709;GO:0031643;GO:0032273;GO:0031334;GO:0070507
Q9Y577,Tripartite motif containing 17,Brain,GO:0005737;GO:0005829;GO:0005764;GO:0030674;GO:0061630;GO:0004842;GO:0008270;GO:0006914;GO:0045087;GO:0051865;GO:0010468;GO:0032880
B2RUY7,Von Willebrand factor C domain containing 2 like,Brain,GO:0032281;GO:0005615;GO:0045202;GO:0030514;GO:0045666
Q2TBF2,WSC domain containing 2,Brain,GO:0000139;GO:0008146
Q9UPR6,Zinc finger RNA binding protein 2,Brain,GO:0003725;GO:0003727;GO:0008270
Q9H172,ATP binding cassette subfamily G member 4,Brain,GO:0031410;GO:0010008;GO:0005886;GO:0034041;GO:0005524;GO:0016887;GO:0042802;GO:0046982;GO:0042803;GO:0071403;GO:1990830;GO:0033344;GO:0042632;GO:0045542;GO:0010875;GO:0006355;GO:0055085
Q08462,Adenylate cyclase 2,Brain,GO:0005737;GO:0030425;GO:0016020;GO:0045121;GO:0005886;GO:0004016;GO:0008179;GO:0005524;GO:0000287;GO:0030145;GO:0007189;GO:0007193;GO:0007188;GO:0006171;GO:1904322;GO:0035556
A5PLL1,Ankyrin repeat domain 34B,Brain,GO:0005634;GO:0071546
Q7Z5H3,Rho GTPase activating protein 22,Brain,GO:0005829;GO:0005925;GO:0098978;GO:0005634;GO:0005096;GO:0001525;GO:0030154;GO:0051058;GO:0099175;GO:0051056;GO:0007165
P78348,Acid sensing ion channel subunit 1,Brain,GO:0009986;GO:0098978;GO:0005794;GO:0005886;GO:0098839;GO:0098793;GO:0015280;GO:0022839;GO:0160128;GO:0008306;GO:0001662;GO:0070588;GO:0071467;GO:0007613;GO:0046929;GO:0007269;GO:0070207;GO:0042391;GO:0150052;GO:0010447;GO:0001975;GO:0050915;GO:0035725;GO:0006814
Q9NTI2,ATPase phospholipid transporting 8A2,Brain,GO:0042995;GO:0010008;GO:0005794;GO:0000139;GO:0005654;GO:1990531;GO:0005886;GO:0005524;GO:0016887;GO:0140326;GO:0000287;GO:0090555;GO:0140346;GO:0090556;GO:0140331;GO:0007409;GO:0050908;GO:0008340;GO:0042755;GO:0042472;GO:0003011;GO:0008285;GO:0060052;GO:0050884;GO:0048666;GO:0045332;GO:0040018;GO:0010976;GO:0061092;GO:0010996;GO:0010842;GO:0043588
Q9P2W7,"Beta-1,3-glucuronyltransferase 1",Brain,GO:0005789;GO:0005576;GO:0000139;GO:0043231;GO:0016020;GO:0015018;GO:0046872;GO:0005975;GO:0050650;GO:0006024;GO:0006486;GO:0008542
Q9BUH8,Brain enriched guanylate kinase associated,Brain,GO:0005737;GO:0016020;GO:0098794;GO:0045202;GO:0098817
Q8TDC3,BR serine/threonine kinase 1,Brain,GO:0030054;GO:0005813;GO:0098981;GO:0005737;GO:0150034;GO:0005654;GO:0005634;GO:0014069;GO:0048786;GO:0008021;GO:0004676;GO:0004679;GO:0005524;GO:0004677;GO:0004694;GO:0043015;GO:0044024;GO:0072371;GO:1990244;GO:0035979;GO:0044025;GO:0140823;GO:0035175;GO:0044022;GO:0140855;GO:0035402;GO:0072354;GO:0140857;GO:0035403;GO:0044023;GO:0000287;GO:0019901;GO:0106310;GO:0004674;GO:0072518;GO:0004711;GO:0048156;GO:0050321;GO:0008306;GO:0007409;GO:0051298;GO:0006974;GO:0030010;GO:0000086;GO:0090176;GO:0007095;GO:0030182;GO:0007269;GO:0018105;GO:0006468;GO:0050770;GO:0010975;GO:0048167;GO:2000807;GO:0010807;GO:0009411;GO:0099504
Q8IWQ3,BR serine/threonine kinase 2,Brain,GO:0005813;GO:0005737;GO:0150034;GO:0005783;GO:0048471;GO:0004676;GO:0004679;GO:0005524;GO:0051117;GO:0060590;GO:0004677;GO:0004694;GO:0044024;GO:0072371;GO:1990244;GO:0035979;GO:0044025;GO:0140823;GO:0035175;GO:0044022;GO:0140855;GO:0035402;GO:0072354;GO:0140857;GO:0035403;GO:0044023;GO:0000287;GO:0019901;GO:0106310;GO:0004674;GO:0072518;GO:0004711;GO:0048156;GO:0050321;GO:0030036;GO:0007409;GO:0051301;GO:0036503;GO:0030010;GO:0006887;GO:0000086;GO:0070059;GO:0090176;GO:0030182;GO:0006468;GO:0043462;GO:0050770;GO:0061178;GO:0010975;GO:1904152;GO:2000807
Q9UPA5,Bassoon presynaptic cytomatrix protein,Brain,GO:0030424;GO:0009986;GO:0098683;GO:0048788;GO:0030425;GO:0060076;GO:0098982;GO:0098978;GO:0044306;GO:0005634;GO:0014069;GO:0048786;GO:0098685;GO:0008021;GO:0030672;GO:0004857;GO:0046872;GO:0098882;GO:0007268;GO:0050804;GO:1904071;GO:0035418;GO:0098693;GO:0097091
A0A1B0GVM6,Chromosome 11 open reading frame 97,Brain,GO:0036064;GO:0097546;GO:0005737
Q8TF44,C2 calcium dependent domain containing 4C,Brain,GO:0005829
F5H4A9,Chromosome 3 open reading frame 80,Brain,GO:0016020
Q13554,Calcium/calmodulin dependent protein kinase II beta,Brain,GO:0005954;GO:0005813;GO:0005737;GO:0005829;GO:0030666;GO:0043005;GO:0005654;GO:0014069;GO:0033017;GO:0003779;GO:0005524;GO:0004683;GO:0005516;GO:0042802;GO:0042803;GO:0106310;GO:0030154;GO:0007399;GO:0061003;GO:0010976;GO:0090129;GO:0046777;GO:0006468;GO:0051924;GO:0060998;GO:0048169;GO:2001222;GO:0048168;GO:1903076;GO:0014733;GO:0051823;GO:0007165
Q16566,Calcium/calmodulin dependent protein kinase IV,Brain,GO:0005737;GO:0070062;GO:0001650;GO:0005654;GO:0005634;GO:0005524;GO:0009931;GO:0004683;GO:0005516;GO:0106310;GO:0002250;GO:0006954;GO:0035556;GO:0007616;GO:0043011;GO:0045893;GO:0006468;GO:0045670;GO:0033081;GO:0007165
A5YM72,Carnosine synthase 1,Brain,GO:0005829;GO:0005524;GO:0016887;GO:0047730;GO:0102102;GO:0046872;GO:0035499;GO:0006548
Q8WWL7,Cyclin B3,Brain,GO:0000307;GO:0005737;GO:0005815;GO:0016607;GO:0005634;GO:0016538;GO:0051301;GO:0000082;GO:0051321
O95971,CD160 molecule,Brain,GO:0005576;GO:0005886;GO:0098552;GO:0032397;GO:0019900;GO:0023024;GO:0032393;GO:0032394;GO:0005102;GO:0002250;GO:0001525;GO:0050829;GO:0045087;GO:0002385;GO:1905675;GO:0016525;GO:1900280;GO:0050860;GO:0043491;GO:2000353;GO:0002729;GO:0043323;GO:0045954;GO:0002857;GO:0032729;GO:0031295
Q07002,Cyclin dependent kinase 18,Brain,GO:0005737;GO:0005739;GO:0005634;GO:0005524;GO:0004693;GO:0106310;GO:0031643;GO:1901987
Q8N6W0,CUGBP Elav-like family member 5,Brain,GO:0005737;GO:0005634;GO:1990904;GO:0003729;GO:0036002;GO:0006376;GO:0000381
P0DPI3,Centromere protein V like 2,Brain,GO:0016846;GO:0046872
P27544,Ceramide synthase 1,Brain,GO:0005783;GO:0005789;GO:0043231;GO:0016020;GO:0050291;GO:0072721;GO:0036146;GO:0071492;GO:0071466;GO:0046513;GO:1901526;GO:0030148
P08912,Cholinergic receptor muscarinic 5,Brain,GO:0030425;GO:0005886;GO:0045211;GO:0045202;GO:0016907;GO:0004435;GO:0007197;GO:0007268;GO:0015872;GO:0007213;GO:0007187;GO:0001696;GO:0060304;GO:0019226
O75508,Claudin 11,Brain,GO:0030424;GO:0045178;GO:0005923;GO:0030054;GO:0005811;GO:0005883;GO:0005886;GO:0070160;GO:0042802;GO:0005198;GO:0008366;GO:0070830;GO:0016338;GO:0007155;GO:0007283;GO:0120192
Q3B7I2,Canopy FGF signaling regulator 1,Brain,
Q9UHC6,Contactin associated protein 2,Brain,GO:0030673;GO:0030424;GO:0009986;GO:0030425;GO:0005769;GO:0098982;GO:0098978;GO:0005794;GO:0044224;GO:0016020;GO:0043025;GO:0033010;GO:0033270;GO:0043204;GO:0042734;GO:0008076;GO:0019899;GO:0002020;GO:0044325;GO:0030534;GO:0007420;GO:0007155;GO:0008283;GO:0021987;GO:0045163;GO:0007612;GO:0021761;GO:0031175;GO:0048812;GO:0008038;GO:1903598;GO:0060134;GO:0071205;GO:0035176;GO:0021756;GO:0071109;GO:0021794;GO:0019226;GO:0042297;GO:0071625
Q9P218,Collagen type XX alpha 1 chain,Brain,GO:0005581;GO:0062023;GO:0005788;GO:0005576
Q6ZNG2,Developing brain homeobox 2,Brain,GO:0000785;GO:0005634;GO:0003677;GO:0000981;GO:0006357
Q9Y6T7,Diacylglycerol kinase beta,Brain,GO:0005737;GO:0005829;GO:0005886;GO:0045211;GO:0005524;GO:0004143;GO:0005509;GO:0008289;GO:0046339;GO:0046486;GO:0035556;GO:0046834;GO:0006654;GO:0007200;GO:0030168
P78352,Discs large MAGUK scaffold protein 4,Brain,GO:0005912;GO:0032281;GO:0016323;GO:0030054;GO:0044300;GO:0030863;GO:0005737;GO:0005829;GO:0032839;GO:0043197;GO:0030666;GO:0005783;GO:0060076;GO:0098978;GO:0044224;GO:0031594;GO:0043005;GO:0044306;GO:0044309;GO:0005886;GO:0014069;GO:0098839;GO:0045211;GO:0045202;GO:0097060;GO:0008021;GO:0033130;GO:0031697;GO:0031748;GO:0035255;GO:0019900;GO:0097109;GO:0031812;GO:0030165;GO:0019901;GO:0019903;GO:0044877;GO:0097110;GO:0097113;GO:0098609;GO:0035865;GO:0007268;GO:0060997;GO:0045184;GO:0045197;GO:0007612;GO:0035641;GO:0002091;GO:0007399;GO:0050885;GO:0099645;GO:0098989;GO:0007204;GO:2000463;GO:0150012;GO:0050806;GO:0098970;GO:0035418;GO:0065003;GO:0097120;GO:2000821;GO:0048169;GO:0007165;GO:0035176;GO:0016188;GO:0071625
O95886,DLG associated protein 3,Brain,GO:0098981;GO:0098978;GO:0031594;GO:0005886;GO:0014069;GO:0099572;GO:0001540;GO:0060090;GO:0099010;GO:0050804;GO:0023052
O75061,DnaJ heat shock protein family (Hsp40) member C6,Brain,GO:0030136;GO:0005737;GO:0005829;GO:0098894;GO:0043231;GO:0014069;GO:0031982;GO:0030276;GO:0032050;GO:0031072;GO:0140793;GO:0004726;GO:0030946;GO:0017124;GO:0072318;GO:0072583;GO:0046907;GO:1905443;GO:2000369;GO:0036465;GO:0016191
Q8IYX4,DND microRNA-mediated repression inhibitor 1,Brain,GO:0005737;GO:0005654;GO:0005634;GO:0003730;GO:0003729;GO:0061158;GO:0007281;GO:0048255;GO:0060965
O60469,DS cell adhesion molecule,Brain,GO:0030424;GO:0030425;GO:0005576;GO:0030426;GO:0016020;GO:0043025;GO:0005886;GO:0045202;GO:0098632;GO:1990890;GO:1990782;GO:0007411;GO:0060219;GO:0007155;GO:0007417;GO:0048813;GO:0070593;GO:0007156;GO:0007626;GO:0007162;GO:0007399;GO:0048842;GO:0042327;GO:0060060;GO:0010842;GO:0007416
A6NMX2,Eukaryotic translation initiation factor 4E family member 1B,Brain,GO:0016281;GO:0000340;GO:0003743;GO:0006413
P54756,EPH receptor A5,Brain,GO:0030424;GO:0030425;GO:0009897;GO:0043025;GO:0048471;GO:0005886;GO:0005791;GO:0005524;GO:0008288;GO:0060175;GO:0005003;GO:0005006;GO:0005007;GO:0005004;GO:0005008;GO:0140801;GO:0035401;GO:0005009;GO:0005010;GO:0005011;GO:0036332;GO:0005018;GO:0005019;GO:0038062;GO:0005020;GO:0005005;GO:0005021;GO:0007411;GO:0048013;GO:0021766;GO:0048666;GO:0032793;GO:0032956;GO:0043087;GO:0061178
P21802,Fibroblast growth factor receptor 2,Brain,GO:0005938;GO:0009986;GO:0005737;GO:0031410;GO:0060076;GO:0005576;GO:0005794;GO:0016020;GO:0005634;GO:0005886;GO:0043235;GO:0005524;GO:0008288;GO:0060175;GO:0005006;GO:0017134;GO:0005007;GO:0005004;GO:0008201;GO:0005008;GO:0140801;GO:0035401;GO:0042802;GO:0005009;GO:0005010;GO:0005011;GO:0036332;GO:0005018;GO:0005019;GO:0042803;GO:0004713;GO:0038062;GO:0005020;GO:0005005;GO:0005021;GO:0001525;GO:0009887;GO:0006915;GO:0007409;GO:0060348;GO:0030282;GO:0060349;GO:0060667;GO:0060670;GO:0060442;GO:0060445;GO:0048755;GO:0060449;GO:0045165;GO:0007169;GO:0007267;GO:0071456;GO:0071300;GO:0071560;GO:0048565;GO:0048701;GO:0048557;GO:0048568;GO:0048562;GO:0009880;GO:0003416;GO:0048730;GO:0030855;GO:0060664;GO:0001837;GO:0008543;GO:0035603;GO:0060595;GO:0035602;GO:0035607;GO:0035604;GO:0022612;GO:0031069;GO:0001701;GO:0042472;GO:0032808;GO:0060601;GO:0060174;GO:0048286;GO:0030324;GO:0060463;GO:0060484;GO:0060615;GO:0003149;GO:0048762;GO:0060915;GO:0060916;GO:0048333;GO:0030901;GO:0016331;GO:0010839;GO:0000122;GO:0042476;GO:0021769;GO:0035265;GO:0030916;GO:0003148;GO:0018108;GO:0090263;GO:0060045;GO:0045787;GO:0051781;GO:0008284;GO:0050679;GO:0060501;GO:0070374;GO:0043410;GO:0002053;GO:0010518;GO:0045944;GO:1904707;GO:0030177;GO:0009791;GO:0060527;GO:0060523;GO:0060512;GO:0046777;GO:0021860;GO:0070372;GO:0060688;GO:0045667;GO:0033688;GO:0051150;GO:0008589;GO:0048608;GO:0045471;GO:0032496;GO:0048705;GO:0060529;GO:0001657;GO:0055010;GO:0021847
Q8N539,Fibrinogen C domain containing 1,Brain,GO:0062023;GO:0005615;GO:0016020;GO:0008061;GO:0046872
P18507,Gamma-aminobutyric acid type A receptor subunit gamma2,Brain,GO:0030424;GO:0034707;GO:0030659;GO:0032590;GO:0043197;GO:1902711;GO:0098982;GO:0043005;GO:0005886;GO:0098794;GO:0045211;GO:0099634;GO:0045202;GO:1902495;GO:0008503;GO:0005254;GO:0004890;GO:0022851;GO:1904315;GO:0030534;GO:0071420;GO:1902476;GO:0007214;GO:1904862;GO:0009791;GO:0060078;GO:0051932
Q75VX8,GRB2 associated regulator of MAPK1 subtype 2,Brain,
Q14957,Glutamate ionotropic receptor NMDA type subunit 2C,Brain,GO:0005789;GO:0098978;GO:0017146;GO:0005886;GO:0098839;GO:0045211;GO:0005261;GO:0004972;GO:1904315;GO:0007420;GO:0097553;GO:0033058;GO:0098976;GO:0060079;GO:0007215;GO:0035235;GO:0060291;GO:0098655;GO:0042177;GO:0050885;GO:2000463;GO:0051968;GO:1903539;GO:1904062;GO:0048168;GO:0048167;GO:0009611;GO:0035249
O00198,"Harakiri, BCL2 interacting protein",Brain,GO:0016020;GO:0005739;GO:0006915;GO:0043065;GO:0031334;GO:0090200
P28221,5-hydroxytryptamine receptor 1D,Brain,GO:0030425;GO:0005886;GO:0045202;GO:0004993;GO:0001586;GO:0030594;GO:0099589;GO:0007193;GO:0007198;GO:0007268;GO:0007187;GO:0014827;GO:0050795;GO:0040012;GO:0042310
P28223,5-hydroxytryptamine receptor 2A,Brain,GO:0030424;GO:0005901;GO:0070852;GO:0031410;GO:0030425;GO:0043198;GO:0098666;GO:0098978;GO:0005883;GO:0043025;GO:0005886;GO:0045211;GO:0042734;GO:0071886;GO:0004993;GO:0001587;GO:0042802;GO:0030594;GO:0030296;GO:0044877;GO:0051378;GO:0099589;GO:0001618;GO:0014824;GO:0048148;GO:0007268;GO:0050966;GO:0050965;GO:0007187;GO:0098664;GO:0006096;GO:0006874;GO:0007613;GO:0043267;GO:0051967;GO:0007208;GO:0008284;GO:0002720;GO:0007204;GO:2000573;GO:0070374;GO:1900119;GO:0045600;GO:0045821;GO:0031652;GO:0050729;GO:0043525;GO:0050731;GO:0010513;GO:1901731;GO:0045907;GO:0099171;GO:0044380;GO:0014059;GO:0051209;GO:0009410;GO:0046960;GO:0007210;GO:0001659;GO:0014832
P50406,5-hydroxytryptamine receptor 6,Brain,GO:0005929;GO:0030425;GO:0005886;GO:0045202;GO:0004993;GO:0004969;GO:0030594;GO:0099589;GO:0007192;GO:0007188;GO:0021795;GO:0007268;GO:0007187;GO:0032008
A6NGN9,IgLON family member 5,Brain,GO:0005576
Q8TAD2,Interleukin 17D,Brain,GO:0005615;GO:0005125;GO:0042803;GO:0048018;GO:0006954;GO:1903707;GO:1900017;GO:0032725;GO:0032755;GO:0032757
Q9NZI2,Potassium voltage-gated channel interacting protein 1,Brain,GO:0005737;GO:0009898;GO:0030425;GO:0071196;GO:0005886;GO:0045202;GO:0008076;GO:0005509;GO:0005267;GO:0015459;GO:0044325;GO:0007268;GO:0086009;GO:0006936;GO:0097623;GO:0008016;GO:1901379;GO:0009966
Q9NPC2,Potassium two pore domain channel subfamily K member 9,Brain,GO:0030425;GO:0005743;GO:0005886;GO:0008021;GO:0042802;GO:0046872;GO:0015271;GO:0005267;GO:0022841;GO:0046982;GO:0005272;GO:0071468;GO:2000859;GO:1990573;GO:0006813;GO:0099605;GO:0060075;GO:0007601
O43525,Potassium voltage-gated channel subfamily Q member 3,Brain,GO:0043194;GO:0009986;GO:0005739;GO:0033268;GO:0005886;GO:0045202;GO:0008076;GO:0005516;GO:0022843;GO:0005249;GO:0099610;GO:0097314;GO:0071277;GO:0071466;GO:0007268;GO:0006897;GO:0098976;GO:0006887;GO:0010467;GO:0098977;GO:0060081;GO:0051882;GO:0021675;GO:0051402;GO:0016322;GO:0019228;GO:0071805;GO:0006606;GO:0006605;GO:0036343;GO:0099611;GO:0048167;GO:0010996;GO:0014070;GO:0007605;GO:1903701
Q96NJ5,Kelch like family member 32,Brain,
Q6PF15,Kelch like family member 35,Brain,GO:0031463;GO:0005737;GO:1990756;GO:0043161
Q9UJQ1,Lysosomal associated membrane protein family member 5,Brain,GO:0030659;GO:0032590;GO:0031901;GO:0033116;GO:0010008;GO:0098982;GO:0032584;GO:0031902;GO:0005765;GO:0005886;GO:0055038;GO:0030672;GO:0072594;GO:0099171
Q8N145,Leucine rich repeat LGI family member 3,Brain,GO:0005576;GO:0005615;GO:0044224;GO:0008021;GO:0006887;GO:0017157
Q9H008,Phospholysine phosphohistidine inorganic pyrophosphate phosphatase,Brain,GO:0005737;GO:0005829;GO:0016607;GO:0005634;GO:0004427;GO:0046872;GO:0016791;GO:0042803;GO:0006796
P50458,LIM homeobox 2,Brain,GO:0000785;GO:0005634;GO:0003682;GO:0001228;GO:0000981;GO:0046872;GO:0000978;GO:0000977;GO:0048675;GO:0007411;GO:0021987;GO:0009953;GO:0001942;GO:0045199;GO:0007498;GO:0045814;GO:0050768;GO:0001843;GO:0030182;GO:0021772;GO:0045893;GO:2000179;GO:0006357;GO:0060041;GO:0021978
P59901,Leukocyte immunoglobulin like receptor A4,Brain,GO:0032998;GO:0005886;GO:0015026;GO:0032396;GO:0005102;GO:0019221;GO:0038095;GO:0002764;GO:0045087;GO:0032687;GO:0034156;GO:0034164;GO:0032720
Q8N485,Limb and CNS expressed 1,Brain,GO:0005737;GO:0097352
Q15049,Modulator of VRAC current 1,Brain,GO:0016323;GO:0005901;GO:0005911;GO:0005737;GO:0031410;GO:0005829;GO:0005769;GO:0005783;GO:0005768;GO:0005764;GO:0016020;GO:0045121;GO:0048471;GO:0005886;GO:0055037;GO:0042802;GO:0044877;GO:0072584;GO:0071397;GO:0032388;GO:0015031;GO:0047484;GO:0016192
Q8NFP9,Neurobeachin,Brain,GO:0005829;GO:0012505;GO:0016020;GO:0005886;GO:0005802;GO:0019901;GO:0008104
Q7Z6G3,N-terminal EF-hand calcium binding protein 2,Brain,GO:0030424;GO:0005737;GO:0030425;GO:0005886;GO:0098794;GO:0098793;GO:0031687;GO:0005509;GO:0042802;GO:0031802;GO:1904021;GO:0060168;GO:0070374;GO:1900451;GO:1905477;GO:0042984
Q7RTP0,NIPA magnesium transporter 1,Brain,GO:0005769;GO:0016020;GO:0005886;GO:0015095;GO:0015693;GO:0055085
Q4KMZ8,Sodium/potassium transporting ATPase interacting 1,Brain,GO:0005886;GO:0051117;GO:0002028
O95096,NK2 homeobox 2,Brain,GO:0000785;GO:0005654;GO:0005634;GO:0000987;GO:0001228;GO:0000981;GO:0000978;GO:0048708;GO:0007420;GO:0030154;GO:0048565;GO:0045665;GO:0061101;GO:0048665;GO:0014003;GO:0021554;GO:0003326;GO:0003329;GO:0030858;GO:0010628;GO:0045666;GO:0048714;GO:0006357;GO:0009749;GO:0032570;GO:0007224;GO:0021522;GO:0021530;GO:0003323;GO:0003327;GO:0060580
Q8IUM7,Neuronal PAS domain protein 4,Brain,GO:0000785;GO:0005829;GO:0005654;GO:0098794;GO:0005667;GO:0001228;GO:0000981;GO:0046982;GO:0044877;GO:0000978;GO:0000977;GO:0030154;GO:0071386;GO:0033554;GO:0060079;GO:0060080;GO:1904862;GO:0007612;GO:0007616;GO:0045944;GO:0048167;GO:0032228;GO:0006357;GO:0007614;GO:0035176
Q15818,Neuronal pentraxin 1,Brain,GO:0005783;GO:0098978;GO:0043083;GO:0030133;GO:0046872;GO:0060385;GO:0071333;GO:0035865;GO:0007417;GO:0007268;GO:0043653;GO:0006839;GO:0099645;GO:0097107
Q8N349,Olfactory receptor family 2 subfamily L member 13,Brain,GO:0005886;GO:0004930;GO:0004984;GO:0050911
Q9P286,P21 (RAC1) activated kinase 5,Brain,GO:0005737;GO:0005829;GO:0005739;GO:0031965;GO:0005654;GO:0005886;GO:0045202;GO:0004676;GO:0004679;GO:0005524;GO:0004677;GO:0004694;GO:0044024;GO:0072371;GO:1990244;GO:0035979;GO:0044025;GO:0140823;GO:0035175;GO:0044022;GO:0140855;GO:0035402;GO:0072354;GO:0140857;GO:0035403;GO:0044023;GO:0106310;GO:0004674;GO:0072518;GO:0004711;GO:0006915;GO:0016477;GO:0008283;GO:0009267;GO:0007010;GO:0035556;GO:0007612;GO:0007626;GO:0007613;GO:2001237;GO:0001558;GO:0043408;GO:0007165
Q9Y5G3,"Protocadherin gamma subfamily B, 1",Brain,GO:0030426;GO:0005886;GO:0005509;GO:0007155;GO:0007156;GO:0007399
Q9Y5F7,"Protocadherin gamma subfamily C, 4",Brain,GO:0005886;GO:0005509;GO:0007155;GO:0007156;GO:0043524;GO:0007399;GO:0050808
Q9Y5F6,"Protocadherin gamma subfamily C, 5",Brain,GO:0005886;GO:0005509;GO:0007155;GO:0007156;GO:0043524;GO:0007399;GO:0050808
Q9Y233,Phosphodiesterase 10A,Brain,GO:0005829;GO:0099147;GO:0098978;GO:0043204;GO:0004119;GO:0004118;GO:0004115;GO:0047555;GO:0004114;GO:0030552;GO:0030553;GO:0046872;GO:0006198;GO:0019933;GO:0046069;GO:0043951;GO:0010754
Q01064,Phosphodiesterase 1B,Brain,GO:0005829;GO:0043025;GO:0004119;GO:0004118;GO:0004115;GO:0047555;GO:0005516;GO:0048101;GO:0004117;GO:0046872;GO:0019933;GO:0097011;GO:0036006;GO:0042420;GO:0007626;GO:0030224;GO:0001975;GO:0042428;GO:0008542
Q76G19,PDZ domain containing 4,Brain,GO:0005938
Q9H5P4,PDZ domain containing 7,Brain,GO:0005929;GO:0005615;GO:0005654;GO:0005634;GO:0005886;GO:0002141;GO:0002142;GO:0032420;GO:0032426;GO:1990696;GO:0042802;GO:0060117;GO:0060088;GO:0050910;GO:0051649;GO:0045184;GO:0060113;GO:0007605
Q92561,Phytanoyl-CoA 2-hydroxylase interacting protein,Brain,GO:0005737;GO:1990782;GO:0008104
Q8N7P1,Phospholipase D family member 5,Brain,GO:0016020;GO:0003824
Q8TBJ4,Phospholipid phosphatase related 1,Brain,GO:0043005;GO:0005654;GO:0005886;GO:0008195;GO:0007399;GO:0046839;GO:0006644;GO:0007165
Q9NR22,Protein arginine methyltransferase 8,Brain,GO:0009898;GO:0098978;GO:0005886;GO:0098794;GO:0019899;GO:1990259;GO:0062122;GO:0140759;GO:0035642;GO:0070611;GO:0140903;GO:0140592;GO:0140939;GO:0140984;GO:0044020;GO:0042054;GO:0042802;GO:0042803;GO:0035242;GO:0035241;GO:1904047;GO:0008757;GO:0006338;GO:0018216;GO:0051260;GO:0006479;GO:0006355;GO:1905274
Q99946,Proline rich transmembrane protein 1,Brain,GO:0098978;GO:0016020;GO:0098839;GO:0030672;GO:0042802;GO:0030545;GO:0007611;GO:0060292;GO:0060291;GO:0034394;GO:0006468;GO:2000311;GO:0050808
Q8WZA2,Rap guanine nucleotide exchange factor 4,Brain,GO:0005829;GO:0098686;GO:0016020;GO:0005886;GO:0030552;GO:0005085;GO:0030674;GO:0031267;GO:0002250;GO:0007189;GO:0017156;GO:0007186;GO:0030073;GO:0032024;GO:0007265;GO:0017157;GO:0050796;GO:0098693
Q8N431,RasGEF domain family member 1C,Brain,GO:0005886;GO:0005085;GO:0007265
O75677,Ret finger protein like 1,Brain,GO:0005737;GO:0005829;GO:0005654;GO:0046872;GO:0042803;GO:0019901;GO:0061630;GO:0045087;GO:0051782;GO:0008285;GO:0010972;GO:0045930;GO:0043065;GO:0010508;GO:0043123;GO:2001056;GO:0032436;GO:0010468;GO:0032880;GO:0046596
P49798,Regulator of G protein signaling 4,Brain,GO:0005737;GO:0005634;GO:0005886;GO:0032991;GO:0005516;GO:0001965;GO:0005096;GO:0003924;GO:0019901;GO:1990791;GO:0007186;GO:0061052;GO:0060160;GO:1900924;GO:1901380;GO:2000463;GO:0010460;GO:0110053;GO:0051924;GO:0008277;GO:0001975;GO:0042220;GO:0045471
O75916,Regulator of G protein signaling 9,Brain,GO:0005737;GO:0098978;GO:0043005;GO:0005886;GO:0098839;GO:0042734;GO:0005096;GO:0003924;GO:1990603;GO:0007212;GO:0007186;GO:0035556;GO:0036367;GO:0009968;GO:0007399;GO:1905912;GO:0008277;GO:0001975;GO:0032355;GO:0007601
O75711,Stimulator of chondrogenesis 1,Brain,GO:0005615;GO:0005794;GO:0044306;GO:0007399
Q99962,"SH3 domain containing GRB2 like 2, endophilin A1",Brain,GO:0042995;GO:0030669;GO:0005737;GO:0005829;GO:0005769;GO:0098978;GO:0000139;GO:0048471;GO:0005886;GO:0098793;GO:0042802;GO:0008289;GO:1990416;GO:0007417;GO:0097484;GO:1905604;GO:0010629;GO:0001933;GO:0031175;GO:0007165;GO:0016191
Q9Y566,SH3 and multiple ankyrin repeat domains 1,Brain,GO:0005829;GO:0030425;GO:0043197;GO:0060076;GO:0098978;GO:0016020;GO:0043005;GO:0005886;GO:0014069;GO:0045211;GO:0098685;GO:0071532;GO:0042802;GO:0035255;GO:0044877;GO:0097110;GO:0017124;GO:0031877;GO:0098919;GO:0030160;GO:0030534;GO:0008306;GO:0060997;GO:0050894;GO:0046959;GO:0007616;GO:0032232;GO:0050885;GO:0042048;GO:0060999;GO:2000463;GO:0035418;GO:0065003;GO:2000311;GO:0060013;GO:0035176;GO:0060074;GO:0071625
A6NL88,Shisa family member 7,Brain,GO:0032591;GO:0014069;GO:0098839;GO:0045211;GO:0050811;GO:0097112;GO:0007214;GO:0007613;GO:1900273;GO:0106040
Q8ND83,SLAIN motif family member 1,Brain,GO:0005737;GO:0005856;GO:0031122;GO:0007020;GO:0031116
Q9H1K4,Solute carrier family 25 member 18,Brain,GO:0005743;GO:0005739;GO:0005280;GO:0015183;GO:0005313;GO:0015810;GO:0015813;GO:0043490;GO:0006811
Q99726,Solute carrier family 30 member 3,Brain,GO:0005737;GO:0098978;GO:0097457;GO:0098686;GO:0005770;GO:0031902;GO:0005765;GO:1990742;GO:0043005;GO:0005886;GO:0008021;GO:0030672;GO:0015297;GO:0046872;GO:0005385;GO:0051050;GO:0010043;GO:0140916;GO:0099180;GO:0071577
Q9H598,Solute carrier family 32 member 1,Brain,GO:0009986;GO:0051286;GO:0061202;GO:0044316;GO:0030425;GO:0044292;GO:0098982;GO:0060077;GO:0043005;GO:0044306;GO:0005886;GO:0098793;GO:0048786;GO:0008021;GO:0030672;GO:0015171;GO:0015185;GO:0140800;GO:0015495;GO:0015187;GO:0140799;GO:0001762;GO:0051939;GO:0015812;GO:0015816;GO:0021766;GO:0006811;GO:0098700;GO:0007269
Q5M8T2,Solute carrier family 35 member D3,Brain,GO:0031901;GO:0005783;GO:0005789;GO:0005794;GO:0030672;GO:0015297;GO:0030674;GO:0005460;GO:0097009;GO:0060155;GO:0010508;GO:0070863;GO:0032527;GO:0055085;GO:0015786
P0DKX4,Small integral membrane protein 18,Brain,GO:0016020
O15079,Syntaphilin,Brain,GO:0005737;GO:0005881;GO:0016020;GO:0005739;GO:0043005;GO:0098793;GO:0017075;GO:0030182;GO:0007269;GO:0016081
Q9Y651,SRY-box transcription factor 21,Brain,GO:0000785;GO:0005634;GO:0003677;GO:0001228;GO:0003700;GO:0000981;GO:0000978;GO:0007420;GO:0001942;GO:0000122;GO:0030182;GO:0045944;GO:0006355;GO:0006357;GO:0048863
P57073,SRY-box transcription factor 8,Brain,GO:0000785;GO:0005737;GO:0005634;GO:0005667;GO:0003677;GO:0000981;GO:0140297;GO:0000978;GO:1990837;GO:0060612;GO:0060018;GO:0045165;GO:0048469;GO:0048484;GO:0045444;GO:0001701;GO:0008584;GO:0072289;GO:0061138;GO:0002009;GO:0043066;GO:0045892;GO:0045662;GO:0046533;GO:0000122;GO:0014032;GO:0001755;GO:0048709;GO:0001649;GO:0007422;GO:0090190;GO:0045893;GO:0010628;GO:0014015;GO:0090184;GO:0033690;GO:0045944;GO:0010817;GO:0072034;GO:0060041;GO:0060221;GO:0060009;GO:0007165;GO:0035914;GO:0007283;GO:0072197
Q9NRC6,"Spectrin beta, non-erythrocytic 5",Brain,GO:0045179;GO:0030054;GO:0042995;GO:0030864;GO:0005737;GO:0005829;GO:0016020;GO:0005875;GO:0032391;GO:0097381;GO:0005886;GO:0008091;GO:0003779;GO:0051015;GO:0034452;GO:0045505;GO:0042802;GO:0019894;GO:0032029;GO:0002046;GO:0030507;GO:0030036;GO:0051693;GO:0007030;GO:0007041
Q93045,Stathmin 2,Brain,GO:0005737;GO:0005829;GO:0005768;GO:0005794;GO:0030426;GO:0030027;GO:0016020;GO:0043005;GO:0043025;GO:0048471;GO:0048306;GO:0015631;GO:1990090;GO:0007019;GO:0007026;GO:0031115;GO:0010977;GO:0031175;GO:0031117;GO:0010976;GO:0031110
O15056,Synaptojanin 2,Brain,GO:0042995;GO:0005737;GO:0005856;GO:0005829;GO:0016020;GO:0045121;GO:0048471;GO:0005886;GO:0098793;GO:0052658;GO:0034596;GO:0052629;GO:0043813;GO:0004438;GO:0004439;GO:0003723;GO:0061024;GO:0006661;GO:0046856;GO:0048488
Q8IV01,Synaptotagmin 12,Brain,GO:0070382;GO:0098686;GO:0005886;GO:0030672;GO:0061891;GO:0005544;GO:0000149;GO:0060291;GO:0099171;GO:0017158;GO:0048792;GO:0016192
Q14DG7,Transmembrane protein 132B,Brain,GO:0016020
Q7Z5S9,Transmembrane protein 144,Brain,GO:0016020;GO:0015144
A0A286YF58,Transmembrane protein 271,Brain,GO:0016020
A0A1B0GTI8,Transmembrane protein 272,Brain,GO:0016020
Q9BSA4,Tweety family member 2,Brain,GO:0034707;GO:0005886;GO:0005509;GO:0005229;GO:0072320;GO:0015813
Q13509,Tubulin beta 3 class III,Brain,GO:0030424;GO:0071944;GO:0005737;GO:0030425;GO:0070062;GO:0030175;GO:0030426;GO:0045171;GO:0030027;GO:0005874;GO:0015630;GO:0072686;GO:0043025;GO:0005634;GO:0005525;GO:0003924;GO:0046872;GO:1990890;GO:0042277;GO:0005200;GO:0007411;GO:1990791;GO:0000226;GO:0000278
A1L167,Ubiquitin conjugating enzyme E2 Q family like 1,Brain,GO:0005654;GO:0005634;GO:0005886;GO:0005524;GO:0061631;GO:0000209
Q04917,Tyrosine 3-monooxygenase/tryptophan 5-monooxygenase activation protein eta,Brain,GO:0150048;GO:0005737;GO:0005829;GO:0070062;GO:0014704;GO:0005739;GO:0005886;GO:0098793;GO:0003779;GO:0019899;GO:0042802;GO:0005159;GO:0035259;GO:0019904;GO:0046982;GO:0017080;GO:0044325;GO:0006713;GO:0006886;GO:0086010;GO:0050774;GO:0042921;GO:0045893;GO:0099171;GO:0008104;GO:0045664;GO:2000649;GO:0002028;GO:0048167;GO:0007165;GO:0021762
Q9HCC9,Zinc finger FYVE-type containing 28,Brain,GO:0005829;GO:0031901;GO:0046872;GO:0032266;GO:0042059;GO:0007175
O60481,Zic family member 3,Brain,GO:0005737;GO:0005654;GO:0005634;GO:0001228;GO:0003700;GO:0000981;GO:0046872;GO:0000978;GO:0043565;GO:1990837;GO:0003713;GO:0003228;GO:0048318;GO:0007417;GO:0035283;GO:1904888;GO:0071907;GO:0035545;GO:0007368;GO:0071910;GO:0035469;GO:0009880;GO:0060324;GO:0030718;GO:0001947;GO:0021766;GO:0070986;GO:0035108;GO:0030324;GO:0042789;GO:0001840;GO:0030182;GO:0021772;GO:0042473;GO:0048339;GO:0045893;GO:0045944;GO:0090009;GO:0001501;GO:0007224;GO:0048863
Q9H898,Zinc finger matrin-type 4,Brain,GO:0005634;GO:0003677;GO:0042802;GO:0008270
Q09428,ATP binding cassette subfamily C member 8,Brain,GO:0008282;GO:0016020;GO:0005886;GO:0031004;GO:0042734;GO:0042383;GO:0030672;GO:0140359;GO:0043531;GO:0005524;GO:0016887;GO:0015272;GO:0019829;GO:0042626;GO:0005267;GO:0008281;GO:0044325;GO:0001508;GO:0031669;GO:0007565;GO:0061535;GO:0098662;GO:0001678;GO:0007613;GO:0016525;GO:1905604;GO:0060253;GO:0046676;GO:0010989;GO:0061855;GO:0050905;GO:0035774;GO:0043268;GO:1905075;GO:0032760;GO:1900721;GO:1990573;GO:0071805;GO:0006813;GO:0032868;GO:0032496;GO:0009268;GO:0009410;GO:0010043;GO:0055085;GO:0008542
Q8N6N7,Acyl-CoA binding domain containing 7,Brain,GO:0000062;GO:0006631
Q96GR2,Acyl-CoA synthetase bubblegum family member 1,Brain,GO:0005737;GO:0031410;GO:0005829;GO:0005783;GO:0005886;GO:0005524;GO:0004467;GO:0031957;GO:0042759;GO:0001676;GO:0035338;GO:0042552;GO:0051384;GO:0000038
Q9P0K1,ADAM metallopeptidase domain 22,Brain,GO:0030424;GO:0016020;GO:0005886;GO:0098839;GO:0005178;GO:0004222;GO:0007155;GO:0007417;GO:0007162;GO:0006508
Q8TE60,ADAM metallopeptidase with thrombospondin type 1 motif 18,Brain,GO:0031012;GO:0005576;GO:0046872;GO:0004222;GO:0030198;GO:0001654;GO:0090331;GO:0006508
Q9NRZ5,1-acylglycerol-3-phosphate O-acyltransferase 4,Brain,GO:0012505;GO:0005783;GO:0005789;GO:0005741;GO:0003841;GO:0016024;GO:0006654;GO:0008654
P0CW23,A-kinase anchor inhibitor 1,Brain,GO:0005829;GO:0051018;GO:0031333;GO:0008104;GO:0065003
P24588,A-kinase anchoring protein 5,Brain,GO:0009898;GO:0005829;GO:0030425;GO:0032590;GO:0043197;GO:0060076;GO:0045121;GO:0005886;GO:0014069;GO:0045211;GO:0098837;GO:0098944;GO:0008287;GO:0008179;GO:0031698;GO:0005516;GO:0050811;GO:0035254;GO:0060090;GO:0051018;GO:0034237;GO:0030346;GO:0097110;GO:0017124;GO:0007193;GO:0033173;GO:0007268;GO:0007194;GO:0070886;GO:1905665;GO:1905751;GO:1900273;GO:1903078;GO:0010738;GO:0007165
Q13023,A-kinase anchoring protein 6,Brain,GO:0034704;GO:0005901;GO:0005737;GO:0014704;GO:0014701;GO:0005635;GO:0031965;GO:0048471;GO:0016529;GO:0030315;GO:0008179;GO:0060090;GO:0051018;GO:0034237;GO:0043495;GO:0044325;GO:0001508;GO:0007189;GO:0071320;GO:0071345;GO:0070886;GO:0030307;GO:0061051;GO:1902261;GO:1901381;GO:0051281;GO:0006605;GO:0141161;GO:0060306;GO:0010880
Q96Q42,Alsin Rho guanine nucleotide exchange factor ALS2,Brain,GO:0005813;GO:0005737;GO:0005829;GO:0030425;GO:0043197;GO:0005769;GO:0098978;GO:0030426;GO:0043231;GO:0030027;GO:0005634;GO:0014069;GO:0032991;GO:0001726;GO:0031982;GO:0005096;GO:0005085;GO:0042802;GO:0042803;GO:0043539;GO:0031267;GO:0001662;GO:0016197;GO:0007032;GO:0007626;GO:0007041;GO:0007528;GO:0048812;GO:0043547;GO:0045860;GO:0035022;GO:0051260;GO:0008104;GO:0001881;GO:0051036;GO:0099072;GO:0006979;GO:0035249
P49418,Amphiphysin,Brain,GO:0015629;GO:0005829;GO:0031256;GO:0005886;GO:0008021;GO:0030672;GO:0005543;GO:0007268;GO:0006897;GO:0048488
Q400G9,Archaelysin family metallopeptidase 1,Brain,GO:0046872;GO:0008237;GO:0006508
Q9NQW6,"Anillin, actin binding protein",Brain,GO:0015629;GO:0005826;GO:0032059;GO:0005938;GO:0005829;GO:0030496;GO:0005654;GO:0003779;GO:0045296;GO:0000915;GO:0002244;GO:0000281;GO:0090521;GO:1904172;GO:0007096;GO:0000921;GO:0031106
Q9HBZ2,Aryl hydrocarbon receptor nuclear translocator 2,Brain,GO:0034751;GO:0000785;GO:0005737;GO:0005654;GO:0005634;GO:0005667;GO:0017162;GO:0001228;GO:0003700;GO:0000981;GO:0046982;GO:0000978;GO:1990837;GO:0007420;GO:0007417;GO:0001701;GO:0045893;GO:0045944;GO:0006355;GO:0006357;GO:0001666
Q9UBL0,CAMP regulated phosphoprotein 21,Brain,GO:0005737;GO:0005516;GO:0003676
Q8N100,Atonal bHLH transcription factor 7,Brain,GO:0030424;GO:0000785;GO:0005634;GO:0043204;GO:0003700;GO:0000981;GO:0070888;GO:0046983;GO:1990837;GO:0000976;GO:0061564;GO:0007623;GO:0043153;GO:0003407;GO:0048663;GO:0021554;GO:1902336;GO:0045944;GO:0006357;GO:0010996;GO:0007423
P50993,ATPase Na+/K+ transporting subunit alpha 2,Brain,GO:0005901;GO:0042995;GO:0009986;GO:0005737;GO:0043197;GO:0005783;GO:0005768;GO:1903561;GO:0014704;GO:0016020;GO:0043025;GO:0031090;GO:0005886;GO:0005890;GO:0030315;GO:0005524;GO:0016887;GO:0019829;GO:0005391;GO:0016791;GO:0030955;GO:0046982;GO:0051087;GO:0031402;GO:0005496;GO:1990239;GO:0008344;GO:0021764;GO:0046034;GO:0001662;GO:0060048;GO:0086064;GO:0071260;GO:0071383;GO:0030007;GO:0006883;GO:0019852;GO:0040011;GO:0035641;GO:0086012;GO:0086009;GO:0098655;GO:1903170;GO:0051481;GO:0045822;GO:0045988;GO:0019227;GO:0001504;GO:0021989;GO:0045823;GO:1990573;GO:0071805;GO:0006813;GO:1902600;GO:0008217;GO:0086004;GO:0010881;GO:0051946;GO:0006937;GO:0002087;GO:0006940;GO:0006942;GO:0051966;GO:0002026;GO:0019229;GO:0055119;GO:0010996;GO:1903416;GO:0035094;GO:0035864;GO:0036376;GO:0035725;GO:0006814;GO:0150104;GO:0008542
Q00973,"Beta-1,4-N-acetyl-galactosaminyltransferase 1",Brain,GO:0005794;GO:0000139;GO:0016020;GO:0003947;GO:0008376;GO:0005975;GO:0008340;GO:0001574;GO:0006687;GO:0060173;GO:0030259;GO:0019915;GO:0061744;GO:0021675;GO:0007283;GO:0007033
Q8NFJ8,Basic helix-loop-helix family member e22,Brain,GO:0000785;GO:0005634;GO:0003700;GO:0000981;GO:0070888;GO:0046983;GO:1990837;GO:0061564;GO:0048663;GO:0045944;GO:0007423
Q9C0B6,BMP/retinoic acid inducible neural specific 2,Brain,GO:0005737;GO:0030425;GO:0005576;GO:0043025;GO:0071300;GO:0021953;GO:0045930;GO:0045666
Q8TEF2,Chromosome 10 open reading frame 105,Brain,GO:0016020
Q6ZW13,Chromosome 16 open reading frame 86,Brain,
A4QMS7,Chromosome 5 open reading frame 49,Brain,GO:0160112;GO:0005930;GO:0036064;GO:0036126;GO:0030317
Q9UBN1,Calcium voltage-gated channel auxiliary subunit gamma 4,Brain,GO:0032281;GO:0044297;GO:0009986;GO:0030666;GO:0098978;GO:1990454;GO:0005886;GO:0098839;GO:0036477;GO:0005246;GO:0016247;GO:0035255;GO:0005245;GO:0099590;GO:0098943;GO:0051968;GO:0098970;GO:2000311;GO:0042220;GO:0019226
P62955,Calcium voltage-gated channel auxiliary subunit gamma 7,Brain,GO:0032281;GO:0044300;GO:0005769;GO:0098978;GO:1990454;GO:0043025;GO:0005886;GO:0098839;GO:0005891;GO:0005246;GO:0016247;GO:0005245;GO:0006816;GO:0099590;GO:0099645;GO:0098943;GO:1903861;GO:0051968;GO:0098970;GO:2000311;GO:0043488;GO:0019226
Q9UQM7,Calcium/calmodulin dependent protein kinase II alpha,Brain,GO:0005954;GO:0005737;GO:0005829;GO:0043197;GO:0030666;GO:0005739;GO:0043005;GO:0005654;GO:0005634;GO:0014069;GO:0005524;GO:0004683;GO:0005516;GO:0035254;GO:0042802;GO:0016301;GO:0046872;GO:0042803;GO:0106310;GO:0004674;GO:0038166;GO:0006816;GO:0035458;GO:0071346;GO:0060996;GO:0000082;GO:0051346;GO:0018105;GO:1990443;GO:0051928;GO:0010666;GO:0051092;GO:0046427;GO:0046777;GO:0006468;GO:2000124;GO:1902108;GO:2001222;GO:0048168;GO:0046928;GO:1903076;GO:0002931;GO:0007165
Q16568,CART prepropeptide,Brain,GO:0005615;GO:0030141;GO:0045202;GO:0005184;GO:0008343;GO:0007267;GO:0009267;GO:0007268;GO:0032922;GO:0007186;GO:0001678;GO:0032099;GO:0045779;GO:0070093;GO:0045671;GO:0007218;GO:0045777;GO:0032812;GO:0043410;GO:0045860;GO:0051971;GO:0050796;GO:0007165;GO:0070253
Q96JN2,Coiled-coil domain containing 136,Brain,GO:0002080;GO:0001675;GO:0007338;GO:0007283
P55283,Cadherin 4,Brain,GO:0005912;GO:0016342;GO:0005886;GO:0008013;GO:0045296;GO:0005509;GO:0034332;GO:0048675;GO:0007411;GO:0016339;GO:0007155;GO:0016477;GO:0000902;GO:0044331;GO:0007043;GO:0007157;GO:0007156;GO:0045773
Q9ULB5,Cadherin 7,Brain,GO:0005912;GO:0016342;GO:0005886;GO:0008013;GO:0045296;GO:0005509;GO:0034332;GO:0016339;GO:0016477;GO:0000902;GO:0098609;GO:0044331;GO:0007043;GO:0007156
Q15078,Cyclin dependent kinase 5 regulatory subunit 1,Brain,GO:0030424;GO:0043292;GO:0000307;GO:0005737;GO:0005829;GO:0030425;GO:0043197;GO:0030426;GO:0043231;GO:0016020;GO:0031594;GO:0043005;GO:0043025;GO:0005654;GO:0005634;GO:0043204;GO:0048471;GO:0005886;GO:0014069;GO:0098793;GO:0016533;GO:0051015;GO:0043014;GO:0048487;GO:0045296;GO:0005509;GO:0061575;GO:0046875;GO:0035255;GO:0016301;GO:0002020;GO:0030295;GO:0004672;GO:0019901;GO:0043539;GO:0007411;GO:0007413;GO:0007420;GO:0021549;GO:0009792;GO:0048013;GO:0007213;GO:0070315;GO:0021766;GO:0035235;GO:0021819;GO:0000226;GO:0045892;GO:0007158;GO:0030182;GO:0001764;GO:0031175;GO:0018105;GO:0018107;GO:0031116;GO:0043525;GO:0090314;GO:0032956;GO:0000079;GO:0061001;GO:0016241;GO:0045664;GO:0098693;GO:0048511;GO:0021722
A0A0U1RRI6,Centromere protein V like 3,Brain,GO:0016846;GO:0046872
Q5SW79,Centrosomal protein 170,Brain,GO:0120103;GO:0005814;GO:0005813;GO:0005829;GO:0005874;GO:0005819
Q5T4B2,Cerebral endothelial cell adhesion molecule,Brain,GO:0005788;GO:0005886;GO:0042802;GO:0007155;GO:0007159
Q14055,Collagen type IX alpha 2 chain,Brain,GO:0005594;GO:0062023;GO:0005788;GO:0005576;GO:0005615;GO:0030020;GO:0042803;GO:0030198;GO:0001501
Q6PUV4,Complexin 2,Brain,GO:0044305;GO:0005829;GO:0030425;GO:0098978;GO:0005634;GO:0043204;GO:0098794;GO:0031201;GO:0070033;GO:0070554;GO:0043195;GO:0048306;GO:0000149;GO:0017075;GO:0030154;GO:0043303;GO:0050804;GO:0007399;GO:0031915;GO:0017157;GO:0031630;GO:0016079;GO:0006904
Q8WVH0,Complexin 3,Brain,GO:0005829;GO:0098684;GO:0048787;GO:0031201;GO:0030672;GO:0043195;GO:0005326;GO:0000149;GO:0019905;GO:0030073;GO:0050804;GO:0046928;GO:0031630;GO:0016079;GO:0007601
Q96A23,Copine 4,Brain,GO:0070062;GO:0098978;GO:0005886;GO:0005544;GO:0046872;GO:0071277
P26232,Catenin alpha 2,Brain,GO:0015629;GO:0005912;GO:0030424;GO:0016342;GO:0005737;GO:0005829;GO:0005634;GO:0051015;GO:0008013;GO:0045296;GO:0005200;GO:0007409;GO:0048854;GO:0016477;GO:0098609;GO:0048813;GO:0034316;GO:0060134;GO:0021942;GO:2001222;GO:0010975;GO:0051823
Q9UQB3,Catenin delta 2,Brain,GO:0005912;GO:0005737;GO:0030425;GO:0005634;GO:0043204;GO:0005886;GO:0014069;GO:0008013;GO:0045296;GO:0007155;GO:0098609;GO:0060997;GO:0060828;GO:0007165;GO:0050808;GO:0016055
Q96NX9,Dachshund family transcription factor 2,Brain,GO:0005634;GO:0005667;GO:0000981;GO:0000978;GO:0046545;GO:0006357
O75398,DEAF1 transcription factor,Brain,GO:0000785;GO:0005737;GO:0005576;GO:0001650;GO:0005654;GO:0005634;GO:0000981;GO:0001227;GO:0046872;GO:0000977;GO:0009653;GO:0048706;GO:0007281;GO:0045892;GO:0000122;GO:0001843;GO:0045893;GO:0033599;GO:0006357;GO:0006366
O14490,DLG associated protein 1,Brain,GO:0098978;GO:0005886;GO:0014069;GO:0099572;GO:0060090;GO:0044877;GO:0007268;GO:0050804
Q92874,Deoxyribonuclease 1 like 2,Brain,GO:0005737;GO:0005576;GO:0005634;GO:0005509;GO:0004530;GO:0003677;GO:0004536;GO:0003335;GO:0006308;GO:0006259;GO:0001942
Q05193,Dynamin 1,Brain,GO:0042995;GO:0042583;GO:0005905;GO:0005737;GO:0030139;GO:0070062;GO:0098978;GO:0030117;GO:0005874;GO:0001917;GO:0098684;GO:0005886;GO:0098793;GO:0098835;GO:0045202;GO:0019003;GO:0005525;GO:0003924;GO:0042802;GO:1990606;GO:0008017;GO:0005547;GO:0005546;GO:0042803;GO:0019901;GO:0003723;GO:0099049;GO:0006897;GO:0007032;GO:0050804;GO:0051260;GO:0051289;GO:0031623;GO:0006898;GO:0097494;GO:0016185;GO:0099050
P14416,Dopamine receptor D2,Brain,GO:0001669;GO:0030424;GO:0043679;GO:0060170;GO:0005929;GO:0030425;GO:0043197;GO:0098691;GO:0030139;GO:0097648;GO:0098982;GO:0098978;GO:0000139;GO:0016328;GO:0097730;GO:0043204;GO:0005886;GO:0045211;GO:0042734;GO:0036126;GO:0045202;GO:0030672;GO:0035240;GO:0001591;GO:0004930;GO:0001965;GO:1901363;GO:0032795;GO:0042802;GO:0035255;GO:0015459;GO:0046717;GO:0021984;GO:0071880;GO:0007195;GO:0007628;GO:0050482;GO:0008306;GO:0031223;GO:0006914;GO:0007409;GO:0048148;GO:0048149;GO:0048755;GO:0071361;GO:0071300;GO:0021853;GO:0032922;GO:0042417;GO:0051583;GO:0042756;GO:0050673;GO:0060079;GO:0002031;GO:0007625;GO:1990384;GO:0006874;GO:0035556;GO:0007626;GO:0007616;GO:0007194;GO:0045776;GO:0030336;GO:0008285;GO:1900038;GO:0042321;GO:0051481;GO:0060160;GO:0033602;GO:0050680;GO:0045824;GO:0046676;GO:2001223;GO:0051898;GO:0050709;GO:0051967;GO:0001976;GO:0007405;GO:0007270;GO:0021769;GO:0030432;GO:0043491;GO:0060158;GO:0007200;GO:0043473;GO:0032467;GO:0051586;GO:0070374;GO:0045745;GO:1900168;GO:0060124;GO:1900273;GO:0043410;GO:0040018;GO:0002052;GO:0002092;GO:0035815;GO:0045944;GO:0035810;GO:0099170;GO:0060134;GO:0099171;GO:0008104;GO:0014059;GO:0051584;GO:0002027;GO:0090325;GO:0048169;GO:0043266;GO:0002028;GO:0051823;GO:0032228;GO:0051209;GO:0001975;GO:0048678;GO:0042220;GO:0032355;GO:0034776;GO:0001666;GO:0014854;GO:0010039;GO:0009416;GO:0043278;GO:0035094;GO:0009636;GO:0009410;GO:0007608;GO:0021756;GO:0007416;GO:0001659;GO:0008542;GO:0016055
P35462,Dopamine receptor D3,Brain,GO:0005886;GO:0045202;GO:0001591;GO:0004930;GO:0046717;GO:0071880;GO:0007191;GO:0007195;GO:0050482;GO:0048148;GO:0032922;GO:0042417;GO:0002031;GO:0007186;GO:0006874;GO:0007612;GO:0007611;GO:0007626;GO:0050883;GO:0045776;GO:0051481;GO:0048715;GO:0051898;GO:0050709;GO:0051967;GO:0060158;GO:0032467;GO:0060161;GO:0043410;GO:0045840;GO:0060134;GO:0014059;GO:0051584;GO:0043266;GO:0042220;GO:0034776;GO:0043278;GO:0009410;GO:0035176;GO:0008542
P21918,Dopamine receptor D5,Brain,GO:0031526;GO:0060170;GO:0005929;GO:0097730;GO:0005886;GO:0045202;GO:0035240;GO:0004952;GO:0001588;GO:0004930;GO:0007190;GO:0071880;GO:0007191;GO:0007189;GO:0008306;GO:0071870;GO:0007268;GO:0007212;GO:0006874;GO:0060292;GO:0045776;GO:0033861;GO:0001994;GO:0060158;GO:0045762;GO:0043410;GO:0072593;GO:0045924;GO:0001992;GO:0001975;GO:0042220;GO:0046960;GO:0001963;GO:0019226;GO:0042060
Q9Y4J8,Dystrobrevin alpha,Brain,GO:0030424;GO:0030054;GO:0005737;GO:0031234;GO:0045111;GO:0005654;GO:0005886;GO:0032991;GO:0042383;GO:0045202;GO:0030165;GO:0008270;GO:0007268;GO:0007274;GO:0007165;GO:0006941;GO:0099536
O95672,Endothelin converting enzyme like 1,Brain,GO:0005886;GO:0046872;GO:0004222;GO:0008237;GO:0007218;GO:0016485;GO:0003016
Q05215,Early growth response 4,Brain,GO:0000785;GO:0005654;GO:0001228;GO:0003700;GO:0000981;GO:0046872;GO:0000978;GO:0043565;GO:1990837;GO:0008284;GO:0045944;GO:0006357
Q5R3F8,Extracellular leucine rich repeat and fibronectin type III domain containing 2,Brain,GO:0031012;GO:0005615;GO:0098839;GO:0004864;GO:0099560
Q04741,Empty spiracles homeobox 1,Brain,GO:0000785;GO:0005694;GO:0005737;GO:0005730;GO:0005634;GO:0000981;GO:0000978;GO:1990837;GO:0007420;GO:0048854;GO:0007417;GO:0021895;GO:0021796;GO:0048872;GO:0001701;GO:0060563;GO:0030182;GO:1990138;GO:0009791;GO:0060019;GO:0070445;GO:0006357;GO:0009410
Q05925,Engrailed homeobox 1,Brain,GO:0000785;GO:0005634;GO:0000981;GO:0001227;GO:0000978;GO:1990837;GO:0008344;GO:0009653;GO:0021549;GO:0071542;GO:0009953;GO:0042756;GO:1990403;GO:0035115;GO:0030901;GO:0030917;GO:0061743;GO:0035264;GO:0043524;GO:0000122;GO:0048666;GO:0030182;GO:0043473;GO:0045944;GO:0009954;GO:0006357;GO:0042220;GO:0001501;GO:0035176
O60320,Endosomal transmembrane epsin interactor 2,Brain,GO:0016020
Q8IUS5,Epoxide hydrolase 4,Brain,GO:0016020;GO:0004301;GO:0016787
O15083,ELKS/RAB6-interacting/CAST family member 2,Brain,GO:0005856;GO:0098982;GO:0098978;GO:0030426;GO:0048786;GO:0098831;GO:0042734;GO:0098882;GO:0048790;GO:0150037;GO:0099509;GO:0016082
Q7L5A8,Fatty acid 2-hydroxylase,Brain,GO:0005783;GO:0005789;GO:0016020;GO:0120521;GO:0080132;GO:0120520;GO:0020037;GO:0005506;GO:0032286;GO:0046513;GO:0061436;GO:0006633;GO:0006631;GO:0006682;GO:0006679;GO:0030258;GO:0032287;GO:0044857;GO:1904697;GO:0042634;GO:1904002;GO:0001949;GO:0030148
O95990,Family with sequence similarity 107 member A,Brain,GO:0015629;GO:0005737;GO:0005925;GO:0043005;GO:0016607;GO:0005634;GO:0032587;GO:0001725;GO:0045202;GO:0003779;GO:0051017;GO:0030041;GO:0071385;GO:0031669;GO:0050890;GO:0051895;GO:2000134;GO:1900272;GO:0030335;GO:0031398;GO:0032956;GO:0001558;GO:0070507;GO:0031647
Q96AQ9,Family with sequence similarity 131 member C,Brain,
Q8IXR5,Family with sequence similarity 178 member B,Brain,
Q9UK22,F-box protein 2,Brain,GO:0005737;GO:0005829;GO:0043197;GO:0005783;GO:0098890;GO:0098978;GO:0019005;GO:0001540;GO:0030246;GO:0031249;GO:0004842;GO:0036503;GO:0006516;GO:0008285;GO:0036211;GO:0016567;GO:0006508;GO:0099576;GO:0031396;GO:0031146
Q8TBJ5,FEZ family zinc finger 2,Brain,GO:0005634;GO:0003682;GO:0001228;GO:0001227;GO:0046872;GO:0000978;GO:0007413;GO:0043697;GO:0021853;GO:0021902;GO:0016358;GO:0021542;GO:0021797;GO:0007626;GO:0008285;GO:0045665;GO:0048664;GO:0045666;GO:1902667;GO:0010468;GO:0050767
P55316,Forkhead box G1,Brain,GO:0000785;GO:0005654;GO:0005634;GO:0003677;GO:0000981;GO:1990837;GO:0016199;GO:0007420;GO:0009953;GO:0042472;GO:0045892;GO:0045665;GO:0000122;GO:0007405;GO:0048664;GO:0045787;GO:0002052;GO:0045666;GO:0021852;GO:0007346;GO:0006357
Q9BTV5,Fibronectin type III and SPRY domain containing 1,Brain,GO:0005813;GO:0032154;GO:0005737;GO:0005874;GO:0005634;GO:0042802;GO:0008017;GO:0051301;GO:0031122;GO:0051302;GO:0032465;GO:0060236
Q9UBS5,Gamma-aminobutyric acid type B receptor subunit 1,Brain,GO:0005737;GO:0030425;GO:0005576;GO:1902712;GO:0038039;GO:0098982;GO:0005886;GO:0045211;GO:0042734;GO:0098685;GO:0004965;GO:0099579;GO:0150047;GO:0007193;GO:0007214;GO:0150099;GO:0051932
P08034,Gap junction protein beta 1,Brain,GO:0005922;GO:0005789;GO:0016328;GO:0005243;GO:0042802;GO:0007267;GO:1905867;GO:0016264;GO:0007399;GO:0015868
O75311,Glycine receptor alpha 3,Brain,GO:0030425;GO:0016935;GO:0043231;GO:0043005;GO:0043204;GO:0005886;GO:0045211;GO:0045202;GO:1902495;GO:0016934;GO:0016594;GO:0022852;GO:0046872;GO:0030594;GO:0004888;GO:1902476;GO:0051260
P13224,Glycoprotein Ib platelet subunit beta,Brain,GO:1990779;GO:0005886;GO:0042802;GO:0004888;GO:0007597;GO:0007155;GO:0007166;GO:0035855;GO:0030168;GO:0010572;GO:0051209
Q5T848,G protein-coupled receptor 158,Brain,GO:0042995;GO:0005634;GO:0005886;GO:0098839;GO:0045211;GO:0042734;GO:0008047;GO:0160079;GO:0004888;GO:0007420;GO:0050890;GO:0007186;GO:0001956;GO:0072659;GO:0008277;GO:0050807
Q9NYM4,G protein-coupled receptor 83,Brain,GO:0005929;GO:0097730;GO:0005886;GO:0004930;GO:0008188;GO:0004983;GO:0007631;GO:0007186;GO:0007218;GO:0007200;GO:0051384
P60893,G protein-coupled receptor 85,Brain,GO:0005783;GO:0005886;GO:0004930;GO:0007165
P42261,Glutamate ionotropic receptor AMPA type subunit 1,Brain,GO:0032281;GO:0044308;GO:0009986;GO:0005911;GO:0005829;GO:0030425;GO:0043198;GO:0043197;GO:0032591;GO:0031901;GO:0030666;GO:0005789;GO:0033116;GO:0012507;GO:0060076;GO:0009897;GO:0098978;GO:0031594;GO:0044309;GO:0043025;GO:0032809;GO:0099544;GO:0005886;GO:0014069;GO:0098839;GO:0099092;GO:0045211;GO:0098793;GO:0048787;GO:1990635;GO:0055037;GO:0055038;GO:0097060;GO:0030672;GO:0008179;GO:0004971;GO:0001540;GO:0031698;GO:0001965;GO:0031681;GO:0035254;GO:0022849;GO:0042802;GO:0019865;GO:0099507;GO:0031489;GO:0099583;GO:0030165;GO:0051428;GO:0051018;GO:0019901;GO:0097110;GO:0031267;GO:1904315;GO:0048266;GO:0071418;GO:0071242;GO:1990416;GO:0071359;GO:1905232;GO:0071375;GO:0021987;GO:0007268;GO:1990708;GO:0007616;GO:0060292;GO:0060291;GO:0050804;GO:0019228;GO:2000463;GO:0010628;GO:0090326;GO:0045838;GO:0031623;GO:0034765;GO:0001919;GO:0046685;GO:0042220;GO:0051602;GO:0032355;GO:0045471;GO:0060992;GO:0010226;GO:0043278;GO:0031667;GO:1990911;GO:0009744;GO:0009410;GO:0007165;GO:0021510;GO:0007416;GO:0035249
P42262,Glutamate ionotropic receptor AMPA type subunit 2,Brain,GO:0032281;GO:0032279;GO:0030425;GO:0043197;GO:0030666;GO:0060076;GO:0009897;GO:0043025;GO:0005886;GO:0098794;GO:0014069;GO:0098839;GO:0098843;GO:0004971;GO:0001540;GO:0004970;GO:0099094;GO:1904315;GO:0007268;GO:0035235;GO:0050804;GO:0007165;GO:0035249
O43424,Glutamate ionotropic receptor delta type subunit 2,Brain,GO:0043197;GO:0098978;GO:0008328;GO:0098688;GO:0005886;GO:0098839;GO:0045202;GO:0008066;GO:0042802;GO:0046872;GO:0030165;GO:0097110;GO:1904315;GO:0021707;GO:0060079;GO:1904861;GO:0007215;GO:0007157;GO:0050804;GO:1900454;GO:0051965;GO:0060134;GO:0008104;GO:0043523;GO:0010975;GO:0099151;GO:0099072;GO:1905606;GO:0099538;GO:0035249
Q12879,Glutamate ionotropic receptor NMDA type subunit 2A,Brain,GO:0009986;GO:0030659;GO:0043197;GO:0005789;GO:0098978;GO:0017146;GO:0005886;GO:0014069;GO:0098839;GO:0045211;GO:0042734;GO:0097060;GO:0008021;GO:0001540;GO:0022849;GO:0004972;GO:1904315;GO:0008270;GO:0007420;GO:0097553;GO:0070588;GO:0007268;GO:0033058;GO:0042417;GO:0098976;GO:0060079;GO:0007215;GO:0035235;GO:0007611;GO:0060291;GO:0007613;GO:0098655;GO:0042177;GO:0022008;GO:0043065;GO:2000463;GO:0051968;GO:0030163;GO:1903539;GO:1904062;GO:0048168;GO:0048167;GO:0001975;GO:0045471;GO:0009611;GO:0009410;GO:0019233;GO:0042428;GO:0030431;GO:0035725;GO:0001964;GO:0035249;GO:0008542
Q8TCU5,Glutamate ionotropic receptor NMDA type subunit 3A,Brain,GO:0005789;GO:0098978;GO:0016020;GO:0034702;GO:0043005;GO:0043025;GO:0098878;GO:0017146;GO:0005886;GO:0098839;GO:0045211;GO:0098793;GO:0045202;GO:0005262;GO:0008066;GO:0016594;GO:0042802;GO:0004972;GO:0051721;GO:0070905;GO:0022824;GO:1904315;GO:0006816;GO:0016358;GO:0035235;GO:0050804;GO:0098655;GO:0061000;GO:0060134;GO:0099171;GO:0048167;GO:0045471;GO:0048511;GO:0035249
P09105,Hemoglobin subunit theta 1,Brain,GO:0031838;GO:0005833;GO:0020037;GO:0005506;GO:0043177;GO:0019825;GO:0005344;GO:0098869;GO:0042744;GO:0015671
Q9H2X6,Homeodomain interacting protein kinase 2,Brain,GO:0005737;GO:0010494;GO:0016604;GO:0005654;GO:0005634;GO:0016605;GO:0090575;GO:0004676;GO:0004679;GO:0005524;GO:0004677;GO:0004694;GO:0044024;GO:0072371;GO:1990244;GO:0035979;GO:0044025;GO:0140823;GO:0035175;GO:0044022;GO:0140855;GO:0035402;GO:0072354;GO:0140857;GO:0035403;GO:0044023;GO:0004672;GO:0106310;GO:0004674;GO:0004713;GO:0072518;GO:0004711;GO:0061629;GO:0046332;GO:0003713;GO:0003714;GO:0046790;GO:0007628;GO:0009952;GO:0008283;GO:0071456;GO:0030330;GO:0048596;GO:0060059;GO:0040029;GO:0030218;GO:0001654;GO:0010467;GO:0097193;GO:0042771;GO:0061072;GO:0060235;GO:0060425;GO:0030514;GO:0043524;GO:0000122;GO:2000059;GO:0051402;GO:0030182;GO:0018105;GO:0018107;GO:0030578;GO:0045766;GO:0008284;GO:0051091;GO:0046330;GO:0032092;GO:0045944;GO:0030511;GO:0006468;GO:0051726;GO:1901796;GO:0003016;GO:0010842;GO:0060395;GO:0007224;GO:0030878;GO:0007179;GO:0050882
Q9Y661,Heparan sulfate-glucosamine 3-sulfotransferase 4,Brain,GO:0000139;GO:0008467;GO:0015012;GO:0030201
P46098,5-hydroxytryptamine receptor 3A,Brain,GO:0032154;GO:0043005;GO:0005886;GO:0045211;GO:1904602;GO:0045202;GO:1902495;GO:0005231;GO:0042802;GO:0099507;GO:0051378;GO:0022850;GO:1904315;GO:0098662;GO:0007210;GO:0140227
Q13639,5-hydroxytryptamine receptor 4,Brain,GO:0005737;GO:0030425;GO:0010008;GO:0098978;GO:0016020;GO:0005886;GO:0098794;GO:0004993;GO:0030594;GO:0099589;GO:0007189;GO:0007192;GO:0007188;GO:0007268;GO:0007186;GO:0007187;GO:0120056;GO:0030277;GO:0070254;GO:0032098;GO:0150052
Q9NZN1,Interleukin 1 receptor accessory protein like 1,Brain,GO:0030424;GO:0009986;GO:0005737;GO:0030425;GO:0098978;GO:0005886;GO:0045211;GO:0003953;GO:0061809;GO:0005102;GO:0007166;GO:0045920;GO:0030182;GO:0061003;GO:0051965;GO:0097105;GO:0010975;GO:0099175;GO:1905606;GO:0099560;GO:0099545
Q96N16,Janus kinase and microtubule interacting protein 1,Brain,GO:0005737;GO:0016020;GO:0005874;GO:1990904;GO:0050811;GO:0019900;GO:0008017;GO:0003723;GO:0050890;GO:0015031
O43448,Potassium voltage-gated channel subfamily A regulatory beta subunit 3,Brain,GO:0005737;GO:0005886;GO:0008076;GO:0004033;GO:0015459;GO:0044325;GO:0005249;GO:0006813;GO:1901379
Q9UQ05,Potassium voltage-gated channel subfamily H member 4,Brain,GO:0005886;GO:0008076;GO:0005249;GO:0071805;GO:0006813;GO:0042391
Q96L42,Potassium voltage-gated channel subfamily H member 8,Brain,GO:0034702;GO:0005886;GO:0005251;GO:0005249;GO:0071805;GO:0006813;GO:0042391
Q9HB15,Potassium two pore domain channel subfamily K member 12,Brain,GO:0005789;GO:0034702;GO:0005886;GO:0042802;GO:0046872;GO:0015271;GO:0005267;GO:0022841;GO:0046982;GO:0071805
O60268,KIAA0513,Brain,GO:0005737
O43896,Kinesin family member 1C,Brain,GO:0030424;GO:1904115;GO:0005737;GO:0030425;GO:0005783;GO:0005794;GO:0005871;GO:0005874;GO:0005524;GO:0016887;GO:0003774;GO:0008017;GO:0008574;GO:0003723;GO:1990048;GO:1990049;GO:0006890;GO:0016192
Q969F8,KISS1 receptor,Brain,GO:0009986;GO:0005929;GO:0043231;GO:0016020;GO:0005886;GO:0008528;GO:0008188;GO:0007186;GO:0007218
Q92876,Kallikrein related peptidase 6,Brain,GO:0001533;GO:0005737;GO:0005783;GO:0005576;GO:0005615;GO:0045171;GO:0005739;GO:0031965;GO:0005730;GO:0005654;GO:0030141;GO:0004252;GO:0042982;GO:0007417;GO:0030574;GO:0042445;GO:0042552;GO:0045745;GO:0016540;GO:0051604;GO:0045595;GO:0010975;GO:0009611;GO:0042246
Q6UY18,Leucine rich repeat and Ig domain containing 4,Brain,GO:0031012;GO:0005615;GO:0016020;GO:0051965
Q9ULH4,Leucine rich repeat and fibronectin type III domain containing 2,Brain,GO:0009986;GO:0005886;GO:0098839;GO:0098793;GO:0098685;GO:0050804;GO:0099175
Q9HCJ2,Leucine rich repeat containing 4C,Brain,GO:0005615;GO:0098978;GO:0016020;GO:0005886;GO:0098839;GO:0098685;GO:0050839;GO:0098632;GO:0050804;GO:0050770;GO:0099560
Q86UE6,Leucine rich repeat transmembrane neuronal 1,Brain,GO:0030424;GO:0005783;GO:0060076;GO:0031012;GO:0005615;GO:0098982;GO:0098978;GO:0030426;GO:0099634;GO:0051649;GO:0035640;GO:0007626;GO:0060291;GO:0002091;GO:0051965;GO:0035418;GO:0031623;GO:0099151;GO:1905606;GO:0050808
Q86VH4,Leucine rich repeat transmembrane neuronal 4,Brain,GO:0031012;GO:0005615;GO:0045211
Q86TE4,Leucine zipper protein 2,Brain,GO:0005576
Q9Y250,Leucine zipper tumor suppressor 1,Brain,GO:0005737;GO:0043197;GO:0098978;GO:0005886;GO:0014069;GO:0016242;GO:0048814;GO:0150052;GO:0048167
Q9UJ55,MAGE family member L2,Brain,GO:0005829;GO:0005769;GO:0005768;GO:0005634;GO:0004842;GO:0034314;GO:0045892;GO:0000122;GO:0051127;GO:0070534;GO:0042752;GO:0042147;GO:0048511
P46821,Microtubule associated protein 1B,Brain,GO:0097440;GO:0030424;GO:0097441;GO:0005829;GO:0030425;GO:0043197;GO:0098978;GO:0030426;GO:0097457;GO:0005874;GO:0005875;GO:0043025;GO:0043204;GO:0048471;GO:0001750;GO:0005886;GO:0014069;GO:0036477;GO:0045202;GO:0043196;GO:0003779;GO:0008017;GO:0005543;GO:0044877;GO:0005198;GO:0048675;GO:0007409;GO:0071363;GO:0071375;GO:0016358;GO:0021700;GO:0061162;GO:0051915;GO:0001578;GO:0000226;GO:0047497;GO:0032387;GO:0007026;GO:0001764;GO:0031175;GO:0071895;GO:0014012;GO:0045773;GO:0031116;GO:0045666;GO:0031114;GO:0150052;GO:0009743;GO:0032355;GO:0017085;GO:0009612;GO:0033189;GO:0009410;GO:0007416
Q02779,Mitogen-activated protein kinase kinase kinase 10,Brain,GO:0005737;GO:0005524;GO:0043425;GO:0004706;GO:0042803;GO:0004672;GO:0106310;GO:0004674;GO:0003714;GO:0006915;GO:0007254;GO:0043433;GO:0045892;GO:0018105;GO:0018107;GO:0043065;GO:0046330;GO:0043507;GO:0046777;GO:0007165;GO:0007224
Q9H9H5,MAP6 domain containing 1,Brain,GO:0005801;GO:0005798;GO:0005874;GO:0005516;GO:0008017;GO:0030705;GO:0000226;GO:0007026;GO:0070507
Q9P2E8,Membrane associated ring-CH-type finger 4,Brain,GO:0000139;GO:0005795;GO:0005802;GO:0004842;GO:0008270;GO:0016567
Q9Y4B5,Microtubule crosslinking factor 1,Brain,GO:0016324;GO:0016327;GO:0005737;GO:0005856;GO:0005615;GO:0000776;GO:0016328;GO:0097427;GO:0030496;GO:0005876;GO:0000922;GO:0008017;GO:0042803;GO:0003723;GO:0051301;GO:0007059;GO:0045197;GO:0001578;GO:0090314;GO:0010506
Q9H7P6,Multivesicular body subunit 12B,Brain,GO:0005829;GO:0005769;GO:0010008;GO:0000813;GO:0070062;GO:0005770;GO:0031902;GO:0005634;GO:0005886;GO:0031982;GO:0008289;GO:0090148;GO:0036258;GO:0015031;GO:0043328;GO:0042058;GO:0043162;GO:0046755;GO:0019075
Q9UL68,Myelin transcription factor 1 like,Brain,GO:0000785;GO:0005634;GO:0003677;GO:0000981;GO:0001227;GO:0008270;GO:0000122;GO:0007399;GO:0048666;GO:0030182;GO:0048663;GO:0048665;GO:0006357
O15069,NAC alpha domain containing,Brain,GO:0005737;GO:0005854;GO:0005634;GO:0051082;GO:0006612;GO:0015031
Q02577,Nescient helix-loop-helix 2,Brain,GO:0000785;GO:0005634;GO:0005667;GO:0001228;GO:0000981;GO:0046983;GO:0000978;GO:0061629;GO:1990837;GO:0006915;GO:0021535;GO:0007417;GO:0021888;GO:0008584;GO:0060179;GO:0042698;GO:0007422;GO:0051091;GO:0045944;GO:0006357
Q8IY84,NIM1 serine/threonine protein kinase,Brain,GO:0004676;GO:0004679;GO:0005524;GO:0004677;GO:0004694;GO:0044024;GO:0072371;GO:1990244;GO:0035979;GO:0044025;GO:0140823;GO:0035175;GO:0044022;GO:0140855;GO:0035402;GO:0072354;GO:0140857;GO:0035403;GO:0044023;GO:0000287;GO:0106310;GO:0004674;GO:0072518;GO:0004711;GO:0006468
Q9BZQ4,Nicotinamide nucleotide adenylyltransferase 2,Brain,GO:0030424;GO:0030659;GO:0005829;GO:0005794;GO:0000139;GO:0005770;GO:0045202;GO:0005802;GO:0005524;GO:0000309;GO:0004515;GO:0140768;GO:0061564;GO:0009435;GO:2000766;GO:0009165
O75052,Nitric oxide synthase 1 adaptor protein,Brain,GO:0070161;GO:0005901;GO:0005829;GO:0030175;GO:0098978;GO:0005739;GO:0005634;GO:0048471;GO:0002102;GO:0042383;GO:0033017;GO:0030315;GO:0030018;GO:0050998;GO:0030235;GO:0035591;GO:0006809;GO:1905026;GO:2000170;GO:1901381;GO:0098974;GO:1902514;GO:0098901;GO:0003062;GO:1901841;GO:0045428;GO:0050999;GO:0060307
Q9BQI9,Nuclear receptor interacting protein 2,Brain,GO:0005737;GO:0005634;GO:0004190;GO:0000122;GO:0007219;GO:0006508
Q14982,Opioid binding protein/cell adhesion molecule like,Brain,GO:0005576;GO:0005886;GO:0098552;GO:0007155;GO:0008038
P41146,Opioid related nociceptin receptor 1,Brain,GO:0031410;GO:0043005;GO:0005886;GO:0004930;GO:0042923;GO:0001626;GO:0007193;GO:0019722;GO:1990708;GO:0042755;GO:0044849;GO:0106072;GO:0045776;GO:0043951;GO:0007218;GO:0007200;GO:0035810;GO:1904059;GO:0032355;GO:0007600;GO:0019233
O43749,Olfactory receptor family 1 subfamily F member 1,Brain,GO:0005886;GO:0004930;GO:0004984;GO:0007165
Q9H244,Purinergic receptor P2Y12,Brain,GO:0044298;GO:0031253;GO:0009986;GO:0016020;GO:0005886;GO:0001609;GO:0001621;GO:0045028;GO:0005085;GO:0007193;GO:0019722;GO:0030030;GO:0071318;GO:0021801;GO:0051649;GO:0007186;GO:0007599;GO:0030032;GO:0006811;GO:0007200;GO:0030168;GO:0070527;GO:0033630;GO:0050921;GO:0033626;GO:1904141;GO:0043270;GO:0051897;GO:1900029;GO:0050920;GO:1904139;GO:0048678;GO:0006930;GO:0150063
Q5JQF8,Poly(A) binding protein cytoplasmic 1 like 2B,Brain,GO:0010494;GO:0005829;GO:0070062;GO:0005634;GO:1990904;GO:0003730;GO:0008143;GO:0008266
Q86VP3,Phosphofurin acidic cluster sorting protein 2,Brain,GO:0005783;GO:0005739;GO:0044325;GO:0006915;GO:0000045;GO:0032469;GO:1990456;GO:0034497;GO:0072659
Q9Y5H7,Protocadherin alpha 5,Brain,GO:0005886;GO:0005509;GO:0007155;GO:0007156;GO:0007399
Q8IVA1,Purkinje cell protein 2,Brain,GO:0043025;GO:0005085
Q9UPV7,PHD finger protein 24,Brain,GO:0005737;GO:0098978;GO:0005634;GO:0030672;GO:0046872;GO:0003714;GO:0050966;GO:0007214;GO:0008277;GO:0032228
Q9UL42,PNMA family member 2,Brain,GO:0005730;GO:0043065
Q9ULN7,PNMA family member 8B,Brain,
A0A075B759,Peptidylprolyl isomerase A like 4E,Brain,GO:0005737;GO:0016018;GO:0003755;GO:0140839;GO:0140840;GO:0006457
Q6PGN9,Proline and serine rich coiled-coil 1,Brain,GO:0005737;GO:0005829;GO:0015630;GO:0030496;GO:0005654;GO:0005819;GO:0000922;GO:0008017;GO:0051301;GO:0001578;GO:0007080;GO:0030308;GO:0045737;GO:0045893;GO:0031116;GO:0060236
Q16849,Protein tyrosine phosphatase receptor type N,Brain,GO:0043679;GO:0005768;GO:0005794;GO:0043025;GO:0005634;GO:0043204;GO:0005886;GO:0030141;GO:0045202;GO:0030658;GO:0030507;GO:0008134;GO:0044389;GO:1990502;GO:0030073;GO:0035773;GO:0001553;GO:0045944;GO:1904692;GO:0051046;GO:0000302
P23471,Protein tyrosine phosphatase receptor type Z1,Brain,GO:0005576;GO:0072534;GO:0005886;GO:0045202;GO:0140793;GO:0005178;GO:0004726;GO:0004725;GO:0030946;GO:0005001;GO:0007409;GO:0007417;GO:0002244;GO:0007611;GO:0043524;GO:0031175;GO:0048709;GO:0035335;GO:0048714;GO:0006470;GO:0031641;GO:0070445;GO:0007165
P20336,"RAB3A, member RAS oncogene family",Brain,GO:0001669;GO:0030424;GO:0060201;GO:0061202;GO:0060203;GO:0070083;GO:0005829;GO:0005768;GO:1903561;GO:0005764;GO:0048471;GO:0005886;GO:0098794;GO:0098793;GO:0048786;GO:0030667;GO:0008021;GO:0030672;GO:0043195;GO:0005525;GO:0030742;GO:0003924;GO:0031489;GO:0030674;GO:0060478;GO:0007409;GO:0045054;GO:0061670;GO:0006887;GO:0030073;GO:0030324;GO:0032418;GO:0048790;GO:0007005;GO:0007274;GO:0001778;GO:0045921;GO:1903307;GO:0009791;GO:0045055;GO:1905684;GO:0099161;GO:0048172;GO:0031630;GO:0003016;GO:0051602;GO:0050975;GO:0097091;GO:0016079;GO:0016188;GO:0036465;GO:0048489
Q9NRW1,"RAB6B, member RAS oncogene family",Brain,GO:0031410;GO:0005829;GO:0012505;GO:0005793;GO:0005794;GO:0000139;GO:0098793;GO:0005525;GO:0003924;GO:0031489;GO:0007030;GO:0006891;GO:0006886;GO:0031175;GO:1903292;GO:0042147;GO:0006890
P78509,Reelin,Brain,GO:0005737;GO:0030425;GO:0031012;GO:0005576;GO:0005615;GO:0043005;GO:0005886;GO:0110157;GO:0070325;GO:0046872;GO:0048018;GO:0008236;GO:0070326;GO:0008306;GO:0007411;GO:0007420;GO:0007155;GO:0000902;GO:0007417;GO:0021800;GO:0016358;GO:0010001;GO:0021766;GO:1904936;GO:0097477;GO:0021819;GO:0007626;GO:0007616;GO:0060291;GO:0050804;GO:0001764;GO:0097114;GO:0018108;GO:0061003;GO:2000463;GO:1902078;GO:1900273;GO:0010976;GO:0050731;GO:0051897;GO:0045860;GO:0051057;GO:0090129;GO:0051968;GO:0032008;GO:0097107;GO:0097119;GO:0035418;GO:0006508;GO:0097120;GO:0038026;GO:0050795;GO:0010468;GO:0045664;GO:2001222;GO:2000310;GO:0060025;GO:0048265;GO:0021511;GO:0021517
Q33E94,Regulatory factor X4,Brain,GO:0000785;GO:0005634;GO:0001228;GO:0000981;GO:0000978;GO:1990837;GO:0060271;GO:0045879;GO:0045944;GO:0070613;GO:0006357;GO:0021537
O94810,Regulator of G protein signaling 11,Brain,GO:0005737;GO:0043005;GO:0005886;GO:0032991;GO:0031681;GO:0005096;GO:0003924;GO:0007186;GO:0035556;GO:0009968;GO:0008277
O75783,Rhomboid like 1,Brain,GO:0016020;GO:0005886;GO:0004252;GO:0006508;GO:0007165
Q5TAB7,Ripply transcriptional repressor 2,Brain,GO:0005634;GO:0060349;GO:0007368;GO:0009880;GO:0000122;GO:0007219;GO:0001503;GO:0036342;GO:0032525;GO:0001756
Q5VTB9,Ring finger protein 220,Brain,GO:0005737;GO:0098978;GO:0005652;GO:0005634;GO:0098794;GO:0032991;GO:0008013;GO:0046872;GO:0061630;GO:0004842;GO:0021904;GO:0003358;GO:0090263;GO:0051091;GO:0051865;GO:0006513;GO:0016567;GO:0099149;GO:2000677
Q9Y2J0,Rabphilin 3A,Brain,GO:0005829;GO:0043197;GO:0019898;GO:0098850;GO:0043005;GO:0045211;GO:0032991;GO:0030141;GO:0045202;GO:0008021;GO:0030672;GO:0005509;GO:0005544;GO:0070679;GO:0042301;GO:1901981;GO:0005546;GO:0044877;GO:0008430;GO:0031267;GO:0008270;GO:0099502;GO:0006886;GO:0045956;GO:0061669;GO:0016082
Q9BXA9,Spalt like transcription factor 3,Brain,GO:0005634;GO:0000981;GO:0046872;GO:0000978;GO:0006357
Q9UPW6,SATB homeobox 2,Brain,GO:0000785;GO:0000118;GO:0016363;GO:0005654;GO:0005667;GO:0003682;GO:0001228;GO:0000981;GO:0042826;GO:0000978;GO:0000977;GO:0051216;GO:0006338;GO:0009880;GO:0048704;GO:0000122;GO:0001764;GO:0002076;GO:0045944;GO:0006357;GO:0060021
O43236,Septin 4,Brain,GO:0030424;GO:0032153;GO:0005829;GO:0030425;GO:0098691;GO:0015630;GO:0005741;GO:0005739;GO:0005654;GO:0005634;GO:0043204;GO:0098793;GO:0031105;GO:0005940;GO:0097227;GO:0008021;GO:0005525;GO:0003924;GO:0042802;GO:0000287;GO:0060090;GO:0005198;GO:0006915;GO:0061640;GO:0030317;GO:0061484;GO:0001764;GO:0043065;GO:2001244;GO:0031398;GO:0008104;GO:0042981;GO:0017157;GO:0048515
Q99574,Serpin family I member 1,Brain,GO:0060205;GO:0070062;GO:0005615;GO:0043025;GO:0043204;GO:0034774;GO:0004867;GO:0007417;GO:0007422;GO:0010976
Q9BYH1,Seizure related 6 homolog like,Brain,GO:0005783;GO:0005789;GO:0043025;GO:0090036;GO:0060074
Q92529,SHC adaptor protein 3,Brain,GO:0005829;GO:0005886;GO:0001784;GO:0030971;GO:0007169;GO:0007417;GO:0007173;GO:0035556
B8ZZ34,Shisa family member 8,Brain,GO:0032281;GO:0032591;GO:0014069;GO:0045211;GO:0048172
A0MZ66,Shootin 1,Brain,GO:0030424;GO:0044295;GO:0031252;GO:0005737;GO:0030175;GO:0030426;GO:0030027;GO:0005874;GO:0005875;GO:0015630;GO:0043204;GO:0048471;GO:0051015;GO:0045296;GO:0042802;GO:0019894;GO:0061573;GO:0007409;GO:0032488;GO:0060327;GO:0061163;GO:0038007;GO:0048812;GO:0045773;GO:2001224;GO:0007265;GO:2000114;GO:0006930
Q8WUG5,Solute carrier family 22 member 17,Brain,GO:0031090;GO:0005886;GO:0005774;GO:0004888;GO:0022857;GO:0006879;GO:0015891
Q6PIV7,Solute carrier family 25 member 34,Brain,GO:0005743;GO:0001835
Q8IY50,Solute carrier family 35 member F3,Brain,GO:0016020;GO:0015888
A4IF30,Solute carrier family 35 member F4,Brain,GO:0016020
Q9H1V8,Solute carrier family 6 member 17,Brain,GO:0042995;GO:0098982;GO:0098978;GO:0016020;GO:0005886;GO:0098794;GO:0008021;GO:0030672;GO:0015293;GO:0032328;GO:0007420;GO:0015816;GO:0015820;GO:0006836;GO:0015804;GO:0015824;GO:0030163;GO:0035725;GO:0150104
Q14940,Solute carrier family 9 member A5,Brain,GO:0032591;GO:0005925;GO:0016020;GO:0044309;GO:0005886;GO:0045211;GO:0055038;GO:0045202;GO:1990763;GO:0015386;GO:0015385;GO:0006811;GO:0071805;GO:0051453;GO:0098719;GO:0035725
P46721,Solute carrier organic anion transporter family member 1A2,Brain,GO:0016324;GO:0009925;GO:0016323;GO:0005886;GO:0015125;GO:0008514;GO:0015101;GO:0015347;GO:0022857;GO:0015721;GO:0006811;GO:0015711;GO:0043252;GO:0006805
Q9NYB5,Solute carrier organic anion transporter family member 1C1,Brain,GO:0016323;GO:0005886;GO:0015125;GO:0008514;GO:0015347;GO:0015349;GO:0015721;GO:0006811;GO:2000611;GO:0043252;GO:0070327;GO:0055085;GO:0150104
Q96PX8,SLIT and NTRK like family member 1,Brain,GO:0005576;GO:0098982;GO:0098978;GO:0005886;GO:0098839;GO:0045202;GO:0030534;GO:0007409;GO:0006897;GO:0010467;GO:0042592;GO:0035264;GO:1990138;GO:0042415;GO:0050772;GO:0051965;GO:1905606;GO:0007416;GO:0099560;GO:0071625
P0DMW4,Small integral membrane protein 10 like 2A,Brain,
P60880,Synaptosome associated protein 25,Brain,GO:0015629;GO:0044295;GO:0005938;GO:0005737;GO:0005856;GO:0005829;GO:0005768;GO:0098888;GO:0030175;GO:0098978;GO:0030426;GO:0030027;GO:0016020;GO:0043005;GO:0043025;GO:0048471;GO:0001917;GO:0005886;GO:0042734;GO:0097470;GO:0031201;GO:0035579;GO:0008021;GO:0070044;GO:0070032;GO:0070033;GO:0070821;GO:0005802;GO:0008076;GO:0048306;GO:0008289;GO:0017022;GO:0019904;GO:0005484;GO:0017075;GO:0044325;GO:0005249;GO:0008306;GO:0007409;GO:0007268;GO:0016197;GO:0006887;GO:0007626;GO:0007616;GO:0060291;GO:0001504;GO:0032024;GO:0099525;GO:0050796;GO:0010975;GO:0051963;GO:0035493;GO:0016081;GO:0016079;GO:0031629;GO:0016082
O94964,"Suppressor of glucose, autophagy associated 1",Brain,GO:0070062;GO:0005615;GO:0000139;GO:0005874;GO:0030496;GO:0051301;GO:0007059;GO:0008286;GO:0045721;GO:0010506
Q9UPU3,Sortilin related VPS10 domain containing receptor 3,Brain,GO:0098978;GO:0016020;GO:0098839;GO:0008188;GO:0007612;GO:0007613;GO:0007218;GO:0099170;GO:1900452
P56693,SRY-box transcription factor 10,Brain,GO:0000785;GO:0005741;GO:0005654;GO:0005634;GO:0003677;GO:0001216;GO:0001228;GO:0003700;GO:0000981;GO:0140297;GO:0042802;GO:1990841;GO:0000978;GO:1990837;GO:0000976;GO:0009653;GO:0048469;GO:0071393;GO:0071466;GO:0022010;GO:0048589;GO:0048546;GO:0048484;GO:0001701;GO:0032808;GO:0030318;GO:0061138;GO:0002009;GO:0043066;GO:0090090;GO:0010626;GO:0000122;GO:0001755;GO:0007405;GO:0014003;GO:0048709;GO:0007422;GO:0045893;GO:0010628;GO:0014015;GO:0031643;GO:0002052;GO:0006357;GO:0006368
P0CG40,Sp9 transcription factor,Brain,GO:0000785;GO:0005634;GO:0000981;GO:0046872;GO:0000978;GO:1990837;GO:0030326;GO:0006357
Q9H254,"Spectrin beta, non-erythrocytic 4",Brain,GO:0005884;GO:0043203;GO:0043194;GO:0070852;GO:0030054;GO:0042995;GO:0030864;GO:0005737;GO:0005829;GO:0070062;GO:0014704;GO:0044224;GO:0016020;GO:0043025;GO:0033268;GO:0016363;GO:0033270;GO:0005886;GO:0016605;GO:0008091;GO:0003779;GO:0051015;GO:0030506;GO:0106006;GO:0019902;GO:0005543;GO:0030507;GO:0005200;GO:0030036;GO:0051693;GO:0007628;GO:0007409;GO:0061337;GO:0021952;GO:0045162;GO:0009566;GO:0010459;GO:0007528;GO:0050905;GO:0040018;GO:0072659;GO:0065003;GO:0002028;GO:0007605;GO:0019226;GO:0016192
Q9C0H9,SRC kinase signaling inhibitor 1,Brain,GO:0015629;GO:0030424;GO:0005737;GO:0030425;GO:0098978;GO:0014069;GO:0098793;GO:0045202;GO:0019901;GO:0006887;GO:0061099;GO:0061098;GO:0098974;GO:0030334;GO:0061001;GO:0034446
O60284,ST18 C2H2C-type zinc finger transcription factor,Brain,GO:0000785;GO:0005634;GO:0032993;GO:0000981;GO:0000978;GO:0008270;GO:0070498;GO:0070102;GO:0008285;GO:2001056;GO:0045944;GO:0010468;GO:0033209
Q8N0S2,Synaptonemal complex central element protein 1,Brain,GO:0000801;GO:0005694;GO:0000795;GO:0051301;GO:0007130
Q9H2B2,Synaptotagmin 4,Brain,GO:0097449;GO:0030424;GO:0030425;GO:0032127;GO:0070382;GO:0098978;GO:0000139;GO:1990742;GO:0043025;GO:0098992;GO:0099012;GO:0048471;GO:0005886;GO:0045202;GO:0030672;GO:0005509;GO:0061891;GO:0005544;GO:0000149;GO:0099502;GO:0030154;GO:0099519;GO:0007613;GO:0045955;GO:0033604;GO:0050709;GO:1905433;GO:0048174;GO:2000301;GO:0045956;GO:1903861;GO:1905415;GO:0014049;GO:0017158;GO:0014059;GO:0030100;GO:0150044;GO:0150035;GO:0006906;GO:0016192
P20366,Tachykinin precursor 1,Brain,GO:0030424;GO:0005576;GO:0005615;GO:0043025;GO:0045202;GO:0031835;GO:0007267;GO:1990090;GO:0007268;GO:0009582;GO:0006954;GO:0007320;GO:0007218;GO:0007204;GO:0048265;GO:0019233;GO:0007217
Q9UI15,Transgelin 3,Brain,GO:0015629;GO:0005634;GO:0045202;GO:0051015;GO:0007015;GO:0007417;GO:0000122
A2RU30,"Thymocyte expressed, positive selection associated 1",Brain,GO:0008180;GO:0005737;GO:0005829;GO:0005789;GO:0036398;GO:0043274;GO:0005102;GO:0010387;GO:0033089;GO:0050862;GO:0008104;GO:0033077;GO:0036399
P10827,Thyroid hormone receptor alpha,Brain,GO:0000785;GO:0005829;GO:0005654;GO:0005634;GO:0090575;GO:0031490;GO:0003700;GO:0000981;GO:0140296;GO:0004879;GO:0019904;GO:0044877;GO:0000978;GO:0017025;GO:0070324;GO:0000976;GO:0008270;GO:0001502;GO:0030154;GO:0030218;GO:0008050;GO:0009755;GO:0007611;GO:0042789;GO:0045892;GO:2000143;GO:0017055;GO:0000122;GO:0001503;GO:0120162;GO:0045925;GO:0002157;GO:0045944;GO:0008016;GO:0050994;GO:0033032;GO:0002155;GO:0006357;GO:0009409;GO:0048384;GO:0030878;GO:0002154;GO:0006366;GO:0060509
Q6IEE7,Transmembrane protein 132E,Brain,GO:0044297;GO:0016020;GO:0035677
Q7L0X0,TLR4 interactor with leucine rich repeats,Brain,GO:0031012;GO:0005615;GO:0046696;GO:0001530;GO:0006954;GO:0045087;GO:0002718;GO:0034142
Q7Z4K8,Tripartite motif containing 46,Brain,GO:1904115;GO:0043194;GO:0005856;GO:0044304;GO:1990769;GO:0008270;GO:0048490;GO:0007409;GO:0001578;GO:0030517;GO:0001764;GO:1901953;GO:0099612;GO:0032880
Q9C026,Tripartite motif containing 9,Brain,GO:0005737;GO:0005856;GO:0030425;GO:0008021;GO:0019904;GO:0042803;GO:0061630;GO:0008270;GO:0043161;GO:0016567
P04350,Tubulin beta 4A class IVa,Brain,GO:0005930;GO:0005737;GO:0005829;GO:0070062;GO:0045171;GO:0033269;GO:0005874;GO:0015630;GO:0072686;GO:0043209;GO:0043025;GO:0005634;GO:0005509;GO:0005525;GO:0003924;GO:0005200;GO:0000226;GO:0000278;GO:0031115
P09936,Ubiquitin C-terminal hydrolase L1,Brain,GO:1904115;GO:0005737;GO:0005829;GO:0005789;GO:0044306;GO:0043025;GO:0005654;GO:0031694;GO:0004843;GO:0004197;GO:0008242;GO:0043022;GO:0043130;GO:0031625;GO:0007628;GO:0007412;GO:0019896;GO:0071466;GO:0042755;GO:0002176;GO:0055001;GO:0043407;GO:0050905;GO:0045821;GO:0043161;GO:0016579;GO:0016241;GO:0002931
Q9BZM6,UL16 binding protein 1,Brain,GO:0005829;GO:0005783;GO:0009897;GO:0005615;GO:0005886;GO:0046703;GO:0048018;GO:0002486;GO:0002476;GO:0006955;GO:0030101;GO:0042267;GO:0001916
Q8N2C7,"Unc-80 homolog, NALCN channel complex subunit",Brain,GO:0030424;GO:0034703;GO:0005886;GO:0005261;GO:0055080
Q2TAL6,Von Willebrand factor C domain containing 2,Brain,GO:0032281;GO:0005604;GO:0005615;GO:0098890;GO:0098978;GO:0005614;GO:0030514;GO:0099645;GO:0010811;GO:0045666
Q96NS1,Yippee like 4,Brain,GO:0005730;GO:0046872
Q8N966,Zinc finger DHHC-type palmitoyltransferase 22,Brain,GO:0005783;GO:0005789;GO:0005794;GO:0000139;GO:0005886;GO:0019706;GO:0072659;GO:0018345;GO:0006612
Q9NU63,ZFP57 zinc finger protein,Brain,GO:0005634;GO:0003682;GO:0000981;GO:0046872;GO:0000977;GO:0141068;GO:0006357
Q96T25,Zic family member 5,Brain,GO:0005634;GO:0000981;GO:0046872;GO:0000978;GO:1990837;GO:0030154;GO:0007417;GO:0006357
Q08828,Adenylate cyclase 1,Brain,GO:0005737;GO:0070062;GO:0098978;GO:0098686;GO:0045121;GO:0005886;GO:0098839;GO:0098793;GO:0098685;GO:0004016;GO:0005524;GO:0008294;GO:0005516;GO:0046872;GO:0007189;GO:0007409;GO:0006171;GO:0071277;GO:1904322;GO:0007623;GO:0035556;GO:0007616;GO:0150076;GO:0032793;GO:1900273;GO:0099171;GO:0042752;GO:0009410
P40145,Adenylate cyclase 8,Brain,GO:0016324;GO:0030424;GO:0016323;GO:0005901;GO:0005905;GO:0030665;GO:0030425;GO:0060076;GO:0098978;GO:0098686;GO:0016020;GO:0045121;GO:0032809;GO:0005886;GO:0044853;GO:0014069;GO:0048786;GO:0042734;GO:0098685;GO:0003779;GO:0004016;GO:0005524;GO:0008294;GO:0005516;GO:0046872;GO:0046983;GO:0046982;GO:0042803;GO:0051721;GO:0034199;GO:0007189;GO:0006171;GO:0071277;GO:1904322;GO:0071377;GO:0071333;GO:0071315;GO:0038003;GO:0042593;GO:0010255;GO:0035556;GO:0007611;GO:0007626;GO:0007616;GO:0007613;GO:0150076;GO:0032793;GO:0007204;GO:0035774;GO:1900454;GO:1900273;GO:0031915;GO:0051259;GO:0051260;GO:0080135;GO:0051480;GO:0050796;GO:0007165
P41586,ADCYAP receptor type I,Brain,GO:0005923;GO:0005901;GO:0009986;GO:0005768;GO:0043231;GO:0005886;GO:0043235;GO:0008179;GO:0008528;GO:0042923;GO:0017046;GO:0001634;GO:0038023;GO:0031267;GO:0004999;GO:0007189;GO:0007188;GO:0019933;GO:0030154;GO:0007166;GO:0046545;GO:0033555;GO:1901032;GO:0010524;GO:0043950;GO:0060732;GO:0051057;GO:0032355;GO:0045471;GO:0009410;GO:0007283
O60242,Adhesion G protein-coupled receptor B3,Brain,GO:0150053;GO:0016020;GO:0005886;GO:0098794;GO:0098839;GO:0043083;GO:0004930;GO:0005096;GO:0007189;GO:0007166;GO:0007186;GO:0099558;GO:0061743;GO:0007520;GO:0016525;GO:0016322;GO:0051965;GO:0048814;GO:0090128;GO:1905806
P29274,Adenosine A2a receptor,Brain,GO:0032279;GO:0030673;GO:0030425;GO:0098978;GO:0005882;GO:0016020;GO:0043025;GO:0005886;GO:0045211;GO:0048786;GO:0042734;GO:0051393;GO:0005516;GO:0019899;GO:0001609;GO:0042802;GO:0008289;GO:0044877;GO:0031802;GO:0007189;GO:0007188;GO:0006915;GO:0097190;GO:0048143;GO:0008015;GO:0007596;GO:0007267;GO:0006968;GO:0007417;GO:0042755;GO:0060079;GO:0001973;GO:0006954;GO:0060080;GO:0007626;GO:0051899;GO:0046636;GO:0008285;GO:0050728;GO:0043524;GO:0043116;GO:0048812;GO:0006909;GO:0014057;GO:2001235;GO:0045938;GO:0014049;GO:1900273;GO:0050714;GO:0032230;GO:0051968;GO:0035810;GO:0060134;GO:0099171;GO:0051924;GO:0006355;GO:0051881;GO:0014061;GO:0001975;GO:0031000;GO:0014074;GO:0009410;GO:0007600;GO:0007271;GO:0001963;GO:0035249;GO:0042311
P09972,"Aldolase, fructose-bisphosphate C",Brain,GO:0005856;GO:0005829;GO:0070062;GO:0005576;GO:1904813;GO:0034774;GO:1904724;GO:0008092;GO:0004332;GO:0030855;GO:0030388;GO:0006000;GO:0006094;GO:0006096
P03971,Anti-Mullerian hormone,Brain,GO:0005576;GO:0005615;GO:0008083;GO:0005179;GO:0005102;GO:0005114;GO:1990262;GO:0007267;GO:0007506;GO:0033327;GO:0001880;GO:2000355;GO:0001541;GO:0010628;GO:0060391;GO:0001546;GO:0014070;GO:0009410;GO:0007530;GO:0007548;GO:0001655
Q7Z6G8,Ankyrin repeat and sterile alpha motif domain containing 1B,Brain,GO:0015030;GO:0005813;GO:0005829;GO:0043197;GO:0005654;GO:0005886;GO:0014069;GO:0046875;GO:0048013
Q13367,Adaptor related protein complex 3 subunit beta 2,Brain,GO:0030123;GO:1904115;GO:0030665;GO:0005769;GO:0005794;GO:0097708;GO:0098793;GO:0008089;GO:0048490;GO:0035654;GO:0006886;GO:0046907;GO:0016183;GO:0036465;GO:0016192
P02649,Apolipoprotein E,Brain,GO:0072562;GO:0042627;GO:0034360;GO:0030669;GO:0062023;GO:0005737;GO:0030425;GO:0034365;GO:0005769;GO:0071682;GO:0005783;GO:0005788;GO:0070062;GO:0031012;GO:0005576;GO:0005615;GO:1903561;GO:0098978;GO:0005794;GO:0034364;GO:0034363;GO:1990777;GO:0034362;GO:0042470;GO:0016020;GO:0097487;GO:0043025;GO:0005634;GO:0005886;GO:0043083;GO:0034361;GO:0001540;GO:0016209;GO:0120020;GO:0019899;GO:0043395;GO:0008201;GO:0042802;GO:0008289;GO:0005319;GO:0071813;GO:0050750;GO:0046911;GO:0060228;GO:0005543;GO:0046983;GO:0042803;GO:0044877;GO:0048018;GO:0005102;GO:0005198;GO:0048156;GO:0070326;GO:0055090;GO:0097113;GO:0042982;GO:0048844;GO:0071402;GO:0006707;GO:0033344;GO:0042632;GO:0008203;GO:0034382;GO:0007010;GO:0055089;GO:0007186;GO:0010467;GO:0034380;GO:0034384;GO:0034375;GO:0071831;GO:0006874;GO:0046907;GO:0010877;GO:0042158;GO:0042159;GO:0035641;GO:0015909;GO:0007616;GO:0034374;GO:0051651;GO:0032438;GO:1905907;GO:1902430;GO:0030195;GO:0043537;GO:0090090;GO:0045541;GO:0010596;GO:0001937;GO:0010629;GO:0050728;GO:1900272;GO:0043407;GO:0010977;GO:0010544;GO:0051248;GO:0050709;GO:0048662;GO:0090209;GO:0031175;GO:0038060;GO:0097114;GO:0033700;GO:0044794;GO:1905908;GO:1900223;GO:0010875;GO:0090205;GO:1905920;GO:0060999;GO:1902952;GO:0045893;GO:0045807;GO:0070374;GO:0046889;GO:1903002;GO:0140077;GO:0032805;GO:0051044;GO:0010976;GO:0045429;GO:1902995;GO:0017038;GO:0006898;GO:1905906;GO:1902991;GO:1900221;GO:0042981;GO:0030516;GO:2000822;GO:0032489;GO:1905890;GO:0090181;GO:0045088;GO:0048168;GO:0061136;GO:0051246;GO:0043254;GO:0061771;GO:0002021;GO:0000302;GO:0043691;GO:0007271;GO:0070328;GO:0006641;GO:0071830;GO:0042311;GO:0034447;GO:0034372;GO:0019068
P55087,Aquaporin 4,Brain,GO:0097450;GO:0016323;GO:0005737;GO:0010008;GO:0009897;GO:0005576;GO:0005886;GO:0042383;GO:0042802;GO:0015250;GO:0071346;GO:0090660;GO:0009992;GO:0050891;GO:0051289;GO:0003091;GO:0006833
Q6T311,ADP ribosylation factor like GTPase 9,Brain,GO:0005525;GO:0003924
Q16515,Acid sensing ion channel subunit 2,Brain,GO:0043197;GO:0043025;GO:0005886;GO:0098839;GO:0015280;GO:0022839;GO:0005248;GO:0071468;GO:0071466;GO:0007417;GO:0007268;GO:0050974;GO:0051649;GO:0098662;GO:0043066;GO:0007422;GO:0007602;GO:0051965;GO:0035418;GO:0042391;GO:0034765;GO:0150052;GO:0003026;GO:0019229;GO:0007605;GO:0050915;GO:0035725;GO:0007416
Q5U4P2,Aspartate beta-hydroxylase domain containing 1,Brain,GO:0016020;GO:0051213
Q96A70,Antizyme inhibitor 2,Brain,GO:0030424;GO:0005801;GO:0005737;GO:0031410;GO:0005829;GO:0030425;GO:0033116;GO:1990005;GO:0005739;GO:0005634;GO:0043204;GO:0048471;GO:0005802;GO:0030133;GO:0008792;GO:0042978;GO:0097055;GO:0042177;GO:0043085;GO:1902269;GO:0033387;GO:0007283;GO:0098629
P56817,Beta-secretase 1,Brain,GO:0030424;GO:0009986;GO:0030425;GO:0005769;GO:0005788;GO:0005768;GO:0010008;GO:0005794;GO:0070931;GO:0098686;GO:0005770;GO:0005764;GO:0016020;GO:0045121;GO:0005771;GO:0043025;GO:0005886;GO:0055037;GO:0008021;GO:0005802;GO:0001540;GO:0004190;GO:0008798;GO:0004175;GO:0019899;GO:0008233;GO:0120283;GO:1990000;GO:0042987;GO:0034205;GO:0050435;GO:1904646;GO:0071280;GO:0071287;GO:0050966;GO:0006509;GO:0043525;GO:0060134;GO:0099171;GO:0016485;GO:0006508;GO:0010288;GO:0140448
Q9C0K0,BAF chromatin remodeling complex subunit BCL11B,Brain,GO:0043005;GO:0005634;GO:0016514;GO:0001228;GO:0003700;GO:0046872;GO:0000978;GO:1990837;GO:0046632;GO:0021902;GO:0003382;GO:0035701;GO:0003334;GO:0097535;GO:0008285;GO:0070244;GO:0042475;GO:0071678;GO:0045944;GO:0043368;GO:0031077;GO:0010837;GO:0019216;GO:0045664;GO:0021773;GO:0033077;GO:0033153;GO:0070242;GO:0048538;GO:0006366
Q5SZJ8,BEN domain containing 6,Brain,GO:0005634;GO:0003682;GO:0003677;GO:0003714;GO:0045746;GO:0007399;GO:0045666
Q6PL45,BRICHOS domain containing 5,Brain,GO:0005615;GO:0016020;GO:0042127
Q96M02,Chromosome 10 open reading frame 90,Brain,GO:0015629;GO:0005814;GO:0005813;GO:0005737;GO:0005829;GO:0005886;GO:0008017;GO:0061630;GO:0000209;GO:0050821;GO:0016567;GO:0046599
O95567,Chromosome 22 open reading frame 31,Brain,
Q00975,Calcium voltage-gated channel subunit alpha1 B,Brain,GO:0043025;GO:0005886;GO:0045202;GO:0005891;GO:0001540;GO:0005524;GO:0005509;GO:0008331;GO:0005245;GO:0098703;GO:0007268;GO:0050804;GO:1904645
Q9Y698,Calcium voltage-gated channel auxiliary subunit gamma 2,Brain,GO:0032281;GO:0009986;GO:0044300;GO:0030666;GO:0098978;GO:0098686;GO:0005886;GO:0098839;GO:0098685;GO:0036477;GO:0005891;GO:0016247;GO:0035255;GO:0005245;GO:0060082;GO:0051899;GO:0060081;GO:0007528;GO:0099590;GO:0099645;GO:0098943;GO:1904510;GO:0051968;GO:0098970;GO:0006612;GO:2000311;GO:0051592;GO:0019226
Q8N126,Cell adhesion molecule 3,Brain,GO:0005911;GO:0005886;GO:0042734;GO:0042803;GO:0007157;GO:0007156
P35520,Cystathionine beta-synthase,Brain,GO:0005737;GO:0005829;GO:0005634;GO:0070025;GO:0004122;GO:0019899;GO:0020037;GO:0042802;GO:0046872;GO:0072341;GO:0070026;GO:0050421;GO:0019825;GO:0042803;GO:0030170;GO:1904047;GO:0031625;GO:0097746;GO:0001974;GO:0060351;GO:0071456;GO:0021587;GO:0019344;GO:0006535;GO:0019343;GO:0042262;GO:0001958;GO:0043418;GO:0050667;GO:0070814;GO:0019448;GO:0006565;GO:0006563;GO:0060135;GO:0043066;GO:0010749;GO:0051593;GO:0006801;GO:0019346
O95273,Cyclin D1 binding protein 1,Brain,GO:0005737;GO:0016604;GO:0005654;GO:0005634
Q9H8S5,Cyclin P,Brain,GO:0000307;GO:0005737;GO:0005815;GO:0005634;GO:0016538;GO:0000082
Q9Y6N8,Cadherin 10,Brain,GO:0005912;GO:0016342;GO:0098978;GO:0005886;GO:0008013;GO:0045296;GO:0005509;GO:0034332;GO:0016339;GO:0016477;GO:0000902;GO:0098609;GO:0044331;GO:0007043;GO:0007156;GO:0099560
P55286,Cadherin 8,Brain,GO:0005912;GO:0043679;GO:0016342;GO:0098978;GO:0005886;GO:0043083;GO:0097060;GO:0008013;GO:0045296;GO:0005509;GO:0042802;GO:0034332;GO:0016339;GO:0007155;GO:0016477;GO:0000902;GO:0044331;GO:0007043;GO:0007156;GO:0050807;GO:0009409;GO:0035249
P55273,Cyclin dependent kinase inhibitor 2D,Brain,GO:0097129;GO:0005737;GO:0005829;GO:0005654;GO:0005634;GO:0004861;GO:0019901;GO:0048102;GO:0000731;GO:1902807;GO:0030308;GO:0008285;GO:1902230;GO:0042326;GO:0000079;GO:2000045;GO:0032526;GO:0009411;GO:0033280;GO:0007605
Q5SZQ8,CUGBP Elav-like family member 3,Brain,GO:0005737;GO:0016604;GO:0005634;GO:1990904;GO:0097322;GO:0003729;GO:0036002;GO:0003723;GO:0030317;GO:0140742;GO:0006376;GO:0030575;GO:0048026;GO:0000381;GO:0008380;GO:0007283
Q8N111,Cell cycle exit and neuronal differentiation 1,Brain,GO:0016020;GO:0007628;GO:0021686;GO:0021702;GO:0021941;GO:0021933
P78369,Claudin 10,Brain,GO:0005923;GO:0005737;GO:0005886;GO:0070160;GO:0042802;GO:0160187;GO:0005198;GO:0070830;GO:0016338;GO:0007155;GO:0006811;GO:0160184;GO:0043269
O95484,Claudin 9,Brain,GO:0005923;GO:0030054;GO:0043231;GO:0005886;GO:0042802;GO:0005198;GO:0001618;GO:0070830;GO:0016338;GO:0007155
Q9UDT6,CAP-Gly domain containing linker protein 2,Brain,GO:0005938;GO:0005875;GO:0035371;GO:0005634;GO:0008017;GO:0051010;GO:0031122
Q5SYC1,Clavesin 2,Brain,GO:0030136;GO:0031901;GO:0005768;GO:0005802;GO:0032588;GO:1902936;GO:0080025;GO:0007040
Q8TBE1,Cornichon family AMPA receptor auxiliary protein 3,Brain,GO:0032281;GO:0030425;GO:0043198;GO:0005789;GO:0033116;GO:0012507;GO:0045211;GO:0045202;GO:0005102;GO:2000311;GO:0035249;GO:0016192
O75829,Chondromodulin,Brain,GO:0012505;GO:0005576;GO:0016020;GO:0051216;GO:0030154;GO:0016525;GO:0001937;GO:0006029;GO:0001501
Q8WYK1,Contactin associated protein family member 5,Brain,GO:0016020;GO:0007155
P13942,Collagen type XI alpha 2 chain,Brain,GO:0005581;GO:0005592;GO:0062023;GO:0005788;GO:0005576;GO:0005615;GO:0030020;GO:0008201;GO:0046872;GO:0030674;GO:0051216;GO:0030199;GO:0060021;GO:0007605;GO:0001501;GO:0060023
Q96A83,Collagen type XXVI alpha 1 chain,Brain,GO:1990324;GO:0062023;GO:0005788;GO:0005576;GO:0005794;GO:0005886;GO:0010811
Q9HCH3,Copine 5,Brain,GO:0070062;GO:0043005;GO:0043204;GO:0005886;GO:0005544;GO:0046872;GO:0030154;GO:0071277;GO:1903861
O95741,Copine 6,Brain,GO:0030424;GO:0045334;GO:0030425;GO:0005768;GO:0070062;GO:0016020;GO:0043204;GO:0005886;GO:0005509;GO:0005544;GO:0001786;GO:0030154;GO:0071277;GO:1903861;GO:0098974
Q6PB30,Chondrosarcoma associated gene 1,Brain,GO:0005813;GO:0005737;GO:0000922;GO:0007098
Q96PZ7,CUB and Sushi multiple domains 1,Brain,GO:0016020;GO:1990708;GO:0008585;GO:0042593;GO:0008584;GO:0060745;GO:0007613;GO:0035846;GO:0001964
O95661,DIRAS family GTPase 3,Brain,GO:0005886;GO:0019003;GO:0005525;GO:0003924;GO:0071514;GO:0000079;GO:0007264
Q14183,Double C2 domain alpha,Brain,GO:0030054;GO:0098850;GO:0098978;GO:0005764;GO:0043005;GO:0005730;GO:0005654;GO:0045202;GO:0005544;GO:0046872;GO:0099502;GO:0007268;GO:0007399;GO:0045956;GO:0017158;GO:0061669
Q8N608,Dipeptidyl peptidase like 10,Brain,GO:0016020;GO:0005886;GO:0008076;GO:0015459;GO:0008236;GO:0044325;GO:1903078;GO:0072659;GO:0006508;GO:1901379
O43854,EGF like repeats and discoidin domains 3,Brain,GO:0062023;GO:0070062;GO:1903561;GO:0005509;GO:0005178;GO:0007155;GO:0010811
Q6UWR7,Ectonucleotide pyrophosphatase/phosphodiesterase 6,Brain,GO:0070062;GO:0005576;GO:0005886;GO:0098552;GO:0047390;GO:0008889;GO:0046872;GO:0008081;GO:0019695;GO:0046475;GO:0006629
P22794,Ecotropic viral integration site 2A,Brain,GO:0016020;GO:0004888
O15540,Fatty acid binding protein 7,Brain,GO:0005829;GO:0005634;GO:0005504;GO:0008289;GO:0050673;GO:0015908;GO:0008285;GO:0007399
Q49AJ0,Family with sequence similarity 135 member B,Brain,
Q8WUB2,Family with sequence similarity 216 member A,Brain,
Q8TBF8,Family with sequence similarity 81 member A,Brain,GO:0098978;GO:0014069;GO:0099092;GO:0140693
Q9NYQ8,FAT atypical cadherin 2,Brain,GO:0005912;GO:0070062;GO:0005794;GO:0005886;GO:0005509;GO:0098609;GO:0031589;GO:0010631;GO:0007156
A6NHQ2,Fibrillarin like 1,Brain,GO:0031428;GO:0015030;GO:0001650;GO:0005730;GO:0005654;GO:0032040;GO:1990259;GO:0003723;GO:0008649;GO:0001835;GO:0000494;GO:0031167
Q8TF61,F-box protein 41,Brain,GO:0005829
O14842,Free fatty acid receptor 1,Brain,GO:0005886;GO:0045125;GO:0004930;GO:0008289;GO:0007186;GO:0042593;GO:0030073;GO:0099105;GO:1990806;GO:0032691;GO:0007200;GO:0051928;GO:0007204;GO:0032024;GO:0070542
P05230,Fibroblast growth factor 1,Brain,GO:0005938;GO:0005737;GO:0005829;GO:0031012;GO:0005576;GO:0005615;GO:0005654;GO:0005634;GO:0005104;GO:0008083;GO:0008201;GO:0030544;GO:0005178;GO:0044548;GO:0032148;GO:0009653;GO:0001525;GO:0060681;GO:0034605;GO:0050673;GO:0008543;GO:0030324;GO:0072163;GO:0022008;GO:0001759;GO:0045766;GO:0051781;GO:0030335;GO:0008284;GO:0045542;GO:0010595;GO:0070374;GO:2000347;GO:1902533;GO:0043406;GO:0043410;GO:1903672;GO:0045944;GO:0030334;GO:2000544;GO:1901509;GO:0007165;GO:0042060
Q96PY5,Formin like 2,Brain,GO:0005829;GO:0051015;GO:0045296;GO:0031267;GO:0016477;GO:0030866;GO:0007010;GO:0022604;GO:0008360
Q8TBE3,Fibronectin type III domain containing 9,Brain,GO:0016020
P49356,"Farnesyltransferase, CAAX box, beta",Brain,GO:0005829;GO:0005875;GO:0005965;GO:0004660;GO:0008270;GO:0006629;GO:0018343
Q11130,Fucosyltransferase 7,Brain,GO:0005794;GO:0032580;GO:0000139;GO:0016020;GO:0005802;GO:0017083;GO:0046920;GO:0008417;GO:0002361;GO:0006672;GO:0007566;GO:0036065;GO:0006954;GO:0042355;GO:0002522;GO:0002523;GO:0097022;GO:0009312;GO:0045785;GO:0022409;GO:1904996;GO:1903238;GO:1902624;GO:0006486;GO:0060353;GO:0022407;GO:0046626;GO:1903037;GO:1903236;GO:2000389;GO:0001807;GO:0072678
Q9Y231,Fucosyltransferase 9,Brain,GO:0005794;GO:0000139;GO:0005802;GO:0032588;GO:0017083;GO:0046920;GO:0008417;GO:0042803;GO:0005975;GO:0036065;GO:0006688;GO:0042355;GO:0106402;GO:0036071;GO:0030182;GO:0036445;GO:0009312;GO:0000271;GO:0010976;GO:0006486;GO:0006487;GO:0006493;GO:1903037;GO:1903236
P47869,Gamma-aminobutyric acid type A receptor subunit alpha2,Brain,GO:0030424;GO:0034707;GO:0032590;GO:1902711;GO:0098982;GO:0060077;GO:0043005;GO:0043025;GO:0005886;GO:0098794;GO:0099634;GO:0045202;GO:0030672;GO:1902495;GO:0008503;GO:0004890;GO:0022851;GO:0099507;GO:1904315;GO:1902476;GO:0007214;GO:1904862;GO:0060078;GO:0051932
Q99999,Galactose-3-O-sulfotransferase 1,Brain,GO:0000139;GO:0016020;GO:0005886;GO:0001733;GO:0008146;GO:0006682;GO:0006681;GO:0046486;GO:0006688;GO:0042552;GO:0006487;GO:0007283;GO:0006665
O60861,Growth arrest specific 7,Brain,GO:0005884;GO:0005737;GO:0005886;GO:0051015;GO:0042802;GO:0030041;GO:0048812
Q9Y2T3,Guanine deaminase,Brain,GO:0005829;GO:0008892;GO:0008270;GO:0000255;GO:0043605;GO:0006161;GO:0046055;GO:0046038;GO:0006147;GO:0046098;GO:0007399;GO:0006139
P01286,Growth hormone releasing hormone,Brain,GO:0005576;GO:0005615;GO:0043204;GO:0043195;GO:0016608;GO:0031770;GO:0005184;GO:0051428;GO:0021984;GO:0007189;GO:0007267;GO:0030252;GO:0035264;GO:0008284;GO:0046005;GO:0060124;GO:0043568;GO:0040018;GO:0032880;GO:0032094
P23416,Glycine receptor alpha 2,Brain,GO:0034707;GO:0098982;GO:0098690;GO:0043231;GO:0043005;GO:0005886;GO:0099634;GO:0045202;GO:1902495;GO:0016934;GO:0016594;GO:0022852;GO:0046872;GO:0030594;GO:0004888;GO:1904315;GO:0071230;GO:0071361;GO:0071294;GO:1902476;GO:0050804;GO:0034220;GO:0007218
P00367,Glutamate dehydrogenase 1,Brain,GO:0005737;GO:0005783;GO:0005759;GO:0005739;GO:0043531;GO:0005524;GO:0004352;GO:0004354;GO:0004353;GO:0005525;GO:0070728;GO:0070403;GO:0042803;GO:0006537;GO:0006538;GO:0006541;GO:0032024;GO:0021762;GO:0072350
P51674,Glycoprotein M6A,Brain,GO:0044295;GO:0043197;GO:0070062;GO:1903561;GO:0030175;GO:0098978;GO:0043005;GO:0043025;GO:0098688;GO:0005886;GO:0048787;GO:0005262;GO:0003407;GO:0001764;GO:0031175;GO:0048812;GO:0051491;GO:0050807;GO:0009617;GO:0048863;GO:0007416
Q9BZJ7,G protein-coupled receptor 62,Brain,GO:0005768;GO:0010008;GO:0005886;GO:0043235;GO:1990763;GO:0004930;GO:0042802;GO:0007186;GO:0038035;GO:0050850
Q3KR37,GRAM domain containing 1B,Brain,GO:0005789;GO:0140268;GO:0016020;GO:0005886;GO:0015485;GO:0120020;GO:0070300;GO:0001786;GO:0071397;GO:0042632;GO:0032366
Q13255,Glutamate metabotropic receptor 1,Brain,GO:0030425;GO:0038037;GO:0038038;GO:0098978;GO:0005634;GO:0005886;GO:0098839;GO:0098685;GO:0001640;GO:0098872;GO:0004930;GO:0099530;GO:0008066;GO:0099583;GO:0071257;GO:0007268;GO:0007216;GO:0007186;GO:0098712;GO:0007626;GO:0007206;GO:0007200;GO:0043410;GO:0051930;GO:0051966;GO:0019233;GO:0099538
P41594,Glutamate metabotropic receptor 5,Brain,GO:0097449;GO:0005737;GO:0030425;GO:0043198;GO:0043197;GO:0098978;GO:0043025;GO:0005886;GO:0098839;GO:0098685;GO:0031687;GO:0001640;GO:0004930;GO:0099530;GO:0008066;GO:0042802;GO:0099583;GO:0030296;GO:1990782;GO:1904646;GO:0007268;GO:0050890;GO:0002029;GO:0007216;GO:0007612;GO:0007611;GO:0007626;GO:0007206;GO:0050850;GO:0048170;GO:0043410;GO:0006355;GO:0051966;GO:0050808;GO:0099553
P37235,Hippocalcin like 1,Brain,GO:0016020;GO:0005509;GO:0009966
Q9Y278,Heparan sulfate-glucosamine 3-sulfotransferase 2,Brain,GO:0000139;GO:0016020;GO:0008467;GO:0033871;GO:0008146;GO:0006024;GO:0015015
Q8IZP7,Heparan sulfate 6-O-sulfotransferase 3,Brain,GO:0005794;GO:0016020;GO:0017095;GO:0015015
Q7Z5J1,Hydroxysteroid 11-beta dehydrogenase 1 like,Brain,GO:0005576;GO:0043231;GO:0005654;GO:0016491
Q9UMF0,Intercellular adhesion molecule 5,Brain,GO:0098978;GO:0005886;GO:0098794;GO:0005178;GO:0007155;GO:0098609;GO:0006909;GO:0051963
Q9NRM6,Interleukin 17 receptor B,Brain,GO:0005576;GO:0043231;GO:0016020;GO:0005886;GO:0004896;GO:0030368;GO:0006952;GO:0001558
Q96PR1,Potassium voltage-gated channel subfamily C member 2,Brain,GO:0016324;GO:0030673;GO:0030424;GO:0043679;GO:0016323;GO:0044297;GO:0030425;GO:0032590;GO:0098982;GO:0016020;GO:0032809;GO:0043204;GO:0005886;GO:0045211;GO:0042734;GO:0045202;GO:0043195;GO:0031982;GO:0008076;GO:0005251;GO:0046872;GO:0044325;GO:0099508;GO:0005249;GO:0001508;GO:0071242;GO:0071732;GO:0097237;GO:0021759;GO:0060081;GO:0038060;GO:0021554;GO:1901381;GO:0071805;GO:0006813;GO:0051291;GO:0051260;GO:0099605;GO:0014075;GO:0045471;GO:0009642;GO:0032026;GO:1990089;GO:0014070
Q6ZWB6,Potassium channel tetramerization domain containing 8,Brain,GO:0042995;GO:0045211;GO:0048787;GO:0043235;GO:0042802;GO:0051260;GO:0008277
Q5JSQ8,KH domain containing 1 like,Brain,GO:0005737;GO:0003723
Q2TAC6,Kinesin family member 19,Brain,GO:0005930;GO:0005929;GO:0005737;GO:0005871;GO:0005874;GO:0005524;GO:0016887;GO:0008017;GO:0008574;GO:0060404;GO:0007018;GO:0070462
O60333,Kinesin family member 1B,Brain,GO:0030424;GO:1904115;GO:0005737;GO:0031410;GO:0030425;GO:0005871;GO:0005874;GO:0005739;GO:0043005;GO:0030672;GO:0005524;GO:0016887;GO:0016853;GO:0019894;GO:0008017;GO:0008574;GO:0048490;GO:0006915;GO:1902742;GO:0047497;GO:0007274;GO:0007270;GO:1990049;GO:0016192
O14782,Kinesin family member 3C,Brain,GO:0097542;GO:0005929;GO:0005737;GO:0005829;GO:0005871;GO:0005874;GO:0005524;GO:0016887;GO:0003774;GO:0008017;GO:0003777;GO:0007018
Q07444,Killer cell lectin like receptor C3,Brain,GO:0009897;GO:0005886;GO:0043235;GO:0030246;GO:0004888;GO:0006968;GO:0045954;GO:0032814;GO:0002223
Q6UWM7,Lactase like,Brain,GO:0005903;GO:0005789;GO:0008422;GO:0005975;GO:0002089;GO:0007601
P53667,LIM domain kinase 1,Brain,GO:0005737;GO:0005856;GO:0005829;GO:0005925;GO:0098978;GO:0030027;GO:0001673;GO:0016020;GO:0043005;GO:0016607;GO:0005634;GO:0098794;GO:0004676;GO:0004679;GO:0005524;GO:0004677;GO:0004694;GO:0031072;GO:0044024;GO:0072371;GO:1990244;GO:0035979;GO:0044025;GO:0140823;GO:0035175;GO:0044022;GO:0140855;GO:0035402;GO:0072354;GO:0140857;GO:0035403;GO:0044023;GO:0046872;GO:0004672;GO:0106310;GO:0004674;GO:0072518;GO:0004711;GO:0030036;GO:0048675;GO:0038096;GO:0051444;GO:0007399;GO:0032233;GO:0045773;GO:0051496;GO:0006468;GO:0007266;GO:0007165;GO:0043149
Q15334,LLGL scribble cell polarity complex component 1,Brain,GO:0005912;GO:0030424;GO:0030864;GO:0005737;GO:0005856;GO:0031901;GO:0000137;GO:0000139;GO:0005886;GO:0032588;GO:0005096;GO:0045159;GO:0019901;GO:0005198;GO:0007409;GO:0030866;GO:0051294;GO:0045197;GO:0006887;GO:0006893;GO:0065003;GO:0032878;GO:0008593
Q92633,Lysophosphatidic acid receptor 1,Brain,GO:0009986;GO:0005737;GO:0043198;GO:0043197;GO:0005768;GO:0098982;GO:0098978;GO:0043025;GO:0005886;GO:0045211;GO:0042734;GO:0004930;GO:0001965;GO:0035727;GO:0070915;GO:0030165;GO:0007189;GO:0007193;GO:0032060;GO:0060326;GO:1904566;GO:0071453;GO:0021549;GO:0022038;GO:0007186;GO:0042552;GO:0043951;GO:1902018;GO:0010977;GO:0022008;GO:0014003;GO:0021554;GO:0007200;GO:0043065;GO:0043123;GO:0007204;GO:0060999;GO:0043410;GO:0035025;GO:0071673;GO:0051496;GO:0008360;GO:0019222;GO:0099149;GO:0098693
Q5JTD7,Leucine rich repeat containing 73,Brain,
O43300,Leucine rich repeat transmembrane neuronal 2,Brain,GO:0060076;GO:0005615;GO:0098982;GO:0098978;GO:0098686;GO:0098839;GO:0099634;GO:0098685;GO:0042043;GO:0060291;GO:0002091;GO:0051965;GO:0099151;GO:0050808
Q9HCI5,MAGE family member E1,Brain,GO:0030425;GO:0005634;GO:0048471;GO:0005886;GO:0045211;GO:0000122
Q9UQF2,Mitogen-activated protein kinase 8 interacting protein 1,Brain,GO:0005737;GO:0005829;GO:0030425;GO:0044302;GO:0005789;GO:0031966;GO:0043025;GO:0005634;GO:0048471;GO:0005886;GO:0045202;GO:0008432;GO:0019894;GO:0005078;GO:0004860;GO:0007254;GO:2001243;GO:0043508;GO:0046330;GO:2000564;GO:0006355;GO:0046328;GO:0016192
Q13387,Mitogen-activated protein kinase 8 interacting protein 2,Brain,GO:0005737;GO:0043025;GO:0014069;GO:0032991;GO:0001540;GO:0008432;GO:0019894;GO:0005078;GO:0030295;GO:0019901;GO:0044877;GO:0005198;GO:0001662;GO:0048813;GO:0060079;GO:0007254;GO:0000165;GO:0007617;GO:2001234;GO:0046958;GO:0032874;GO:2000311;GO:0046328;GO:2000310;GO:0010469;GO:0051966;GO:0007172;GO:0035176
Q9Y2H9,Microtubule associated serine/threonine kinase 1,Brain,GO:0030424;GO:0005737;GO:0005856;GO:0030425;GO:0043005;GO:0043025;GO:0005886;GO:0004676;GO:0004679;GO:0005524;GO:0004677;GO:0004694;GO:0044024;GO:0072371;GO:1990244;GO:0035979;GO:0044025;GO:0140823;GO:0035175;GO:0044022;GO:0140855;GO:0035402;GO:0072354;GO:0140857;GO:0035403;GO:0044023;GO:0000287;GO:0008017;GO:0106310;GO:0004674;GO:0072518;GO:0004711;GO:0007420;GO:0007010;GO:0035556;GO:0006468
Q86YR7,MCF.2 cell line derived transforming sequence-like 2,Brain,GO:0005737;GO:0005829;GO:0005085
Q8N468,Major facilitator superfamily domain containing 4A,Brain,GO:0016020;GO:0055056
O94851,"Microtubule associated monooxygenase, calponin and LIM domain containing 2",Brain,GO:0005884;GO:0005737;GO:0005634;GO:0003779;GO:0120501;GO:0071949;GO:0046872;GO:0051019;GO:0004497;GO:0016174;GO:0016491;GO:0016709;GO:0030042;GO:0007010;GO:0007507;GO:0001947;GO:0045944;GO:0019417
Q15546,Monocyte to macrophage differentiation associated,Brain,GO:0005794;GO:0031902;GO:0005765;GO:0016020;GO:0005886;GO:0140911;GO:0004672;GO:0038023;GO:0045666;GO:0045860;GO:0032880
Q9ULZ9,Matrix metallopeptidase 17,Brain,GO:0031012;GO:0005615;GO:0005886;GO:0098552;GO:0008047;GO:0070006;GO:0004222;GO:0008270;GO:0030574;GO:0042756;GO:0030198;GO:0001822;GO:0006508
Q9Y2G1,Myelin regulatory factor,Brain,GO:0005829;GO:0005789;GO:0005794;GO:0005654;GO:0005634;GO:0003700;GO:0000981;GO:0042802;GO:0008233;GO:0043565;GO:0032286;GO:0022010;GO:0014003;GO:0048709;GO:0045893;GO:0031643;GO:0016540
Q01538,Myelin transcription factor 1,Brain,GO:0000785;GO:0005829;GO:0005654;GO:0005634;GO:0003677;GO:0003700;GO:0000981;GO:0008270;GO:0030154;GO:0007399;GO:0006355
Q9ULW6,Nucleosome assembly protein 1 like 2,Brain,GO:0000785;GO:0005634;GO:0003682;GO:0035034;GO:0042393;GO:0030182;GO:0006334;GO:0045666;GO:2000035
Q8N9F0,N-acetyltransferase 8 like,Brain,GO:0005737;GO:0005789;GO:0005759;GO:0031966;GO:0005739;GO:0017188;GO:0009066
Q8N987,N-terminal EF-hand calcium binding protein 1,Brain,GO:0005737;GO:0005829;GO:0005654;GO:0005509;GO:0042802;GO:0001835;GO:0042984
P12036,Neurofilament heavy chain,Brain,GO:0030424;GO:0005737;GO:0005856;GO:0097418;GO:0005883;GO:0014069;GO:0099160;GO:0098685;GO:0070840;GO:0019894;GO:0008017;GO:0019901;GO:0030674;GO:0005200;GO:0099184;GO:0061564;GO:0007409;GO:0030031;GO:1990830;GO:0045110;GO:0000226;GO:0033693;GO:0060052;GO:0048936;GO:0099170;GO:1902513
Q9NPG2,Neuroglobin,Brain,GO:0005829;GO:0005759;GO:0005092;GO:0020037;GO:0046872;GO:0098809;GO:0019825;GO:0005344;GO:0071456;GO:0015671;GO:0001666
O15522,NK2 homeobox 8,Brain,GO:0000785;GO:0005634;GO:0001228;GO:0003700;GO:0000981;GO:0003690;GO:0000978;GO:0043565;GO:1990837;GO:0007409;GO:0030154;GO:0006351;GO:0050673;GO:0001889;GO:0030324;GO:0050680;GO:0045944;GO:0006357;GO:0006366
O94818,Nucleolar protein 4,Brain,GO:0005730;GO:0003723
Q9GZQ6,Neuropeptide FF receptor 1,Brain,GO:0005929;GO:0005886;GO:0004930;GO:0008188;GO:0032870;GO:0007186;GO:0007218
Q96CW9,Netrin G2,Brain,GO:0030424;GO:0005576;GO:0098978;GO:0005886;GO:0048787;GO:0098685;GO:0098552;GO:0007409;GO:0050804;GO:0098698;GO:2001222;GO:0150011;GO:0010975;GO:1905606;GO:0099560
Q9P242,Neuronal tyrosine-phosphorylated phosphoinositide-3-kinase adaptor 2,Brain,GO:0048812;GO:0043491
P23515,Oligodendrocyte myelin glycoprotein,Brain,GO:0005886;GO:0098552;GO:0007155;GO:0031102
Q96RD6,Pannexin 2,Brain,GO:0005789;GO:0000139;GO:0005886;GO:0005198;GO:0022829;GO:0007267;GO:0006812;GO:0034220;GO:0032732;GO:0002931
Q9P2E7,Protocadherin 10,Brain,GO:0098978;GO:0005886;GO:0045211;GO:0005509;GO:0007155;GO:0007156;GO:0007399
Q9BZA7,Protocadherin 11 X-linked,Brain,GO:0005886;GO:0005509;GO:0007155;GO:0007156
Q9HC56,Protocadherin 9,Brain,GO:0044291;GO:0098978;GO:0030426;GO:0005886;GO:0097060;GO:0005509;GO:0007155;GO:0030900;GO:0007156
Q9Y5I3,Protocadherin alpha 1,Brain,GO:0005783;GO:0005576;GO:0005886;GO:0005509;GO:0007155;GO:0007156;GO:0007399
Q9Y5H3,"Protocadherin gamma subfamily A, 10",Brain,GO:0005886;GO:0005509;GO:0007155;GO:0007156;GO:0007399
Q9Y6V0,Piccolo presynaptic cytomatrix protein,Brain,GO:0030424;GO:0005856;GO:0048788;GO:0070062;GO:0098982;GO:0098978;GO:0014069;GO:0045202;GO:0005509;GO:0005544;GO:0005522;GO:0098882;GO:0007010;GO:0030073;GO:0099140;GO:1904071;GO:0035418;GO:0017157;GO:0097091;GO:0016079
Q96GD0,Pyridoxal phosphatase,Brain,GO:0005911;GO:0005737;GO:0005856;GO:0005829;GO:0098978;GO:0031258;GO:0098794;GO:0032587;GO:0033192;GO:0031072;GO:0140791;GO:0000287;GO:1990439;GO:0017018;GO:0004721;GO:0042803;GO:0033883;GO:0180006;GO:0180007;GO:0180008;GO:0180005;GO:0180004;GO:0031247;GO:0071318;GO:0016311;GO:0030836;GO:0006470;GO:0032361;GO:0032465;GO:0007088;GO:0099159
Q15121,Proliferation and apoptosis adaptor protein 15,Brain,GO:0005829;GO:0043231;GO:0005875;GO:0005654;GO:0006915;GO:0000165;GO:0046325;GO:1902042;GO:1902043
P01210,Proenkephalin,Brain,GO:0043679;GO:0070852;GO:0034466;GO:0030425;GO:0005788;GO:0005576;GO:0043025;GO:0099013;GO:0043204;GO:0005886;GO:0032280;GO:0034592;GO:0005184;GO:0001515;GO:0031628;GO:0002118;GO:0001662;GO:0071320;GO:0034599;GO:0071560;GO:0098586;GO:0071305;GO:0007268;GO:0038003;GO:0051867;GO:0014009;GO:0035641;GO:0007218;GO:0001649;GO:2000987;GO:0051592;GO:0071871;GO:0032355;GO:0045471;GO:0001666;GO:0035902;GO:0032496;GO:0035094;GO:0009636;GO:0007600;GO:0019233;GO:0007165;GO:0001964;GO:0099538;GO:0019226
Q63HM9,Phosphatidylinositol specific phospholipase C X domain containing 3,Brain,GO:0005737;GO:0045202;GO:0008081;GO:0016042;GO:0007165
O94827,Pleckstrin homology and RhoGEF domain containing G5,Brain,GO:0030424;GO:0005911;GO:0005737;GO:0005829;GO:0030139;GO:0030027;GO:0048471;GO:0005886;GO:0005085;GO:0035767;GO:0043542;GO:0043123;GO:0051056;GO:0007266
Q5VZY2,Phospholipid phosphatase 4,Brain,GO:0016020;GO:0005886;GO:0000810;GO:0042802;GO:0008195;GO:0001835;GO:0038096;GO:0046839;GO:0006644;GO:0090279
A0A1B0GUJ8,PNMA family member 8C,Brain,
Q13519,Prepronociceptin,Brain,GO:0043679;GO:0030425;GO:0005576;GO:0043025;GO:0005886;GO:0097060;GO:0005184;GO:0001515;GO:0031628;GO:0007268;GO:0007565;GO:0007270;GO:0007218;GO:0007600;GO:0019233;GO:0007165
O96001,Protein phosphatase 1 regulatory subunit 17,Brain,GO:0004865;GO:0007417;GO:0035556;GO:0010921
Q9UD71,Protein phosphatase 1 regulatory inhibitor subunit 1B,Brain,GO:0005737;GO:0005829;GO:0043025;GO:0005634;GO:0004862;GO:0004860;GO:0004864;GO:0019888;GO:0048148;GO:0071314;GO:0006351;GO:0035556;GO:0007626;GO:0007621;GO:0001975;GO:0043278;GO:0007165;GO:0008542
Q15173,Protein phosphatase 2 regulatory subunit B'beta,Brain,GO:0005737;GO:0005829;GO:0005634;GO:0000159;GO:0072542;GO:0019888;GO:0071363;GO:0070317;GO:0010976;GO:0051388;GO:0031334;GO:0045944;GO:0007165
P81277,Prolactin releasing hormone,Brain,GO:0005576;GO:0005179;GO:0005184;GO:0031861;GO:0048483;GO:0042755;GO:0006112;GO:0045444;GO:0007631;GO:0007186;GO:0006629;GO:0040014;GO:0002021;GO:0009749;GO:0032868;GO:0043434;GO:0001894
Q5FWE3,Proline rich transmembrane protein 3,Brain,GO:0016020
P09417,Quinoid dihydropteridine reductase,Brain,GO:0005737;GO:0005829;GO:0070062;GO:0005739;GO:0004155;GO:0009055;GO:0070404;GO:0070402;GO:0006520;GO:0051066;GO:0006559;GO:0006729
Q92565,Rap guanine nucleotide exchange factor 5,Brain,GO:0016604;GO:0005654;GO:0005634;GO:0005886;GO:0030742;GO:0005085;GO:0007399;GO:0007265;GO:0007264
P50749,Ras association domain family member 2,Brain,GO:0005737;GO:0005829;GO:0005794;GO:0000776;GO:0005654;GO:0005634;GO:0005886;GO:0032991;GO:0004672;GO:0046849;GO:0007249;GO:0048872;GO:1901223;GO:0033137;GO:0001503;GO:0043065;GO:0046330;GO:0031954;GO:0045860;GO:0050821;GO:1901222;GO:0045667;GO:0045670;GO:0007165;GO:0001501
O75678,Ret finger protein like 2,Brain,GO:0005737;GO:0005829;GO:0005654;GO:0046872;GO:0042803;GO:0019901;GO:0061630;GO:0045087;GO:0010508;GO:0043123;GO:0010468;GO:0032880;GO:0046596
P57771,Regulator of G protein signaling 8,Brain,GO:0009898;GO:0030425;GO:0032809;GO:0005634;GO:0043204;GO:0005886;GO:0045202;GO:0005096;GO:0003924;GO:0007213;GO:0007186;GO:0009968;GO:0043547;GO:0060159
A6NNX1,Regulatory subunit of type II PKA R-subunit domain containing 1,Brain,
Q6ZSG1,Ring finger protein 165,Brain,GO:0005634;GO:0032991;GO:0061630;GO:0008270;GO:0035136;GO:0060384;GO:0008045;GO:0061061;GO:0030513;GO:0030163;GO:0000209
Q96EX2,"Ring finger protein, transmembrane 2",Brain,GO:0016020;GO:0046872;GO:0061630;GO:1904294
Q52WX2,SH3 domain binding kinase 1,Brain,GO:0005737;GO:0004676;GO:0004679;GO:0005524;GO:0004677;GO:0004694;GO:0044024;GO:0072371;GO:1990244;GO:0035979;GO:0044025;GO:0140823;GO:0035175;GO:0044022;GO:0140855;GO:0035402;GO:0072354;GO:0140857;GO:0035403;GO:0044023;GO:0106310;GO:0004674;GO:0072518;GO:0004711
Q9UQD0,Sodium voltage-gated channel alpha subunit 8,Brain,GO:0070161;GO:0030424;GO:0043194;GO:0030054;GO:0031410;GO:0098978;GO:0016020;GO:0033268;GO:0098688;GO:0005886;GO:0002102;GO:0098839;GO:0048787;GO:0001518;GO:0030018;GO:0031402;GO:0005248;GO:0001508;GO:0086002;GO:0042552;GO:0019228;GO:0021554;GO:0007422;GO:0035725;GO:0006814
O43304,SEC14 like lipid binding 5,Brain,GO:0005737
Q53EL9,Seizure related 6 homolog,Brain,GO:0097440;GO:0043198;GO:0043197;GO:0005783;GO:0043025;GO:0048471;GO:0005886;GO:0008344;GO:0021680;GO:0060079;GO:0050773;GO:0090036;GO:0060074
Q6S5L8,SHC adaptor protein 4,Brain,GO:0005886;GO:0045211;GO:0019904;GO:0030971;GO:0006915;GO:0007169;GO:0035556;GO:0008284;GO:0010468;GO:0048863
Q7M4L6,Src homology 2 domain containing F,Brain,GO:0001784;GO:0006915
Q8IXJ6,Sirtuin 2,Brain,GO:0005814;GO:0005813;GO:0005677;GO:0005694;GO:0000781;GO:0005737;GO:0005829;GO:0097386;GO:0030426;GO:0000792;GO:0044224;GO:0043219;GO:0072687;GO:0005874;GO:0030496;GO:0005739;GO:0072686;GO:0043209;GO:0005730;GO:0005634;GO:0033010;GO:0033270;GO:0043204;GO:0048471;GO:0005886;GO:0043220;GO:0005819;GO:0003682;GO:0140297;GO:0035035;GO:0004407;GO:0017136;GO:0042826;GO:0032041;GO:0097372;GO:0141222;GO:0140765;GO:0046969;GO:0046970;GO:0070403;GO:0003950;GO:0140773;GO:0140774;GO:0034979;GO:0033558;GO:0042903;GO:0043130;GO:0008270;GO:0006914;GO:0051301;GO:0061433;GO:0071872;GO:0071456;GO:0034599;GO:0040029;GO:0031507;GO:0045087;GO:0016042;GO:0051321;GO:0007084;GO:0022011;GO:0010507;GO:0045892;GO:0045599;GO:1900226;GO:0070446;GO:0010801;GO:0042177;GO:2000378;GO:1902725;GO:0045843;GO:0000122;GO:0044546;GO:0034983;GO:0051987;GO:0051781;GO:0043388;GO:1900119;GO:0045723;GO:0045836;GO:1900195;GO:0032436;GO:0045944;GO:0043161;GO:0006476;GO:0000183;GO:0051726;GO:0007096;GO:0031641;GO:0042325;GO:0051775;GO:0021762;GO:0031509;GO:0090042
Q16572,Solute carrier family 18 member A3,Brain,GO:0030121;GO:0030122;GO:0030669;GO:0060201;GO:0005886;GO:0030672;GO:0043195;GO:0005277;GO:0005278;GO:0015311;GO:0051630;GO:0007268;GO:0006836;GO:0014057;GO:1900273;GO:1904398;GO:0051610
P48664,Solute carrier family 1 member 6,Brain,GO:0098978;GO:0005794;GO:0045111;GO:0016020;GO:0098796;GO:0005886;GO:0042734;GO:0015501;GO:0005314;GO:0015183;GO:0005313;GO:0046872;GO:0015175;GO:0015810;GO:0007268;GO:0051649;GO:0140009;GO:0098712;GO:0015813;GO:0006811;GO:0006836;GO:0001504;GO:0042391
Q9BV35,Solute carrier family 25 member 23,Brain,GO:0005743;GO:0005739;GO:0000295;GO:0140988;GO:0005347;GO:0140987;GO:0005509;GO:0051503;GO:0015866;GO:0015867;GO:0036444;GO:0071277;GO:1990544;GO:0006851;GO:0051561;GO:1900069;GO:0002082;GO:0051282;GO:0003014
Q5T1Q4,Solute carrier family 35 member F1,Brain,GO:0030672;GO:0022857
Q2Y0W8,Solute carrier family 4 member 8,Brain,GO:0016324;GO:0032279;GO:0043679;GO:0016323;GO:0030425;GO:0097386;GO:0098978;GO:0097457;GO:0016020;GO:0043005;GO:0032809;GO:0005886;GO:0098793;GO:0042734;GO:0032280;GO:0008021;GO:0030672;GO:0043195;GO:0015106;GO:0015108;GO:0042802;GO:0015081;GO:0140892;GO:0008510;GO:0005452;GO:0008270;GO:0110010;GO:0015701;GO:1902476;GO:0050804;GO:2000302;GO:0051453;GO:0042391;GO:0035725;GO:0055085;GO:0150104
P30531,Solute carrier family 6 member 1,Brain,GO:0030424;GO:0009986;GO:0098982;GO:0016020;GO:0043025;GO:0005886;GO:0045211;GO:0042734;GO:0015185;GO:0005332;GO:0042802;GO:0046872;GO:0015378;GO:0006865;GO:0008306;GO:0007268;GO:1902476;GO:0051939;GO:0051936;GO:0098658;GO:0007613;GO:0032229;GO:0014054;GO:0051592;GO:0042220;GO:0032355;GO:0010288;GO:1904313;GO:0014074;GO:0009744;GO:0009636;GO:0098719;GO:0035725;GO:0050808;GO:0150104
Q8TBB6,Solute carrier family 7 member 14,Brain,GO:0005829;GO:0043231;GO:0005765;GO:0005654;GO:0005886;GO:0015171;GO:0015185;GO:0006865;GO:0051939
P0DMW5,Small integral membrane protein 10 like 2B,Brain,
Q6UX34,Secondary ossification center associated regulator of chondrocyte maturation,Brain,GO:0071944;GO:0062023;GO:0005737;GO:0005576;GO:0016020;GO:0051216
O14512,Suppressor of cytokine signaling 7,Brain,GO:0031466;GO:0005737;GO:0005829;GO:0005634;GO:0005886;GO:0140031;GO:0017124;GO:0035591;GO:1990756;GO:0008286;GO:0035556;GO:0021819;GO:0009968;GO:0043161;GO:0016567;GO:2001222
Q2M3V2,Sosondowah ankyrin repeat domain family member A,Brain,
P0DMP2,SLIT-ROBO Rho GTPase activating protein 2B,Brain,GO:0098978;GO:0007399;GO:0051963
Q69YW2,"Stum, mechanosensory transduction mediator homolog",Brain,GO:0016020
Q9BT88,Synaptotagmin 11,Brain,GO:0030424;GO:0030665;GO:0030425;GO:0043197;GO:0098691;GO:0032009;GO:0060076;GO:0070382;GO:0060077;GO:0005765;GO:0005764;GO:0043005;GO:0043204;GO:0001891;GO:0045335;GO:0005886;GO:0014069;GO:0098793;GO:0048787;GO:0055037;GO:0055038;GO:0045202;GO:0008021;GO:0005802;GO:0031982;GO:0048487;GO:0061891;GO:0005544;GO:0042802;GO:0046872;GO:0000149;GO:0031369;GO:0031625;GO:0006914;GO:1990927;GO:0099502;GO:0051650;GO:0007612;GO:0007613;GO:0001818;GO:0033602;GO:0045806;GO:0032715;GO:1903979;GO:0046929;GO:0050765;GO:0032720;GO:0001778;GO:1905171;GO:0017158;GO:1900424;GO:1905162;GO:1900242;GO:0006906;GO:0016192
Q5T7P8,Synaptotagmin 6,Brain,GO:0009898;GO:0005829;GO:0070382;GO:0016020;GO:0097038;GO:0005886;GO:0030672;GO:0061891;GO:0030276;GO:0046872;GO:0042803;GO:0000149;GO:0019905;GO:0060478;GO:0007268;GO:0017158;GO:0016192
Q7Z5A7,TAFA chemokine like family member 5,Brain,GO:0005737;GO:0005615;GO:0005125;GO:0001664;GO:0048018;GO:0007186;GO:1904753;GO:1904706;GO:0061044
Q9NYW5,Taste 2 receptor member 4,Brain,GO:0060170;GO:0016020;GO:0005886;GO:0033038;GO:0004930;GO:0008527;GO:0001580;GO:0007585
Q6IPX3,Transcription elongation factor A like 6,Brain,GO:0005634
P0C1Z6,TCF3 fusion partner,Brain,GO:0005884;GO:0005737;GO:0031011;GO:0005654;GO:0005634;GO:0003677;GO:0019901;GO:0044877;GO:0097190;GO:0006338;GO:0006310;GO:0006281;GO:0008584;GO:0043065;GO:0045739;GO:0045893;GO:1904507;GO:0051726;GO:0033044;GO:0006282;GO:0006275;GO:0060382;GO:0045995;GO:0000723
Q71RH2,TLC domain containing 3B,Brain,GO:0005783;GO:0005789;GO:0000139;GO:0050291;GO:0046513;GO:0055088;GO:0045599
O75069,Transmembrane and coiled-coil domain family 2,Brain,GO:0012505;GO:0005783;GO:0005789;GO:0042982
Q9BXQ6,Transmembrane protein 121B,Brain,
Q2M3C6,Transmembrane protein 266,Brain,GO:0005829;GO:0030425;GO:0043204;GO:0005886;GO:0042803
Q9UK28,Transmembrane protein 59 like,Brain,GO:0000139;GO:0016020;GO:0001658
Q9P1W3,Transmembrane protein 63C,Brain,GO:0005789;GO:0005886;GO:0005227;GO:1990760;GO:0003094;GO:0006812
Q9NZR1,Tropomodulin 2,Brain,GO:0005856;GO:0030016;GO:0005865;GO:0045202;GO:0003779;GO:0005523;GO:0007015;GO:0007611;GO:0006936;GO:0030239;GO:0007399;GO:0007270;GO:0051694;GO:0045745
Q9H3S3,Transmembrane serine protease 5,Brain,GO:0043025;GO:0005886;GO:0008233;GO:0004252;GO:0006508
Q86YW5,Triggering receptor expressed on myeloid cells like 1,Brain,GO:0009986;GO:0005829;GO:0005794;GO:0016020;GO:0016607;GO:0005886;GO:0031091;GO:0019722;GO:0045087;GO:0030168;GO:0007165
Q5TCY1,Tau tubulin kinase 1,Brain,GO:0005829;GO:0005875;GO:0043025;GO:0005654;GO:0005634;GO:0048471;GO:0004676;GO:0004679;GO:0005524;GO:0004677;GO:0004694;GO:0044024;GO:0072371;GO:1990244;GO:0035979;GO:0044025;GO:0140823;GO:0035175;GO:0044022;GO:0140855;GO:0035402;GO:0072354;GO:0140857;GO:0035403;GO:0044023;GO:0106310;GO:0004674;GO:0004713;GO:0072518;GO:0004711;GO:0048156;GO:0050321;GO:0007611;GO:0010629;GO:0018105;GO:0018107;GO:0018108;GO:0061890;GO:0010628;GO:1903980;GO:0032273;GO:0007165;GO:0021762
Q13885,Tubulin beta 2A class IIa,Brain,GO:0005737;GO:0070062;GO:1903561;GO:0045171;GO:0005874;GO:0015630;GO:0072686;GO:0005634;GO:0005525;GO:0003924;GO:0046872;GO:0005200;GO:0021987;GO:0000226;GO:0000278
Q8NB66,Unc-13 homolog C,Brain,GO:0044305;GO:0031594;GO:0098688;GO:0005886;GO:0048786;GO:0098831;GO:0042734;GO:0030672;GO:0043195;GO:0005509;GO:0005516;GO:0019992;GO:0005543;GO:0017075;GO:0007268;GO:0061789;GO:0031914;GO:0099525;GO:0035249;GO:0016081;GO:0016082
Q6ZN44,Unc-5 netrin receptor A,Brain,GO:0045121;GO:0032589;GO:0032809;GO:0005886;GO:0005042;GO:0033564;GO:0006915;GO:0038007;GO:0031175
Q9P2D8,"Unc-79 homolog, NALCN channel complex subunit",Brain,GO:0005886
Q96N03,V-set and transmembrane domain containing 2 like,Brain,GO:0005737;GO:0005576;GO:0016020;GO:0043524
Q6PEW1,Zinc finger CCHC-type containing 12,Brain,GO:0005634;GO:0003676;GO:0008270
Q70YC5,Zinc finger protein 365,Brain,GO:0005813;GO:0005737;GO:0042802;GO:0046872;GO:0021687;GO:0140059;GO:0060997;GO:0010977;GO:0048714;GO:0110026;GO:0010569;GO:0010975;GO:0000723
Q6ZMQ8,Apoptosis associated tyrosine kinase,Brain,GO:0016020;GO:0048471;GO:0004676;GO:0004679;GO:0005524;GO:0004677;GO:0004694;GO:0044024;GO:0072371;GO:1990244;GO:0035979;GO:0044025;GO:0140823;GO:0035175;GO:0044022;GO:0140855;GO:0035402;GO:0072354;GO:0140857;GO:0035403;GO:0044023;GO:0106310;GO:0004713;GO:0072518;GO:0004711;GO:0007420;GO:0051402
P80404,4-aminobutyrate aminotransferase,Brain,GO:0032144;GO:0005759;GO:0005739;GO:0047298;GO:0034386;GO:0042802;GO:0051536;GO:0046872;GO:0030170;GO:0032145;GO:0048148;GO:0021549;GO:0007620;GO:0035640;GO:0009449;GO:0009450;GO:0009448;GO:0007626;GO:0045776;GO:0033602;GO:0014053;GO:0050877;GO:1904450;GO:0045964;GO:0031652;GO:0097151;GO:0032024;GO:1902722;GO:0070474;GO:0045471;GO:0001666;GO:0010039;GO:0035094;GO:0009410
Q99758,ATP binding cassette subfamily A member 3,Brain,GO:0097208;GO:0097233;GO:0030659;GO:0005615;GO:0043231;GO:0042599;GO:0097232;GO:0005770;GO:0005765;GO:0032585;GO:0005886;GO:0008559;GO:0005524;GO:0016887;GO:0042626;GO:0005319;GO:0140345;GO:0120019;GO:0006869;GO:0030324;GO:0070925;GO:0046470;GO:0046471;GO:0055091;GO:0015914;GO:0010875;GO:1902995;GO:2001140;GO:0032464;GO:0046890;GO:0150172;GO:0051384;GO:0009410;GO:0043129;GO:0046618;GO:0006855;GO:0042908
Q9NP78,ATP binding cassette subfamily B member 9,Brain,GO:0005789;GO:0043231;GO:0005765;GO:0005764;GO:0016020;GO:0015421;GO:0015440;GO:0005524;GO:0016887;GO:0042626;GO:0042803;GO:0022857;GO:0006518;GO:0015833;GO:0015031;GO:0055085
Q96GS6,"Abhydrolase domain containing 17A, depalmitoylase",Brain,GO:0043197;GO:0010008;GO:0098978;GO:0043231;GO:0016020;GO:0016607;GO:0005886;GO:0098839;GO:0098944;GO:0055038;GO:0008474;GO:1900226;GO:1902817;GO:1905668;GO:0002084;GO:0072657;GO:0099175
Q96I13,Abhydrolase domain containing 8,Brain,GO:0070062;GO:0016787
Q12979,ABR activator of RhoGEF and GTPase,Brain,GO:0030424;GO:0005829;GO:0043197;GO:0098978;GO:0016020;GO:0098685;GO:0005096;GO:0005085;GO:0090630;GO:0050804;GO:0051056;GO:0007264
Q8N961,Ankyrin repeat and BTB domain containing 2,Brain,GO:0046982;GO:0097237
Q96P50,"ArfGAP with coiled-coil, ankyrin repeat and PH domains 3",Brain,GO:0005737;GO:0030426;GO:0005096;GO:0046872;GO:0001764;GO:0010975
O00154,Acyl-CoA thioesterase 7,Brain,GO:0005737;GO:0005829;GO:0070062;GO:0005739;GO:0005654;GO:0052689;GO:0000062;GO:0036042;GO:0052816;GO:0042803;GO:0006637;GO:0015937;GO:0009062;GO:0036116;GO:0051792;GO:0036114;GO:1900535
Q6ZNF0,"Acid phosphatase 7, tartrate resistant (putative)",Brain,GO:0005576;GO:0003993;GO:0046872
Q9UKU0,Acyl-CoA synthetase long chain family member 6,Brain,GO:0005783;GO:0005789;GO:0016020;GO:0005741;GO:0005778;GO:0005886;GO:0047676;GO:0005524;GO:0019899;GO:0004467;GO:0042803;GO:0006637;GO:0001676;GO:0035338;GO:0007405;GO:0000038
Q9P1U1,Actin related protein 3B,Brain,GO:0042995;GO:0005737;GO:0005856;GO:0070062;GO:0003779;GO:0005524
P14621,Acylphosphatase 2,Brain,GO:0005739;GO:0003998;GO:0042802;GO:0006796
O75077,ADAM metallopeptidase domain 23,Brain,GO:0005576;GO:0098978;GO:0005886;GO:0042734;GO:0005178;GO:0004222;GO:0008237;GO:0007155;GO:1990830;GO:0007417;GO:0006508
Q8TE57,ADAM metallopeptidase with thrombospondin type 1 motif 16,Brain,GO:0031012;GO:0005576;GO:0046872;GO:0004222;GO:0001658;GO:0030198;GO:0048232;GO:0006508;GO:1902017;GO:0003073
O75689,ArfGAP with dual PH domains 1,Brain,GO:0005737;GO:0005829;GO:0043231;GO:0005634;GO:0005886;GO:0005096;GO:0043533;GO:0046872;GO:1902936;GO:0005547;GO:0007166;GO:0043087
O95622,Adenylate cyclase 5,Brain,GO:0005929;GO:0016020;GO:0005886;GO:0004016;GO:0008179;GO:0005524;GO:0046872;GO:0097110;GO:0007191;GO:0007189;GO:0007195;GO:0007193;GO:0006171;GO:1904322;GO:0001973;GO:0035556;GO:0007626;GO:0050885;GO:0007204;GO:0061178
P18509,Adenylate cyclase activating polypeptide 1,Brain,GO:0005576;GO:0005615;GO:0043005;GO:0043204;GO:0005184;GO:0051428;GO:0016521;GO:0005102;GO:0031891;GO:0031892;GO:0007190;GO:0007189;GO:0007188;GO:0007267;GO:0007565;GO:0030073;GO:0045786;GO:0031175;GO:0007218;GO:0071651;GO:0120162;GO:0007204;GO:0070374;GO:0060124;GO:0043547;GO:0045860;GO:0045944;GO:0008277;GO:0032880
P35612,Adducin 2,Brain,GO:0031410;GO:0005856;GO:0005829;GO:0008290;GO:0005886;GO:0044853;GO:0014069;GO:0003779;GO:0051015;GO:0005516;GO:0046983;GO:0046982;GO:0042803;GO:0019901;GO:0030507;GO:0005200;GO:0030036;GO:0051017;GO:0051016;GO:0030097;GO:0050900;GO:0050901;GO:0032092;GO:0065003;GO:0007416
O94910,Adhesion G protein-coupled receptor L1,Brain,GO:0030424;GO:0030426;GO:0016020;GO:0043005;GO:0005886;GO:0042734;GO:0045202;GO:0030246;GO:0050839;GO:0004930;GO:0016524;GO:0007189;GO:0007166;GO:0007186
Q9HAR2,Adhesion G protein-coupled receptor L3,Brain,GO:0030424;GO:0005911;GO:0098978;GO:0016020;GO:0005886;GO:0005509;GO:0030246;GO:0004930;GO:0007189;GO:0007166;GO:0098742;GO:0007186;GO:0001764;GO:0007416
P30542,Adenosine A1 receptor,Brain,GO:0032279;GO:0030673;GO:0016323;GO:0044305;GO:0030425;GO:0043197;GO:0043025;GO:0005886;GO:0045211;GO:0048786;GO:0042734;GO:0045202;GO:0043195;GO:0001609;GO:0001664;GO:0031683;GO:0031072;GO:0032795;GO:0046982;GO:0001883;GO:0007193;GO:0097190;GO:0007267;GO:0050890;GO:0050965;GO:0060079;GO:0055089;GO:0007186;GO:0006954;GO:0050900;GO:0016042;GO:0060292;GO:0070254;GO:0002674;GO:0043066;GO:0008285;GO:0042323;GO:0014050;GO:0046888;GO:0002686;GO:0050995;GO:1900453;GO:1900272;GO:0070256;GO:0032900;GO:0032229;GO:0051967;GO:0003085;GO:0007399;GO:0006909;GO:0050996;GO:0043410;GO:0032244;GO:0002793;GO:0043268;GO:0003084;GO:0006612;GO:0086004;GO:0003093;GO:0099509;GO:0002087;GO:0051930;GO:0001666;GO:0014074;GO:0007165;GO:0001659;GO:0070328;GO:0042311
P0DMS8,Adenosine A3 receptor,Brain,GO:0030425;GO:0005886;GO:0042734;GO:0098685;GO:0045202;GO:0001609;GO:0007190;GO:0001973;GO:0006954;GO:0030336;GO:0008285;GO:0032088;GO:0099171;GO:0008016;GO:0014061;GO:0009611;GO:0007165
P35368,Adrenoceptor alpha 1B,Brain,GO:0005901;GO:0005737;GO:0031965;GO:0005634;GO:0005886;GO:0004937;GO:0046982;GO:0071880;GO:0007188;GO:0007267;GO:0007186;GO:0035556;GO:0150099;GO:0007200;GO:0007204;GO:0043410;GO:0055117;GO:0019229
P25100,Adrenoceptor alpha 1D,Brain,GO:0005886;GO:0004937;GO:0042802;GO:0071880;GO:0007188;GO:0007267;GO:0007186;GO:0150099;GO:0007200;GO:0008284;GO:0007204;GO:0043410;GO:0045907
Q96P47,"ArfGAP with GTPase domain, ankyrin repeat and PH domain 3",Brain,GO:0071944;GO:0005737;GO:0098978;GO:0005634;GO:0014069;GO:0005525;GO:0005096;GO:0003924;GO:0046872;GO:0031593;GO:0034614;GO:0043161;GO:0099072
Q5VU57,AGBL carboxypeptidase 4,Brain,GO:1904115;GO:0005814;GO:0036064;GO:0005737;GO:0005829;GO:0005794;GO:0015630;GO:0004181;GO:0015631;GO:0008270;GO:0098957;GO:0035609;GO:0021954;GO:0051607;GO:0008285;GO:2000060;GO:0035608;GO:0035610;GO:0006508;GO:0120222;GO:0098958
Q9NUQ2,1-acylglycerol-3-phosphate O-acyltransferase 5,Brain,GO:0012505;GO:0005783;GO:0005789;GO:0005741;GO:0005739;GO:0005635;GO:0005730;GO:0003841;GO:0016746;GO:0006639;GO:0016024;GO:0002244;GO:0006654;GO:0036149;GO:0008654
Q9BQI0,Allograft inflammatory factor 1 like,Brain,GO:0015629;GO:0005737;GO:0070062;GO:0005925;GO:0032587;GO:0051015;GO:0005509;GO:0051017;GO:0097178
Q96NN9,Apoptosis inducing factor mitochondria associated 3,Brain,GO:0005737;GO:0005829;GO:0005783;GO:0005743;GO:0005739;GO:0051537;GO:0046872;GO:0016651;GO:0097194
Q9UKB5,Adherens junctions associated protein 1,Brain,GO:0005912;GO:0016324;GO:0016323;GO:0009986;GO:0044291;GO:0009898;GO:0005886;GO:0008013;GO:0019904;GO:0044877;GO:0007155;GO:0001953;GO:0061045;GO:0030860
C9J069,Apical junction component 1 homolog,Brain,GO:0005912;GO:0043296;GO:0016324;GO:0005929;GO:0005886;GO:0045216
Q9UM73,ALK receptor tyrosine kinase,Brain,GO:0070062;GO:0005886;GO:0032991;GO:0043235;GO:0005524;GO:0008288;GO:0060175;GO:0005006;GO:0005007;GO:0005004;GO:0008201;GO:0005008;GO:0140801;GO:0035401;GO:0042802;GO:0005009;GO:0005010;GO:0005011;GO:0036332;GO:0005018;GO:0005019;GO:0004713;GO:0038062;GO:0030298;GO:0005020;GO:0004714;GO:0005005;GO:0005021;GO:0030534;GO:0007169;GO:0097009;GO:0021766;GO:0050995;GO:0048666;GO:0038083;GO:0016310;GO:1900006;GO:0051092;GO:0046777;GO:0042981;GO:0042127;GO:0060159;GO:0045664;GO:0090648;GO:0006950;GO:0007165;GO:0036269
Q9NP70,Ameloblastin,Brain,GO:0005788;GO:0005576;GO:0008083;GO:0030345;GO:0031214;GO:0007155;GO:0042475;GO:0042127
Q8N944,APC membrane recruitment protein 3,Brain,GO:0005886;GO:0008013;GO:0005546;GO:0060828;GO:0016055
Q01484,Ankyrin 2,Brain,GO:0031672;GO:0016324;GO:0016323;GO:0043034;GO:0005856;GO:0005829;GO:0005769;GO:0014704;GO:0005764;GO:0031430;GO:0005739;GO:0043005;GO:0005886;GO:0045211;GO:0055037;GO:0042383;GO:0030315;GO:0030018;GO:0051117;GO:0008093;GO:0019899;GO:0140031;GO:0019901;GO:0030674;GO:0030507;GO:0005200;GO:0044325;GO:0086014;GO:0086066;GO:0003283;GO:0006897;GO:0006874;GO:0086046;GO:0030913;GO:1901021;GO:0051928;GO:2001259;GO:0010628;GO:1901018;GO:0043268;GO:0008104;GO:0034394;GO:0070972;GO:0036309;GO:0033365;GO:0072659;GO:0036371;GO:0050821;GO:0015031;GO:0098910;GO:1901019;GO:0051924;GO:0086004;GO:0055117;GO:0010882;GO:0010881;GO:0002027;GO:0086091;GO:0031647;GO:0051279;GO:0098907;GO:0060307;GO:0051597;GO:0086015;GO:0086070;GO:0070296;GO:0033292;GO:0086005
Q86YJ7,Ankyrin repeat domain 13B,Brain,GO:0005737;GO:0005769;GO:0043231;GO:0005770;GO:0048471;GO:0005886;GO:0140036;GO:0002091
A2A2Z9,Ankyrin repeat domain 18B,Brain,
Q8TF21,Ankyrin repeat domain 24,Brain,GO:0005886;GO:0032420;GO:0003779;GO:0060088;GO:0007605
Q69YU3,Ankyrin repeat domain 34A,Brain,GO:0071546
P0C6C1,Ankyrin repeat domain 34C,Brain,GO:0071546
Q6AI12,Ankyrin repeat domain 40,Brain,
Q3KP44,Ankyrin repeat domain 55,Brain,
Q9Y2G4,Ankyrin repeat domain 6,Brain,GO:0005737;GO:0043231;GO:0005634;GO:0090090;GO:0046330;GO:2000096
Q68DC2,Ankyrin repeat and sterile alpha motif domain containing 6,Brain,GO:0097543;GO:0005737;GO:0007368;GO:0007507;GO:0001701;GO:0001822
Q9HCE9,Anoctamin 8,Brain,GO:0005788;GO:0005886;GO:0005254;GO:0005229;GO:1902476;GO:0034220
P61966,Adaptor related protein complex 1 subunit sigma 1,Brain,GO:0030121;GO:0005905;GO:0030659;GO:0005829;GO:0005769;GO:0005794;GO:0000139;GO:0043231;GO:0005765;GO:0016020;GO:0032588;GO:0035615;GO:0110010;GO:0006886;GO:1903232;GO:0060155;GO:0006898;GO:0009615;GO:0016192
O94973,Adaptor related protein complex 2 subunit alpha 2,Brain,GO:0030122;GO:0045334;GO:0030669;GO:0009898;GO:0031410;GO:0005829;GO:0030666;GO:0036020;GO:0101003;GO:0005886;GO:0098794;GO:0098793;GO:0030667;GO:0035615;GO:0097718;GO:0008289;GO:0019901;GO:0072583;GO:0006886;GO:0098884;GO:0048488;GO:0016192
Q02410,Amyloid beta precursor protein binding family A member 1,Brain,GO:0005737;GO:0005829;GO:0043197;GO:0098978;GO:0005794;GO:0005634;GO:0048471;GO:0005886;GO:0048787;GO:0098685;GO:0008021;GO:0001540;GO:0008088;GO:0007155;GO:0007268;GO:0014051;GO:0014047;GO:0001701;GO:0006886;GO:0007626;GO:0035264;GO:0007399;GO:0099171;GO:0065003;GO:0010468
O00213,Amyloid beta precursor protein binding family B member 1,Brain,GO:0005737;GO:0005783;GO:0030426;GO:0030027;GO:0016607;GO:0005654;GO:0005634;GO:0005886;GO:0045202;GO:0001540;GO:0003682;GO:0042393;GO:0050750;GO:0060090;GO:0070064;GO:0003713;GO:0031625;GO:0006915;GO:0007409;GO:0006325;GO:0006974;GO:1902807;GO:0000122;GO:0043065;GO:0045893;GO:0010976;GO:0050714;GO:0045944;GO:0006355;GO:0007165;GO:0006939
O95704,Amyloid beta precursor protein binding family B member 3,Brain,GO:0015629;GO:0005737;GO:0005829;GO:0016020;GO:0016604;GO:0005634;GO:0001540;GO:0050750;GO:0060090;GO:0050714;GO:0006355
P25054,APC regulator of WNT signaling pathway,Brain,GO:0005912;GO:0030877;GO:0005923;GO:0016342;GO:0005813;GO:0005737;GO:0005829;GO:0005794;GO:0000776;GO:0030027;GO:0016328;GO:0005874;GO:0005654;GO:0005634;GO:0048471;GO:0005886;GO:0032587;GO:1990909;GO:0008013;GO:0070840;GO:0045295;GO:0008017;GO:0051010;GO:0019901;GO:0019887;GO:0031625;GO:0070830;GO:0007155;GO:0001708;GO:0016477;GO:0006974;GO:0003203;GO:0003170;GO:0008286;GO:0000281;GO:0007094;GO:0090090;GO:1902807;GO:0008285;GO:0045736;GO:2000134;GO:0007026;GO:0007399;GO:0007389;GO:0043065;GO:0030335;GO:0120162;GO:0045732;GO:1904781;GO:0031274;GO:0043161;GO:0065003;GO:0051988;GO:0060632;GO:0032886;GO:0016055
Q9ULZ1,Apelin,Brain,GO:0005576;GO:0005615;GO:0031704;GO:0005179;GO:0005102;GO:0001525;GO:0060183;GO:0060976;GO:0042756;GO:0007369;GO:0006955;GO:0007595;GO:0045776;GO:0040037;GO:0010629;GO:1904706;GO:1904022;GO:0045823;GO:1902895;GO:1905564;GO:0007165
P35414,Apelin receptor,Brain,GO:0005886;GO:0060182;GO:0004930;GO:0038023;GO:0007193;GO:0007512;GO:0001525;GO:0035904;GO:0060183;GO:0003171;GO:0001568;GO:0060976;GO:0003272;GO:0007186;GO:0007369;GO:0007507;GO:0001947;GO:0043951;GO:0010629;GO:0045766;GO:1903589;GO:1904022;GO:0051281;GO:0050878;GO:1903596;GO:0010468;GO:0035886;GO:0001944;GO:0001570;GO:0060841;GO:0060412
Q7LC44,Activity regulated cytoskeleton associated protein,Brain,GO:0001669;GO:0015629;GO:0005938;GO:0030665;GO:0005737;GO:0005829;GO:0043197;GO:0031901;GO:1903561;GO:0098978;GO:0045121;GO:0043025;GO:0071598;GO:0005886;GO:0098839;GO:0098845;GO:0170047;GO:0003729;GO:0005198;GO:0009952;GO:0016477;GO:0007010;GO:0060997;GO:0006897;GO:0007492;GO:0007612;GO:0007616;GO:0060291;GO:0050804;GO:0051028;GO:0051260;GO:0022604;GO:0061001;GO:1900452;GO:1900271;GO:0048168;GO:0099149;GO:0042220;GO:0045471;GO:0043278;GO:0110077
P61204,ADP ribosylation factor 3,Brain,GO:0070062;GO:0000139;GO:0048471;GO:0005886;GO:0005525;GO:0003924;GO:0006886;GO:0006890;GO:0016192
Q5TH69,ARFGEF family member 3,Brain,GO:0030658;GO:0005085;GO:0032012
Q9P227,Rho GTPase activating protein 23,Brain,GO:0005829;GO:0070062;GO:0005096;GO:0051056;GO:0007165
Q9C0H5,Rho GTPase activating protein 39,Brain,GO:0005737;GO:0005856;GO:0005829;GO:0098978;GO:0005634;GO:0005096;GO:0099173;GO:0051056;GO:0007165
Q17R89,Rho GTPase activating protein 44,Brain,GO:0005829;GO:0030425;GO:0043197;GO:0098978;GO:0031256;GO:0005886;GO:0014069;GO:0048786;GO:0055037;GO:0005096;GO:0005543;GO:0031267;GO:0006887;GO:0098886;GO:0050804;GO:0051490;GO:0035021;GO:0098887;GO:0032956;GO:0061001;GO:0043087;GO:0099152;GO:0051056;GO:0007165
A8MVX0,Rho guanine nucleotide exchange factor 33,Brain,GO:0005085
Q9NR80,Rho guanine nucleotide exchange factor 4,Brain,GO:0005829;GO:0032587;GO:0005085;GO:0019904;GO:0046847;GO:0035556;GO:0030032;GO:0051056
Q96BM9,ADP ribosylation factor like GTPase 8A,Brain,GO:1904115;GO:0035577;GO:0005737;GO:0070062;GO:0101003;GO:0031902;GO:0005765;GO:0016020;GO:0030496;GO:0005886;GO:0051233;GO:0045202;GO:0043014;GO:0048487;GO:0005525;GO:0003924;GO:0008089;GO:0051301;GO:0007059;GO:0015031
P56211,CAMP regulated phosphoprotein 19,Brain,GO:0005737;GO:0005654;GO:0019212;GO:0015459;GO:0051721;GO:0004864;GO:0019888;GO:0005102;GO:0051301;GO:0000086;GO:0000278;GO:0046326;GO:0045722
Q8NCT1,Arrestin domain containing 4,Brain,GO:0005737;GO:0005769;GO:0005768;GO:1903561;GO:0043231;GO:0005886;GO:1990756;GO:0140112;GO:0032728;GO:0051443;GO:0070534;GO:0015031;GO:0016567
P54793,Arylsulfatase F,Brain,GO:0005788;GO:0070062;GO:0004065;GO:0046872
O00192,ARVCF delta catenin family member,Brain,GO:0005912;GO:0005737;GO:0005634;GO:0005886;GO:0045296;GO:0007155;GO:0098609;GO:0006397;GO:0008380
P50553,Achaete-scute family bHLH transcription factor 1,Brain,GO:0000785;GO:0043025;GO:0005634;GO:0090575;GO:0043425;GO:0003682;GO:0003700;GO:0000981;GO:0001227;GO:0070888;GO:0042802;GO:0003676;GO:0046983;GO:0000978;GO:0000977;GO:1990837;GO:0061104;GO:0061103;GO:0048469;GO:0071259;GO:0021954;GO:0021987;GO:0021892;GO:0021902;GO:0007507;GO:0060487;GO:0061100;GO:0097475;GO:0050883;GO:0043066;GO:0045892;GO:0045665;GO:0000122;GO:0007400;GO:0007405;GO:0022008;GO:0048666;GO:0030182;GO:0048663;GO:0048665;GO:0003358;GO:0003359;GO:0007219;GO:0060166;GO:0014003;GO:0048935;GO:0045787;GO:2000179;GO:0050769;GO:0043525;GO:0045666;GO:0045747;GO:0045944;GO:0030856;GO:0010468;GO:0007346;GO:0050767;GO:0060165;GO:0070849;GO:0051593;GO:0032526;GO:0007423;GO:0021527;GO:0021530;GO:0061102;GO:0060163;GO:0061549;GO:0048485;GO:0060579;GO:0021750
Q9UHC3,Acid sensing ion channel subunit 3,Brain,GO:0048471;GO:0005886;GO:0042931;GO:0015280;GO:0005261;GO:0160128;GO:0005272;GO:0050968;GO:0050966;GO:0050965;GO:0010447;GO:0009408;GO:0007600;GO:0050915;GO:0007165;GO:0035725
P45381,Aspartoacylase,Brain,GO:0005829;GO:0005634;GO:0019807;GO:0016811;GO:0016788;GO:0042802;GO:0046872;GO:0006083;GO:0006531;GO:0022010;GO:0048714
A6ND91,Aspartate dehydrogenase domain containing,Brain,GO:0033735;GO:0050661;GO:0009435
Q6ICH7,Aspartate beta-hydroxylase domain containing 2,Brain,GO:0016020;GO:0051213;GO:0046872
Q7L266,Asparaginase and isoaspartyl peptidase 1,Brain,GO:0005737;GO:0005829;GO:0005634;GO:0001917;GO:0004067;GO:0008798;GO:0033345;GO:0006508
O14525,Astrotactin 1,Brain,GO:0030136;GO:0005768;GO:0009897;GO:0016020;GO:0043204;GO:0007626;GO:0007158;GO:0001764
Q5SQI0,Alpha tubulin acetyltransferase 1,Brain,GO:0030424;GO:0005905;GO:0005829;GO:0005925;GO:0005794;GO:0005874;GO:0097427;GO:0072686;GO:0004468;GO:0019799;GO:0071929;GO:0060271;GO:0021542;GO:0000226;GO:0048666;GO:0044546;GO:1900227;GO:0045598;GO:0070507;GO:0009612;GO:0048265;GO:0007283
Q86WG3,ATCAY kinesin light chain interacting caytaxin,Brain,GO:0030424;GO:0005737;GO:0030425;GO:0030426;GO:0031966;GO:0043005;GO:0098793;GO:0045202;GO:0019894;GO:0006915;GO:0048311;GO:2000212;GO:0031175;GO:0032880
Q8WXF7,Atlastin GTPase 1,Brain,GO:0030424;GO:0005783;GO:0005789;GO:0071782;GO:0098826;GO:0005794;GO:0000137;GO:0000139;GO:0016020;GO:0005525;GO:0003924;GO:0042802;GO:0007409;GO:0007029;GO:1990809;GO:0051260
Q9NQ11,ATPase cation transporting 13A2,Brain,GO:0005776;GO:0000421;GO:0005770;GO:0031902;GO:0043202;GO:0005765;GO:0005764;GO:0016020;GO:0005771;GO:0032585;GO:0043005;GO:0043025;GO:0030133;GO:0031982;GO:0015417;GO:0005524;GO:0016887;GO:0019829;GO:1903135;GO:0030145;GO:0015662;GO:0070300;GO:0080025;GO:0015203;GO:0008270;GO:1905037;GO:0061909;GO:0006914;GO:0071287;GO:0034599;GO:0071294;GO:0097734;GO:0006874;GO:0006879;GO:0030003;GO:0006882;GO:0055088;GO:0007041;GO:0034220;GO:1905166;GO:1990938;GO:1902047;GO:1903543;GO:0010628;GO:0050714;GO:0046777;GO:0061462;GO:0016243;GO:1903146;GO:1904714;GO:0052548;GO:0033157;GO:1905165;GO:0016241;GO:0010821;GO:0043523;GO:1900180;GO:2000152;GO:1903710;GO:0055085
Q01814,ATPase plasma membrane Ca2+ transporting 2,Brain,GO:0016324;GO:0016323;GO:0005737;GO:0032591;GO:0070062;GO:0098982;GO:0098978;GO:0043231;GO:0032809;GO:0098688;GO:0005886;GO:0098839;GO:0048787;GO:0005524;GO:0016887;GO:0005509;GO:0005516;GO:0035254;GO:0046872;GO:0005388;GO:1905059;GO:0030165;GO:0006816;GO:0034220;GO:0003407;GO:0030182;GO:1903779;GO:0051480;GO:0007605
Q93050,ATPase H+ transporting V0 subunit a1,Brain,GO:0030665;GO:0005829;GO:0010008;GO:0070062;GO:0101003;GO:0005794;GO:0043231;GO:0005765;GO:0042470;GO:0016020;GO:0016607;GO:0048471;GO:0030670;GO:0005886;GO:0033176;GO:0030667;GO:0030672;GO:0016471;GO:0000220;GO:0051117;GO:0046961;GO:0048388;GO:0007042;GO:1902600;GO:0016241;GO:0097401;GO:0007035
Q8NHE4,ATPase H+ transporting V0 subunit e2,Brain,GO:0030665;GO:0010008;GO:0005765;GO:0016020;GO:0030670;GO:0030672;GO:0000220;GO:0042625;GO:0046961;GO:1902600;GO:0016241;GO:0055085;GO:0007035
A0A1B0GUX0,ATP6V1F neighbor,Brain,
O75110,ATPase phospholipid transporting 9A (putative),Brain,GO:0005769;GO:0031901;GO:0005768;GO:0005770;GO:0031902;GO:0048471;GO:0005886;GO:0055037;GO:0055038;GO:0005802;GO:0032588;GO:0005524;GO:0016887;GO:0140326;GO:0000287;GO:0002020;GO:0006897;GO:1903542;GO:0048812;GO:0045332;GO:2001135;GO:1905279;GO:0006890
Q5VV63,Attractin like 1,Brain,GO:0016020;GO:0030246;GO:0005112;GO:0007186
Q9Y5Z6,"Beta-1,3-galactosyltransferase 1",Brain,GO:0000139;GO:0016020;GO:0047275;GO:0008499;GO:0006682;GO:0030259;GO:0009312;GO:0006493
O43825,"Beta-1,3-galactosyltransferase 2",Brain,GO:0000139;GO:0047275;GO:0008499;GO:0006682;GO:0009312;GO:0006486;GO:0006493
Q9C0J1,"UDP-GlcNAc:betaGal beta-1,3-N-acetylglucosaminyltransferase 4",Brain,GO:0000139;GO:0008532;GO:0008499;GO:0018146;GO:0016266;GO:0030311;GO:0006493
Q76KP1,"Beta-1,4-N-acetyl-galactosaminyltransferase 4",Brain,GO:0032580;GO:0008376;GO:0033842
O43505,"Beta-1,4-glucuronyltransferase 1",Brain,GO:0070062;GO:0005794;GO:0000139;GO:0015020;GO:0046872;GO:0008532;GO:0007411;GO:0018146;GO:0035269
Q9P281,BAH domain and coiled-coil containing 1,Brain,GO:0003682
P80723,Brain abundant membrane attached signal protein 1,Brain,GO:0030054;GO:0000785;GO:0005737;GO:0005856;GO:0070062;GO:0030426;GO:0016363;GO:0016607;GO:0005634;GO:0005886;GO:0016605;GO:0031982;GO:0005516;GO:0019904;GO:0000976;GO:0003714;GO:0060539;GO:0008406;GO:0060231;GO:0072075;GO:0045892;GO:0072112;GO:0060421;GO:2001076;GO:0051260;GO:0021762;GO:0097435;GO:0007356
Q9BUW7,Bublin coiled coil protein,Brain,GO:0070161;GO:0030054;GO:0005737;GO:0005882;GO:0120219;GO:0060090;GO:0097190;GO:0060348;GO:0045453;GO:0010467;GO:0045110;GO:0072674
Q9H165,BAF chromatin remodeling complex subunit BCL11A,Brain,GO:0005737;GO:0005829;GO:0016363;GO:0005654;GO:0005634;GO:0042382;GO:0098794;GO:0016514;GO:0003700;GO:0140297;GO:0001227;GO:0046872;GO:0046982;GO:0042803;GO:0019901;GO:0000978;GO:0003712;GO:0001067;GO:1905232;GO:0030517;GO:2000173;GO:0048671;GO:2000171;GO:1903860;GO:0010977;GO:1904800;GO:0032463;GO:0000122;GO:0048672;GO:0010628;GO:0010976;GO:0045944;GO:0016925;GO:0050773;GO:0006357
P23560,Brain derived neurotrophic factor,Brain,GO:0030424;GO:0005737;GO:0030425;GO:0005788;GO:0005576;GO:0005615;GO:0048471;GO:0008021;GO:0008083;GO:0005163;GO:0007411;GO:0031547;GO:0007169;GO:0048668;GO:0050804;GO:2001234;GO:0010832;GO:0043524;GO:0021675;GO:0038180;GO:0007399;GO:0048812;GO:0031550;GO:0048672;GO:0010976;GO:1900122;GO:0051965;GO:2000008;GO:0007416
Q3B7T3,Brain expressed associated with NEDD4 1,Brain,GO:0016020
O76090,Bestrophin 1,Brain,GO:0009925;GO:0016323;GO:0034707;GO:0005829;GO:0016020;GO:0098857;GO:0005886;GO:0098793;GO:0160133;GO:0015106;GO:0005254;GO:0042802;GO:0005229;GO:0022834;GO:0006821;GO:0050908;GO:0061534;GO:0014047;GO:0034220;GO:0051259;GO:0051924;GO:0048167;GO:0030321;GO:0007601
Q9HBH7,Brain expressed X-linked 1,Brain,GO:0005737;GO:0005634;GO:0005667;GO:0046872;GO:0140678;GO:0061629;GO:0005102;GO:0030154;GO:0031397;GO:0007399;GO:0051091;GO:0045944;GO:0007165
Q9BXY8,Brain expressed X-linked 2,Brain,GO:0005737;GO:0005634;GO:0046872;GO:0140678;GO:0005102;GO:0006915;GO:0031397;GO:0042981;GO:0051726;GO:0007165
Q5H9J7,Brain expressed X-linked 5,Brain,GO:0005737;GO:0046872;GO:0005102;GO:0007165
Q96MC5,BMERB domain containing 1,Brain,GO:0015630;GO:0021814;GO:0007019;GO:0021822;GO:0007026
Q9UMX3,BCL2 family apoptosis regulator BOK,Brain,GO:0033106;GO:0005737;GO:0031901;GO:0005783;GO:0005789;GO:0005794;GO:0016020;GO:0005743;GO:0031966;GO:0005741;GO:0005739;GO:0005640;GO:0005634;GO:0055038;GO:0032588;GO:0051400;GO:0015267;GO:0046982;GO:0042803;GO:0044877;GO:0005102;GO:0031625;GO:0006915;GO:0006921;GO:0097192;GO:0072332;GO:0008630;GO:0008584;GO:0051902;GO:1901029;GO:0060546;GO:0043524;GO:0051402;GO:0048709;GO:0043065;GO:2001056;GO:1902237;GO:1900119;GO:2001244;GO:1901030;GO:1903899;GO:0051259;GO:0010506;GO:1901382;GO:0051480;GO:1904708;GO:0001836
Q76B58,BMP/retinoic acid inducible neural specific 3,Brain,GO:0005737;GO:0030425;GO:0005576;GO:0005739;GO:0043025;GO:0071300;GO:0021953;GO:0045930;GO:0045666
Q96G97,"BSCL2 lipid droplet biogenesis associated, seipin",Brain,GO:0005789;GO:0005811;GO:0005543;GO:0045444;GO:0016042;GO:0140042;GO:0034389;GO:0019915;GO:0050995;GO:0120162
Q9BX70,BTB domain containing 2,Brain,GO:0005829;GO:0000932;GO:0022008
Q9Y2F9,BTB domain containing 3,Brain,GO:0005829;GO:0005634;GO:0042802;GO:0021987;GO:0048813;GO:0022008
Q9NPU4,Chromosome 14 open reading frame 132,Brain,GO:0016020
A0A1B0GUV1,Chromosome 17 open reading frame 114,Brain,
Q8TCD1,Chromosome 18 open reading frame 32,Brain,GO:0005783;GO:0005811;GO:0043123
Q9NVV2,Chromosome 19 open reading frame 73,Brain,
Q6ZSJ8,Chromosome 1 open reading frame 122,Brain,
Q9H425,Chromosome 1 open reading frame 198,Brain,GO:0005829
Q8TAB5,Chromosome 1 open reading frame 216,Brain,
O75973,Complement C1q like 1,Brain,GO:0150053;GO:0044301;GO:0005581;GO:0005737;GO:0098793;GO:0043083;GO:0005102;GO:0007626;GO:0099558;GO:0061743;GO:0016322;GO:1905806
Q9GZN8,Chromosome 20 open reading frame 27,Brain,GO:0005615;GO:0008157;GO:1990845;GO:0042593;GO:1901224;GO:0010739;GO:0030511
B7Z1M9,C2 calcium dependent domain containing 4D,Brain,
A6NCS6,Chromosome 2 open reading frame 72,Brain,
Q9HBI5,Chromosome 3 open reading frame 14,Brain,GO:0005929
Q9UK00,Chromosome 3 open reading frame 18,Brain,GO:0016020
Q5BLP8,Chromosome 4 open reading frame 48,Brain,GO:0005615;GO:0048471;GO:0003730;GO:1990459;GO:0070935;GO:0007283
Q5SZD1,Chromosome 6 open reading frame 141,Brain,
Q9NS85,Carbonic anhydrase 10,Brain,GO:0004089;GO:0016836;GO:0008270;GO:0007420;GO:0006730
P35219,Carbonic anhydrase 8,Brain,GO:0005737;GO:0004089;GO:0016836;GO:0008270;GO:0006730;GO:0050850
Q8IVU9,Ciliary associated calcium binding coiled-coil 1,Brain,GO:0005813;GO:0005737;GO:0036126;GO:0005509
Q8TDN4,Cdk5 and Abl enzyme substrate 1,Brain,GO:0005829;GO:0005634;GO:0051301;GO:0007399;GO:0051726
O43497,Calcium voltage-gated channel subunit alpha1 G,Brain,GO:0005737;GO:0005886;GO:0045202;GO:0005891;GO:0008331;GO:0008332;GO:0097110;GO:0005245;GO:0086056;GO:0086059;GO:0086016;GO:0086027;GO:0070509;GO:0098703;GO:0070588;GO:0086002;GO:0007268;GO:0086045;GO:0086046;GO:0060371;GO:0086091;GO:0042391;GO:0010045;GO:0086015;GO:0086018;GO:0003163
Q9P0X4,Calcium voltage-gated channel subunit alpha1 I,Brain,GO:0005886;GO:0005891;GO:0008331;GO:0005245;GO:0098703;GO:0019228;GO:0007165;GO:0030431
Q8IZS8,Calcium voltage-gated channel auxiliary subunit alpha2delta 3,Brain,GO:0098982;GO:0048787;GO:0005891;GO:0046872;GO:0005245;GO:0099174
P54284,Calcium voltage-gated channel auxiliary subunit beta 3,Brain,GO:0005829;GO:1990454;GO:0016020;GO:0045202;GO:0005891;GO:0005246;GO:0008331;GO:0005245;GO:0061577;GO:0006816;GO:0060402;GO:0007268;GO:1901843;GO:0072659;GO:0098903;GO:0050852
Q8NFZ8,Cell adhesion molecule 4,Brain,GO:0031252;GO:0044291;GO:0097060;GO:0019903;GO:0030971;GO:0043183;GO:0043184;GO:0007156;GO:0010801;GO:0050732;GO:0001933;GO:0030948;GO:1900747;GO:2000145;GO:0042127;GO:0001932;GO:0035020;GO:0061041;GO:0099560
Q9ULU8,Calcium dependent secretion activator,Brain,GO:0005829;GO:0098978;GO:0099012;GO:0098793;GO:0008289;GO:0046872;GO:0019901;GO:1990504;GO:0006887;GO:0045921;GO:0015031;GO:0016079
Q86UW7,Calcium dependent secretion activator 2,Brain,GO:0005813;GO:0036064;GO:0005929;GO:0030659;GO:0098978;GO:0043231;GO:0005654;GO:0098793;GO:0008289;GO:0046872;GO:1990504;GO:0006887;GO:0045921;GO:0015031;GO:0016079
P05937,Calbindin 1,Brain,GO:0030424;GO:0044305;GO:0032437;GO:0005829;GO:0030425;GO:0043197;GO:0070062;GO:0098982;GO:0098978;GO:0098686;GO:0043025;GO:0005634;GO:0099524;GO:0099523;GO:0032420;GO:0045202;GO:0043195;GO:0005509;GO:0099567;GO:0099534;GO:0005499;GO:0008270;GO:0090102;GO:0007626;GO:0007616;GO:0072205;GO:0072286;GO:0072221;GO:0035502;GO:1900271;GO:0099509;GO:0010996;GO:0010842;GO:0007614
P22676,Calbindin 2,Brain,GO:0005829;GO:0030425;GO:0005921;GO:0005634;GO:0098688;GO:0045202;GO:0043195;GO:0005509;GO:0099534;GO:1900271;GO:0099509
Q8IU99,Calcium homeostasis modulator 1,Brain,GO:0016323;GO:0005789;GO:0005886;GO:0044853;GO:0005227;GO:0042802;GO:0005261;GO:0005245;GO:0005244;GO:1904669;GO:0015867;GO:0006812;GO:0051291;GO:0051260;GO:0034765;GO:0050913;GO:0050916;GO:0050917
P0DP25,Calmodulin 3,Brain,GO:0034704;GO:0044305;GO:1902494;GO:0005813;GO:0005737;GO:0043209;GO:0005634;GO:0005886;GO:0099523;GO:0032991;GO:0030017;GO:0097225;GO:0005876;GO:0000922;GO:0031982;GO:0008076;GO:0010856;GO:0008179;GO:0005509;GO:0048306;GO:0019901;GO:0072542;GO:0043539;GO:0031432;GO:0044325;GO:0097720;GO:0005513;GO:0007186;GO:0000086;GO:1905913;GO:1901842;GO:0010801;GO:0060315;GO:0010800;GO:0031954;GO:0071902;GO:0060316;GO:0140238;GO:0050848;GO:0098901;GO:0055117;GO:0010881;GO:1901844;GO:0032465;GO:0002027;GO:0010880;GO:0051592;GO:0021762
Q9BXU9,Calneuron 1,Brain,GO:0048471;GO:0005886;GO:0032588;GO:0005509
Q8IU85,Calcium/calmodulin dependent protein kinase ID,Brain,GO:0005737;GO:0005634;GO:0005524;GO:0004683;GO:0005516;GO:0106310;GO:0006954;GO:0043066;GO:0007399;GO:0043065;GO:0032793;GO:0010976;GO:0090023;GO:0050766;GO:0060267;GO:0050773;GO:0071622;GO:0010975;GO:0007165
Q96NX5,Calcium/calmodulin dependent protein kinase IG,Brain,GO:0005954;GO:0005737;GO:0000139;GO:0005886;GO:0005524;GO:0004683;GO:0005516;GO:0106310;GO:0007165
Q96S95,Calcium/calmodulin dependent protein kinase II inhibitor 2,Brain,GO:0005829;GO:0005634;GO:0045202;GO:0008427;GO:0019901
Q8N5S9,Calcium/calmodulin dependent protein kinase kinase 1,Brain,GO:0005737;GO:0005829;GO:0005654;GO:0005524;GO:0004683;GO:0005516;GO:0106310;GO:0035556
O94983,Calmodulin binding transcription activator 2,Brain,GO:0000785;GO:0005634;GO:0003682;GO:0003690;GO:0042826;GO:0043565;GO:0003713;GO:0003712;GO:0014898;GO:0045944;GO:0006357
P20807,Calpain 3,Brain,GO:0005737;GO:0005829;GO:0030016;GO:0005730;GO:0005634;GO:0005886;GO:0032991;GO:0030315;GO:0030018;GO:0005509;GO:0004198;GO:0003824;GO:0008234;GO:0042802;GO:0055103;GO:0060090;GO:0008233;GO:0031402;GO:0008307;GO:0031432;GO:0006915;GO:1990092;GO:0071277;GO:0071472;GO:0070315;GO:0046716;GO:0007517;GO:0061061;GO:0030239;GO:0043066;GO:0045892;GO:0033234;GO:0045893;GO:0051092;GO:0045862;GO:0051281;GO:0014718;GO:0030163;GO:0031648;GO:0072657;GO:0065003;GO:0006508;GO:0043122;GO:0050790;GO:0045661;GO:0051592;GO:0014850;GO:0045214;GO:0097264
Q6F5E8,Capping protein regulator and myosin 1 linker 2,Brain,GO:0015629;GO:0031252;GO:0005737;GO:0031234;GO:0045111;GO:0030027;GO:0044354;GO:0016020;GO:0005886;GO:0001726;GO:0005543;GO:0044877;GO:0051639;GO:0016477;GO:0007163;GO:0061339;GO:2000813;GO:0030335;GO:0090091;GO:0010592;GO:1902745;GO:1900029;GO:0034315;GO:0044319
Q8ND23,Capping protein regulator and myosin 1 linker 3,Brain,GO:0005737;GO:0098978;GO:0030027;GO:0005886;GO:0098794;GO:0016477;GO:0034315;GO:0150052
Q8N350,CACN subunit beta associated regulatory protein,Brain,GO:0030426;GO:0005886;GO:0030141;GO:0030672;GO:0044325;GO:1903170;GO:0045955;GO:1901386
O75081,CBFA2/RUNX1 partner transcriptional co-repressor 3,Brain,GO:0000139;GO:0005730;GO:0005654;GO:0005634;GO:0046872;GO:0003714;GO:0006351;GO:0030851;GO:0008285;GO:0045892;GO:0045820;GO:0032436;GO:1903715;GO:0001666
Q9NTU7,Cerebellin 4 precursor,Brain,GO:0062023;GO:0005576;GO:0005615;GO:0098982;GO:0098978;GO:0045202;GO:0043083;GO:1904862;GO:0009306;GO:0099550
O95503,Chromobox 6,Brain,GO:0000785;GO:0000792;GO:0016604;GO:0005654;GO:0005634;GO:0031519;GO:0035102;GO:0003682;GO:0035064;GO:0003727;GO:0006325;GO:0000122
Q9BWC9,Coiled-coil domain containing 106,Brain,GO:0005829;GO:0005654
P0C221,Coiled-coil domain containing 175,Brain,
Q52MB2,Coiled-coil domain containing 184,Brain,GO:0005737
A2IDD5,Coiled-coil domain containing 78,Brain,GO:0005814;GO:0005737;GO:0098536;GO:0048471;GO:0042383;GO:0016529;GO:0030030;GO:0098535;GO:0003009
Q96PX6,Coiled-coil domain containing 85A,Brain,GO:0005912
Q15834,Coiled-coil domain containing 85B,Brain,GO:0005912;GO:0005813;GO:0005737;GO:0005634;GO:0070097;GO:0030154;GO:0030308;GO:0045892;GO:0045599
A6NKD9,Coiled-coil domain containing 85C,Brain,GO:0005912;GO:0043296;GO:0005923;GO:0021987
Q3V6T2,Coiled-coil domain containing 88A,Brain,GO:0005814;GO:0005813;GO:0036064;GO:0030142;GO:0005737;GO:0031410;GO:0005829;GO:0005783;GO:0005794;GO:0030027;GO:0016020;GO:0005886;GO:0003779;GO:0051959;GO:0005154;GO:0001965;GO:0031682;GO:0005092;GO:0005085;GO:0005158;GO:0008017;GO:0035091;GO:0042803;GO:0043422;GO:0005080;GO:0043539;GO:0042169;GO:0043184;GO:0032147;GO:0016477;GO:0031122;GO:0030705;GO:0030032;GO:0072660;GO:0061024;GO:0007399;GO:0045724;GO:0045742;GO:0051897;GO:1903566;GO:0051496;GO:0032956;GO:0042127;GO:0010975;GO:0007264;GO:0031929
A6NC98,Coiled-coil domain containing 88B,Brain,GO:0005813;GO:0005737;GO:0005829;GO:0005783;GO:0005794;GO:0016020;GO:0005654;GO:0051959;GO:0008017;GO:0031122;GO:0030705;GO:0042832;GO:0001819;GO:0050870;GO:0042102
Q53HC0,Coiled-coil domain containing 92,Brain,GO:0005814;GO:0005813;GO:0005737;GO:0043231;GO:0005654;GO:0042802;GO:0045087;GO:0050688
I3L3R5,Coiled-coil glutamate rich protein 2,Brain,GO:0005576
Q9BSQ5,CCM2 scaffold protein,Brain,GO:0005737;GO:0005739;GO:0032991;GO:0060837;GO:0045216;GO:0001885;GO:0061154;GO:0003158;GO:0007507;GO:0001701;GO:0048839;GO:0007229;GO:0035264;GO:0060039;GO:0045765;GO:0051403;GO:0001570;GO:0048845
O95389,Cellular communication network factor 6,Brain,GO:0031012;GO:0005615;GO:0005739;GO:0008083;GO:0008201;GO:0005178;GO:0007155;GO:0007267;GO:0016525;GO:0008285;GO:0045597;GO:0051881;GO:1903426;GO:0007165
O96020,Cyclin E2,Brain,GO:0097134;GO:0097135;GO:0005737;GO:0005829;GO:0005815;GO:0005654;GO:0005634;GO:0016538;GO:0019901;GO:0051301;GO:0006270;GO:0000082;GO:0007129;GO:1900087;GO:0000079;GO:0032880;GO:0000723
Q6ZMN8,Cyclin I family member 2,Brain,GO:0000307;GO:0005737;GO:0005634;GO:0016538;GO:0000082
Q8IV13,Cyclin J like,Brain,GO:0000307;GO:0005737;GO:0005815;GO:0005634;GO:0016538;GO:0000082
Q6IQ19,"Centriole, cilia and spindle associated protein",Brain,GO:0030424;GO:0005930;GO:0005814;GO:0005813;GO:0036064;GO:0035869;GO:0005929;GO:0072686;GO:0061673;GO:0005819;GO:0008017;GO:0051301;GO:1990755;GO:0045995;GO:1901673
P41217,CD200 molecule,Brain,GO:0030424;GO:0044297;GO:0009986;GO:0016020;GO:0043005;GO:0043025;GO:0005886;GO:0098632;GO:0140081;GO:0086080;GO:0098609;GO:0034113;GO:0008285;GO:0032715;GO:0002695;GO:0043031;GO:1905522;GO:1904465;GO:0150079;GO:0032088;GO:2000405;GO:0150072;GO:0032793;GO:0150074;GO:0071636;GO:0050776;GO:0150077
Q6DT37,CDC42 binding protein kinase gamma,Brain,GO:0031252;GO:0034451;GO:0005737;GO:0005856;GO:0005829;GO:0004676;GO:0004679;GO:0005524;GO:0004677;GO:0004694;GO:0044024;GO:0072371;GO:1990244;GO:0035979;GO:0044025;GO:0140823;GO:0035175;GO:0044022;GO:0140855;GO:0035402;GO:0072354;GO:0140857;GO:0035403;GO:0044023;GO:0000287;GO:0106310;GO:0004674;GO:0072518;GO:0004711;GO:0030036;GO:0031032;GO:0006468
Q13634,Cadherin 18,Brain,GO:0005912;GO:0016342;GO:0005886;GO:0008013;GO:0045296;GO:0005509;GO:0034332;GO:0016339;GO:0016477;GO:0000902;GO:0044331;GO:0007043;GO:0007156
Q9HBT6,Cadherin 20,Brain,GO:0005912;GO:0016342;GO:0008013;GO:0045296;GO:0005509;GO:0034332;GO:0016339;GO:0016477;GO:0000902;GO:0044331;GO:0007043;GO:0007156
Q9ULB4,Cadherin 9,Brain,GO:0005912;GO:0016342;GO:0005886;GO:0045211;GO:0042734;GO:0008013;GO:0045296;GO:0005509;GO:0034332;GO:0016339;GO:0016477;GO:0000902;GO:0098609;GO:0044331;GO:0007043;GO:0007156;GO:0007416;GO:0099560
Q9H305,Cell death inducing p53 target 1,Brain,GO:0098560;GO:0098574;GO:0005634;GO:0008270;GO:0042771
O14519,Cyclin dependent kinase 2 associated protein 1,Brain,GO:0000785;GO:0005737;GO:0005829;GO:0005654;GO:0005634;GO:0016581;GO:0048471;GO:0070182;GO:0006261;GO:0001934;GO:0006357
Q00535,Cyclin dependent kinase 5,Brain,GO:0030424;GO:0030054;GO:0000307;GO:0005737;GO:0005829;GO:0030425;GO:0030175;GO:0030426;GO:0030027;GO:0016020;GO:0031594;GO:0043005;GO:0043025;GO:0005654;GO:0005634;GO:0043204;GO:0005886;GO:0014069;GO:0098793;GO:0016533;GO:0004676;GO:0030549;GO:0004679;GO:0005524;GO:0004693;GO:0004677;GO:0005176;GO:0043125;GO:0004694;GO:0044024;GO:0072371;GO:1990244;GO:0035979;GO:0044025;GO:0140823;GO:0035175;GO:0044022;GO:0140855;GO:0035402;GO:0072354;GO:0140857;GO:0035403;GO:0044023;GO:0051879;GO:0016301;GO:0002039;GO:0004672;GO:0106310;GO:0004674;GO:0072518;GO:0004711;GO:0048156;GO:0050321;GO:0030036;GO:0048675;GO:0007409;GO:0048148;GO:0070509;GO:0051301;GO:0007160;GO:1904646;GO:0021954;GO:0021697;GO:0007268;GO:0022038;GO:0048813;GO:0060079;GO:0021766;GO:0006886;GO:0021819;GO:0000226;GO:0008045;GO:0030517;GO:0045786;GO:0045892;GO:0046826;GO:0031397;GO:0045861;GO:0031914;GO:0051402;GO:0030182;GO:0001764;GO:0031175;GO:0048709;GO:0018105;GO:0018107;GO:0016310;GO:0045956;GO:0043525;GO:0090314;GO:0035418;GO:0006468;GO:0032801;GO:0043113;GO:0042981;GO:0051726;GO:1901987;GO:0030334;GO:0061001;GO:0016241;GO:1903076;GO:0048167;GO:0051966;GO:1903421;GO:0048511;GO:0014044;GO:0019233;GO:0007519;GO:0007416;GO:0001963;GO:0035249;GO:0048488;GO:0016079;GO:0048489;GO:0008542
O76039,Cyclin dependent kinase like 5,Brain,GO:0005813;GO:0036064;GO:0097542;GO:0032839;GO:0044294;GO:0098978;GO:0005654;GO:0005634;GO:0048471;GO:0099092;GO:0005524;GO:0004693;GO:0016301;GO:0004672;GO:0106310;GO:0004674;GO:0031267;GO:0050804;GO:0001764;GO:0045773;GO:0050775;GO:0060999;GO:0035022;GO:1902017;GO:0050773;GO:0099175
P49918,Cyclin dependent kinase inhibitor 1C,Brain,GO:0005737;GO:0005634;GO:0004861;GO:0140678;GO:0004860;GO:0044877;GO:0030325;GO:0043010;GO:0055123;GO:0060669;GO:0071514;GO:0001822;GO:0035264;GO:0030099;GO:1904030;GO:0045892;GO:0050680;GO:0033673;GO:0045930;GO:0042326;GO:0000122;GO:0042551;GO:0045893;GO:0030511;GO:0007096;GO:1902746;GO:0001501;GO:0060065
Q86X02,Cerebellar degeneration related protein 2 like,Brain,GO:0005737;GO:0042802;GO:0055107;GO:0047496
Q8N8U2,Chromodomain Y like 2,Brain,GO:0005634;GO:0035064;GO:0003714
Q9BXF3,CECR2 histone acetyl-lysine reader,Brain,GO:0090537;GO:0000791;GO:0005634;GO:0140658;GO:0006309;GO:0006338;GO:0090102;GO:0007010;GO:0061640;GO:0097194;GO:0060122;GO:0001842;GO:0001843;GO:0007338;GO:0016192
Q9BZC1,CUGBP Elav-like family member 4,Brain,GO:0005737;GO:0005654;GO:0005634;GO:0098794;GO:1990904;GO:0042835;GO:0003729;GO:0000900;GO:0036002;GO:0000380;GO:0009792;GO:0060079;GO:0007281;GO:0001701;GO:0006376;GO:0090394;GO:0048025;GO:0048026;GO:0000381;GO:1902866
Q9HCU4,Cadherin EGF LAG seven-pass G-type receptor 2,Brain,GO:0005737;GO:0016020;GO:0005886;GO:0005509;GO:0004930;GO:0098609;GO:0033326;GO:0060271;GO:0003341;GO:0048813;GO:0007186;GO:0007156;GO:0097475;GO:0021999;GO:0022407;GO:0006355;GO:0032880;GO:0021591;GO:0016055;GO:0060071
Q9NYQ7,Cadherin EGF LAG seven-pass G-type receptor 3,Brain,GO:0016020;GO:0005886;GO:0005509;GO:0004930;GO:0098609;GO:0036514;GO:0007186;GO:0007156;GO:0036515;GO:0060071
P07199,Centromere protein B,Brain,GO:0005694;GO:0000775;GO:0000779;GO:0016604;GO:0005654;GO:0005634;GO:0005721;GO:0019237;GO:0003682;GO:0003677;GO:0003696;GO:0043565
P0CG37,"Cripto, FRL-1, cryptic family 1",Brain,GO:0009986;GO:0005576;GO:0005886;GO:0098552;GO:0070697;GO:0038100;GO:0009952;GO:0001568;GO:0007368;GO:0007369;GO:0007507;GO:0038092
P0CG36,"Cripto, FRL-1, cryptic family 1B",Brain,GO:0009986;GO:0005576;GO:0070697;GO:0038100;GO:0009952;GO:0001568;GO:0007368;GO:0007369;GO:0007507;GO:0038092
Q99674,Cell growth regulator with EF-hand domain 1,Brain,GO:0005576;GO:0005509;GO:0007155;GO:0008285;GO:0051726
O15335,Chondroadherin,Brain,GO:0031012;GO:0005615;GO:0060348;GO:1900155
P28329,Choline O-acetyltransferase,Brain,GO:0005737;GO:0005829;GO:0043005;GO:0005634;GO:0045202;GO:0004102;GO:0008292;GO:0007274;GO:0006836;GO:0006656
Q9BRQ6,Coiled-coil-helix-coiled-coil-helix domain containing 6,Brain,GO:0005829;GO:0140275;GO:0061617;GO:0044284;GO:0005743;GO:0005739;GO:0001401;GO:0042407;GO:0006974;GO:0007007
Q9P2D1,Chromodomain helicase DNA binding protein 7,Brain,GO:0000785;GO:0005730;GO:0005654;GO:0005634;GO:0005524;GO:0016887;GO:0140658;GO:0140849;GO:0140665;GO:0003682;GO:0140584;GO:0061775;GO:0003677;GO:0003689;GO:0036121;GO:0061749;GO:0009378;GO:0042393;GO:1990841;GO:0000978;GO:1990518;GO:0007512;GO:0007628;GO:0035909;GO:0036302;GO:0008015;GO:0001974;GO:0060411;GO:0007417;GO:0043009;GO:0006338;GO:0050890;GO:0021545;GO:0035116;GO:0060429;GO:0060324;GO:0030540;GO:0048806;GO:0003007;GO:0001701;GO:0042472;GO:0060384;GO:0060173;GO:0043584;GO:0042048;GO:0021772;GO:0021553;GO:0040018;GO:0045944;GO:0006355;GO:0010468;GO:0060123;GO:0050767;GO:0010880;GO:0009617;GO:0060041;GO:0003226;GO:0006364;GO:0062009;GO:0048752;GO:0007605;GO:0001501;GO:0030217;GO:0006366;GO:0003222
P05060,Chromogranin B,Brain,GO:0005788;GO:0005615;GO:0030141;GO:0005179
O00533,Cell adhesion molecule L1 like,Brain,GO:0045177;GO:0030425;GO:0070062;GO:0016020;GO:0005886;GO:0002020;GO:0008344;GO:0007411;GO:0007155;GO:0050890;GO:0035640;GO:0043524;GO:0001764;GO:0007165
P52757,Chimerin 2,Brain,GO:0005829;GO:0016020;GO:0045202;GO:0005096;GO:0046872;GO:0001675;GO:0051056;GO:0007165
Q9H2X0,Chordin,Brain,GO:0005615;GO:0036122;GO:0019955;GO:0030509;GO:0009953;GO:0033504;GO:0030514;GO:0030336;GO:0045668;GO:0045785;GO:0002053;GO:0001501;GO:0021513
P08173,Cholinergic receptor muscarinic 4,Brain,GO:0030425;GO:0005886;GO:0045211;GO:0045202;GO:0016907;GO:0007197;GO:0007166;GO:0007268;GO:0007213;GO:0007187;GO:0040012;GO:0007165
P43681,Cholinergic receptor nicotinic alpha 4 subunit,Brain,GO:0005892;GO:0030425;GO:0009897;GO:0016020;GO:0043005;GO:0043025;GO:0005886;GO:0045211;GO:0045202;GO:0042166;GO:0015464;GO:0022848;GO:0015276;GO:0095500;GO:0001508;GO:0042113;GO:0035095;GO:0006816;GO:0007268;GO:0050890;GO:0006281;GO:0060080;GO:0051899;GO:0006811;GO:0050877;GO:0014059;GO:0042391;GO:0001666;GO:0035094;GO:0006979;GO:0019233;GO:0007165;GO:0007271
O43916,Carbohydrate sulfotransferase 1,Brain,GO:0000139;GO:0016020;GO:0005802;GO:0045130;GO:0001517;GO:0008146;GO:0006012;GO:0006954;GO:0018146;GO:0042339;GO:0006044;GO:0005976;GO:0006790
Q9Y4C5,Carbohydrate sulfotransferase 2,Brain,GO:0005829;GO:0005794;GO:0000139;GO:0005654;GO:0005802;GO:0001517;GO:0008146;GO:0005975;GO:0006954;GO:0018146;GO:0006044;GO:1903238;GO:0006790
Q9GZX3,Carbohydrate sulfotransferase 6,Brain,GO:0005794;GO:0000139;GO:0005802;GO:0045130;GO:0001517;GO:0005975;GO:0018146;GO:0006044;GO:0006790
O14578,Citron rho-interacting serine/threonine kinase,Brain,GO:0005829;GO:0016020;GO:0004676;GO:0004679;GO:0005524;GO:0004677;GO:0004694;GO:0044024;GO:0072371;GO:1990244;GO:0035979;GO:0044025;GO:0140823;GO:0035175;GO:0044022;GO:0140855;GO:0035402;GO:0072354;GO:0140857;GO:0035403;GO:0044023;GO:0046872;GO:0030165;GO:0019901;GO:0106310;GO:0004674;GO:0030291;GO:0072518;GO:0004711;GO:0097110;GO:0017124;GO:0001223;GO:0048699;GO:0000278;GO:0000281;GO:0035331;GO:0051402;GO:0032467;GO:0032956
P12277,Creatine kinase B,Brain,GO:0005829;GO:0070062;GO:0005615;GO:0005739;GO:0005886;GO:0005524;GO:0004111;GO:0031625;GO:0140651;GO:0046314;GO:0021762
P12532,"Creatine kinase, mitochondrial 1A",Brain,GO:0005743;GO:0005739;GO:0005524;GO:0004111;GO:0046314
P12532,"Creatine kinase, mitochondrial 1B",Brain,GO:0005743;GO:0005739;GO:0005524;GO:0004111;GO:0046314
O75122,Cytoplasmic linker associated protein 2,Brain,GO:0044295;GO:0045180;GO:0005938;GO:0031252;GO:0005813;GO:1903754;GO:0005737;GO:0005881;GO:0005829;GO:0098978;GO:0005794;GO:0000776;GO:0005828;GO:0016020;GO:0005874;GO:0005815;GO:0005886;GO:0032587;GO:0005876;GO:0005802;GO:0051015;GO:0002162;GO:0008017;GO:0051010;GO:1990782;GO:0051301;GO:0040001;GO:0007163;GO:0010458;GO:0007030;GO:0034453;GO:0000226;GO:0007020;GO:0031023;GO:0090307;GO:0007052;GO:0051895;GO:0007026;GO:0051497;GO:1903690;GO:0035791;GO:1904261;GO:0010634;GO:0045921;GO:0090091;GO:0099187;GO:0072659;GO:0032956;GO:0030516;GO:0010717;GO:0010470;GO:0031113;GO:0031110;GO:0032886;GO:0006903
P51793,Chloride voltage-gated channel 4,Brain,GO:0097546;GO:0005769;GO:0031901;GO:0005789;GO:0010008;GO:0005794;GO:0043231;GO:0031902;GO:0005765;GO:0005886;GO:0055037;GO:0055038;GO:0008021;GO:0015297;GO:0005524;GO:0005254;GO:0005247;GO:0006821;GO:0034220;GO:1905515
P56747,Claudin 6,Brain,GO:0016327;GO:0005923;GO:0005886;GO:0042802;GO:0005198;GO:0001618;GO:0070830;GO:0016338;GO:0007155
Q6UXS0,C-type lectin domain containing 19A,Brain,GO:0005576;GO:0030246
P0C7M8,C-type lectin domain family 2 member L,Brain,GO:0016020;GO:0030246
Q6UXB4,C-type lectin domain family 4 member G,Brain,GO:0009897;GO:0005886;GO:0030246;GO:0097367;GO:0005537;GO:0070061;GO:0140081;GO:0038187;GO:0030247;GO:0120274;GO:0001618;GO:0046633;GO:0033080;GO:0006955;GO:0046642;GO:0033088;GO:0002710;GO:1903902;GO:0046718;GO:0002456
Q6UXN8,C-type lectin domain containing 9A,Brain,GO:0009986;GO:0016020;GO:0030246;GO:0001819;GO:0006898
Q96DZ5,CAP-Gly domain containing linker protein 3,Brain,GO:0005938;GO:0005829;GO:0031901;GO:0005795;GO:0045121;GO:0035371;GO:0005634;GO:0005886;GO:0055038;GO:0005802;GO:0032588;GO:0035594;GO:0008017;GO:0051010;GO:0031122;GO:0045444;GO:0044091;GO:0031115;GO:0018230;GO:0043065;GO:0010828;GO:0045807;GO:1903078;GO:0001934;GO:0098840
Q9H4D0,Calsyntenin 2,Brain,GO:0009986;GO:0030425;GO:0005789;GO:0098978;GO:0000139;GO:0098839;GO:0045211;GO:0005509;GO:0008306;GO:0007156;GO:1904862;GO:0051965;GO:0050806
Q9BQT9,Calsyntenin 3,Brain,GO:0009986;GO:0030425;GO:0005789;GO:0098982;GO:0098978;GO:0000139;GO:0005811;GO:0044232;GO:0098839;GO:0045211;GO:0032991;GO:0005509;GO:0098632;GO:0004857;GO:0042043;GO:1990845;GO:0106106;GO:1904861;GO:0007156;GO:1904862;GO:0019852;GO:1904890;GO:0160078;GO:0010888;GO:1905704;GO:0050996;GO:1902474;GO:0051965;GO:0050806;GO:0009306;GO:0001558;GO:1904889;GO:1905606;GO:0051963;GO:0097490;GO:0007416;GO:0051932;GO:0035249
Q8IUQ0,Clavesin 1,Brain,GO:0030136;GO:0031901;GO:0005768;GO:0005802;GO:0032588;GO:1902936;GO:0080025;GO:0007040
Q9NRU3,Cyclin and CBS domain divalent metal cation transport mediator 1,Brain,GO:0005886;GO:0022857;GO:0010960;GO:0006811
Q96F85,Cannabinoid receptor interacting protein 1,Brain,GO:0005737;GO:0005886;GO:0031718;GO:2000272;GO:0010469
P26441,Ciliary neurotrophic factor,Brain,GO:0030424;GO:0005737;GO:0005576;GO:0005615;GO:0097386;GO:0043025;GO:0005127;GO:0005125;GO:0008083;GO:0005138;GO:0044877;GO:0048143;GO:0007259;GO:0097696;GO:0070120;GO:0048644;GO:0043524;GO:0046533;GO:0048666;GO:0048680;GO:0008284;GO:0010628;GO:0042531;GO:0046668;GO:0060221;GO:0007165
P26992,Ciliary neurotrophic factor receptor,Brain,GO:0016324;GO:0070110;GO:0097059;GO:0009897;GO:0019898;GO:0005886;GO:0004897;GO:0019955;GO:0004896;GO:0005102;GO:0003360;GO:0070120;GO:0097049;GO:2000672;GO:0043524;GO:0007399;GO:0008284;GO:0007548;GO:0007165;GO:0060538;GO:0001967
Q12860,Contactin 1,Brain,GO:0030424;GO:0070062;GO:0098978;GO:0016020;GO:0005886;GO:0045211;GO:0042734;GO:0098552;GO:0030246;GO:0098632;GO:0007411;GO:0007420;GO:0007155;GO:0098609;GO:0032289;GO:0021549;GO:0010467;GO:0007626;GO:0007219;GO:0010628;GO:0010976;GO:0010765
O94779,Contactin 5,Brain,GO:0030424;GO:0005576;GO:0098982;GO:0005886;GO:0042734;GO:0098552;GO:0098632;GO:0007411;GO:0007420;GO:0098609;GO:0099054;GO:0007605
Q9UQ52,Contactin 6,Brain,GO:0030424;GO:0098688;GO:0005886;GO:0042734;GO:0098552;GO:0045202;GO:0098632;GO:0007411;GO:0007155;GO:0007417;GO:0070593;GO:0007156;GO:0007219;GO:0045747;GO:0050808
P78357,Contactin associated protein 1,Brain,GO:0098978;GO:0016020;GO:0033010;GO:0033270;GO:0048786;GO:0017124;GO:0038023;GO:0007409;GO:0007155;GO:0022010;GO:0007010;GO:0007005;GO:0022011;GO:0098529;GO:0050885;GO:0050884;GO:0048812;GO:0019227;GO:0030913;GO:1990227;GO:0097106;GO:0071205;GO:0002175;GO:0090128;GO:0007165
Q5TAT6,Collagen type XIII alpha 1 chain,Brain,GO:0005911;GO:0005600;GO:0062023;GO:0005788;GO:0005576;GO:0005615;GO:0005886;GO:0045211;GO:0030020;GO:0008201;GO:0030154;GO:0098609;GO:0007160;GO:0001958;GO:0030198;GO:0001763;GO:0001501
Q14993,Collagen type XIX alpha 1 chain,Brain,GO:0005581;GO:0062023;GO:0005788;GO:0031012;GO:0005576;GO:0005615;GO:0005201;GO:0030020;GO:0030674;GO:0007155;GO:0030154;GO:0098609;GO:0030198;GO:0007519;GO:0001501
Q8IZC6,Collagen type XXVII alpha 1 chain,Brain,GO:0005581;GO:0062023;GO:0005788;GO:0005576;GO:0005615;GO:0005583;GO:0030020;GO:0046872;GO:0001525;GO:0030199;GO:0001886;GO:0003431;GO:0030903;GO:0001501
P20849,Collagen type IX alpha 1 chain,Brain,GO:0005594;GO:0062023;GO:0005788;GO:0005576;GO:0005615;GO:0030246;GO:0030020;GO:0046872;GO:0042803;GO:0009887;GO:0030198
Q14050,Collagen type IX alpha 3 chain,Brain,GO:0005594;GO:0062023;GO:0005788;GO:0005576;GO:0005615;GO:0030020;GO:0042803;GO:0030198
Q8IYK4,Collagen beta(1-O)galactosyltransferase 2,Brain,GO:0005788;GO:0050211;GO:0030199
Q9UQ03,Coronin 2B,Brain,GO:0015629;GO:0005737;GO:0005925;GO:0016020;GO:0003779;GO:0051015;GO:1990147;GO:0017166;GO:0030036;GO:0048041;GO:0010812;GO:1904950;GO:0051497;GO:1904951;GO:0032956;GO:0080135;GO:0003093
P12074,Cytochrome c oxidase subunit 6A1,Brain,GO:0005743;GO:0031966;GO:0005739;GO:0045277;GO:0030234;GO:0016491;GO:0045333;GO:0006091;GO:0006123
P16870,Carboxypeptidase E,Brain,GO:0070062;GO:0005615;GO:0005794;GO:0005886;GO:0030667;GO:0030658;GO:0004180;GO:0050839;GO:0004181;GO:0042043;GO:0008270;GO:0003214;GO:0030070;GO:0007218;GO:0030072;GO:0006518;GO:0072657;GO:0033366;GO:0036211;GO:0016485;GO:0016055
Q9BZB8,Cytoplasmic polyadenylation element binding protein 1,Brain,GO:0005737;GO:0005829;GO:0030425;GO:0016020;GO:0043005;GO:0005654;GO:0005634;GO:0000932;GO:0014069;GO:1990904;GO:0045202;GO:0046872;GO:0035925;GO:0003730;GO:0000900;GO:0043022;GO:0008135;GO:0071230;GO:0071456;GO:0032869;GO:0006397;GO:2000766;GO:0031440
Q9UBL6,Copine 7,Brain,GO:0005737;GO:0070062;GO:0005634;GO:0005886;GO:0045202;GO:0005544;GO:0046872;GO:0071277;GO:0006629
Q8TCG5,Carnitine palmitoyltransferase 1C,Brain,GO:0032281;GO:0030424;GO:0030425;GO:0005783;GO:0005789;GO:0098978;GO:0098794;GO:0016746;GO:0008474;GO:0009437;GO:0006631;GO:0099072
Q6NV74,CRACD like,Brain,
Q5IJ48,Crumbs cell polarity complex component 2,Brain,GO:0043296;GO:0016324;GO:0016327;GO:0005737;GO:0070062;GO:0005886;GO:0032991;GO:0035003;GO:0019828;GO:0005509;GO:0044877;GO:0072359;GO:0030010;GO:0045197;GO:0007157;GO:0055111;GO:0045199;GO:0001707;GO:0010951;GO:0014028;GO:0045494;GO:0030513;GO:0010718;GO:0010470;GO:0001895;GO:0046549;GO:0001756;GO:0007601
P24387,Corticotropin releasing hormone binding protein,Brain,GO:0043679;GO:0030425;GO:0031045;GO:0005576;GO:0005615;GO:0005874;GO:0005771;GO:0005634;GO:0043204;GO:0005767;GO:0030141;GO:0043196;GO:0051424;GO:0042277;GO:0048149;GO:0071277;GO:0071320;GO:0071314;GO:0071392;GO:0071391;GO:0097211;GO:0035865;GO:0071356;GO:0071466;GO:0007565;GO:0009755;GO:0006954;GO:0007611;GO:0051460;GO:1900011;GO:0045055;GO:0080135;GO:0051459;GO:2000310;GO:0007165;GO:0001963
O75462,Cytokine receptor like factor 1,Brain,GO:0097058;GO:0005829;GO:0009897;GO:0005576;GO:0005615;GO:0043235;GO:0019955;GO:0004896;GO:0097696;GO:0019221;GO:2000672;GO:0043524;GO:0008284;GO:0001657
Q14194,Collapsin response mediator protein 1,Brain,GO:0005813;GO:0005829;GO:0030426;GO:0030496;GO:0043204;GO:0005819;GO:0031005;GO:0016812;GO:0042802;GO:0010977;GO:0007399;GO:0006139
Q6UUV9,CREB regulated transcription coactivator 1,Brain,GO:0005737;GO:0005829;GO:0016604;GO:0005654;GO:0005634;GO:0005886;GO:0008140;GO:0003713;GO:0071320;GO:0097009;GO:0043153;GO:0007613;GO:1902631;GO:0032793;GO:0045944;GO:0051289;GO:0048511
P43320,Crystallin beta B2,Brain,GO:0042802;GO:0005212;GO:0005198;GO:0002088;GO:0007601
P07320,Crystallin gamma D,Brain,GO:0005737;GO:0005634;GO:0005212;GO:0034614;GO:0002088;GO:0070306;GO:0007601
P22914,Crystallin gamma S,Brain,GO:0005212;GO:0002088;GO:0002009;GO:0007601
Q14894,Crystallin mu,Brain,GO:0005737;GO:0005829;GO:0070062;GO:0005739;GO:0005634;GO:0005782;GO:0050661;GO:0042803;GO:0047127;GO:0070324;GO:0003714;GO:0006554;GO:0000122;GO:0007605;GO:0042403;GO:0070327
Q7Z408,CUB and Sushi multiple domains 2,Brain,GO:0098978;GO:0098839;GO:0099562;GO:0097107
Q7Z407,CUB and Sushi multiple domains 3,Brain,GO:0005886;GO:0050773
Q8WYN3,Cysteine and serine rich nuclear protein 3,Brain,GO:0000785;GO:0005634;GO:0001228;GO:0003700;GO:0000981;GO:0043565;GO:0006915;GO:0043065;GO:0045944;GO:0006357
P01034,Cystatin C,Brain,GO:0005737;GO:0005783;GO:0005788;GO:0070062;GO:0005576;GO:0005615;GO:1904813;GO:0005794;GO:0005886;GO:1904724;GO:0031982;GO:0001540;GO:0004869;GO:0004866;GO:0042802;GO:0030414;GO:0002020;GO:0006952;GO:0060313;GO:0010711;GO:0060311;GO:0010716;GO:0010466;GO:0045861;GO:0034103;GO:0097435
P0DMU8,Cancer/testis antigen family 45 member A5,Brain,
P0C2S0,Cortexin 2,Brain,GO:0016020
Q4LDR2,Cortexin 3,Brain,GO:0016020
A0A1B0GTU2,Cortexin domain containing 1,Brain,GO:0016020
O14529,Cut like homeobox 2,Brain,GO:0000785;GO:0070062;GO:0005634;GO:0000981;GO:0001227;GO:0000978;GO:0000977;GO:0043565;GO:1990837;GO:0050890;GO:0000122;GO:0050775;GO:0061003;GO:2000463;GO:0010628;GO:0051965;GO:0006357;GO:0007614
P49238,C-X3-C motif chemokine receptor 1,Brain,GO:0009986;GO:0097447;GO:0009897;GO:0160056;GO:0043005;GO:0032809;GO:0048471;GO:0005886;GO:0019957;GO:0016493;GO:0019960;GO:0016495;GO:0004950;GO:0031737;GO:0008528;GO:0004930;GO:0002250;GO:0061760;GO:0035425;GO:0007420;GO:0019722;GO:0007155;GO:0060326;GO:0007267;GO:0006968;GO:0071222;GO:0071560;GO:0071356;GO:0021626;GO:0006935;GO:0007186;GO:0048874;GO:0006955;GO:0045087;GO:0030595;GO:0050901;GO:0007613;GO:0002282;GO:0050804;GO:0150090;GO:0016525;GO:2001234;GO:0030336;GO:0110091;GO:0032691;GO:1900272;GO:1904150;GO:0007200;GO:0045766;GO:0043123;GO:0007204;GO:1904141;GO:0090026;GO:0002052;GO:0050769;GO:0051897;GO:1904139;GO:0050767;GO:0045428;GO:0048167;GO:0032680;GO:0002931;GO:0009611;GO:0035176;GO:0060074;GO:0098883
Q7LFL8,CXXC finger protein 5,Brain,GO:0005829;GO:0005654;GO:0005634;GO:0140297;GO:0008327;GO:0043565;GO:0008270;GO:0000122;GO:0043123;GO:0043467
Q96F07,Cytoplasmic FMR1 interacting protein 2,Brain,GO:0005737;GO:0005829;GO:0070062;GO:0016020;GO:0043005;GO:0005634;GO:0048471;GO:0031209;GO:0045202;GO:0031267;GO:0097202;GO:0006915;GO:0007411;GO:0000902;GO:0030031;GO:0098609;GO:0097484;GO:0051388;GO:0045862;GO:0030833;GO:0150052
Q9NR63,Cytochrome P450 family 26 subfamily B member 1,Brain,GO:0005737;GO:0005789;GO:0062183;GO:0020037;GO:0005506;GO:0004497;GO:0016709;GO:0008401;GO:0001972;GO:0060349;GO:0001709;GO:0071300;GO:0007417;GO:0070268;GO:0030326;GO:0061436;GO:0001768;GO:0006954;GO:0001822;GO:0007140;GO:0048387;GO:0010628;GO:2001037;GO:0009954;GO:0045580;GO:0033189;GO:0034653;GO:0042573;GO:0048384;GO:0007283;GO:0043587;GO:0006766;GO:0006805
Q9H0Q0,CYFIP related Rac1 interactor A,Brain,GO:0016020;GO:0031267;GO:0030833
Q86T65,Dishevelled associated activator of morphogenesis 2,Brain,GO:0070062;GO:0003779;GO:0031267;GO:0030036;GO:0007368;GO:0021516;GO:0048715;GO:0090521;GO:0090263;GO:0030335;GO:0032956;GO:0030833;GO:0060828;GO:0051489;GO:2000050;GO:0016055
O75553,DAB adaptor protein 1,Brain,GO:0005737;GO:0005829;GO:0098978;GO:0043231;GO:0048471;GO:0035591;GO:0007628;GO:0048708;GO:0007409;GO:0007259;GO:0021813;GO:0021589;GO:0016358;GO:0051645;GO:0021766;GO:0097477;GO:0021819;GO:0048712;GO:0050771;GO:0007162;GO:0046426;GO:0001764;GO:0045666;GO:0021942;GO:0140650;GO:0038026;GO:0090128;GO:0007264;GO:0021517
Q5SW24,Dishevelled binding antagonist of beta catenin 2,Brain,GO:0005737;GO:0008013;GO:0070097;GO:0051018;GO:0005080;GO:0008134;GO:0003382;GO:0002244;GO:0072061;GO:0007162;GO:1900108;GO:0043588
Q96B18,Dishevelled binding antagonist of beta catenin 3,Brain,GO:0005737;GO:0070097;GO:0042802;GO:0051018;GO:0005080;GO:0060070;GO:0001837;GO:0090090;GO:0030308;GO:0010719;GO:0030178
Q9Y4D2,Diacylglycerol lipase alpha,Brain,GO:0005737;GO:0032590;GO:0032591;GO:0031901;GO:0005886;GO:0098839;GO:0045211;GO:0043196;GO:0004465;GO:0046872;GO:0047372;GO:0019369;GO:1901696;GO:0046340;GO:0006640;GO:0007405;GO:0150077;GO:0098921
Q9H9R9,Dysbindin domain containing 1,Brain,GO:0005737;GO:0009966
Q9BQY9,Dysbindin domain containing 2,Brain,GO:0005737;GO:0006469;GO:0009966
P43146,DCC netrin 1 receptor,Brain,GO:0044295;GO:0009986;GO:0005829;GO:0005886;GO:0098839;GO:0098685;GO:0004888;GO:0033564;GO:0006915;GO:0007411;GO:0007409;GO:0098609;GO:0033563;GO:0048671;GO:2000171;GO:0010977;GO:0001764;GO:0099170;GO:0021965
Q6V1P9,Dachsous cadherin-related 2,Brain,GO:0005886;GO:0005509;GO:0098609;GO:0072137;GO:0007156;GO:0072006
O15075,Doublecortin like kinase 1,Brain,GO:0005737;GO:0098978;GO:0005886;GO:0014069;GO:0004676;GO:0004679;GO:0005524;GO:0004677;GO:0004694;GO:0044024;GO:0072371;GO:1990244;GO:0035979;GO:0044025;GO:0140823;GO:0035175;GO:0044022;GO:0140855;GO:0035402;GO:0072354;GO:0140857;GO:0035403;GO:0044023;GO:0004672;GO:0106310;GO:0004674;GO:0072518;GO:0004711;GO:0048675;GO:0007417;GO:0021952;GO:0048813;GO:0016197;GO:0030900;GO:0035556;GO:1900181;GO:0007399;GO:0001764;GO:0034504;GO:0006468;GO:0150052;GO:0009615
Q8N568,Doublecortin like kinase 2,Brain,GO:0005737;GO:0005856;GO:0004676;GO:0004679;GO:0005524;GO:0004677;GO:0004694;GO:0044024;GO:0072371;GO:1990244;GO:0035979;GO:0044025;GO:0140823;GO:0035175;GO:0044022;GO:0140855;GO:0035402;GO:0072354;GO:0140857;GO:0035403;GO:0044023;GO:0008017;GO:0106310;GO:0004674;GO:0072518;GO:0004711;GO:0021766;GO:0035556;GO:0000226;GO:1900181;GO:0034504;GO:0021860
Q9C098,Doublecortin like kinase 3,Brain,GO:0005737;GO:0005634;GO:0004676;GO:0004679;GO:0005524;GO:0004677;GO:0004694;GO:0044024;GO:0072371;GO:1990244;GO:0035979;GO:0044025;GO:0140823;GO:0035175;GO:0044022;GO:0140855;GO:0035402;GO:0072354;GO:0140857;GO:0035403;GO:0044023;GO:0106310;GO:0004674;GO:0072518;GO:0004711;GO:0034504
O43602,Doublecortin,Brain,GO:0005856;GO:0005829;GO:0005874;GO:0005875;GO:0043005;GO:0008017;GO:0019901;GO:0035082;GO:0007417;GO:0035556;GO:0007399;GO:0001764;GO:0060041
Q8NEG7,DENN domain containing 6B,Brain,GO:0005829;GO:0055037;GO:0005085
Q16760,Diacylglycerol kinase delta,Brain,GO:0005905;GO:0005737;GO:0031410;GO:0005829;GO:0005634;GO:0005886;GO:0005524;GO:0004143;GO:0019992;GO:0042802;GO:0019900;GO:0046872;GO:0046982;GO:0042803;GO:0046340;GO:0046339;GO:0006897;GO:0035556;GO:0046834;GO:0160195;GO:0006654;GO:0007200;GO:0030168;GO:2000370;GO:0045742;GO:0015031;GO:0007165
P49619,Diacylglycerol kinase gamma,Brain,GO:0005856;GO:0005829;GO:0016020;GO:0005886;GO:0005524;GO:0004143;GO:0005509;GO:0008289;GO:0046339;GO:0046486;GO:0035556;GO:0046834;GO:0160195;GO:0048666;GO:0006654;GO:0007200;GO:0030168;GO:0050773
Q13574,Diacylglycerol kinase zeta,Brain,GO:0005737;GO:0005829;GO:0098978;GO:0030027;GO:0016020;GO:0016607;GO:0005634;GO:0005886;GO:0047649;GO:0005524;GO:0004143;GO:0016301;GO:0001727;GO:0046872;GO:0016477;GO:0046339;GO:0046486;GO:0035556;GO:0046834;GO:0031571;GO:0050860;GO:0006654;GO:0007200;GO:0030168
Q0P6D2,Divergent protein kinase domain 1C,Brain,GO:0005789
O95057,DIRAS family GTPase 1,Brain,GO:0005886;GO:0019003;GO:0005525;GO:0003924;GO:0007165
Q15700,Discs large MAGUK scaffold protein 2,Brain,GO:0005912;GO:1904115;GO:0016323;GO:0005829;GO:0044224;GO:0016020;GO:0031594;GO:0043005;GO:0043204;GO:0005886;GO:0014069;GO:0098839;GO:0004385;GO:0035255;GO:0019900;GO:0019901;GO:0099641;GO:0098609;GO:0035865;GO:0007268;GO:0045197;GO:0007399;GO:0035418;GO:0043113;GO:0097120;GO:0099072;GO:0099642
Q9P1A6,DLG associated protein 2,Brain,GO:0098978;GO:0005883;GO:0005886;GO:0014069;GO:0099572;GO:0060090;GO:0050804;GO:0007270
Q07687,Distal-less homeobox 2,Brain,GO:0000785;GO:0005634;GO:0003682;GO:0001228;GO:0003700;GO:0000981;GO:0000978;GO:1990837;GO:0003727;GO:0000976;GO:0007420;GO:0048755;GO:0051216;GO:0030154;GO:0021893;GO:0048701;GO:0048706;GO:0021879;GO:0021766;GO:0045746;GO:0048715;GO:0046533;GO:0000122;GO:0014016;GO:0007219;GO:0042475;GO:0021772;GO:0048709;GO:1902871;GO:0045597;GO:0045944;GO:0009954;GO:0006357;GO:0021544
P56179,Distal-less homeobox 6,Brain,GO:0000785;GO:0005634;GO:0003700;GO:0000981;GO:0000978;GO:1990837;GO:0048646;GO:0030154;GO:0030326;GO:0048706;GO:0030855;GO:0060322;GO:0042472;GO:0007399;GO:0050679;GO:0006357;GO:0060021;GO:0001501
Q5HYR2,DMRT like family C1,Brain,GO:0000785;GO:0005634;GO:0006355
Q5HYR2,DMRT like family C1B,Brain,GO:0000785;GO:0005634;GO:0006355
Q08495,Dematin actin binding protein,Brain,GO:0015629;GO:0005884;GO:0031253;GO:0030863;GO:0031410;GO:0005829;GO:0048471;GO:0005886;GO:0031095;GO:0014069;GO:0005790;GO:0014731;GO:0003779;GO:0051015;GO:0005102;GO:0030507;GO:0030036;GO:0051017;GO:0051693;GO:0071320;GO:0007010;GO:0071786;GO:0048821;GO:0030032;GO:0010812;GO:0051895;GO:0033137;GO:0010801;GO:0050732;GO:0090315;GO:1900025;GO:0010763;GO:0090303;GO:0065003;GO:0032956;GO:0008360;GO:0051489;GO:0010591;GO:0051563
Q9NYC9,Dynein axonemal heavy chain 9,Brain,GO:0097729;GO:0005930;GO:0120135;GO:0030286;GO:0005576;GO:0005874;GO:0031514;GO:0036157;GO:0005524;GO:0016887;GO:0045505;GO:0051959;GO:0008569;GO:0030030;GO:0090660;GO:0003341;GO:0060294;GO:0051649;GO:0120197
P25686,DnaJ heat shock protein family (Hsp40) member B2,Brain,GO:0005737;GO:0098554;GO:0005829;GO:0005789;GO:0016234;GO:0031965;GO:0005634;GO:0048471;GO:0000502;GO:0001671;GO:0030544;GO:0031593;GO:0070628;GO:0120283;GO:0140318;GO:0051087;GO:0043130;GO:0031625;GO:0140036;GO:0051082;GO:0061077;GO:0036503;GO:0030308;GO:0008285;GO:0090084;GO:0032091;GO:0090086;GO:0070050;GO:0032781;GO:0032436;GO:0031398;GO:0043161;GO:0042026;GO:1903644;GO:0032880;GO:0031396;GO:0006986
Q9UKB3,DnaJ heat shock protein family (Hsp40) member C12,Brain,GO:0005737
Q9H3Z4,DnaJ heat shock protein family (Hsp40) member C5,Brain,GO:0035577;GO:0042584;GO:0061202;GO:0005829;GO:0005794;GO:0043231;GO:0005765;GO:0042470;GO:0016020;GO:0005739;GO:0031594;GO:0005886;GO:0098793;GO:0035579;GO:0030672;GO:0043008;GO:0061077;GO:0006887;GO:0043524;GO:0051402;GO:0045055;GO:0098693;GO:0016079
Q8NFT8,Delta/notch like EGF repeat containing,Brain,GO:0030425;GO:0005769;GO:0043025;GO:0005886;GO:0005509;GO:0030276;GO:0005112;GO:0004888;GO:0007417;GO:0006897;GO:0010001;GO:0001764;GO:0007220;GO:0007219;GO:0048741;GO:0007416
Q9UQ16,Dynamin 3,Brain,GO:0061828;GO:0030424;GO:0061829;GO:0005737;GO:0043197;GO:0044327;GO:0070062;GO:0098978;GO:0005874;GO:0048471;GO:0005886;GO:0014069;GO:0098844;GO:0098793;GO:0045202;GO:0043083;GO:0005525;GO:0003924;GO:0042802;GO:1990606;GO:0008017;GO:0050998;GO:0120283;GO:0099186;GO:0031798;GO:0031802;GO:0006897;GO:0046847;GO:0061002;GO:0051491;GO:1903423;GO:0031623;GO:0007416;GO:0016185
Q14184,Double C2 domain beta,Brain,GO:0005737;GO:0005886;GO:0098793;GO:0045202;GO:0005509;GO:0005544;GO:0019905;GO:0048791;GO:0099502;GO:0045956;GO:0032024;GO:0031340;GO:0008104;GO:0061669
Q96BY6,Dedicator of cytokinesis 10,Brain,GO:0005737;GO:0005829;GO:0043197;GO:0070062;GO:0098978;GO:0016020;GO:0005654;GO:0005634;GO:0005085;GO:0031267;GO:0001782;GO:0060997;GO:0002315;GO:0043547;GO:0030334;GO:0150052;GO:0035023;GO:0007264
Q8IZD9,Dedicator of cytokinesis 3,Brain,GO:0005737;GO:0005829;GO:0005886;GO:0005096;GO:0005085;GO:0017124;GO:0031267;GO:0048011;GO:0051056;GO:0007264
Q8N1I0,Dedicator of cytokinesis 4,Brain,GO:0005737;GO:0005829;GO:0098978;GO:0005794;GO:0016020;GO:0005730;GO:0005886;GO:0098794;GO:0032420;GO:0032421;GO:0005096;GO:0005085;GO:0030165;GO:0030971;GO:0017124;GO:0031267;GO:0060326;GO:1904694;GO:1904754;GO:0150052;GO:0007264
Q9BU89,Deoxyhypusine hydroxylase,Brain,GO:0005829;GO:0019135;GO:0005506;GO:0008612
Q6PKX4,Docking protein 6,Brain,GO:0005737;GO:0005829;GO:0007169;GO:0043410;GO:0007265
Q92784,Double PHD fingers 3,Brain,GO:0035060;GO:0000785;GO:0071565;GO:0005654;GO:0016514;GO:0008270;GO:0006338;GO:0007517;GO:0007399;GO:0045597;GO:2000781;GO:0045663;GO:0070316;GO:2000045;GO:0030071;GO:2000819;GO:0006357
P42658,Dipeptidyl peptidase like 6,Brain,GO:0016020;GO:0005886;GO:0008076;GO:0015459;GO:0008236;GO:0072659;GO:0006508;GO:1901379
Q16555,Dihydropyrimidinase like 2,Brain,GO:0005856;GO:0005829;GO:0070062;GO:0005886;GO:0004157;GO:0016812;GO:0042802;GO:0030154;GO:0007010;GO:0006897;GO:0007399;GO:0006139;GO:0007165
O14531,Dihydropyrimidinase like 4,Brain,GO:0005829;GO:0031005;GO:0016812;GO:0007399
Q8NBI3,Dorsal inhibitory axon guidance protein,Brain,GO:0005576;GO:0060090;GO:0021960;GO:0007411;GO:0021528;GO:0021516;GO:0030900;GO:0110088;GO:0030517;GO:0090090;GO:0110091;GO:0016055
Q13474,Dystrophin related protein 2,Brain,GO:0030425;GO:0098978;GO:0043204;GO:0005886;GO:0014069;GO:0008270;GO:0007417;GO:0050808;GO:0099536
Q8TD84,DS cell adhesion molecule like 1,Brain,GO:0030424;GO:0009986;GO:0005615;GO:0005886;GO:0045202;GO:0098632;GO:0042803;GO:0007411;GO:0007409;GO:0007420;GO:0001709;GO:0007417;GO:0070593;GO:0009953;GO:0048704;GO:0007156
O60941,Dystrobrevin beta,Brain,GO:0009925;GO:0005737;GO:0030425;GO:0060077;GO:0005634;GO:0005886;GO:0014069;GO:0045202;GO:0008270;GO:0030182;GO:0099536
Q96EV8,Dystrobrevin binding protein 1,Brain,GO:0030424;GO:1904115;GO:0031083;GO:0005737;GO:0005829;GO:0043197;GO:0005789;GO:0010008;GO:0098978;GO:0030426;GO:0098686;GO:0033162;GO:0015630;GO:0030496;GO:0043005;GO:0043025;GO:0005634;GO:0005886;GO:0014069;GO:0045211;GO:0042383;GO:0016528;GO:0098685;GO:0030672;GO:0030036;GO:0008089;GO:0048490;GO:0007596;GO:0060271;GO:0048813;GO:0001822;GO:0032438;GO:0007613;GO:0061002;GO:0031175;GO:0048812;GO:0060155;GO:0010628;GO:0061646;GO:0001956;GO:0002092;GO:0071806;GO:0060159;GO:0014059;GO:0009966;GO:2000300;GO:0060041
Q86Y01,Deltex E3 ubiquitin ligase 1,Brain,GO:0005737;GO:0005829;GO:0016604;GO:0005654;GO:0005112;GO:0017124;GO:0003713;GO:0061630;GO:0031625;GO:0008270;GO:0007166;GO:1990830;GO:0006351;GO:0010001;GO:0045665;GO:0045581;GO:0007219;GO:0016567;GO:0008593;GO:0030217;GO:0006366
Q9Y2E6,Deltex E3 ubiquitin ligase 4,Brain,GO:0005813;GO:0005737;GO:0005829;GO:0005654;GO:0061630;GO:0004842;GO:0008270;GO:0045824;GO:0007219;GO:0010498;GO:0043161;GO:0070936;GO:0016567;GO:0032479
Q13202,Dual specificity phosphatase 8,Brain,GO:0005737;GO:0005634;GO:0033192;GO:0140791;GO:0140793;GO:1990439;GO:0033550;GO:0017017;GO:0017018;GO:0004726;GO:0016791;GO:0030946;GO:0008330;GO:0180006;GO:0180007;GO:0180008;GO:0180005;GO:0180004;GO:0016311;GO:0043409;GO:0007165
O14576,Dynein cytoplasmic 1 intermediate chain 1,Brain,GO:0005737;GO:0005868;GO:0036464;GO:0005829;GO:0000776;GO:0005874;GO:0005634;GO:0048471;GO:0055037;GO:0000922;GO:0031982;GO:0003774;GO:0045504;GO:0045503;GO:0008017;GO:0003777;GO:0030507;GO:0010970;GO:0047496
O43237,Dynein cytoplasmic 1 light intermediate chain 2,Brain,GO:0005813;GO:0005868;GO:0005829;GO:0030286;GO:0000776;GO:0005770;GO:0016020;GO:0005874;GO:0005524;GO:0045504;GO:0042802;GO:1990090;GO:0051642;GO:0000226;GO:0007018
Q8N7M0,Dynein light chain Tctex-type family member 5,Brain,GO:0005737;GO:0005868;GO:0045505;GO:0007018
Q86YF9,DAZ interacting zinc finger protein 1,Brain,GO:0034451;GO:0005814;GO:0005813;GO:0036064;GO:0097546;GO:0097539;GO:0005737;GO:0043231;GO:0016607;GO:0005654;GO:0005634;GO:0062063;GO:0046872;GO:0060090;GO:0032053;GO:0060271;GO:0051220;GO:0051649;GO:0045184;GO:0007281;GO:0007507;GO:0032507;GO:0045724;GO:1903566;GO:0061512;GO:0140706;GO:0007224;GO:0120316;GO:0007283
P0DPD6,Endothelin converting enzyme 2,Brain,GO:0030659;GO:0000139;GO:0005886;GO:0030658;GO:0046872;GO:0004222;GO:0008168;GO:0007267;GO:0007186;GO:0032259;GO:0016486;GO:0016485
Q15768,Ephrin B3,Brain,GO:0098978;GO:0098686;GO:0005886;GO:0098839;GO:0042734;GO:0046875;GO:0005005;GO:0001618;GO:0007628;GO:0016198;GO:0007411;GO:0007267;GO:0048013;GO:0050771;GO:0007399;GO:1905608;GO:0050806;GO:0031295;GO:0099557
Q9Y2G0,EFR3 homolog B,Brain,GO:0015629;GO:0005829;GO:0005886;GO:0046854;GO:0072659
Q9NZN3,EH domain containing 3,Brain,GO:0020018;GO:0005737;GO:0005829;GO:0005769;GO:0030139;GO:0010008;GO:0005925;GO:0005634;GO:0048471;GO:0005886;GO:0055038;GO:0005524;GO:0005509;GO:0005525;GO:0003676;GO:0060271;GO:0034498;GO:0032456;GO:0006897;GO:0090160;GO:0051260;GO:0072659;GO:0015031;GO:0001881;GO:1903779;GO:0086036;GO:0055117;GO:1903358
Q96D98,EP300 interacting inhibitor of differentiation 2B,Brain,GO:0005654;GO:0005634;GO:0042802;GO:0003714;GO:0030154;GO:0007517;GO:0045892;GO:0045662
P26378,ELAV like RNA binding protein 4,Brain,GO:0097440;GO:0030424;GO:0005737;GO:0030425;GO:0098978;GO:0030426;GO:0005635;GO:0043204;GO:0098794;GO:1990904;GO:0005840;GO:0035925;GO:0003730;GO:0008143;GO:0097158;GO:0070935;GO:0008306;GO:1990090;GO:0021895;GO:0048813;GO:0007626;GO:0006397;GO:1905870;GO:1900006;GO:0031099;GO:0140245;GO:0042220;GO:0034976;GO:0006396;GO:0008380
Q92556,Engulfment and cell motility 1,Brain,GO:0005737;GO:0005829;GO:0098978;GO:0032045;GO:0016020;GO:0005886;GO:0098794;GO:0017124;GO:0030036;GO:0007015;GO:0006915;GO:0048870;GO:0006911;GO:0016601;GO:0150052
Q9BW60,ELOVL fatty acid elongase 1,Brain,GO:0005783;GO:0005789;GO:0016020;GO:0009922;GO:0036109;GO:0046513;GO:0061436;GO:0034625;GO:0034626;GO:0019367;GO:0043651;GO:0035338;GO:0030148;GO:0006636;GO:0042761
Q96A84,EMI domain containing 1,Brain,GO:0005581;GO:0005783;GO:0031012;GO:0005576;GO:0005794
Q05BV3,EMAP like 5,Brain,GO:0005737;GO:0070062;GO:0005874;GO:0008017
Q8TC29,"Enkurin, TRPC channel interacting protein",Brain,GO:0097728;GO:0097729;GO:0001669;GO:0160112;GO:0005879;GO:0036126;GO:0097228;GO:0005516;GO:0017124;GO:0061966;GO:0030317
Q9UHY7,Enolase-phosphatase 1,Brain,GO:0005829;GO:0005634;GO:0043715;GO:0043716;GO:0043874;GO:0000287;GO:0019509
O75355,Ectonucleoside triphosphate diphosphohydrolase 3,Brain,GO:0005886;GO:0004050;GO:0005524;GO:0004382;GO:0017110;GO:0017111;GO:0045134;GO:0009134;GO:0009143
Q5JZY3,EPH receptor A10,Brain,GO:0030425;GO:0005576;GO:0016020;GO:0005886;GO:0005524;GO:0008288;GO:0060175;GO:0005006;GO:0005007;GO:0005004;GO:0005008;GO:0140801;GO:0035401;GO:0005009;GO:0005010;GO:0005011;GO:0036332;GO:0005018;GO:0005019;GO:0038062;GO:0005020;GO:0005005;GO:0005021;GO:0007411;GO:0048013
P54764,EPH receptor A4,Brain,GO:0005912;GO:0030424;GO:0043679;GO:0044295;GO:0009986;GO:0005737;GO:0030425;GO:0043198;GO:0043197;GO:0031901;GO:0030175;GO:0098978;GO:0005741;GO:0031594;GO:0043204;GO:0005886;GO:0098839;GO:0042734;GO:0098685;GO:0001540;GO:0005524;GO:0008288;GO:0060175;GO:0097161;GO:0046875;GO:0005006;GO:0005007;GO:0005004;GO:0005008;GO:0140801;GO:0035401;GO:0042802;GO:0005009;GO:0005010;GO:0016301;GO:0005011;GO:0042731;GO:0036332;GO:0005018;GO:0005019;GO:0004672;GO:0004713;GO:1990782;GO:0038062;GO:0005020;GO:0005005;GO:0005021;GO:0034332;GO:0007628;GO:0007411;GO:0007155;GO:1904646;GO:0090102;GO:0021957;GO:0048013;GO:0097156;GO:0097155;GO:0008347;GO:0060384;GO:0008045;GO:0048681;GO:0007162;GO:0030336;GO:1900038;GO:0010719;GO:0070373;GO:1900272;GO:0043524;GO:0010977;GO:1903051;GO:0017148;GO:0072178;GO:0106030;GO:0097485;GO:0018108;GO:1902004;GO:1902961;GO:0045785;GO:0030335;GO:0008284;GO:0050775;GO:0061098;GO:2001108;GO:0046777;GO:0050821;GO:0048710;GO:0050770;GO:0061001;GO:0043087;GO:1905244;GO:1905806;GO:0098883
P54762,EPH receptor B1,Brain,GO:0030424;GO:0005829;GO:0030425;GO:0031901;GO:0005783;GO:0070062;GO:0005576;GO:0032433;GO:0098978;GO:0045121;GO:0005886;GO:0005524;GO:0008046;GO:0008288;GO:0060175;GO:0005006;GO:0005007;GO:0005004;GO:0005008;GO:0140801;GO:0035401;GO:0005009;GO:0005010;GO:0005011;GO:0036332;GO:0005018;GO:0005019;GO:0038062;GO:0044877;GO:0005020;GO:0005005;GO:0005021;GO:0001525;GO:0007411;GO:0048593;GO:0060326;GO:0031589;GO:0021952;GO:0060996;GO:0060997;GO:0050965;GO:0048013;GO:0030010;GO:0021934;GO:0001771;GO:0050804;GO:1902725;GO:1902723;GO:0061351;GO:0022008;GO:0021631;GO:0051965;GO:0046777;GO:0070372;GO:0046328;GO:0031290;GO:0014719
A6NHQ4,Elongin BC and polycomb repressive complex 2 associated protein,Brain,GO:0005694;GO:0070449;GO:0035098;GO:0003682;GO:0044877;GO:0048663;GO:0006357;GO:0048863;GO:0140673
Q7Z444,ES cell expressed Ras,Brain,GO:0005886;GO:0003925;GO:0019003;GO:0005525;GO:0003924;GO:0007265
Q15303,Erb-b2 receptor tyrosine kinase 4,Brain,GO:0009925;GO:0016323;GO:0005829;GO:0005576;GO:0098982;GO:0098978;GO:0005759;GO:0005739;GO:0031594;GO:0005654;GO:0005634;GO:0005886;GO:0098839;GO:0045211;GO:0042734;GO:0043235;GO:0005524;GO:0008288;GO:0060175;GO:0005006;GO:0005154;GO:0005007;GO:0050811;GO:0005004;GO:0005008;GO:0140801;GO:0035401;GO:0005009;GO:0005010;GO:0005011;GO:0038131;GO:0036332;GO:0005018;GO:0005019;GO:0042803;GO:0004713;GO:0038062;GO:0005020;GO:0000976;GO:0004714;GO:0005005;GO:0005021;GO:0061026;GO:0045165;GO:0016477;GO:0007169;GO:0007259;GO:0071364;GO:0021551;GO:0009880;GO:0038135;GO:0038130;GO:0038138;GO:0072046;GO:0007507;GO:0007595;GO:0060749;GO:0060644;GO:0043653;GO:0043066;GO:0008285;GO:2001223;GO:0007399;GO:0001755;GO:0022008;GO:0099645;GO:0021889;GO:0018108;GO:0060045;GO:0008284;GO:0045893;GO:0070374;GO:0051897;GO:2000010;GO:0001934;GO:0046427;GO:0042531;GO:0046777;GO:0030334;GO:0007165;GO:0007416
Q5RHP9,Glutamate rich 3,Brain,GO:0005737;GO:0097730;GO:0060271
Q6ZVH7,Espin like,Brain,GO:0005737;GO:0032426;GO:0051015;GO:0051017;GO:0007605
Q96DF8,Ess-2 splicing factor homolog,Brain,GO:0071013;GO:0005634;GO:0000398;GO:0007399
A0FGR9,Extended synaptotagmin 3,Brain,GO:0009898;GO:0005789;GO:0140268;GO:0044232;GO:0005886;GO:0005509;GO:0005544;GO:0031210;GO:0008429;GO:0035091;GO:0061817;GO:0006869
P50549,ETS variant transcription factor 1,Brain,GO:0000785;GO:0005634;GO:0001228;GO:0003700;GO:0000981;GO:0000978;GO:1990837;GO:0007411;GO:0007638;GO:0007517;GO:0048935;GO:0045944;GO:0006357;GO:0006366
Q96CN4,Ecotropic viral integration site 5 like,Brain,GO:0005096;GO:0031267;GO:1902018;GO:0043547
Q8NEV8,Exophilin 5,Brain,GO:0005768;GO:0031267;GO:0006886;GO:0003334;GO:0071985;GO:0045921;GO:0050714
Q86X51,EZH inhibitory protein,Brain,GO:0005829;GO:0005654;GO:0005634;GO:0180000;GO:0006325;GO:0040029
Q9BWQ8,Fas apoptotic inhibitory molecule 2,Brain,GO:0005783;GO:0005794;GO:0000139;GO:0016020;GO:0045121;GO:0045211;GO:0005262;GO:0097190;GO:0021681;GO:0021702;GO:0021680;GO:0021549;GO:0043066;GO:1902042;GO:0043524;GO:0051402;GO:0043523;GO:0002931
Q86V42,Family with sequence similarity 124 member A,Brain,
Q6UXB0,Family with sequence similarity 131 member A,Brain,
Q8N9E0,Family with sequence similarity 133 member A,Brain,
Q8NE31,Family with sequence similarity 13 member C,Brain,
Q96KS9,Family with sequence similarity 167 member A,Brain,
Q5VUB5,Family with sequence similarity 171 member A1,Brain,GO:0005886;GO:0008360;GO:0043149
A8MVW0,Family with sequence similarity 171 member A2,Brain,GO:0016020
Q6P995,Family with sequence similarity 171 member B,Brain,GO:0016020;GO:0045202
Q9ULE4,Family with sequence similarity 184 member B,Brain,
Q8IW50,Family with sequence similarity 219 member A,Brain,
A4D161,Family with sequence similarity 221 member A,Brain,
Q5U5X8,Family with sequence similarity 222 member A,Brain,
A2RU67,Family with sequence similarity 234 member B,Brain,GO:0005794;GO:0016020;GO:0005815
Q96D05,Family with sequence similarity 241 member B,Brain,GO:0043231;GO:0016020
Q6ZT52,Family with sequence similarity 43 member B,Brain,
Q8N7N1,Family with sequence similarity 86 member B1,Brain,GO:0032991;GO:0016279;GO:0032259;GO:0006417
Q86YD7,Family with sequence similarity 90 member A1,Brain,
Q8TDW7,FAT atypical cadherin 3,Brain,GO:0030425;GO:0005886;GO:0005509;GO:0048667;GO:0098609;GO:0016358;GO:0007156;GO:1904936;GO:2000171;GO:0010842
Q9H4M3,F-box protein 44,Brain,GO:0005737;GO:0005829;GO:0019005;GO:0036503;GO:0006516;GO:0010498;GO:0031146
Q969H0,F-box and WD repeat domain containing 7,Brain,GO:0005694;GO:0005737;GO:0005829;GO:0005783;GO:0005794;GO:0005739;GO:0005730;GO:0005654;GO:0005634;GO:1990452;GO:0048471;GO:0032991;GO:0019005;GO:0030332;GO:0042802;GO:0050816;GO:0030674;GO:0043130;GO:0031625;GO:1990756;GO:0097027;GO:0034644;GO:0006974;GO:0006281;GO:0055088;GO:0030324;GO:0010629;GO:2000346;GO:0045746;GO:2001205;GO:2000639;GO:0010868;GO:0007219;GO:0045741;GO:0070374;GO:1903378;GO:1901800;GO:1903955;GO:0031398;GO:2000060;GO:0051443;GO:0043161;GO:0031648;GO:0050821;GO:0016567;GO:1902806;GO:0090049;GO:0042752;GO:0010883;GO:1901524;GO:0032880;GO:0048511;GO:0031146;GO:0007062;GO:0010992;GO:0001944;GO:0001570
O14526,FCH and mu domain containing endocytic adaptor 1,Brain,GO:0005905;GO:0005737;GO:0005829;GO:0005654;GO:0005886;GO:0098843;GO:0035612;GO:0048268;GO:0072583;GO:0050870;GO:0050852
A0PJY2,FEZ family zinc finger 1,Brain,GO:0005829;GO:0005654;GO:0003700;GO:0001227;GO:0046872;GO:0000978;GO:0007411;GO:0043697;GO:0021797;GO:1904936;GO:0008285;GO:0021772;GO:0045893;GO:0045666;GO:0050767;GO:0006357
Q92913,Fibroblast growth factor 13,Brain,GO:0030424;GO:0005737;GO:0005829;GO:0030425;GO:0030175;GO:0030426;GO:0014704;GO:0016328;GO:0005874;GO:0043005;GO:0005634;GO:0005886;GO:0042383;GO:0048487;GO:0008083;GO:0008017;GO:0017080;GO:0044325;GO:0048755;GO:0007267;GO:0021795;GO:0045200;GO:0021766;GO:1904862;GO:0007612;GO:0000165;GO:0007613;GO:0046785;GO:0048671;GO:0007026;GO:0007399;GO:0022008;GO:0001764;GO:1905152;GO:0072659;GO:0098909;GO:0007165;GO:0006814
Q92915,Fibroblast growth factor 14,Brain,GO:0005737;GO:0005634;GO:0008083;GO:0008201;GO:0017080;GO:0007267;GO:0007254;GO:0007399;GO:0022008;GO:0007165
Q9NP95,Fibroblast growth factor 20,Brain,GO:0005737;GO:0005576;GO:0005615;GO:0005104;GO:0008083;GO:0043395;GO:0090722;GO:0005102;GO:0007267;GO:0008543;GO:0042491;GO:0043524;GO:0022008;GO:0008284;GO:1904340;GO:0070374;GO:0043410;GO:0060043;GO:0030334;GO:0014059;GO:0007165
Q9HCT0,Fibroblast growth factor 22,Brain,GO:0005737;GO:0005576;GO:0005615;GO:0005104;GO:0008083;GO:0030154;GO:0008543;GO:0022008;GO:0008284;GO:0043410;GO:0030334
P12034,Fibroblast growth factor 5,Brain,GO:0005737;GO:0005576;GO:0005615;GO:0005104;GO:0008083;GO:0007267;GO:0008543;GO:0010001;GO:0007399;GO:0022008;GO:0051781;GO:0008284;GO:0043410;GO:0030334;GO:0023019
P31371,Fibroblast growth factor 9,Brain,GO:0005737;GO:0005576;GO:0005615;GO:0005104;GO:0008083;GO:0008201;GO:0032924;GO:0001525;GO:0060070;GO:0060038;GO:0007267;GO:0002062;GO:0048566;GO:0030326;GO:0048706;GO:0001654;GO:0008543;GO:0042472;GO:0060484;GO:0008584;GO:0030238;GO:0010463;GO:0000122;GO:1905931;GO:0030178;GO:0022008;GO:0001649;GO:0032927;GO:0090263;GO:0060045;GO:0051781;GO:0008284;GO:0050679;GO:0010628;GO:0043410;GO:0002053;GO:0045880;GO:2000648;GO:1904754;GO:1904707;GO:0030949;GO:0006606;GO:0030334;GO:0048505;GO:0060011;GO:0007165;GO:0007224;GO:0072089;GO:0021762;GO:0048010
Q8TAT2,Fibroblast growth factor binding protein 3,Brain,GO:0062023;GO:0005576;GO:0017134;GO:0019838;GO:0008201;GO:0007267;GO:0045743;GO:0043117
P22607,Fibroblast growth factor receptor 3,Brain,GO:0009986;GO:0005783;GO:0005576;GO:0005794;GO:0005886;GO:0043235;GO:0030133;GO:0005524;GO:0008288;GO:0060175;GO:0005006;GO:0017134;GO:0005007;GO:0005004;GO:0005008;GO:0140801;GO:0035401;GO:0042802;GO:0005009;GO:0005010;GO:0005011;GO:0036332;GO:0005018;GO:0005019;GO:0004713;GO:0038062;GO:0005020;GO:0005005;GO:0005021;GO:0070977;GO:0030282;GO:0060349;GO:0007169;GO:0007259;GO:0007267;GO:0002062;GO:0035988;GO:0003416;GO:0001958;GO:1902178;GO:0008543;GO:0000165;GO:0048640;GO:0008284;GO:0070374;GO:0043410;GO:0051897;GO:0010518;GO:0042531;GO:0001501
P68106,FKBP prolyl isomerase 1B,Brain,GO:0034704;GO:0005737;GO:0016020;GO:0033017;GO:0030018;GO:0019855;GO:0016247;GO:0030551;GO:0005528;GO:0003755;GO:0140839;GO:0140840;GO:0005102;GO:0044325;GO:0006458;GO:0019722;GO:0035773;GO:0050849;GO:0010459;GO:0061179;GO:0051280;GO:0019227;GO:0048680;GO:0007204;GO:0051284;GO:0022417;GO:0042026;GO:0010881;GO:0010880;GO:0051209;GO:0042542;GO:0051775;GO:0033197;GO:0006939;GO:0042098
P36888,Fms related receptor tyrosine kinase 3,Brain,GO:0005783;GO:0005788;GO:0010008;GO:0005886;GO:0043235;GO:0005524;GO:0008288;GO:0060175;GO:0004896;GO:0005006;GO:0005007;GO:0005004;GO:0019838;GO:0005008;GO:0140801;GO:0035401;GO:0005009;GO:0005010;GO:0005011;GO:0035259;GO:0141038;GO:0036332;GO:0005018;GO:0005019;GO:0004713;GO:0038062;GO:0044877;GO:0005020;GO:0004714;GO:0005005;GO:0005021;GO:0031100;GO:0030183;GO:0007169;GO:0071345;GO:0071385;GO:0035726;GO:0019221;GO:0097028;GO:0030097;GO:0001776;GO:0046651;GO:0002318;GO:0018108;GO:0008284;GO:0043406;GO:0043410;GO:0051897;GO:0042531;GO:0002328;GO:0046777;GO:0042981
Q9NZ56,Formin 2,Brain,GO:0005938;GO:0005737;GO:0030659;GO:0005829;GO:0005783;GO:0005789;GO:0005902;GO:0005730;GO:0005634;GO:0048471;GO:0005886;GO:0005819;GO:0003779;GO:0030036;GO:0016477;GO:0071456;GO:0006974;GO:0051295;GO:0070649;GO:0051758;GO:0035556;GO:0046907;GO:0043066;GO:0042177;GO:0048477;GO:0040038;GO:2000781;GO:0015031;GO:0016192
F2Z333,Fibronectin type III domain containing 10,Brain,GO:0016020
Q12950,Forkhead box D4,Brain,GO:0000785;GO:0005634;GO:0008301;GO:0003700;GO:0000981;GO:0000978;GO:0043565;GO:0009653;GO:0030154;GO:0006357
Q9NU39,Forkhead box D4 like 1,Brain,GO:0000785;GO:0005634;GO:0000981;GO:0000978;GO:0009653;GO:0030154;GO:0006357
Q3SYB3,Forkhead box D4 like 6,Brain,GO:0000785;GO:0005634;GO:0000981;GO:0000978;GO:0009653;GO:0030154;GO:0006357
O75593,Forkhead box H1,Brain,GO:0032444;GO:0000785;GO:0005634;GO:0005667;GO:0043425;GO:0000987;GO:0070410;GO:0001228;GO:0000981;GO:0140297;GO:0050681;GO:0019904;GO:0070412;GO:0043565;GO:0046332;GO:0000976;GO:0035909;GO:0048318;GO:0003215;GO:0071345;GO:0003140;GO:0035054;GO:0001947;GO:0070365;GO:0060766;GO:0043433;GO:0033147;GO:0000122;GO:0038092;GO:0003151;GO:0045893;GO:0045944;GO:0003139;GO:0007179;GO:0003222
P0C091,FRAS1 related extracellular matrix 3,Brain,GO:0005604;GO:0062023;GO:0005615;GO:0016020;GO:0046872;GO:0009653;GO:0007155;GO:0007154
Q7Z6J6,FERM domain containing 5,Brain,GO:0005912;GO:0005856;GO:0016020;GO:0008092;GO:0005178;GO:0019901;GO:0031032;GO:2000146;GO:0045785;GO:0030334
Q5JV73,FERM and PDZ domain containing 3,Brain,GO:0005856;GO:0005886;GO:0030667;GO:0070821
Q9P0K9,Ferric chelate reductase 1 like,Brain,GO:0005789;GO:0005886;GO:0098794;GO:0045505;GO:0044877;GO:1904717;GO:1900449;GO:0099072;GO:0051966
O43559,Fibroblast growth factor receptor substrate 3,Brain,GO:0005737;GO:0005886;GO:0005104;GO:0042802;GO:0005068;GO:0008543;GO:0007165
O00144,Frizzled class receptor 9,Brain,GO:0009986;GO:0005737;GO:0005789;GO:0031527;GO:0098978;GO:0005794;GO:0016020;GO:0031966;GO:0048471;GO:0005886;GO:0098794;GO:0004930;GO:0046982;GO:0042803;GO:0042813;GO:0017147;GO:0030183;GO:1990523;GO:0060070;GO:0007611;GO:0051902;GO:1901029;GO:0060546;GO:0043524;GO:1904394;GO:0007399;GO:0007405;GO:0035567;GO:0001503;GO:0043065;GO:0030501;GO:0090263;GO:2000179;GO:0099173;GO:0051726;GO:0051480;GO:0099566;GO:1904393;GO:0001836
Q9UQC2,GRB2 associated binding protein 2,Brain,GO:0005737;GO:0005829;GO:0045121;GO:0005886;GO:0005547;GO:0043325;GO:0005068;GO:0030316;GO:0043491;GO:0008284;GO:0043306;GO:0007165
P18505,Gamma-aminobutyric acid type A receptor subunit beta1,Brain,GO:0034707;GO:0030425;GO:1902711;GO:0098982;GO:0043005;GO:0005635;GO:0005886;GO:0099634;GO:0048787;GO:0098685;GO:0045202;GO:1902495;GO:0150047;GO:0050811;GO:0004890;GO:0022851;GO:0015276;GO:0099507;GO:0030594;GO:1904315;GO:0071420;GO:0021954;GO:1902476;GO:0007214;GO:0006811;GO:0042698;GO:0032570;GO:0009636;GO:0007165
P28472,Gamma-aminobutyric acid type A receptor subunit beta3,Brain,GO:0034707;GO:0030659;GO:0043197;GO:1902711;GO:0043005;GO:0005886;GO:0045211;GO:0099634;GO:0045202;GO:1902495;GO:0004890;GO:0022851;GO:0042802;GO:0030594;GO:0071420;GO:1902476;GO:0007214;GO:1904862;GO:0060021;GO:0007165;GO:0051932
P78334,Gamma-aminobutyric acid type A receptor subunit epsilon,Brain,GO:0034707;GO:0032590;GO:1902711;GO:0043005;GO:0005886;GO:0098794;GO:0045211;GO:0045202;GO:1902495;GO:0004890;GO:0022851;GO:1902476;GO:0007214;GO:1904862;GO:2001226;GO:0060078;GO:0051932
Q96A11,Galactose-3-O-sulfotransferase 3,Brain,GO:0032580;GO:0016020;GO:0050656;GO:0030246;GO:0050694;GO:0001733;GO:0050698;GO:0009247;GO:0005996;GO:0009311;GO:0030309;GO:0030166;GO:0006790
Q8IUC8,Polypeptide N-acetylgalactosaminyltransferase 13,Brain,GO:0005794;GO:0000139;GO:0030246;GO:0046872;GO:0004653;GO:0016266;GO:0006493;GO:0018242;GO:0018243
Q6IS24,Polypeptide N-acetylgalactosaminyltransferase 17,Brain,GO:0005794;GO:0000139;GO:0030246;GO:0046872;GO:0004653;GO:0006493
Q49A17,Polypeptide N-acetylgalactosaminyltransferase like 6,Brain,GO:0005794;GO:0000139;GO:0030246;GO:0046872;GO:0004653;GO:0006493;GO:0018243
P35557,Glucokinase,Brain,GO:0005829;GO:0005739;GO:0005654;GO:0005524;GO:0005536;GO:0008865;GO:0004340;GO:0141089;GO:0019158;GO:0070509;GO:0061621;GO:0032869;GO:0044320;GO:0051156;GO:0006007;GO:0042593;GO:0006006;GO:0006096;GO:0001678;GO:0006739;GO:0045721;GO:0045725;GO:0032024;GO:0006110;GO:0050796;GO:0043266;GO:0009749
Q5JQS6,Germinal center associated signaling and motility like,Brain,GO:0050855;GO:2000401
P23434,Glycine cleavage system protein H,Brain,GO:0005960;GO:0005759;GO:0005739;GO:0004047;GO:0006546;GO:0019464;GO:0009249
Q8TB36,Ganglioside induced differentiation associated protein 1,Brain,GO:0005829;GO:0016020;GO:0005741;GO:0005739;GO:0005634;GO:0005778;GO:0071305;GO:0000266;GO:0008053;GO:0006626;GO:0032526
P31150,GDP dissociation inhibitor 1,Brain,GO:0030424;GO:0005737;GO:0005829;GO:0005783;GO:0005794;GO:0030496;GO:0043209;GO:0043025;GO:0099523;GO:0032991;GO:0005092;GO:0005096;GO:0005093;GO:0031267;GO:0050771;GO:0090315;GO:0045773;GO:0034123;GO:0015031;GO:0032482;GO:0051592;GO:0007165;GO:0016192
Q8N9F7,Glycerophosphodiester phosphodiesterase domain containing 1,Brain,GO:0005783;GO:0005789;GO:0016020;GO:0048471;GO:0004622;GO:0046872;GO:0008081;GO:0046475;GO:0070291
Q3B7J2,Glucose-fructose oxidoreductase domain containing 2,Brain,GO:0031012;GO:0005576;GO:0000166;GO:0016491;GO:0030198
Q9Y2X7,GIT ArfGAP 1,Brain,GO:0044305;GO:0005813;GO:0005829;GO:0005925;GO:0030027;GO:0016020;GO:0005739;GO:0097431;GO:0043005;GO:0098794;GO:0014069;GO:0045202;GO:0043015;GO:0005096;GO:0046872;GO:0044877;GO:0031267;GO:0007420;GO:0045454;GO:0071222;GO:0048013;GO:0001957;GO:0007626;GO:0061743;GO:0045820;GO:0106015;GO:0032691;GO:0048666;GO:0090063;GO:0099171;GO:0032012;GO:0032465;GO:0008277;GO:2000300;GO:0036465
O95452,Gap junction protein beta 6,Brain,GO:0005884;GO:0016324;GO:0030054;GO:0005922;GO:0005921;GO:0051015;GO:0048487;GO:0005243;GO:1903763;GO:0008017;GO:0007267;GO:0071333;GO:0042471;GO:0016264;GO:1990349;GO:0048839;GO:0035633;GO:0008285;GO:0051602;GO:0032496;GO:0007605;GO:0003163;GO:0055085
Q8NCI6,Galactosidase beta 1 like 3,Brain,GO:0005773;GO:0004565;GO:0019388
O94923,Glucuronic acid epimerase,Brain,GO:0005794;GO:0000139;GO:0005509;GO:0047464;GO:0042803;GO:0016857;GO:0015012;GO:0030210;GO:0031345;GO:0008284;GO:0060391
Q6ZMI3,Gliomedin,Brain,GO:0030424;GO:0009986;GO:0005581;GO:0005615;GO:0005886;GO:0086080;GO:0045162;GO:0032528;GO:0007165
P48167,Glycine receptor beta,Brain,GO:0005737;GO:0030425;GO:0098982;GO:0016935;GO:0098690;GO:0043005;GO:0005886;GO:0045211;GO:0099572;GO:0045202;GO:1902495;GO:0016934;GO:0016933;GO:0016594;GO:0030594;GO:0044877;GO:0004888;GO:1904315;GO:0007340;GO:0007628;GO:0007268;GO:1902476;GO:0097112;GO:0006811;GO:0007399;GO:0007218;GO:0060013;GO:0001964;GO:0060012;GO:0007601
P60983,Glia maturation factor beta,Brain,GO:0030864;GO:0003779;GO:0071933;GO:0008047;GO:0008083;GO:0004860;GO:0071846;GO:0034316;GO:0007399;GO:0006468
P63096,G protein subunit alpha i1,Brain,GO:0005938;GO:0005813;GO:0005737;GO:0005829;GO:0070062;GO:0005834;GO:0005765;GO:0030496;GO:0005730;GO:0005654;GO:0005886;GO:0010854;GO:0031749;GO:0003925;GO:0001664;GO:0031821;GO:0031683;GO:0019003;GO:0005525;GO:0003924;GO:0000287;GO:0007193;GO:0007198;GO:0007188;GO:0051301;GO:1904322;GO:0007186;GO:0045542;GO:1904778;GO:0060236;GO:0043434;GO:0034695;GO:0072678
P38405,G protein subunit alpha L,Brain,GO:0005737;GO:0070062;GO:0005834;GO:0005886;GO:0010854;GO:0003925;GO:0001664;GO:0031683;GO:0005525;GO:0003924;GO:0046872;GO:0007191;GO:0007189;GO:0007608;GO:0007165
P09471,G protein subunit alpha o1,Brain,GO:0044297;GO:0005737;GO:0030425;GO:0098982;GO:0098978;GO:0005834;GO:0098688;GO:0005886;GO:0045211;GO:0042734;GO:0010854;GO:0051430;GO:0003925;GO:0031821;GO:0031683;GO:0005525;GO:0003924;GO:0046872;GO:0031852;GO:0007198;GO:0007188;GO:0007212;GO:0007626;GO:0006936;GO:0046676;GO:0099170;GO:0008016;GO:0006904
P19086,G protein subunit alpha z,Brain,GO:0044297;GO:0005737;GO:0030425;GO:0005783;GO:0005834;GO:0005635;GO:0005886;GO:0045202;GO:0010855;GO:0001664;GO:0031821;GO:0031683;GO:0005525;GO:0003924;GO:0046872;GO:0007193;GO:0007188;GO:0007186;GO:0098664;GO:0046676
P59768,G protein subunit gamma 2,Brain,GO:0070062;GO:0005834;GO:0016020;GO:0005886;GO:0045202;GO:0031681;GO:0007191;GO:0071870;GO:0071380;GO:0048144;GO:0007186
P50150,G protein subunit gamma 4,Brain,GO:0070062;GO:0005834;GO:0005886;GO:0045202;GO:0031681;GO:0007186;GO:0030308;GO:0008277
Q9UK08,G protein subunit gamma 8,Brain,GO:0005834;GO:0005886;GO:0031681;GO:0003924;GO:0071444;GO:0007186;GO:0043584;GO:0035176
Q2TAP0,Golgin A7 family member B,Brain,GO:0000139;GO:0002178;GO:0005886;GO:0019899;GO:0006612
Q9HCN6,Glycoprotein VI platelet,Brain,GO:0009986;GO:0070062;GO:0045121;GO:0005886;GO:0097197;GO:0005518;GO:0038064;GO:1990782;GO:0038023;GO:0004888;GO:0038065;GO:0038063;GO:0007167;GO:0002764;GO:0030168;GO:0070527;GO:1901731
P78333,Glypican 5,Brain,GO:0009986;GO:0062023;GO:0005576;GO:0005796;GO:0043202;GO:0016020;GO:0005886;GO:0098552;GO:0016477;GO:0090263;GO:1905475
Q9NQX3,Gephyrin,Brain,GO:0005737;GO:0005856;GO:0005829;GO:0030425;GO:0043197;GO:0005886;GO:0014069;GO:0045211;GO:0099572;GO:0099634;GO:0097060;GO:0005524;GO:0042802;GO:0046872;GO:0061598;GO:0043546;GO:0061599;GO:0008940;GO:0030674;GO:0007529;GO:0097112;GO:0072579;GO:0006777;GO:0032324;GO:0098970;GO:0010038
Q8IV16,Glycosylphosphatidylinositol anchored high density lipoprotein binding protein 1,Brain,GO:0016324;GO:0016323;GO:1902494;GO:0009897;GO:0005576;GO:0005886;GO:0035478;GO:0035473;GO:0008289;GO:0060230;GO:0071813;GO:0140318;GO:0042632;GO:0006886;GO:0090321;GO:0051006;GO:0017038;GO:0034394;GO:0050821;GO:0071503;GO:0045056;GO:0019433;GO:0070328
P47775,G protein-coupled receptor 12,Brain,GO:0005737;GO:0005886;GO:0004930;GO:0031210;GO:0007189;GO:0007186;GO:0006874;GO:0019222
Q86SP6,G protein-coupled receptor 149,Brain,GO:0043005;GO:0005886;GO:0004930;GO:0042923;GO:0001547;GO:0060280;GO:0007218;GO:0001546
Q8NGU9,G protein-coupled receptor 150,Brain,GO:0005886;GO:0004930;GO:0032870;GO:0007186
Q16538,G protein-coupled receptor 162,Brain,GO:0005886;GO:0004930
Q13304,G protein-coupled receptor 17,Brain,GO:0005886;GO:0004950;GO:0004930;GO:0033612;GO:0007186;GO:0002862;GO:0048709
Q9NS66,G protein-coupled receptor 173,Brain,GO:0005886;GO:0004930;GO:0004968;GO:2001223;GO:0007165
Q14439,G protein-coupled receptor 176,Brain,GO:0005886;GO:0045202;GO:0004930;GO:0007193;GO:0007268;GO:0048512;GO:0007186
Q15760,G protein-coupled receptor 19,Brain,GO:0005929;GO:0005886;GO:0004930;GO:0007186
Q99679,G protein-coupled receptor 21,Brain,GO:0005886;GO:0001594;GO:0007186;GO:0042593;GO:0008286;GO:0046627;GO:0040018
Q99680,G protein-coupled receptor 22,Brain,GO:0005886;GO:0004930;GO:0030030;GO:0032870;GO:0007186
Q9NS67,G protein-coupled receptor 27,Brain,GO:0005886;GO:0004930;GO:0035774;GO:1900738;GO:0007165
Q9Y5Y3,G protein-coupled receptor 45,Brain,GO:0005886;GO:0004930;GO:0007186
Q9Y2T6,G protein-coupled receptor 55,Brain,GO:0005886;GO:0004949;GO:0004930;GO:0045453;GO:0007186;GO:0045671;GO:0007200;GO:0070374;GO:0035025
Q9BZJ8,G protein-coupled receptor 61,Brain,GO:0005768;GO:0010008;GO:0005886;GO:0043235;GO:1990763;GO:0004930;GO:0007186;GO:0038035
O95800,G protein-coupled receptor 75,Brain,GO:0005886;GO:0016493;GO:0004930;GO:0070098;GO:0007186
Q5JY77,G protein-coupled receptor associated sorting protein 1,Brain,GO:0005829;GO:0005634;GO:0008333;GO:1990172
Q9NZH0,G protein-coupled receptor class C group 5 member B,Brain,GO:0009986;GO:0030659;GO:0005829;GO:0070062;GO:0005615;GO:0043231;GO:0045121;GO:0005730;GO:0005654;GO:0005886;GO:0043235;GO:0004930;GO:0001664;GO:0030295;GO:0019901;GO:1990782;GO:0006884;GO:0043123;GO:0090263;GO:0050729;GO:0060907;GO:0045666;GO:0061098
Q7Z2K8,G protein regulated inducer of neurite outgrowth 1,Brain,GO:0030426;GO:0005886;GO:0051219;GO:0031175
Q6ZVF9,GPRIN family member 3,Brain,GO:0005886;GO:0031175
Q86YR5,G protein signaling modulator 1,Brain,GO:0005829;GO:0005789;GO:0000139;GO:0005886;GO:0032991;GO:0001965;GO:0005092;GO:0030154;GO:0000132;GO:0034260;GO:1905098;GO:0007399;GO:0016239
P42263,Glutamate ionotropic receptor AMPA type subunit 3,Brain,GO:0032281;GO:0043197;GO:0030666;GO:0098688;GO:0005886;GO:0098839;GO:0045211;GO:0004971;GO:0001540;GO:0022849;GO:0004970;GO:0099507;GO:1904315;GO:0007215;GO:0060291;GO:0050804;GO:0051290;GO:0051289;GO:0035249
Q9ULK0,Glutamate ionotropic receptor delta type subunit 1,Brain,GO:0070062;GO:0098982;GO:0098978;GO:0005886;GO:0098839;GO:0045211;GO:0098820;GO:0099530;GO:0016917;GO:0008066;GO:0042802;GO:1904315;GO:0007215;GO:0050804;GO:0031914;GO:0007200;GO:0099175;GO:0099072;GO:0035176;GO:0099538;GO:0035249
A4D2P6,Grid2 interacting protein,Brain,GO:0150048;GO:0098688;GO:0099092;GO:0045211;GO:0060292;GO:0099566;GO:0099072
Q13003,Glutamate ionotropic receptor kainate type subunit 3,Brain,GO:0030424;GO:0030425;GO:0032839;GO:0098978;GO:0032983;GO:0043204;GO:0005886;GO:0098839;GO:0042734;GO:0043195;GO:0001640;GO:0008066;GO:0022849;GO:0004970;GO:0015277;GO:0099507;GO:1904315;GO:0007216;GO:0007215;GO:0050804;GO:0051967;GO:0042391;GO:0035249
Q16099,Glutamate ionotropic receptor kainate type subunit 4,Brain,GO:0042995;GO:0098686;GO:0032983;GO:0005886;GO:0098839;GO:0042734;GO:0015277;GO:0099507;GO:1904315;GO:0007268;GO:0007215;GO:0050804;GO:0035249
Q16478,Glutamate ionotropic receptor kainate type subunit 5,Brain,GO:0042995;GO:0005783;GO:0098686;GO:0032983;GO:0005654;GO:0005886;GO:0098839;GO:0042734;GO:0015277;GO:0099507;GO:1904315;GO:0060079;GO:0050804;GO:0031630;GO:0035249
O15399,Glutamate ionotropic receptor NMDA type subunit 2D,Brain,GO:0005789;GO:0098978;GO:0098686;GO:0017146;GO:0005886;GO:0098839;GO:0045211;GO:0048787;GO:0016595;GO:0022849;GO:0004970;GO:0099507;GO:0004972;GO:1904315;GO:0022843;GO:0008344;GO:0007420;GO:0097553;GO:1905232;GO:0098976;GO:0060079;GO:0035235;GO:0060291;GO:0098655;GO:2000463;GO:0051968;GO:1904062;GO:0048168;GO:0051930;GO:0048167;GO:0001964;GO:0035249
Q14831,Glutamate metabotropic receptor 7,Brain,GO:0032279;GO:0030424;GO:0005938;GO:0030425;GO:0043198;GO:0016020;GO:0005886;GO:0045211;GO:0048786;GO:0043235;GO:0010855;GO:0005509;GO:0016595;GO:0008066;GO:0001642;GO:0030165;GO:0046983;GO:0070905;GO:0007196;GO:0007193;GO:0061564;GO:0007268;GO:0007216;GO:0070085;GO:0014050;GO:0051966;GO:0007605
P07492,Gastrin releasing peptide,Brain,GO:0005576;GO:0005615;GO:0043005;GO:0098992;GO:0034774;GO:0005184;GO:0005102;GO:1904384;GO:0043303;GO:1903817;GO:1905151;GO:0007218;GO:0001503;GO:2000987;GO:0090277;GO:1900738;GO:1903942;GO:1905461;GO:0036343;GO:0010468;GO:0043207;GO:0007165;GO:0035176
Q16774,Guanylate kinase 1,Brain,GO:0005829;GO:0005739;GO:0001917;GO:0005524;GO:0004385;GO:0046060;GO:0006185;GO:0046054;GO:0046711;GO:0019673;GO:0034436;GO:0015949;GO:0006163;GO:0006805
Q7L7L0,H2A clustered histone 25,Brain,GO:0070062;GO:0000786;GO:0005634;GO:0003677;GO:0046982;GO:0030527;GO:0031507;GO:0006337;GO:0070914
Q8N257,H2B clustered histone 26,Brain,GO:0005829;GO:0005654;GO:0000786;GO:0005634;GO:0003677;GO:0046982;GO:0030527
Q71DI3,H3 clustered histone 14,Brain,GO:0070062;GO:0005576;GO:0005654;GO:0000786;GO:0005634;GO:0003677;GO:0046982;GO:0030527;GO:0006325;GO:0006334
Q5JVS0,Hyaluronan binding protein 4,Brain,GO:0015030;GO:0005737;GO:0010494;GO:0005829;GO:0005576;GO:0097504;GO:0031965;GO:0016607;GO:0005730;GO:0005634;GO:0030017;GO:0016528;GO:0043022;GO:0003723;GO:0032183;GO:0061770;GO:0071260;GO:0006397;GO:0043392;GO:0030578;GO:0033120;GO:0045948;GO:0141014;GO:0008380
Q6PII5,Hydroxyacylglutathione hydrolase like,Brain,GO:0004416;GO:0046872
P54257,Huntingtin associated protein 1,Brain,GO:0015629;GO:0005776;GO:1904115;GO:0005814;GO:0005813;GO:0031410;GO:0005856;GO:0005829;GO:0030425;GO:0043197;GO:0005769;GO:0005783;GO:0030426;GO:0016234;GO:0005764;GO:0005739;GO:0005730;GO:0008021;GO:0048403;GO:0017022;GO:0005102;GO:0044325;GO:0008089;GO:0098957;GO:0006914;GO:0007420;GO:0030030;GO:0021549;GO:0007268;GO:0006887;GO:0021979;GO:0048311;GO:1902430;GO:0022008;GO:0048011;GO:0045742;GO:0031587;GO:0050769;GO:0032901;GO:1902857;GO:0032230;GO:0008104;GO:0006605;GO:0015031;GO:0017157;GO:1902513;GO:0008090;GO:0047496
Q9P1Z3,Hyperpolarization activated cyclic nucleotide gated potassium channel 3,Brain,GO:0030424;GO:0044316;GO:0030425;GO:0098855;GO:0043025;GO:0005886;GO:0030552;GO:0005249;GO:0005248;GO:1903351;GO:0071805;GO:0003254;GO:0042391;GO:0035725
Q96DB2,Histone deacetylase 11,Brain,GO:0000118;GO:0005634;GO:0005886;GO:0140297;GO:0004407;GO:0031078;GO:1990162;GO:0032129;GO:0140937;GO:0034739;GO:0180032;GO:0180033;GO:0006325;GO:0040029;GO:0014003
P19113,Histidine decarboxylase,Brain,GO:0005737;GO:0005829;GO:0004398;GO:0030170;GO:0042423;GO:0001694;GO:0006548;GO:0006547
Q76N89,"HECT, C2 and WW domain containing E3 ubiquitin protein ligase 1",Brain,GO:0005737;GO:0005829;GO:0061630;GO:0090090;GO:0016567;GO:0048814;GO:0006511
Q14CZ8,Hepatic and glial cell adhesion molecule,Brain,GO:0097450;GO:0005911;GO:0005737;GO:0005886;GO:0007155;GO:0006955;GO:0150105;GO:0051726
Q5TA89,Hes family bHLH transcription factor 5,Brain,GO:0000785;GO:0005654;GO:0005634;GO:0003682;GO:0000981;GO:0001227;GO:0046983;GO:0000978;GO:1990837;GO:0009952;GO:0048708;GO:0030509;GO:0007420;GO:0043010;GO:0051216;GO:0007155;GO:0048469;GO:0022010;GO:0072049;GO:0090162;GO:0021861;GO:0021781;GO:0042491;GO:0060122;GO:0072282;GO:0048712;GO:2000978;GO:0045608;GO:0045665;GO:0048715;GO:2000974;GO:2000737;GO:0000122;GO:0021915;GO:0097150;GO:0007219;GO:0014003;GO:0030513;GO:0008284;GO:0045893;GO:0045747;GO:0046427;GO:0048661;GO:0045944;GO:0042531;GO:0065003;GO:0045595;GO:0050678;GO:0031641;GO:0050767;GO:0006357;GO:0072050;GO:0007224;GO:0072086;GO:0021537
Q96HZ4,Hes family bHLH transcription factor 6,Brain,GO:0000785;GO:0005634;GO:0005667;GO:0003700;GO:0000981;GO:0001227;GO:0046983;GO:0000978;GO:0061629;GO:1990837;GO:0009952;GO:0030154;GO:0043433;GO:0007399;GO:0006355;GO:0050767;GO:0006357
Q9BYE0,Hes family bHLH transcription factor 7,Brain,GO:0000785;GO:0005634;GO:0003677;GO:0000981;GO:0046983;GO:0000978;GO:1990837;GO:0009952;GO:0007498;GO:0000122;GO:0007219;GO:0036342;GO:0050767;GO:0006357;GO:0048511;GO:0001501;GO:0001756
Q9Y5J3,Hes related family bHLH transcription factor with YRPW motif 1,Brain,GO:0000785;GO:0005737;GO:0005654;GO:0005634;GO:0000987;GO:0003700;GO:0000981;GO:0001227;GO:0046983;GO:0000978;GO:0061629;GO:1990837;GO:0001525;GO:0009952;GO:0003180;GO:0060842;GO:0003190;GO:0003161;GO:0060317;GO:0060411;GO:0003208;GO:0072359;GO:0035912;GO:0003203;GO:0060347;GO:0060716;GO:0070168;GO:0045892;GO:0045665;GO:0045746;GO:0051151;GO:0000122;GO:0007219;GO:0045944;GO:0003184;GO:0050767;GO:0006357;GO:2001212;GO:0036304;GO:0060412
Q96QV1,Hedgehog interacting protein,Brain,GO:0009986;GO:0060170;GO:0005737;GO:0005576;GO:0005886;GO:0097108;GO:0008270;GO:0009953;GO:0060441;GO:0043066;GO:0009968;GO:0045879;GO:0007405;GO:0040036;GO:0007165;GO:0048705
Q96JK4,HHIP like 1,Brain,GO:0005576;GO:0016020
Q8IV36,HID1 domain containing,Brain,GO:0005737;GO:0005881;GO:0098548;GO:0005829;GO:0070062;GO:0005794;GO:0005797;GO:0000138;GO:0016020
Q8TB92,3-hydroxymethyl-3-methylglutaryl-CoA lyase like 1,Brain,GO:0005829;GO:0005783;GO:0005789;GO:0016020;GO:0048471;GO:0004419;GO:0046872;GO:0046951;GO:0006552
A6NHT5,H6 family homeobox 3,Brain,GO:0000785;GO:0005634;GO:0000981;GO:0000977;GO:0007420;GO:0030154;GO:0007566;GO:0042472;GO:0060135;GO:0050885;GO:0006357
Q86YM7,Homer scaffold protein 1,Brain,GO:0045177;GO:0030424;GO:0043034;GO:0005737;GO:0005829;GO:0030425;GO:0043198;GO:0043197;GO:0060076;GO:0098978;GO:0044309;GO:0043025;GO:0005886;GO:0099524;GO:0014069;GO:0030018;GO:0035256;GO:0044877;GO:0097110;GO:0035591;GO:0099186;GO:0044325;GO:0031802;GO:0048148;GO:0007268;GO:0007623;GO:0007216;GO:0007206;GO:0051928;GO:0009967;GO:0035418;GO:0051262;GO:0090279;GO:2001257;GO:1902950;GO:2001256;GO:0051966;GO:0051592;GO:0035094;GO:0003009;GO:0048741
Q00056,Homeobox A4,Brain,GO:0000785;GO:0016604;GO:0005654;GO:0000981;GO:0000978;GO:1990837;GO:0009653;GO:0009952;GO:0048704;GO:0045944
P17481,Homeobox B8,Brain,GO:0000785;GO:0005654;GO:0005634;GO:0000981;GO:0001227;GO:0000977;GO:1990837;GO:0008344;GO:0009952;GO:0021516;GO:0048704;GO:0007625;GO:0045638;GO:0006357;GO:0019233
Q9GZZ0,Homeobox D1,Brain,GO:0000785;GO:0005654;GO:0005634;GO:0000981;GO:0000978;GO:1990837;GO:0048706;GO:0030182;GO:0006357;GO:0019233
Q96IR7,4-hydroxyphenylpyruvate dioxygenase like,Brain,GO:0005759;GO:0005739;GO:0050585;GO:0003868;GO:0046872;GO:0009072
Q8WWQ2,Heparanase 2 (inactive),Brain,GO:0031012;GO:0005615;GO:0005886;GO:0043395;GO:0030305;GO:0008283;GO:0030198;GO:0008284
O43593,HR lysine demethylase and nuclear receptor corepressor,Brain,GO:0000785;GO:0000118;GO:0005654;GO:0031490;GO:0140685;GO:0032454;GO:0140683;GO:0046872;GO:0003712;GO:0006357
Q8IZT8,Heparan sulfate-glucosamine 3-sulfotransferase 5,Brain,GO:0000139;GO:0016020;GO:0050656;GO:0008467;GO:0015015;GO:0050819;GO:0006477;GO:0046596
Q96MM7,Heparan sulfate 6-O-sulfotransferase 2,Brain,GO:0000139;GO:0017095;GO:0015015
O43301,Heat shock protein family A (Hsp70) member 12A,Brain,GO:0005737;GO:0070062;GO:0005634;GO:0005524
P54652,Heat shock protein family A (Hsp70) member 2,Brain,GO:0072562;GO:0036128;GO:0009986;GO:0005737;GO:0005829;GO:0070062;GO:0001673;GO:0072687;GO:0016020;GO:0005634;GO:0005886;GO:0000795;GO:0005524;GO:0016887;GO:0140662;GO:0097718;GO:0019899;GO:0051861;GO:0031072;GO:0044183;GO:0051087;GO:0048156;GO:0051082;GO:0051085;GO:0007141;GO:0007140;GO:0090084;GO:0010971;GO:0042026;GO:0009409;GO:0009408;GO:0006986;GO:0007286;GO:0007283;GO:0070194
P28222,5-hydroxytryptamine receptor 1B,Brain,GO:0044305;GO:0030425;GO:0005783;GO:0098666;GO:0005886;GO:0042734;GO:0099154;GO:0004993;GO:0001586;GO:0030594;GO:0051378;GO:0099589;GO:0099626;GO:0007193;GO:0007198;GO:0046849;GO:0071312;GO:0071466;GO:0007268;GO:0042756;GO:0007187;GO:0014053;GO:0014063;GO:0032229;GO:0051967;GO:0007208;GO:1904707;GO:0099171;GO:0050795;GO:0014059;GO:2000300;GO:0042220;GO:0045471;GO:0051385;GO:0042310
P28566,5-hydroxytryptamine receptor 1E,Brain,GO:0030425;GO:0005886;GO:0045202;GO:0004930;GO:0004993;GO:0001586;GO:0030594;GO:0051378;GO:0099589;GO:0007193;GO:0007198;GO:0007268;GO:0007186;GO:0007187
O95264,5-hydroxytryptamine receptor 3B,Brain,GO:0009986;GO:0043005;GO:0005886;GO:0045211;GO:1904602;GO:0045202;GO:1902495;GO:0005231;GO:0022850;GO:1904315;GO:0098662;GO:0007210;GO:0140227
Q8NDH6,Islet cell autoantigen 1 like,Brain,GO:0005794;GO:0019904;GO:0051049
Q8IVU1,Immunoglobulin superfamily DCC subclass member 3,Brain,GO:0016020;GO:0098609;GO:0050885
A6NJ69,IgA inducing protein,Brain,GO:0005576
Q5DX21,Immunoglobulin superfamily member 11,Brain,GO:0005911;GO:0060076;GO:0098978;GO:0098839;GO:0035255;GO:0098742;GO:0007156;GO:0045185;GO:1900273;GO:0061885;GO:0099072;GO:1905606;GO:0099537
Q8N9C0,Immunoglobulin superfamily member 22,Brain,
Q969P0,Immunoglobulin superfamily member 8,Brain,GO:0070062;GO:0098686;GO:0043231;GO:0016020;GO:0005886;GO:0042734;GO:0038023;GO:0048870;GO:0007399;GO:0030335;GO:0007338;GO:0007519
P20809,Interleukin 11,Brain,GO:0005737;GO:0005576;GO:0005615;GO:0005125;GO:0008083;GO:0005142;GO:0030183;GO:0008283;GO:0045444;GO:0038154;GO:0030219;GO:0046888;GO:0008284;GO:0043410;GO:0033138;GO:0050731;GO:0045944
Q14005,Interleukin 16,Brain,GO:0005829;GO:0005576;GO:0005615;GO:0090543;GO:0005925;GO:0016607;GO:0005886;GO:0042609;GO:0005125;GO:0006955;GO:0050930;GO:0030595;GO:0050729;GO:0032730;GO:0032735;GO:0032755;GO:0051924
Q71H61,Immunoglobulin like domain containing receptor 2,Brain,GO:0005923;GO:0005789;GO:0016020;GO:0005634;GO:0070160;GO:0030154;GO:0048873;GO:0030073;GO:0050868;GO:0031016;GO:0043484;GO:0009749
Q9Y2H2,Inositol polyphosphate-5-phosphatase F,Brain,GO:0030424;GO:0045334;GO:0005905;GO:0030425;GO:0005769;GO:0031901;GO:0043231;GO:0043025;GO:0055037;GO:0052833;GO:0034596;GO:0034595;GO:0043812;GO:0042803;GO:0008344;GO:0014898;GO:0072583;GO:0048681;GO:0042532;GO:0043491;GO:0006661;GO:0031161;GO:0046856;GO:0048015;GO:0001921;GO:2000145;GO:2001135;GO:0051896
Q01101,INSM transcriptional repressor 1,Brain,GO:0005654;GO:0005634;GO:0017053;GO:0031490;GO:0030332;GO:0003700;GO:0001227;GO:0042826;GO:0046872;GO:0060090;GO:0000978;GO:0061104;GO:0016477;GO:0008283;GO:0008285;GO:0001933;GO:0000122;GO:0030182;GO:0003358;GO:0042421;GO:0003310;GO:0045597;GO:0030335;GO:2000179;GO:0051726;GO:0010564;GO:0010468;GO:0043254;GO:0061549;GO:0060290;GO:0003323;GO:0003309
Q96T92,INSM transcriptional repressor 2,Brain,GO:0005737;GO:0005634;GO:0017053;GO:0001227;GO:0046872;GO:0000978;GO:0000122;GO:0030182;GO:0010564
Q2T9L4,Inhibitory synaptic factor 1,Brain,GO:0098982;GO:0014069;GO:0060080;GO:0099084
Q6ZSG2,Inhibitory synaptic factor 2A,Brain,GO:0014069;GO:0060080
A6NMK8,Inhibitory synaptic factor family member 2B,Brain,GO:0014069;GO:0060080
Q86XH1,IQ motif containing with AAA domain 1,Brain,GO:0005737;GO:0005856;GO:0031514;GO:0005524;GO:0016887;GO:0008568
B3KU38,IQCJ-SCHIP1 readthrough,Brain,GO:0043194;GO:0030054;GO:0005737;GO:0005886;GO:0051494;GO:0035332
Q6UXK2,Immunoglobulin superfamily containing leucine rich repeat 2,Brain,GO:0009986;GO:0005886;GO:0007399;GO:0045773
Q9NQX7,Integral membrane protein 2C,Brain,GO:0070062;GO:0005794;GO:0005765;GO:0005764;GO:0048471;GO:0005886;GO:0001540;GO:0005524;GO:0042985;GO:0010977;GO:0030182;GO:2001238
Q13572,Inositol-tetrakisphosphate 1-kinase,Brain,GO:0016324;GO:0005829;GO:0005524;GO:0003824;GO:0016787;GO:0000825;GO:0052726;GO:0052725;GO:0047325;GO:0052835;GO:0016853;GO:0000287;GO:0007596;GO:0032957;GO:0070266;GO:0021915;GO:0007165
P23677,Inositol-trisphosphate 3-kinase A,Brain,GO:0005737;GO:0005856;GO:0005829;GO:0043197;GO:0098978;GO:0005634;GO:0098871;GO:0005524;GO:0004683;GO:0005516;GO:0051765;GO:0008440;GO:0031267;GO:0030036;GO:0071277;GO:0097062;GO:0006020;GO:0032958;GO:0098885;GO:0046854;GO:0061003;GO:0048167;GO:0051592;GO:0007165
P27987,Inositol-trisphosphate 3-kinase B,Brain,GO:0005737;GO:0005856;GO:0005829;GO:0005783;GO:0016020;GO:0005634;GO:0005524;GO:0005516;GO:0051765;GO:0008440;GO:0007166;GO:0071277;GO:0035726;GO:0032958;GO:0032957;GO:0000165;GO:0002262;GO:0045638;GO:0033030;GO:0046854;GO:0046638;GO:0046579;GO:0045059;GO:0007165
Q6ZRS4,ITPR interacting domain containing 1,Brain,GO:0005102
Q96AA8,Janus kinase and microtubule interacting protein 2,Brain,GO:0005794;GO:0019900;GO:0008017
Q5VZ66,Janus kinase and microtubule interacting protein 3,Brain,GO:0005794;GO:0019900;GO:0008017
Q96JJ6,Junctophilin 4,Brain,GO:0043198;GO:0005789;GO:0030314;GO:0014701;GO:0005886;GO:0005790;GO:0060402;GO:0007612;GO:0050885;GO:0001817;GO:0060314;GO:2001256;GO:0048167
Q9H910,Jupiter microtubule associated homolog 2,Brain,GO:0005737;GO:0005829;GO:0005634;GO:0005886;GO:0075509;GO:0050848
O60229,Kalirin RhoGEF kinase,Brain,GO:0015629;GO:0005737;GO:0005829;GO:0070062;GO:0019898;GO:0005654;GO:0014069;GO:0004676;GO:0004679;GO:0005524;GO:0004677;GO:0004694;GO:0005085;GO:0044024;GO:0072371;GO:1990244;GO:0035979;GO:0044025;GO:0140823;GO:0035175;GO:0044022;GO:0140855;GO:0035402;GO:0072354;GO:0140857;GO:0035403;GO:0044023;GO:0046872;GO:0106310;GO:0004674;GO:0072518;GO:0004711;GO:0007411;GO:0048013;GO:0035556;GO:0007399;GO:0006468;GO:0051056;GO:0007165;GO:0016192
Q5T7N3,KN motif and ankyrin repeat domains 4,Brain,GO:0005737;GO:0005856;GO:0005829;GO:0015630;GO:0030837
Q674X7,"Kazrin, periplakin interacting protein",Brain,GO:0001533;GO:0005856;GO:0005829;GO:0030057;GO:0016607;GO:0005654;GO:0031424
O94819,Kelch repeat and BTB domain containing 11,Brain,
P22459,Potassium voltage-gated channel subfamily A member 4,Brain,GO:0030424;GO:0043194;GO:0043197;GO:0016020;GO:0005886;GO:0008076;GO:0005251;GO:0030955;GO:0099508;GO:0005249;GO:0001508;GO:0071805;GO:0006813;GO:0051260
Q14722,Potassium voltage-gated channel subfamily A regulatory beta subunit 1,Brain,GO:0009898;GO:0005829;GO:0044224;GO:0005886;GO:0034705;GO:0008076;GO:0004033;GO:0004090;GO:0140678;GO:0070402;GO:0015459;GO:0019904;GO:0044325;GO:0005249;GO:1903817;GO:0006813;GO:1902259;GO:1901379
Q13303,Potassium voltage-gated channel subfamily A regulatory beta subunit 2,Brain,GO:0009898;GO:0005856;GO:0005829;GO:0044224;GO:0016020;GO:1990031;GO:0005886;GO:0035579;GO:0045202;GO:0070821;GO:0008076;GO:0004033;GO:1990002;GO:0015459;GO:0044325;GO:0005249;GO:0070995;GO:0098900;GO:1901379;GO:2000008
Q92953,Potassium voltage-gated channel subfamily B member 2,Brain,GO:0030425;GO:0016020;GO:0043025;GO:0032809;GO:0043204;GO:0005886;GO:0008076;GO:0005251;GO:0046982;GO:0001508;GO:0071805;GO:0006813;GO:0051260;GO:0072659;GO:0006940
Q14003,Potassium voltage-gated channel subfamily C member 3,Brain,GO:0043679;GO:0005938;GO:0005856;GO:0030425;GO:0032590;GO:0032591;GO:0032809;GO:0043204;GO:0005886;GO:0045211;GO:0042734;GO:0008076;GO:0005251;GO:0046872;GO:0005249;GO:0001508;GO:0030866;GO:0071805;GO:0006813;GO:0051260;GO:0051262
Q03721,Potassium voltage-gated channel subfamily C member 4,Brain,GO:0043679;GO:0032590;GO:0032809;GO:0005886;GO:0045211;GO:0042734;GO:0008076;GO:0005251;GO:0046872;GO:0005267;GO:0005249;GO:0001508;GO:0007268;GO:0071805;GO:0006813;GO:0051260
Q9NSA2,Potassium voltage-gated channel subfamily D member 1,Brain,GO:0043197;GO:0043025;GO:0005886;GO:0045211;GO:0008076;GO:0005250;GO:0046872;GO:0001508;GO:0071805;GO:0051260
Q9UK17,Potassium voltage-gated channel subfamily D member 3,Brain,GO:0043197;GO:0098982;GO:0071196;GO:0043025;GO:0005886;GO:0045211;GO:0099634;GO:0042383;GO:0008076;GO:0005250;GO:0046872;GO:0086008;GO:0001508;GO:0007268;GO:0086009;GO:0086013;GO:0098915;GO:0006936;GO:0097623;GO:0071805;GO:0006813;GO:0051260;GO:0051262;GO:0008016;GO:0086091;GO:0099625
Q9UJ90,Potassium voltage-gated channel subfamily E regulatory subunit 5,Brain,GO:0005886;GO:0008076;GO:0015459;GO:0044325;GO:0005249;GO:0086014;GO:0060048;GO:0086011;GO:0098915;GO:1903765;GO:1901380;GO:1901381;GO:0097623;GO:0060372;GO:0008016;GO:0086091;GO:0060306;GO:1901379;GO:0060307;GO:0086005
Q9UJ96,Potassium voltage-gated channel modifier subfamily G member 2,Brain,GO:0070062;GO:0016020;GO:0005886;GO:0008076;GO:0015459;GO:0005249;GO:0001508;GO:0071805;GO:0051260;GO:0043266
Q8TAE7,Potassium voltage-gated channel modifier subfamily G member 3,Brain,GO:0005783;GO:0016020;GO:0005886;GO:0008076;GO:0015459;GO:0005249;GO:0001508;GO:0071805;GO:0051260;GO:1901379;GO:0043266
Q8NCM2,Potassium voltage-gated channel subfamily H member 5,Brain,GO:0009986;GO:0005886;GO:0008076;GO:0005516;GO:0005251;GO:0044877;GO:0044325;GO:0005249;GO:0071805;GO:0006813;GO:0010389;GO:0042391
Q9NS40,Potassium voltage-gated channel subfamily H member 7,Brain,GO:0034702;GO:0005886;GO:0020037;GO:0005242;GO:0044877;GO:0007623;GO:0071805;GO:0006813;GO:0042391
Q9NS61,Potassium voltage-gated channel interacting protein 2,Brain,GO:0005737;GO:0030425;GO:0071193;GO:0005886;GO:0045202;GO:0008076;GO:0005509;GO:0046923;GO:0042802;GO:0005267;GO:0015459;GO:0044877;GO:0044325;GO:0001508;GO:0007268;GO:0045163;GO:0005513;GO:0086009;GO:0086013;GO:0006936;GO:1903766;GO:0006813;GO:0008016;GO:0060306;GO:1903764;GO:1901379;GO:0009966;GO:0007165
Q9Y2W7,Potassium voltage-gated channel interacting protein 3,Brain,GO:0005829;GO:0005783;GO:0005794;GO:0005634;GO:0005886;GO:0008076;GO:0005509;GO:0001227;GO:0005267;GO:0015459;GO:0000978;GO:0006915;GO:0000122;GO:0072659;GO:1901379;GO:0009966;GO:0007165
Q6PIL6,Potassium voltage-gated channel interacting protein 4,Brain,GO:0005737;GO:0005829;GO:0030425;GO:0005783;GO:0043025;GO:0005777;GO:0005886;GO:0008076;GO:0005509;GO:0005267;GO:0015459;GO:0072659;GO:1901379;GO:0009966
P78508,Potassium inwardly rectifying channel subfamily J member 10,Brain,GO:0097449;GO:0016323;GO:0044297;GO:0097546;GO:0034702;GO:0005886;GO:0098793;GO:0005524;GO:0015272;GO:0005242;GO:0007628;GO:0035865;GO:0022010;GO:0051935;GO:1905515;GO:0055075;GO:1990573;GO:0071805;GO:0006813;GO:0048169;GO:0034765;GO:0060075;GO:0007601
P48549,Potassium inwardly rectifying channel subfamily J member 3,Brain,GO:0009897;GO:1990566;GO:0098688;GO:0005886;GO:0042734;GO:0030315;GO:0008076;GO:0015467;GO:0005546;GO:0099508;GO:0086089;GO:1902282;GO:0098914;GO:1990573;GO:0071805;GO:0006813;GO:0086091;GO:0034765;GO:0051602;GO:0099625
P48051,Potassium inwardly rectifying channel subfamily J member 6,Brain,GO:0005794;GO:0005886;GO:0008076;GO:0015467;GO:0005242;GO:1990573;GO:0006813;GO:0034765
O00180,Potassium two pore domain channel subfamily K member 1,Brain,GO:0016324;GO:0031526;GO:0030425;GO:0043231;GO:1902937;GO:0016020;GO:0043204;GO:0005886;GO:0034705;GO:0055037;GO:0097060;GO:0008076;GO:0042802;GO:0005242;GO:0022834;GO:0015271;GO:0005267;GO:0022841;GO:0046982;GO:0005272;GO:1905030;GO:0071468;GO:1902476;GO:0014047;GO:0071805;GO:0006813;GO:0060075;GO:0035094;GO:0035725
P57789,Potassium two pore domain channel subfamily K member 10,Brain,GO:0034702;GO:0005886;GO:0098782;GO:0015271;GO:0005267;GO:0022841;GO:1904551;GO:0007613;GO:0071805;GO:0007165
Q86W47,Potassium calcium-activated channel subfamily M regulatory beta subunit 4,Brain,GO:0005886;GO:0045202;GO:0008076;GO:0015269;GO:0015459;GO:0099508;GO:0001508;GO:0007268;GO:0005513;GO:0019228;GO:0006813;GO:0046928;GO:0019229
Q9UGI6,Potassium calcium-activated channel subfamily N member 3,Brain,GO:0043005;GO:0043025;GO:0005886;GO:0030018;GO:0005516;GO:0005242;GO:0016286;GO:0071805
Q9NR82,Potassium voltage-gated channel subfamily Q member 5,Brain,GO:0030118;GO:0005886;GO:0008076;GO:0005249;GO:0071805
Q9ULS6,Potassium voltage-gated channel modifier subfamily S member 2,Brain,GO:0016020;GO:0048471;GO:0005886;GO:0008076;GO:0015459;GO:0005249;GO:0001508;GO:0071805;GO:0006813;GO:0051260;GO:1901379
Q5JUK3,Potassium sodium-activated channel subfamily T member 1,Brain,GO:0005886;GO:0005228;GO:0015271;GO:0071805;GO:0051289
Q68DU8,Potassium channel tetramerization domain containing 16,Brain,GO:0042995;GO:0045211;GO:0042734;GO:0043235;GO:0099579;GO:0150047;GO:0042802;GO:0051260;GO:0008277
Q8N5Z5,Potassium channel tetramerization domain containing 17,Brain,GO:0031463;GO:0005737;GO:0005783;GO:0097602;GO:0042802;GO:1990756;GO:0030030;GO:0032469;GO:0045724;GO:0043161;GO:0051260
Q14681,Potassium channel tetramerization domain containing 2,Brain,GO:0031463;GO:0005737;GO:0097602;GO:0044877;GO:0043161;GO:0051260
Q4VXA5,KH domain containing 1,Brain,GO:0005737;GO:0016020;GO:0003723
Q587J8,"KH domain containing 3 like, subcortical maternal complex member",Brain,GO:0005938;GO:0005813;GO:0005694;GO:0005737;GO:0005739;GO:0005634;GO:0032991;GO:0106333;GO:0003723;GO:0007015;GO:0051656;GO:0043066;GO:1900006;GO:2000781;GO:1905168;GO:0040019;GO:0050769;GO:0032880;GO:0031297
Q5VWX1,"KH RNA binding domain containing, signal transduction associated 2",Brain,GO:0005654;GO:0005634;GO:0003729;GO:0008143;GO:0008266;GO:0042169;GO:0017124;GO:0006397;GO:0000381
Q5VV43,KIAA0319,Brain,GO:0030669;GO:0031410;GO:0005769;GO:0031901;GO:0043231;GO:0005886;GO:0033555;GO:0030517;GO:0048692;GO:2000171;GO:0001764;GO:0060391;GO:0010996
Q6ZU52,KIAA0408,Brain,
Q6ICG6,KIAA0930,Brain,
Q12756,Kinesin family member 1A,Brain,GO:0030424;GO:1904115;GO:0005737;GO:0030425;GO:0005871;GO:0005874;GO:0098992;GO:0099012;GO:0048471;GO:0045202;GO:0005524;GO:0016887;GO:0003774;GO:0042802;GO:0008017;GO:0008574;GO:0008089;GO:1990048;GO:0099519;GO:0060998;GO:0061001;GO:1990049;GO:0016192
O75037,Kinesin family member 21B,Brain,GO:0005737;GO:0031410;GO:0030425;GO:0030426;GO:0005871;GO:0005874;GO:0005524;GO:0016887;GO:0008017;GO:0003777;GO:0007018
Q9UIL4,Kinesin family member 25,Brain,GO:0005813;GO:0005737;GO:0005871;GO:0005874;GO:0005524;GO:0016887;GO:0008017;GO:0003777;GO:0008569;GO:0051294;GO:0007018;GO:0000070;GO:0010507;GO:0046603;GO:0051647;GO:0006996;GO:0051289
Q2KJY2,Kinesin family member 26B,Brain,GO:0005737;GO:0005874;GO:0005524;GO:0008017;GO:0003777;GO:0030010;GO:0007018;GO:0022409;GO:0072092
Q9Y496,Kinesin family member 3A,Brain,GO:1904115;GO:0005814;GO:0005813;GO:0097542;GO:0005929;GO:0005737;GO:0005829;GO:0070062;GO:0005871;GO:0016939;GO:0005874;GO:0015630;GO:0005524;GO:0016887;GO:0008017;GO:0003777;GO:0008574;GO:0019903;GO:0031267;GO:0030507;GO:0008089;GO:0010457;GO:0060271;GO:0034454;GO:0006996;GO:0072383;GO:1902414;GO:0015031
Q6ZMV9,Kinesin family member 6,Brain,GO:0005737;GO:0005871;GO:0005874;GO:0005524;GO:0016887;GO:0008017;GO:0003777;GO:0007018
Q96AC6,Kinesin family member C2,Brain,GO:0005737;GO:0005871;GO:0005874;GO:0005815;GO:0072686;GO:0005634;GO:0005524;GO:0016887;GO:0008017;GO:0003777;GO:0007018;GO:0090307
Q07866,Kinesin light chain 1,Brain,GO:0005737;GO:0031410;GO:0005829;GO:0030426;GO:0005871;GO:0016020;GO:0005874;GO:0003774;GO:0019894;GO:0007155;GO:0007018;GO:0035617
Q9H0B6,Kinesin light chain 2,Brain,GO:0005737;GO:0005829;GO:0005871;GO:0016938;GO:0005765;GO:0016020;GO:0005874;GO:0005739;GO:0005654;GO:0005886;GO:0032991;GO:0045296;GO:0019894;GO:0032418;GO:0007018
Q9BXK1,KLF transcription factor 16,Brain,GO:0000785;GO:0005634;GO:0000981;GO:0001227;GO:0046872;GO:0000978;GO:1990837;GO:0007212;GO:0006357
O95198,Kelch like family member 2,Brain,GO:0015629;GO:0031463;GO:0005737;GO:0005829;GO:0030027;GO:0001726;GO:0003779;GO:0042802;GO:1990756;GO:0043161;GO:0016567
Q9UH77,Kelch like family member 3,Brain,GO:0031463;GO:0005737;GO:0005856;GO:0005829;GO:0003779;GO:0097602;GO:0005198;GO:1990756;GO:0072156;GO:0010467;GO:0016236;GO:0050801;GO:0055075;GO:0043161;GO:0070936;GO:0016567;GO:0070294;GO:0006511
Q9C0H6,Kelch like family member 4,Brain,GO:0034451;GO:0031463;GO:0005737;GO:0015630;GO:0003779;GO:1990756;GO:0043161
P26717,Killer cell lectin like receptor C2,Brain,GO:0009897;GO:0005886;GO:0043235;GO:0062081;GO:0030246;GO:0023024;GO:1990405;GO:0004888;GO:0002250;GO:0006968;GO:0002228;GO:0043323;GO:0045954;GO:0032814;GO:0007165;GO:0002223
Q76NI1,Kinase non-catalytic C-lobe domain containing 1,Brain,GO:0030425;GO:0032045;GO:0043025;GO:0043204;GO:0005085;GO:0021707;GO:0001934;GO:0050773;GO:0048814;GO:0007264
Q8N1A0,Keratin 222,Brain,GO:0005882;GO:0005198
Q6L8H4,Keratin associated protein 5-1,Brain,GO:0005829;GO:0005882
Q701N4,Keratin associated protein 5-2,Brain,GO:0005829;GO:0005882
Q6VAB6,Kinase suppressor of ras 2,Brain,GO:0005737;GO:0005829;GO:0005886;GO:0004676;GO:0004679;GO:0005524;GO:0004677;GO:0004694;GO:0044024;GO:0072371;GO:1990244;GO:0035979;GO:0044025;GO:0140823;GO:0035175;GO:0044022;GO:0140855;GO:0035402;GO:0072354;GO:0140857;GO:0035403;GO:0044023;GO:0005078;GO:0046872;GO:0031434;GO:0004672;GO:0106310;GO:0004674;GO:0072518;GO:0004711;GO:0019722;GO:0120162;GO:0043410;GO:0007265
P32004,L1 cell adhesion molecule,Brain,GO:0030424;GO:0044295;GO:0009986;GO:0062023;GO:0030425;GO:0005925;GO:0043025;GO:0005886;GO:0008046;GO:0019904;GO:0061564;GO:0007411;GO:0007155;GO:0016477;GO:0007160;GO:0006935;GO:0007156;GO:0007399;GO:0031175;GO:0045773;GO:0050808
Q9Y468,L3MBTL histone methyl-lysine binding protein 1,Brain,GO:0000785;GO:0061793;GO:0000793;GO:0005654;GO:0005634;GO:0003682;GO:0042393;GO:0042802;GO:0035064;GO:0031491;GO:0032093;GO:0008270;GO:0006325;GO:0030097;GO:0031507;GO:0045892;GO:0051726;GO:0045652;GO:0007088
O43813,LanC like glutathione S-transferase 1,Brain,GO:0005737;GO:0005886;GO:0004930;GO:0043295;GO:0004364;GO:0050750;GO:0017124;GO:0008270;GO:0005975;GO:1990748;GO:0007186;GO:0031179
Q9BRS8,"La ribonucleoprotein 6, translational regulator",Brain,GO:0005737;GO:0005634;GO:1990904;GO:0048027;GO:0003729;GO:0017022;GO:0035613;GO:1990825;GO:0032967;GO:0006417;GO:0006396
A0A0U1RRK4,LBH domain containing 2,Brain,
Q6ZST4,Lipocalin like 1,Brain,GO:0036094
Q86YD5,Low density lipoprotein receptor class A domain containing 3,Brain,GO:0005886;GO:0001540;GO:0006898;GO:0070613
Q5SW96,Low density lipoprotein receptor adaptor protein 1,Brain,GO:0030424;GO:0009925;GO:0030669;GO:0009898;GO:0005829;GO:0005769;GO:0005883;GO:0005886;GO:0055037;GO:0001540;GO:0035650;GO:0035612;GO:0035615;GO:0030276;GO:0050750;GO:0005546;GO:0001784;GO:0035591;GO:0030159;GO:0042982;GO:0071345;GO:0042632;GO:0008203;GO:0030301;GO:0034383;GO:0090205;GO:1905581;GO:0048260;GO:1905602;GO:1904707;GO:0031623;GO:0006898;GO:0090118;GO:0043393;GO:1903076
Q86WI0,LHFPL tetraspan subfamily member 1,Brain,GO:0016020
Q9UPM6,LIM homeobox 6,Brain,GO:0000785;GO:0005634;GO:0003700;GO:0000981;GO:0046872;GO:0000977;GO:1990837;GO:0048469;GO:0021853;GO:0021799;GO:0021800;GO:0021884;GO:0030182;GO:0006357
Q68G74,LIM homeobox 8,Brain,GO:0000785;GO:0001674;GO:0005634;GO:0000981;GO:0046872;GO:0000977;GO:1990837;GO:0008585;GO:0021884;GO:0007611;GO:0030182;GO:0042475;GO:0006357
Q8NHJ6,Leukocyte immunoglobulin like receptor B4,Brain,GO:0009986;GO:0009898;GO:0070062;GO:0005886;GO:0034185;GO:0001968;GO:0032396;GO:0019903;GO:0030547;GO:0030293;GO:0002250;GO:0019221;GO:0002774;GO:0002764;GO:0140105;GO:0046007;GO:0043124;GO:0032682;GO:1900016;GO:0045584;GO:0032691;GO:0032693;GO:0032703;GO:0032714;GO:0032715;GO:0071659;GO:0043409;GO:1902894;GO:0150102;GO:0045671;GO:1900181;GO:0061099;GO:2000272;GO:2000524;GO:0002725;GO:0042130;GO:0050860;GO:0032720;GO:0032689;GO:0043378;GO:0045591;GO:0002669;GO:0031623;GO:0002507
Q9HAP6,"Lin-7 homolog B, crumbs cell polarity complex component",Brain,GO:0016323;GO:0005923;GO:0005911;GO:0097025;GO:0005886;GO:0098839;GO:0099092;GO:0098793;GO:0045202;GO:0030165;GO:0019904;GO:0019901;GO:0030674;GO:0006887;GO:0007269;GO:0015031;GO:0008582;GO:0048489
P0C6S8,Leucine rich repeat and Ig domain containing 3,Brain,GO:0031012;GO:0005615;GO:0016020
Q8TAP4,LIM domain only 3,Brain,GO:0005737;GO:0005634;GO:0140297;GO:0046872;GO:0003713;GO:0070373;GO:0045600;GO:2000324;GO:0035360;GO:0045944
P61968,LIM domain only 4,Brain,GO:0031252;GO:0090575;GO:0005667;GO:0140297;GO:0046872;GO:0003714;GO:0008045;GO:0031333;GO:0000122;GO:0001843;GO:0033674;GO:0045944;GO:0050865;GO:0042659;GO:0030334;GO:0021527;GO:0021520;GO:0048538;GO:0021514;GO:0003281
Q96Q04,Lemur tyrosine kinase 3,Brain,GO:0030424;GO:0030425;GO:0000139;GO:0004676;GO:0004679;GO:0005524;GO:0004677;GO:0004694;GO:0044024;GO:0072371;GO:1990244;GO:0035979;GO:0044025;GO:0140823;GO:0035175;GO:0044022;GO:0140855;GO:0035402;GO:0072354;GO:0140857;GO:0035403;GO:0044023;GO:0046872;GO:0004672;GO:0106310;GO:0072518;GO:0004711
Q9P244,Leucine rich repeat and fibronectin type III domain containing 1,Brain,GO:0009986;GO:0005886;GO:0098839;GO:0048787;GO:0099151
Q6PJG9,Leucine rich repeat and fibronectin type III domain containing 4,Brain,GO:0009986;GO:0098982;GO:0098978;GO:0005886;GO:0098839;GO:0099151;GO:1905606;GO:0099560
Q96NI6,Leucine rich repeat and fibronectin type III domain containing 5,Brain,GO:0009986;GO:0098982;GO:0098978;GO:0098839;GO:0050728;GO:0043031;GO:1905606;GO:0099560
Q9NZR2,LDL receptor related protein 1B,Brain,GO:0005886;GO:0043235;GO:0005509;GO:0005041;GO:0015031;GO:0006898
O75074,LDL receptor related protein 3,Brain,GO:0005905;GO:0016020;GO:0005886;GO:0045599;GO:0010629;GO:0010628;GO:0045669;GO:0006898;GO:0150104
O75096,LDL receptor related protein 4,Brain,GO:0009986;GO:0030425;GO:0031594;GO:0043025;GO:0005886;GO:0044853;GO:0014069;GO:0097060;GO:0034185;GO:0005509;GO:0015026;GO:0042803;GO:0030971;GO:0097110;GO:0150094;GO:0048813;GO:0009953;GO:0042733;GO:0006897;GO:0007167;GO:0048699;GO:0001942;GO:0001822;GO:0060173;GO:0050771;GO:0090090;GO:0030279;GO:0042475;GO:0050731;GO:1901631;GO:0035022;GO:1904395;GO:0097104;GO:0097105;GO:0009954;GO:0150052;GO:0071340;GO:0050808;GO:0051124;GO:0016055
Q96PB8,Leucine rich repeat containing 3B,Brain,GO:0031012;GO:0005615;GO:0016020
Q9HBW1,Leucine rich repeat containing 4,Brain,GO:0043197;GO:0060076;GO:0098978;GO:0005886;GO:0098839;GO:0098685;GO:1904861;GO:0050804;GO:0097119;GO:0099560
Q9NT99,Leucine rich repeat containing 4B,Brain,GO:0044300;GO:0098978;GO:0005886;GO:0098839;GO:0042734;GO:0005102;GO:0051965;GO:0099151;GO:1905606;GO:0099560
Q6ZSA7,Leucine rich repeat containing 55,Brain,GO:0005886;GO:0008076;GO:0099104;GO:0044325;GO:0005249;GO:1903818;GO:0071805
Q2VPJ9,Leucine rich repeat containing 75B,Brain,
Q6P9F7,Leucine rich repeat containing 8 VRAC subunit B,Brain,GO:0005737;GO:0005789;GO:0034702;GO:0005886;GO:0015810;GO:0140361;GO:0035556;GO:0098656
Q6UXK5,Leucine rich repeat neuronal 1,Brain,GO:0031012;GO:0005615;GO:0016020;GO:0051965
Q86VH5,Leucine rich repeat transmembrane neuronal 3,Brain,GO:0031012;GO:0005615;GO:0098978;GO:0098839;GO:1902004;GO:0051965;GO:1905606
Q13449,Limbic system associated membrane protein,Brain,GO:0005829;GO:0005576;GO:0005886;GO:0098552;GO:0007155;GO:0035641;GO:0007399
Q5SRR4,Lymphocyte antigen 6 family member G5C,Brain,GO:0009897;GO:0005576;GO:0032991;GO:0042802
P0DP58,Ly6/neurotoxin 1,Brain,GO:0030425;GO:0005783;GO:0005886;GO:0098552;GO:0045202;GO:0033130;GO:0030548;GO:0095500;GO:0099601
O60299,Leucine zipper tumor suppressor family member 3,Brain,GO:0005737;GO:0005856;GO:0043197;GO:0014069;GO:0045202;GO:0061001
Q8WXG6,MAP kinase activating death domain,Brain,GO:0030424;GO:0005737;GO:0005829;GO:0016020;GO:0005886;GO:0005123;GO:0005085;GO:0030295;GO:0007166;GO:0097194;GO:0043410;GO:0042981;GO:0051726;GO:2001236;GO:1902041;GO:0032483
Q8TD91,MAGE family member C3,Brain,GO:0005634;GO:0000122
Q96JG8,MAGE family member D4,Brain,GO:0005634;GO:0000122
Q96JG8,MAGE family member D4B,Brain,GO:0005634;GO:0000122
Q8TD90,MAGE family member E2,Brain,GO:0005634;GO:0000122
Q86UL8,"Membrane associated guanylate kinase, WW and PDZ domain containing 2",Brain,GO:0005923;GO:0005911;GO:0005814;GO:0005813;GO:0097546;GO:0005737;GO:0030425;GO:0005770;GO:0005634;GO:0048471;GO:0001917;GO:0001750;GO:0005886;GO:0014069;GO:0032991;GO:0036057;GO:0045202;GO:0031697;GO:0019902;GO:0030159;GO:0046332;GO:0070699;GO:1990090;GO:0072583;GO:0032926;GO:0030336;GO:0008285;GO:0051898;GO:0038180;GO:0007399;GO:0072015;GO:0010976;GO:0002092;GO:0043113;GO:0007165;GO:0060395;GO:0060071
Q6UXC1,MAM domain containing 4,Brain,GO:0005794;GO:0016020;GO:0015031
Q5VSG8,Mannosidase endo-alpha like,Brain,GO:0000139;GO:0004559
A6NHS7,MANSC domain containing 4,Brain,GO:0005886;GO:0004867;GO:0008544;GO:0060429;GO:0030198
A6NCE7,Microtubule associated protein 1 light chain 3 beta 2,Brain,GO:0000421;GO:0031410;GO:0012505;GO:0043231;GO:0005874;GO:0008017;GO:0008429;GO:0031625;GO:0000045;GO:0097352;GO:0006995;GO:0000423
Q12852,Mitogen-activated protein kinase kinase kinase 12,Brain,GO:0005737;GO:0005829;GO:0030426;GO:0016020;GO:0005886;GO:0005524;GO:0004706;GO:0042803;GO:0004672;GO:0019901;GO:0106310;GO:0043539;GO:0004674;GO:0035556;GO:0007254;GO:2000672;GO:0018105;GO:0045893;GO:0070374;GO:0043507;GO:0045860;GO:0043687;GO:0046777;GO:0006468
P27816,Microtubule associated protein 4,Brain,GO:0030424;GO:0005930;GO:0005829;GO:0005874;GO:0005875;GO:0015630;GO:0005815;GO:0072686;GO:0043005;GO:0005886;GO:0008017;GO:0140778;GO:0003723;GO:0005198;GO:0051301;GO:0061523;GO:0051294;GO:0000226;GO:0046785;GO:0051012;GO:0007052;GO:1902856;GO:0031175
O95819,Mitogen-activated protein kinase kinase kinase kinase 4,Brain,GO:0005737;GO:0005925;GO:0004676;GO:0004679;GO:0005524;GO:0004111;GO:0004677;GO:0004694;GO:0044024;GO:0072371;GO:1990244;GO:0035979;GO:0044025;GO:0140823;GO:0035175;GO:0044022;GO:0140855;GO:0035402;GO:0072354;GO:0140857;GO:0035403;GO:0044023;GO:0008349;GO:0008017;GO:0106310;GO:0004674;GO:0072518;GO:0004711;GO:0035556;GO:0000165;GO:0043066;GO:0001953;GO:0048812;GO:0032014;GO:0030335;GO:0051894;GO:0120183;GO:0043547;GO:0035332;GO:0051549;GO:0006468;GO:0046328;GO:0043408
Q96JE9,Microtubule associated protein 6,Brain,GO:0030424;GO:0005801;GO:0030425;GO:0005798;GO:0005874;GO:0048471;GO:0030658;GO:0005516;GO:0008017;GO:0030705;GO:0048813;GO:0032418;GO:0000226;GO:0050772;GO:0070507
Q14244,Microtubule associated protein 7,Brain,GO:0030424;GO:0016323;GO:0005829;GO:0005874;GO:0005875;GO:0015630;GO:0048471;GO:0005102;GO:0005198;GO:0007163;GO:0000226;GO:0072659;GO:0006970
Q96T17,MAP7 domain containing 2,Brain,GO:0015630;GO:0000226
P53779,Mitogen-activated protein kinase 10,Brain,GO:0005737;GO:0005829;GO:0005739;GO:0005654;GO:0005634;GO:0005886;GO:0005524;GO:0004705;GO:0004708;GO:0106310;GO:0090398;GO:0038095;GO:0007254;GO:0006468;GO:0042752;GO:0009416;GO:0048511;GO:0007165
Q15759,Mitogen-activated protein kinase 11,Brain,GO:0005737;GO:0005829;GO:0005654;GO:0005634;GO:0005524;GO:0004705;GO:0004707;GO:0106310;GO:0004674;GO:0060348;GO:0060038;GO:0071347;GO:0071493;GO:0098586;GO:0090398;GO:0035556;GO:0060044;GO:0001649;GO:0038066;GO:0010628;GO:0032735;GO:0051149;GO:0051403;GO:0031098
P31152,Mitogen-activated protein kinase 4,Brain,GO:0005737;GO:0005829;GO:0005654;GO:0005634;GO:0005524;GO:0004705;GO:0004707;GO:0046982;GO:0042803;GO:0019901;GO:0106310;GO:0004674;GO:0035556;GO:0006468
Q9UPT6,Mitogen-activated protein kinase 8 interacting protein 3,Brain,GO:0030424;GO:1904115;GO:0044297;GO:0005737;GO:0031410;GO:0030425;GO:0000139;GO:0030426;GO:0048471;GO:0008432;GO:0019894;GO:0005078;GO:0030159;GO:0099641;GO:0061564;GO:0031103;GO:0043066;GO:0046330;GO:0050821;GO:0046328;GO:0016192
O60336,Mitogen-activated protein kinase binding protein 1,Brain,GO:0005737;GO:0097431;GO:0005730;GO:0005654;GO:0043124;GO:1900425;GO:0032717;GO:0046330
Q15555,Microtubule associated protein RP/EB family member 2,Brain,GO:0005737;GO:0005881;GO:0005925;GO:0015630;GO:0005815;GO:0035371;GO:0051233;GO:0042802;GO:0008017;GO:0051010;GO:0019901;GO:0051301;GO:0032014;GO:0120183;GO:0043547;GO:0051549;GO:0035372;GO:0031110;GO:0051225
Q9UPY8,Microtubule associated protein RP/EB family member 3,Brain,GO:0005737;GO:0005881;GO:0015630;GO:0005815;GO:0035371;GO:0030496;GO:1905721;GO:0048471;GO:0051233;GO:0042802;GO:0008017;GO:0051010;GO:0019901;GO:0051301;GO:0045737;GO:0045893;GO:0045860;GO:0008104;GO:0035372;GO:0031113;GO:0031110;GO:0051225
P10636,Microtubule associated protein tau,Brain,GO:0030673;GO:0030424;GO:1904115;GO:0044297;GO:0005737;GO:0036464;GO:0005829;GO:0030425;GO:0043197;GO:0005576;GO:0097386;GO:0030426;GO:0044304;GO:0045121;GO:0005874;GO:0015630;GO:0005739;GO:0097418;GO:0043005;GO:0043025;GO:0034399;GO:0016607;GO:0005634;GO:0005886;GO:0036477;GO:0045298;GO:0003779;GO:0034185;GO:0003677;GO:0003690;GO:0034452;GO:0019899;GO:0099077;GO:0051879;GO:0042802;GO:0071813;GO:0008017;GO:0099609;GO:0003680;GO:0035091;GO:1902936;GO:0019901;GO:0051721;GO:0051087;GO:0030674;GO:0003723;GO:0043565;GO:0017124;GO:0003697;GO:1990000;GO:0048143;GO:0061564;GO:0098930;GO:0019896;GO:0007267;GO:1990416;GO:0034605;GO:1990090;GO:0034614;GO:0021954;GO:0031122;GO:0006974;GO:0048699;GO:0048312;GO:0007611;GO:0007613;GO:0001774;GO:0000226;GO:0046785;GO:1903748;GO:0010629;GO:0090258;GO:0010917;GO:1904428;GO:1902988;GO:0031175;GO:0072386;GO:0045773;GO:0031116;GO:1903829;GO:1902474;GO:0032930;GO:0051260;GO:0051258;GO:0010506;GO:0050848;GO:1900034;GO:0033044;GO:1900452;GO:0070507;GO:0031113;GO:0031110;GO:0090140;GO:0048167;GO:0010288;GO:0016072;GO:0034063;GO:0097435;GO:0007416;GO:0050808
P49006,MARCKS like 1,Brain,GO:0005737;GO:0005856;GO:0070062;GO:0005886;GO:0051015;GO:0005516;GO:0007015;GO:0008283;GO:0007417;GO:0008284
P04201,"MAS1 proto-oncogene, G protein-coupled receptor",Brain,GO:0009986;GO:0005886;GO:0001595;GO:0004945;GO:0004930;GO:0042277;GO:0007186;GO:0021766;GO:0008584;GO:0086097;GO:0043123;GO:0008284;GO:0045740;GO:0060732;GO:0050727;GO:0014823;GO:0034698;GO:0009410;GO:0007283
O60307,Microtubule associated serine/threonine kinase 3,Brain,GO:0005737;GO:0004676;GO:0004679;GO:0005524;GO:0004677;GO:0004694;GO:0044024;GO:0072371;GO:1990244;GO:0035979;GO:0044025;GO:0140823;GO:0035175;GO:0044022;GO:0140855;GO:0035402;GO:0072354;GO:0140857;GO:0035403;GO:0044023;GO:0000287;GO:0106310;GO:0004674;GO:0072518;GO:0004711;GO:0007010;GO:0035556
Q68EN5,Microtubule associated tyrosine carboxypeptidase 1,Brain,GO:0005737;GO:0005874;GO:0004181;GO:0106423;GO:0007420;GO:0006508
P42679,Megakaryocyte-associated tyrosine kinase,Brain,GO:0005829;GO:0005886;GO:0005524;GO:0140801;GO:0035401;GO:0004715;GO:0004713;GO:0008284;GO:0006468
P10911,MCF.2 cell line derived transforming sequence,Brain,GO:0005737;GO:0005856;GO:0005829;GO:0019898;GO:0016020;GO:0005085;GO:1990830;GO:0016358;GO:0035556;GO:0050771;GO:0051056
O15068,MCF.2 cell line derived transforming sequence like,Brain,GO:0005737;GO:0005829;GO:0012505;GO:0005615;GO:0031234;GO:0019898;GO:0005886;GO:0005085;GO:0035091;GO:0035556;GO:0035025;GO:0051056
Q99705,Melanin concentrating hormone receptor 1,Brain,GO:0060170;GO:0005929;GO:0043005;GO:0097730;GO:0005886;GO:0004930;GO:0042562;GO:0030273;GO:0042923;GO:0008188;GO:0005102;GO:0007193;GO:0007166;GO:0007631;GO:0007186;GO:0006091;GO:0007218;GO:0051928;GO:0007204
Q96KG7,Multiple EGF like domains 10,Brain,GO:0042995;GO:0001891;GO:0005886;GO:0001849;GO:0005112;GO:0005044;GO:0043277;GO:1902742;GO:0043652;GO:0034109;GO:0055001;GO:0033002;GO:0048627;GO:0051451;GO:0022409;GO:2000288;GO:0043654;GO:0051147;GO:0048641;GO:0014719;GO:0014816;GO:0014841
A6BM72,Multiple EGF like domains 11,Brain,GO:0016323;GO:0034109;GO:0010842
Q99687,Meis homeobox 3,Brain,GO:0000785;GO:0005634;GO:0003682;GO:0001228;GO:0000981;GO:0000978;GO:0043565;GO:1990837;GO:0009887;GO:0007420;GO:0009880;GO:0001654;GO:2001234;GO:0008284;GO:0051897;GO:0045944
Q9UJH8,"Meteorin, glial cell differentiation regulator",Brain,GO:0005615;GO:0005179;GO:0007409;GO:0010001;GO:0050772;GO:0060019
Q14CX5,Major facilitator superfamily domain containing 13A,Brain,GO:0005886
Q09327,"Beta-1,4-mannosyl-glycoprotein 4-beta-N-acetylglucosaminyltransferase",Brain,GO:0000139;GO:0016020;GO:0003830;GO:0016757;GO:0050435;GO:0034599;GO:0050890;GO:0006044;GO:1905166;GO:1902966;GO:0008104;GO:0006487;GO:0030334
Q9UBM8,MGAT4 family member C,Brain,GO:0000139;GO:0008375;GO:0008454;GO:0046872;GO:0006487;GO:0019082
Q86XE3,Mitochondrial calcium uptake family member 3,Brain,GO:0005743;GO:0005758;GO:0005739;GO:1990246;GO:0005246;GO:0005509;GO:0061891;GO:0046982;GO:0036444;GO:0071277;GO:0051560;GO:0001956
Q9NPA3,MID1 interacting protein 1,Brain,GO:0005829;GO:0005874;GO:0015630;GO:0005634;GO:0042802;GO:0006629;GO:0007026;GO:0045723;GO:0051351;GO:0051258;GO:0046890
Q9UPX6,Membrane integral NOTCH2 associated receptor 1,Brain,GO:0005886;GO:0001525;GO:0016525;GO:0030308;GO:0008285;GO:0010977;GO:0031397;GO:0032007
A8MYZ0,MINDY family member 4B,Brain,GO:0004843;GO:1990380;GO:0071108
Q96FF7,MISP family member 3,Brain,
Q13015,MLLT11 transcription factor 7 cofactor,Brain,GO:0005813;GO:0005829;GO:0005739;GO:0005654;GO:0097191;GO:0097193;GO:0043065;GO:0045893;GO:0051901;GO:0090200
Q8IY49,Monocyte to macrophage differentiation associated 2,Brain,GO:0000139;GO:0048471;GO:0004672;GO:0045666;GO:0045860;GO:0046579;GO:0032880
P51512,Matrix metallopeptidase 16,Brain,GO:0009986;GO:0031012;GO:0005615;GO:0005796;GO:0005886;GO:0008047;GO:0070006;GO:0004222;GO:0008270;GO:0035988;GO:0030574;GO:0097094;GO:0048701;GO:0001958;GO:0030198;GO:0016485;GO:0006508;GO:0001501
Q96BY2,Modulator of apoptosis 1,Brain,GO:0005737;GO:0005829;GO:0005741;GO:0005739;GO:0031625;GO:0097190;GO:0006914;GO:0097192;GO:0008625;GO:0008630;GO:0043065;GO:2000786;GO:0090200;GO:0051204;GO:0042981
Q86TA1,MOB kinase activator 3B,Brain,GO:0005737;GO:0005634;GO:0046872;GO:0030295;GO:0035330;GO:0007165
Q5T089,MORN repeat containing 1,Brain,
Q14168,MAGUK p55 scaffold protein 2,Brain,GO:0005911;GO:0005737;GO:0005856;GO:0032590;GO:0043198;GO:0043197;GO:0005886;GO:0014069;GO:0060079;GO:0060291;GO:0051260
P25189,Myelin protein zero,Brain,GO:0043209;GO:0005886;GO:0045202;GO:0005198;GO:0098743;GO:0098742;GO:0007268;GO:0042552
Q96G30,Melanocortin 2 receptor accessory protein 2,Brain,GO:0005783;GO:0005789;GO:0005886;GO:0031780;GO:0042802;GO:0030545;GO:0070996;GO:0031781;GO:0031782;GO:0031783;GO:0097009;GO:0006112;GO:0007631;GO:0106072;GO:1903077;GO:0106071;GO:0072659;GO:0106070
O14807,Muscle RAS oncogene homolog,Brain,GO:0005886;GO:0000164;GO:0003925;GO:0019003;GO:0005525;GO:0030742;GO:0003924;GO:0030036;GO:1990830;GO:0007265
Q9BYG7,Maestro,Brain,GO:0005730
Q6ZTZ1,Myb/SANT DNA binding domain containing 1,Brain,GO:0016604;GO:0045893
P03891,Mitochondrially encoded NADH:ubiquinone oxidoreductase core subunit 2,Brain,GO:0005743;GO:0005739;GO:0045271;GO:0035255;GO:0008137;GO:0019901;GO:0009060;GO:0006120;GO:0032981;GO:0042776;GO:0072593;GO:0001666
Q9NXD2,Myotubularin related protein 10,Brain,GO:0005737;GO:0005829;GO:0046856
Q9Y216,Myotubularin related protein 7,Brain,GO:0005737;GO:0005829;GO:0012505;GO:0016020;GO:0016312;GO:0052629;GO:0106018;GO:0004438;GO:0004725;GO:0006661;GO:0046856;GO:0006470
Q765P7,MTSS I-BAR domain containing 2,Brain,GO:0015629;GO:0030864;GO:0009898;GO:0030027;GO:0032587;GO:0003779;GO:0003785;GO:0005096;GO:0005546;GO:0005543;GO:0031267;GO:0090630;GO:0030031;GO:0036120;GO:0097581;GO:0061024;GO:0007009
Q9Y2K3,Myosin heavy chain 15,Brain,GO:0005737;GO:0005829;GO:0043231;GO:0030016;GO:0032982;GO:0016460;GO:0051015;GO:0005524;GO:0005516;GO:0000146;GO:0002074
Q9Y6X6,Myosin XVI,Brain,GO:0005737;GO:0016459;GO:0005654;GO:0048471;GO:0005886;GO:0051015;GO:0005524;GO:0003774;GO:0019903;GO:0021549;GO:0008285;GO:2000134;GO:0048812;GO:0043491
Q9Y4I1,Myosin VA,Brain,GO:0015629;GO:0005737;GO:0005829;GO:0070062;GO:0032433;GO:0030426;GO:0032593;GO:0042470;GO:0016020;GO:0016459;GO:0043005;GO:0001726;GO:0051015;GO:0005524;GO:0005516;GO:0000146;GO:0003723;GO:0031267;GO:0007015;GO:0030048;GO:0032869;GO:0032402;GO:0006892;GO:0072659;GO:0015031;GO:0030050;GO:0016192
Q8NFW9,Myosin VIIA and Rab interacting protein,Brain,GO:0030864;GO:0005829;GO:0031045;GO:0048471;GO:0030133;GO:0003779;GO:0017022;GO:0031267;GO:0008270;GO:0006886;GO:0032024
Q96BF6,NACC family member 2,Brain,GO:0000785;GO:0005739;GO:0005730;GO:0005634;GO:0000981;GO:0001227;GO:0042826;GO:0042803;GO:0044877;GO:0000978;GO:0008285;GO:0045892;GO:0000122;GO:1902231;GO:0051260;GO:0031503;GO:0006357
Q8IZF0,"Sodium leak channel, non-selective",Brain,GO:0034702;GO:0005886;GO:0022840;GO:0005261;GO:0005272;GO:0005248;GO:0070588;GO:0034220;GO:0032224;GO:0032230;GO:0071805;GO:0060075;GO:0035725
B1AL88,NALCN channel auxiliary factor 1,Brain,GO:0005886;GO:0098703
Q99457,Nucleosome assembly protein 1 like 3,Brain,GO:0000785;GO:0005634;GO:0003682;GO:0042393;GO:0006334
Q96NT1,Nucleosome assembly protein 1 like 5,Brain,GO:0005634;GO:0006334
Q8WUY8,N-acetyltransferase 14 (putative),Brain,GO:0016020;GO:0005634;GO:0003677;GO:0008080;GO:0006352;GO:0045893
Q8IVL0,Neuron navigator 3,Brain,GO:0005640;GO:0005524;GO:0016887;GO:0008017;GO:0030336;GO:0032703;GO:0007026;GO:0022008;GO:0031116
P61601,Neurocalcin delta,Brain,GO:0030130;GO:0005829;GO:0003779;GO:0043014;GO:0005509;GO:0030276;GO:0015631;GO:0019722;GO:0009966;GO:0003073;GO:0016192
P13591,Neural cell adhesion molecule 1,Brain,GO:0009986;GO:0062023;GO:0005829;GO:0009897;GO:0005576;GO:0000139;GO:0016020;GO:0005886;GO:0001618;GO:0007155;GO:0071679;GO:0001837;GO:2001260
O15394,Neural cell adhesion molecule 2,Brain,GO:0030424;GO:0016020;GO:0016604;GO:0005886;GO:0097060;GO:0042802;GO:0007413;GO:0007158
Q68D85,Natural killer cell cytotoxicity receptor 3 ligand 1,Brain,GO:0042571;GO:0005886;GO:0003823;GO:0034987;GO:0048018;GO:0019731;GO:0006958;GO:0051132
P62166,Neuronal calcium sensor 1,Brain,GO:0030424;GO:0005737;GO:0030425;GO:0005794;GO:0043231;GO:0048471;GO:0005886;GO:0014069;GO:0005509;GO:0008048;GO:0005245;GO:0010975;GO:0009966
Q00604,Norrin cystine knot growth factor NDP,Brain,GO:0009986;GO:0062023;GO:0005615;GO:0005125;GO:0005109;GO:0042803;GO:0001508;GO:0001525;GO:0001974;GO:0060070;GO:0071456;GO:1904390;GO:0046697;GO:0060996;GO:0045446;GO:0060856;GO:1990963;GO:0035640;GO:0035426;GO:0006749;GO:0006544;GO:0006954;GO:0002088;GO:0014004;GO:0061518;GO:0000278;GO:0007399;GO:0051402;GO:0110135;GO:0021554;GO:0045893;GO:0051897;GO:0006622;GO:0016567;GO:0000320;GO:0048678;GO:0097601;GO:0010842;GO:0061304;GO:0031290;GO:0003406;GO:0060221;GO:0007224;GO:0006366;GO:0007179;GO:0006099;GO:0070086;GO:0007033;GO:0007601
Q9UN36,NDRG family member 2,Brain,GO:0005737;GO:0005829;GO:0070062;GO:0005794;GO:0030426;GO:0005634;GO:0048471;GO:0030154;GO:0001818;GO:0070373;GO:1904706;GO:0090361;GO:0010574;GO:0007165;GO:0021762;GO:1990874;GO:0016055
Q9UGV2,NDRG family member 3,Brain,GO:0005737;GO:0070062;GO:0030154;GO:0030308;GO:0007165;GO:0007283
Q9ULP0,NDRG family member 4,Brain,GO:0016323;GO:0031253;GO:0005737;GO:0005829;GO:0005789;GO:0005886;GO:0060038;GO:0030154;GO:0060973;GO:0035050;GO:0001947;GO:0010642;GO:0014912;GO:0048662;GO:0070374;GO:0010976;GO:2001135;GO:0007165;GO:0048278;GO:0008542
O95803,N-deacetylase and N-sulfotransferase 3,Brain,GO:0005794;GO:0000139;GO:0015016;GO:0019213;GO:0102140;GO:0015012;GO:0015014;GO:0030210
Q8NC96,NECAP endocytosis associated 1,Brain,GO:0030125;GO:0005905;GO:0005829;GO:0005886;GO:0006897;GO:0015031;GO:0016192
Q7Z3B1,Neuronal growth regulator 1,Brain,GO:0030425;GO:0005576;GO:0043025;GO:0005886;GO:0014069;GO:0098552;GO:0007420;GO:0098609;GO:0042632;GO:0045444;GO:0007631;GO:0140042;GO:0007626;GO:0048812;GO:0050850;GO:0010976;GO:0046878;GO:0051963;GO:0060538;GO:0035176
Q92832,Neural EGFL like 1,Brain,GO:0005737;GO:0005615;GO:0005635;GO:0048471;GO:0005509;GO:0008201;GO:0042802;GO:0005080;GO:0030154;GO:0033689;GO:0042177;GO:0007399;GO:0043065;GO:0030501;GO:0045778;GO:0045669;GO:0010468;GO:0045667
Q99435,Neural EGFL like 2,Brain,GO:0005737;GO:0005576;GO:0005615;GO:0005509;GO:0008201;GO:0042802;GO:0005080;GO:0071679;GO:0009566;GO:0070050
O76050,Neuralized E3 ubiquitin protein ligase 1,Brain,GO:0097440;GO:0043197;GO:0098978;GO:0043204;GO:0048471;GO:0005886;GO:0014069;GO:0046872;GO:0045183;GO:0061630;GO:0004842;GO:0071230;GO:0007595;GO:0008285;GO:0045746;GO:0007399;GO:0007219;GO:0043065;GO:0060999;GO:0051491;GO:0048170;GO:0090129;GO:0006513;GO:0150052;GO:0007519;GO:0007288
Q9H2A3,Neurogenin 2,Brain,GO:0000785;GO:0005634;GO:0000981;GO:0070888;GO:0046983;GO:1990837;GO:0061564;GO:0030900;GO:0051091;GO:0045944;GO:0007423
Q5QGS0,Neurite extension and migration factor,Brain,GO:0005829;GO:0030496;GO:0005654;GO:0005634;GO:0033629;GO:2000048;GO:0001953;GO:2001223;GO:0007399
O94856,Neurofascin,Brain,GO:0030424;GO:0043194;GO:0101003;GO:0005925;GO:0033268;GO:0033010;GO:0005886;GO:0098632;GO:0007411;GO:0007420;GO:0098609;GO:0042552;GO:0007422
Q8N5V2,Neuronal guanine nucleotide exchange factor,Brain,GO:0005829;GO:0030426;GO:0016020;GO:0005085;GO:0030154;GO:0048013;GO:0061002;GO:0007399;GO:0032956;GO:0043087;GO:0051056
Q02575,Nescient helix-loop-helix 1,Brain,GO:0000785;GO:0005634;GO:0001228;GO:0000981;GO:0046983;GO:0000978;GO:0000977;GO:1990837;GO:0030154;GO:0007417;GO:0045944;GO:0006357
Q5HYW2,NHS like 2,Brain,GO:0030154
Q9NZG7,Ninjurin 2,Brain,GO:0005886;GO:0007155;GO:0007399;GO:0007158;GO:0042246
Q6P499,NIPA like domain containing 3,Brain,GO:0016020;GO:0015095;GO:0015693
Q0D2K0,NIPA like domain containing 4,Brain,GO:0016020;GO:0005886;GO:0015095;GO:0015693
Q9Y2I1,Nischarin,Brain,GO:0005737;GO:0005829;GO:0005769;GO:0045171;GO:0043231;GO:0016020;GO:0015630;GO:0005654;GO:0005886;GO:0055037;GO:0043014;GO:0045504;GO:0042802;GO:0005178;GO:0035091;GO:0030036;GO:0006915;GO:0030336;GO:0036158;GO:0016601
Q8N8D7,Sodium/potassium transporting ATPase interacting 3,Brain,GO:0005886;GO:0002028
P78426,NK6 homeobox 1,Brain,GO:0000785;GO:0070062;GO:0005634;GO:0003682;GO:0000981;GO:0001227;GO:0000978;GO:0009887;GO:0030154;GO:0071345;GO:0071375;GO:0021953;GO:0010255;GO:0048715;GO:0000122;GO:0048709;GO:0031016;GO:0003310;GO:0051091;GO:0032024;GO:0045666;GO:0048714;GO:0045944;GO:2000078;GO:0030516;GO:2001222;GO:0006357;GO:0035094;GO:0009410;GO:0007224;GO:0006366;GO:0072560;GO:0044342
Q8N2Q7,Neuroligin 1,Brain,GO:0098985;GO:0009986;GO:0030425;GO:0043197;GO:0060076;GO:0032433;GO:0098982;GO:0098978;GO:0005794;GO:0016020;GO:0031594;GO:0005886;GO:0098794;GO:0014069;GO:0045211;GO:0099634;GO:0098793;GO:0098635;GO:0043235;GO:0045202;GO:0043083;GO:0001540;GO:0050839;GO:0042802;GO:0042043;GO:0030165;GO:0097110;GO:0038023;GO:0097113;GO:0016339;GO:0071277;GO:0007268;GO:0048789;GO:0045184;GO:1904861;GO:0007157;GO:0050804;GO:0061002;GO:0007399;GO:0097115;GO:0007158;GO:0140058;GO:0031175;GO:0048812;GO:0023041;GO:0097114;GO:0010841;GO:0060999;GO:2000463;GO:0051491;GO:1902533;GO:1900075;GO:1900029;GO:0051965;GO:0032230;GO:0051968;GO:1900244;GO:2000302;GO:0097119;GO:0097104;GO:0099054;GO:0097105;GO:0035418;GO:0006605;GO:0097120;GO:2000311;GO:0045664;GO:2000310;GO:0048511;GO:0007416;GO:0097091;GO:0048488;GO:0016080;GO:0072553
Q8NFZ4,Neuroligin 2,Brain,GO:0030424;GO:0009986;GO:0043198;GO:0098691;GO:0060076;GO:0098690;GO:0060077;GO:0016020;GO:0005886;GO:0045211;GO:0099634;GO:0042734;GO:0097470;GO:0098983;GO:0045202;GO:0050839;GO:0042802;GO:0042043;GO:0038023;GO:0098609;GO:0045217;GO:0007268;GO:0097116;GO:1904862;GO:1901142;GO:0007630;GO:0035641;GO:0050804;GO:0050885;GO:0007158;GO:0072578;GO:0008284;GO:0060999;GO:2000463;GO:0097151;GO:0032024;GO:1902474;GO:0051965;GO:0032230;GO:0051968;GO:2000809;GO:1904034;GO:0097119;GO:0097104;GO:0099054;GO:0097105;GO:0034394;GO:0035418;GO:2000311;GO:1905606;GO:0002087;GO:0019233;GO:0035176;GO:0007416;GO:0050808;GO:0051932;GO:0048488;GO:0072553;GO:0001966
Q9NZ94,Neuroligin 3,Brain,GO:0098985;GO:0009986;GO:0030139;GO:0060076;GO:0016020;GO:0005886;GO:0045211;GO:0099634;GO:0098793;GO:0098983;GO:0045202;GO:0050839;GO:0042043;GO:0097110;GO:0038023;GO:0030534;GO:0048675;GO:0007268;GO:0060080;GO:0007612;GO:0050804;GO:0007158;GO:2000463;GO:1900451;GO:0051965;GO:0051968;GO:0097104;GO:0099054;GO:0097105;GO:0006898;GO:0002087;GO:0060024;GO:0035176;GO:0007416;GO:0050808;GO:0048488;GO:0071625
Q8N0W4,Neuroligin 4 X-linked,Brain,GO:0098985;GO:0009986;GO:0030425;GO:0060076;GO:0098982;GO:0098978;GO:0016020;GO:0005886;GO:0098839;GO:0099634;GO:0098793;GO:0098983;GO:0045202;GO:0050839;GO:0031404;GO:0042043;GO:0042803;GO:0097110;GO:0038023;GO:0030534;GO:0003360;GO:0045216;GO:0021549;GO:0007268;GO:0007612;GO:0050804;GO:0090394;GO:0007158;GO:0030182;GO:0035265;GO:0097104;GO:0099054;GO:0097105;GO:0051963;GO:0035176;GO:0050808;GO:0048488;GO:0071625
Q13253,Noggin,Brain,GO:0005576;GO:0005615;GO:0098793;GO:0019955;GO:0042803;GO:0055009;GO:0048318;GO:0030509;GO:0051216;GO:0021533;GO:1904888;GO:0009953;GO:0042733;GO:0060272;GO:0048706;GO:0003272;GO:0001706;GO:0050673;GO:0001837;GO:0035640;GO:0060325;GO:0008543;GO:0061384;GO:0001701;GO:0060173;GO:0060291;GO:0060425;GO:0003149;GO:0001707;GO:0042474;GO:0008045;GO:2001234;GO:0048712;GO:0030514;GO:0090090;GO:0062044;GO:0060044;GO:0061037;GO:0030336;GO:0060302;GO:0010629;GO:0045668;GO:0060392;GO:0000122;GO:0007399;GO:0021999;GO:0001839;GO:0001843;GO:0038092;GO:0048570;GO:0001649;GO:0003151;GO:0061626;GO:0021983;GO:0090190;GO:0050679;GO:0010628;GO:0090193;GO:0045944;GO:0099171;GO:0060513;GO:0040036;GO:0048168;GO:1990926;GO:0001501;GO:0007224;GO:0035019;GO:0061053;GO:0021510;GO:0048863;GO:0060676;GO:0003223;GO:0060412;GO:0008542;GO:0042060
P51513,NOVA alternative splicing regulator 1,Brain,GO:0005737;GO:0043231;GO:0005730;GO:0005654;GO:0005634;GO:0003730;GO:0003729;GO:0003723;GO:1990825;GO:0000398;GO:0120163;GO:0007399;GO:0000381;GO:0006396;GO:0008380
Q9UNW9,NOVA alternative splicing regulator 2,Brain,GO:0005737;GO:0005634;GO:0003729;GO:0003723;GO:1990825;GO:0021954;GO:0000398;GO:0120163;GO:0030182;GO:0000381;GO:1902667;GO:0051252
Q8NFA2,NADPH oxidase organizer 1,Brain,GO:0005737;GO:0043020;GO:0005886;GO:0019899;GO:0035091;GO:0005543;GO:0016176;GO:0022617;GO:0010310;GO:0060263;GO:0042554
Q99742,Neuronal PAS domain protein 1,Brain,GO:0000785;GO:0005634;GO:0003700;GO:0000981;GO:0046982;GO:0000977;GO:0007417;GO:0042711;GO:0045892;GO:0000122;GO:0006357;GO:0001964
Q8IXF0,Neuronal PAS domain protein 3,Brain,GO:0000785;GO:0005654;GO:0000981;GO:0046982;GO:0000977;GO:0045893;GO:0006357
P48145,Neuropeptides B and W receptor 1,Brain,GO:0016020;GO:0043005;GO:0005886;GO:0045202;GO:0004985;GO:0004930;GO:0042923;GO:0008188;GO:0007268;GO:0007186;GO:0007218;GO:0019222
Q9UND3,Nuclear pore complex interacting protein family member A1,Brain,GO:0031965;GO:0005643;GO:0051028;GO:0015031
E9PIF3,Nuclear pore complex interacting protein family member A2,Brain,
F8WFD2,Nuclear pore complex interacting protein family member A3,Brain,
E9PKD4,Nuclear pore complex interacting protein family member A5,Brain,
P0DM63,Nuclear pore complex interacting protein family member A8,Brain,
Q86SE8,Nucleophosmin/nucleoplasmin 2,Brain,GO:0000785;GO:0005737;GO:0005730;GO:0005654;GO:0005634;GO:0003682;GO:0019899;GO:0042393;GO:0042802;GO:0003723;GO:0001824;GO:0006338;GO:0009994;GO:0045740;GO:0045836;GO:0007096;GO:0007338
P23582,Natriuretic peptide C,Brain,GO:0005576;GO:0005615;GO:0032991;GO:0030141;GO:0005179;GO:0051427;GO:0005102;GO:0001525;GO:0097746;GO:0001974;GO:0061939;GO:1904588;GO:0006182;GO:0019934;GO:0051276;GO:0001549;GO:0035483;GO:0003418;GO:0003419;GO:0006874;GO:1903537;GO:0071965;GO:0008285;GO:0032966;GO:2000279;GO:0051447;GO:0043524;GO:1900194;GO:0001503;GO:0010753;GO:0045669;GO:0009791;GO:0006457;GO:0007168;GO:0040014;GO:0048660;GO:0048678;GO:0045471;GO:0001666;GO:0002931;GO:0090649;GO:0009410
P49146,Neuropeptide Y receptor Y2,Brain,GO:0005929;GO:0097730;GO:0005886;GO:0005246;GO:0004983;GO:0001601;GO:0038023;GO:0007193;GO:0003214;GO:0007626;GO:0003151
Q9NSY0,Nuclear receptor binding protein 2,Brain,GO:0005737;GO:0005524;GO:0004674;GO:0016242;GO:0043524;GO:0030182
Q92823,Neuronal cell adhesion molecule,Brain,GO:0030424;GO:0043194;GO:0009897;GO:0005576;GO:0098978;GO:0043005;GO:0005886;GO:0098839;GO:0030506;GO:0098632;GO:0086080;GO:0001525;GO:0007411;GO:0007413;GO:0007409;GO:0007420;GO:0098609;GO:0007417;GO:0045162;GO:0001764;GO:0019227;GO:0045666;GO:0008104;GO:0030516;GO:0010975;GO:0099175;GO:0031290;GO:0007416
Q16612,Neuronal regeneration related protein,Brain,GO:0005737;GO:0031103;GO:0045664;GO:0017015
O14511,Neuregulin 2,Brain,GO:0005576;GO:0005615;GO:0005886;GO:0008083;GO:0005102;GO:0048513;GO:0038130;GO:0035556;GO:0007399;GO:0007165
P56975,Neuregulin 3,Brain,GO:0005576;GO:0005615;GO:0098978;GO:0005886;GO:0045499;GO:0008083;GO:0048018;GO:0030971;GO:0030297;GO:0048513;GO:0021842;GO:0038130;GO:0038138;GO:0035556;GO:0060596;GO:0050804;GO:2001223;GO:0007389;GO:0001558;GO:0007416
Q9NQ35,Nuclear receptor interacting protein 3,Brain,GO:0004190;GO:0006508
Q9NPD7,Neuritin 1,Brain,GO:0005576;GO:0005886;GO:0098843;GO:0098552;GO:1990138
Q9GZP1,Neurensin 2,Brain,GO:0043005;GO:0043025;GO:0005886;GO:0030133;GO:0007399
Q9HDB5,Neurexin 3,Brain,GO:0042995;GO:0005886;GO:0042734;GO:0098820;GO:0050839;GO:0046872;GO:0097109;GO:0004888;GO:0030534;GO:0001525;GO:0007612;GO:0007158;GO:0007165;GO:0035176;GO:0071625
P46459,"N-ethylmaleimide sensitive factor, vesicle fusing ATPase",Brain,GO:0005829;GO:0043198;GO:0005794;GO:0005795;GO:0005765;GO:0005886;GO:0014069;GO:0005524;GO:0016887;GO:0140849;GO:0140665;GO:0140545;GO:0140584;GO:0061775;GO:0003689;GO:0035255;GO:0046872;GO:0030165;GO:0019901;GO:0044877;GO:0000149;GO:0017075;GO:0006887;GO:0043001;GO:0006891;GO:0006886;GO:0045026;GO:0045732;GO:0001921;GO:0006813;GO:0017157;GO:0035494;GO:0016192
P42857,Neuronal vesicle trafficking associated 1,Brain,GO:0005737;GO:0030425;GO:0031901;GO:0005783;GO:0005789;GO:0005768;GO:0098978;GO:0032580;GO:0005770;GO:0016328;GO:0043202;GO:0016020;GO:0032585;GO:0005634;GO:0098845;GO:0045211;GO:0055038;GO:0036477;GO:0032588;GO:0032051;GO:0035255;GO:0042982;GO:0006915;GO:0048268;GO:0016197;GO:0099627;GO:0098887;GO:0001921;GO:0099630;GO:0001881;GO:1900271;GO:0098814;GO:0099003
Q9NPB1,"5',3'-nucleotidase, mitochondrial",Brain,GO:0005759;GO:0005739;GO:0008253;GO:0046872;GO:0008252;GO:0000166;GO:0006260;GO:0046079;GO:0009223
Q9P121,Neurotrimin,Brain,GO:0005576;GO:0005886;GO:0098552;GO:0007155;GO:0008038
Q16620,Neurotrophic receptor tyrosine kinase 2,Brain,GO:0030424;GO:0043679;GO:0005829;GO:0030425;GO:0043197;GO:0005769;GO:0031901;GO:0048471;GO:0005886;GO:0014069;GO:0043235;GO:0043195;GO:0005524;GO:0008288;GO:0048403;GO:0060175;GO:0005006;GO:0005007;GO:0005004;GO:0005008;GO:0140801;GO:0035401;GO:0005009;GO:0005010;GO:0005011;GO:0043121;GO:0036332;GO:0005018;GO:0005019;GO:0002020;GO:0042803;GO:0038062;GO:0005020;GO:0005005;GO:0005021;GO:0031547;GO:0007169;GO:0071230;GO:1990416;GO:0021954;GO:0021987;GO:0007623;GO:0007631;GO:0014047;GO:0007612;GO:0060291;GO:0042490;GO:0022011;GO:1902430;GO:2000811;GO:0043524;GO:0030182;GO:0001764;GO:0019227;GO:0048709;GO:0048935;GO:0050772;GO:0008284;GO:0010628;GO:0043410;GO:0010976;GO:0051897;GO:0001934;GO:0051965;GO:0046777;GO:0043087;GO:0046548;GO:0099183;GO:0099551;GO:0001570
Q16288,Neurotrophic receptor tyrosine kinase 3,Brain,GO:0030424;GO:0005886;GO:0043235;GO:0005524;GO:0008288;GO:0060175;GO:0005006;GO:0005007;GO:0005004;GO:0005008;GO:0140801;GO:0035401;GO:0005009;GO:0005010;GO:0005011;GO:0043121;GO:0005030;GO:0002039;GO:0036332;GO:0005018;GO:0005019;GO:0038062;GO:0005020;GO:0004714;GO:0005005;GO:0005021;GO:0090630;GO:0032148;GO:0030154;GO:0007169;GO:1990090;GO:0007507;GO:0001933;GO:0007399;GO:0030335;GO:0008284;GO:0010628;GO:0043406;GO:0010976;GO:0033138;GO:0051897;GO:0050927;GO:0001934
Q96G61,Nudix hydrolase 11,Brain,GO:0005737;GO:0005829;GO:0005634;GO:0034431;GO:0034432;GO:0008486;GO:0000298;GO:0046872;GO:1901911;GO:1901909;GO:1901907;GO:0071543
Q9ULI1,NACHT and WD repeat domain containing 2,Brain,GO:0045202
O95157,Neurexophilin 3,Brain,GO:0005576;GO:0005102;GO:0007218
O95158,Neurexophilin 4,Brain,GO:0005576;GO:0098982;GO:0005102;GO:0050804;GO:0007218
Q6ZVC0,Neuronal tyrosine phosphorylated phosphoinositide-3-kinase adaptor 1,Brain,GO:0048812;GO:0043491
P0CE72,Oncomodulin,Brain,GO:0005737;GO:0005509
O95897,Olfactomedin 2,Brain,GO:0032281;GO:0005737;GO:0005576;GO:0005615;GO:0005654;GO:0005634;GO:0045202;GO:0051152;GO:0009306;GO:1905174;GO:0007165
Q9UHM6,Opsin 4,Brain,GO:0030424;GO:0030425;GO:0016020;GO:0043204;GO:0097381;GO:0005886;GO:1990913;GO:0005502;GO:0008020;GO:0071482;GO:0050960;GO:0007186;GO:1990384;GO:0007634;GO:0007602;GO:0042752;GO:0060041;GO:0048511;GO:0043052;GO:0007601
P41143,Opioid receptor delta 1,Brain,GO:0043679;GO:0032590;GO:0043005;GO:0098992;GO:0005886;GO:0098839;GO:0042734;GO:0097444;GO:0030672;GO:0038046;GO:0004985;GO:0042923;GO:0033612;GO:0007193;GO:0008344;GO:0071363;GO:0071456;GO:0097237;GO:0042755;GO:0038003;GO:0007186;GO:0007187;GO:0006955;GO:0010629;GO:0031333;GO:0007218;GO:0007200;GO:0032793;GO:0033138;GO:0051924;GO:0051881;GO:0045471;GO:0035094
P41145,Opioid receptor kappa 1,Brain,GO:0043679;GO:0005829;GO:0030425;GO:0016020;GO:0005739;GO:0043005;GO:0005654;GO:0043204;GO:0005886;GO:0045211;GO:0042734;GO:0016529;GO:0030672;GO:0030315;GO:0038048;GO:0004985;GO:0042923;GO:0033612;GO:0007193;GO:0031635;GO:0048148;GO:0071333;GO:0071222;GO:0007268;GO:1990708;GO:0051607;GO:0042755;GO:0044849;GO:0038003;GO:0006955;GO:0007626;GO:0042711;GO:0033685;GO:0007218;GO:0007200;GO:0033603;GO:1904000;GO:1900745;GO:1901381;GO:0046877;GO:1903937;GO:0043627;GO:0045471;GO:0032868;GO:0035094;GO:0007600;GO:0019233;GO:0050951
P35372,Opioid receptor mu 1,Brain,GO:0030424;GO:0030425;GO:0005783;GO:0005768;GO:0005794;GO:0043005;GO:0043204;GO:0005886;GO:0045202;GO:0004979;GO:0004930;GO:0001965;GO:0031681;GO:0038047;GO:0042923;GO:0005245;GO:0007197;GO:0048149;GO:0038003;GO:0007187;GO:0043951;GO:0008285;GO:0051481;GO:0045019;GO:0061358;GO:0007218;GO:0007200;GO:0043950;GO:0007204;GO:0070374;GO:0050769;GO:0045429;GO:0080135;GO:2000310;GO:0007600;GO:0019233
O95918,Olfactory receptor family 2 subfamily H member 2,Brain,GO:0005886;GO:0004930;GO:0004984;GO:0006952;GO:0050911;GO:0007618
Q8NH16,Olfactory receptor family 2 subfamily L member 2,Brain,GO:0005886;GO:0004930;GO:0004984;GO:0050911
Q15622,Olfactory receptor family 7 subfamily A member 5,Brain,GO:0016020;GO:0005886;GO:0004930;GO:0004984;GO:0007608;GO:0007165
P61366,Osteocrin,Brain,GO:0005615;GO:0005179;GO:0005102;GO:0030154;GO:0007166;GO:0003416;GO:0009755;GO:0046325;GO:1903860;GO:0045668
Q8TE49,OTU deubiquitinase 7A,Brain,GO:0005737;GO:0005829;GO:0005634;GO:0004843;GO:0003677;GO:0070530;GO:0008270;GO:0016579;GO:0071947;GO:0035871
Q9UBL9,Purinergic receptor P2X 2,Brain,GO:0016324;GO:0043025;GO:0098992;GO:0005886;GO:0098794;GO:0043235;GO:0005524;GO:0004931;GO:0042802;GO:0015276;GO:0001614;GO:0048266;GO:0070588;GO:0003029;GO:0007528;GO:0007274;GO:0030432;GO:0010524;GO:0050850;GO:0033198;GO:0009743;GO:0001666;GO:0002931;GO:0007605;GO:0050909;GO:0048741;GO:0014832
Q99572,Purinergic receptor P2X 7,Brain,GO:0032059;GO:0005911;GO:0005737;GO:0009897;GO:0016020;GO:0005739;GO:0031594;GO:0043025;GO:0005886;GO:0098794;GO:0098793;GO:0005524;GO:0004931;GO:0042802;GO:0001530;GO:0001614;GO:0005102;GO:0097190;GO:0032060;GO:0070588;GO:0019722;GO:0000902;GO:0007166;GO:0071318;GO:0071359;GO:0046513;GO:0032963;GO:0050830;GO:0097191;GO:0014051;GO:0014047;GO:0048873;GO:0006954;GO:0000165;GO:0051899;GO:0006509;GO:0051882;GO:0007005;GO:0043132;GO:0045779;GO:0045794;GO:0043409;GO:0001845;GO:0006649;GO:0017121;GO:0046931;GO:1904172;GO:0030501;GO:0010524;GO:0051495;GO:0014054;GO:0010628;GO:0014049;GO:0045821;GO:0032730;GO:0032731;GO:0032755;GO:0060907;GO:0043410;GO:0051901;GO:0034767;GO:1900227;GO:0032308;GO:0050714;GO:0070234;GO:0001916;GO:0032310;GO:0030163;GO:0016485;GO:0009306;GO:0035590;GO:0072593;GO:0002028;GO:0051209;GO:0033198;GO:0051592;GO:0051602;GO:0034405;GO:0002931;GO:0032496;GO:0009612;GO:0009410;GO:0010043;GO:0019233;GO:0048705;GO:0016079;GO:0070231;GO:0043029;GO:0001913;GO:0042098;GO:0006900
Q9BRP4,Proteasomal ATPase associated factor 1,Brain,GO:0000502;GO:0000124;GO:0005669;GO:0006367
Q5JQF8,Poly(A) binding protein cytoplasmic 1 like 2A,Brain,GO:0010494;GO:0005829;GO:0070062;GO:0005634;GO:1990904;GO:0003730;GO:0008143;GO:0008266
A6NDY0,"PABPN1 like, cytoplasmic",Brain,GO:0005737;GO:0005634;GO:0008143;GO:0000288
Q9Y2J8,Peptidyl arginine deiminase 2,Brain,GO:0035578;GO:0005737;GO:0005829;GO:0000791;GO:0070062;GO:0005576;GO:0005634;GO:0005509;GO:0140794;GO:0140810;GO:0140811;GO:0140797;GO:0140795;GO:0140798;GO:0140796;GO:0140809;GO:0030331;GO:0042803;GO:0004668;GO:1990830;GO:0006338;GO:0030520;GO:0070100;GO:1901624;GO:0021762;GO:0045815
Q9BTK6,PAXIP1 associated glutamate rich protein 1,Brain,GO:0035097;GO:0044666;GO:0005654;GO:0005634;GO:0030331;GO:0006310;GO:0006281;GO:1902808;GO:0033148;GO:0045944
Q9ULR5,Poly(A) binding protein interacting protein 2B,Brain,GO:0005737;GO:0000900;GO:0030371;GO:0017148;GO:0045947
Q13153,P21 (RAC1) activated kinase 1,Brain,GO:0005884;GO:0030424;GO:0005911;GO:0005813;GO:0005694;GO:0005737;GO:0005829;GO:0030425;GO:0005925;GO:0014704;GO:0030027;GO:0031965;GO:0005654;GO:0005886;GO:0032991;GO:0001726;GO:0032587;GO:0030018;GO:0004676;GO:0004679;GO:0005524;GO:0005518;GO:0004677;GO:0004694;GO:0043015;GO:0044024;GO:0072371;GO:1990244;GO:0035979;GO:0044025;GO:0140823;GO:0035175;GO:0044022;GO:0140855;GO:0035402;GO:0072354;GO:0140857;GO:0035403;GO:0044023;GO:0042802;GO:0004672;GO:0106310;GO:0004674;GO:0072518;GO:0004711;GO:0030036;GO:0006915;GO:0048754;GO:0016477;GO:0009267;GO:0006338;GO:0006974;GO:0048013;GO:0006887;GO:0038096;GO:0048012;GO:0035556;GO:0060244;GO:0048812;GO:0016310;GO:0030335;GO:0008284;GO:0033148;GO:0043507;GO:0090063;GO:0031116;GO:0033138;GO:0001934;GO:0051496;GO:0046777;GO:1903608;GO:0006468;GO:0032956;GO:0050770;GO:0043408;GO:0002223;GO:0042060
O75914,P21 (RAC1) activated kinase 3,Brain,GO:0005737;GO:0005829;GO:0098978;GO:0005886;GO:0014069;GO:0004676;GO:0004679;GO:0005524;GO:0004677;GO:0004694;GO:0044024;GO:0072371;GO:1990244;GO:0035979;GO:0044025;GO:0140823;GO:0035175;GO:0044022;GO:0140855;GO:0035402;GO:0072354;GO:0140857;GO:0035403;GO:0044023;GO:0004708;GO:0046872;GO:0106310;GO:0004674;GO:0072518;GO:0004711;GO:0017124;GO:0031267;GO:0007409;GO:0016477;GO:0071407;GO:0009267;GO:0016358;GO:0060997;GO:0048013;GO:0035556;GO:0032956;GO:0030833;GO:0050770;GO:0043408;GO:0099175;GO:0002223;GO:0050808
Q9NQU5,P21 (RAC1) activated kinase 6,Brain,GO:0030054;GO:0005737;GO:0005829;GO:0001650;GO:0005654;GO:0014069;GO:0004676;GO:0004679;GO:0005524;GO:0045296;GO:0004677;GO:0004694;GO:0044024;GO:0072371;GO:1990244;GO:0035979;GO:0044025;GO:0140823;GO:0035175;GO:0044022;GO:0140855;GO:0035402;GO:0072354;GO:0140857;GO:0035403;GO:0044023;GO:0106310;GO:0004674;GO:0072518;GO:0004711;GO:0006915;GO:0009267;GO:0007010;GO:0035556;GO:0007612;GO:0007626;GO:0007613;GO:0140058;GO:1990138;GO:0006355;GO:0043408
O75781,Paralemmin,Brain,GO:0016327;GO:0030424;GO:0016323;GO:0009898;GO:0031410;GO:0043197;GO:0031527;GO:0005654;GO:0005886;GO:0014069;GO:0031750;GO:0007193;GO:0071257;GO:0007010;GO:0060160;GO:0051491;GO:0072659;GO:0008360;GO:0060074
Q6TCH7,Progestin and adipoQ receptor family member 3,Brain,GO:0005794;GO:0000139;GO:0043495;GO:0038023;GO:1990756;GO:0043407;GO:0010977;GO:0033137;GO:0035359;GO:0001933;GO:0045542;GO:0032436;GO:2000640;GO:0034067
Q8N4S7,Progestin and adipoQ receptor family member 4,Brain,GO:0000139;GO:0060090;GO:0038023;GO:0050821;GO:2000303
Q8TEZ7,Progestin and adipoQ receptor family member 8,Brain,GO:0005794;GO:0005886;GO:0003707;GO:0005496;GO:0048477;GO:0048545
Q9NPB6,Par-6 family cell polarity regulator alpha,Brain,GO:0016324;GO:0005923;GO:0005938;GO:0034451;GO:0005813;GO:0005829;GO:0005634;GO:0120157;GO:0005886;GO:0001726;GO:0070160;GO:0030742;GO:0031267;GO:0051301;GO:0045217;GO:0007098;GO:0007163;GO:0045197;GO:1904781;GO:0050714;GO:0060341;GO:0016032
P23760,Paired box 3,Brain,GO:0000785;GO:0005654;GO:0003700;GO:0000981;GO:0071837;GO:0000978;GO:0043565;GO:1990837;GO:0009887;GO:0006915;GO:0007517;GO:0007399;GO:0045893;GO:0045944;GO:0006357;GO:0007605
P57721,Poly(rC) binding protein 3,Brain,GO:0005737;GO:0005829;GO:0070062;GO:0005634;GO:1990904;GO:1990829;GO:0003729;GO:0003723;GO:0016071;GO:0000122;GO:0006357
P57723,Poly(rC) binding protein 4,Brain,GO:0005737;GO:0005829;GO:0005634;GO:1990904;GO:0003677;GO:0003730;GO:0003729;GO:0003723;GO:0048025;GO:0043488;GO:0006357
Q9BZA8,Protocadherin 11 Y-linked,Brain,GO:0005886;GO:0061827;GO:0097225;GO:0005509;GO:0007155;GO:0007156;GO:0030177;GO:0007283
O14917,Protocadherin 17,Brain,GO:0098982;GO:0098978;GO:0005886;GO:0045211;GO:0042734;GO:0005509;GO:0030534;GO:0007155;GO:0007156;GO:0050805;GO:1904071;GO:2000807;GO:0099560
Q8TAB3,Protocadherin 19,Brain,GO:0005886;GO:0005509;GO:0007155;GO:0007156
Q8N6Y1,Protocadherin 20,Brain,GO:0005886;GO:0005509;GO:0003723;GO:0007155;GO:0007156
Q9Y5I2,Protocadherin alpha 10,Brain,GO:0044291;GO:0005576;GO:0005886;GO:0005509;GO:0035904;GO:0003176;GO:0007155;GO:0010467;GO:0007156;GO:0007399
Q9Y5I1,Protocadherin alpha 11,Brain,GO:0005886;GO:0005509;GO:0007155;GO:0007156;GO:0007399
Q9UN75,Protocadherin alpha 12,Brain,GO:0005886;GO:0005509;GO:0007155;GO:0007156;GO:0007399
Q9Y5I0,Protocadherin alpha 13,Brain,GO:0005886;GO:0005509;GO:0007155;GO:0007156;GO:0007399
Q9Y5H9,Protocadherin alpha 2,Brain,GO:0005783;GO:0005634;GO:0005886;GO:0005509;GO:0007155;GO:0007156;GO:0007399
Q9UN74,Protocadherin alpha 4,Brain,GO:0005886;GO:0005509;GO:0042802;GO:0007155;GO:0007156;GO:0007399
Q9UN73,Protocadherin alpha 6,Brain,GO:0005576;GO:0005886;GO:0005509;GO:0007155;GO:0007156;GO:0007399
Q9UN72,Protocadherin alpha 7,Brain,GO:0005886;GO:0005509;GO:0042802;GO:0007155;GO:0009988;GO:0007156;GO:0007399
Q9Y5H6,Protocadherin alpha 8,Brain,GO:0005886;GO:0005509;GO:0007155;GO:0007156;GO:0007399
Q9Y5E1,Protocadherin beta 9,Brain,GO:0016020;GO:0005886;GO:0045202;GO:0005509;GO:0016339;GO:0007155;GO:0007268;GO:0007156;GO:0007416
O60330,"Protocadherin gamma subfamily A, 12",Brain,GO:0005911;GO:0005886;GO:0005509;GO:0007155;GO:0007156;GO:0007399
Q9Y5H0,"Protocadherin gamma subfamily A, 3",Brain,GO:0005886;GO:0005509;GO:0007155;GO:0008333;GO:0007156;GO:0060989;GO:0007399
Q9Y5G6,"Protocadherin gamma subfamily A, 7",Brain,GO:0005886;GO:0005509;GO:0007155;GO:0007156;GO:0007399
Q9Y5F9,"Protocadherin gamma subfamily B, 6",Brain,GO:0005886;GO:0005509;GO:0007155;GO:0007156;GO:0007399
Q9UN70,"Protocadherin gamma subfamily C, 3",Brain,GO:0016020;GO:0005886;GO:0005509;GO:0016339;GO:0007155;GO:0007156;GO:0043524;GO:0007399;GO:0050808
A6NKB5,Pecanex 2,Brain,GO:0016020
P48539,Purkinje cell protein 4,Brain,GO:0005737;GO:0005829;GO:0005634;GO:0032991;GO:0005509;GO:0005516;GO:1905291;GO:0045666
A6NKN8,Purkinje cell protein 4 like 1,Brain,
P29120,Proprotein convertase subtilisin/kexin type 1,Brain,GO:0043679;GO:0030425;GO:0005615;GO:0016020;GO:0043005;GO:0043204;GO:0048471;GO:0034774;GO:0005802;GO:0030133;GO:0042802;GO:0004252;GO:0007267;GO:0030070;GO:0022008;GO:0031016;GO:0043043;GO:0016486;GO:0021983;GO:0050714;GO:0016540;GO:0006508;GO:0048678;GO:0051592;GO:0010157;GO:0070542;GO:0051384;GO:0009749;GO:0070555;GO:0032496;GO:0031667;GO:0043434;GO:0009410
P29122,Proprotein convertase subtilisin/kexin type 6,Brain,GO:0009986;GO:0062023;GO:0005783;GO:0005576;GO:0005615;GO:0005796;GO:0016020;GO:0005886;GO:0004175;GO:0008201;GO:0048406;GO:0004252;GO:0007368;GO:0009100;GO:0032902;GO:0016486;GO:0034369;GO:0016485;GO:0030510;GO:0032940;GO:0007354
Q9Y5K3,"Phosphate cytidylyltransferase 1B, choline",Brain,GO:0005737;GO:0005783;GO:0005789;GO:0004105;GO:0042802;GO:0031210;GO:0006657;GO:0001541;GO:0006656;GO:0007283
Q14123,Phosphodiesterase 1C,Brain,GO:0005829;GO:0005764;GO:0043025;GO:0004115;GO:0047555;GO:0005516;GO:0048101;GO:0004117;GO:0046872;GO:0019933
O00408,Phosphodiesterase 2A,Brain,GO:0005737;GO:0005829;GO:0005783;GO:0005794;GO:0005743;GO:0005759;GO:0005741;GO:0005634;GO:0048471;GO:0005886;GO:0042734;GO:0097060;GO:0004119;GO:0004118;GO:0004115;GO:0047555;GO:0030552;GO:0030553;GO:0042802;GO:0000287;GO:0042301;GO:0042803;GO:0030911;GO:0008270;GO:0007193;GO:0035904;GO:0019933;GO:1904613;GO:0071320;GO:0071321;GO:0097011;GO:0036006;GO:0071260;GO:0071560;GO:0071466;GO:0046069;GO:0019934;GO:0061028;GO:0003170;GO:0030224;GO:0106072;GO:0043951;GO:0010754;GO:0000122;GO:0043116;GO:0010628;GO:0050729;GO:0043117;GO:0010752;GO:0010821;GO:0003281
O00764,Pyridoxal kinase,Brain,GO:0005829;GO:0070062;GO:0005576;GO:0005654;GO:0005634;GO:0034774;GO:0035580;GO:0005524;GO:0031403;GO:0000287;GO:0030955;GO:0042803;GO:0008478;GO:0030170;GO:0031402;GO:0008270;GO:0009443;GO:0042817;GO:0042818
Q8N2H9,Pellino E3 ubiquitin protein ligase family member 3,Brain,GO:0005829;GO:0061630;GO:0045087;GO:2001237;GO:0010804;GO:0070534;GO:0008592
Q8IYB4,Peroxisomal biogenesis factor 5 like,Brain,GO:0005829;GO:0005778;GO:0043235;GO:0005052;GO:0000268;GO:0031267;GO:0016560
P35080,Profilin 2,Brain,GO:0005737;GO:0005856;GO:0070062;GO:0098978;GO:0098794;GO:0098793;GO:0098685;GO:0003779;GO:0003785;GO:0016887;GO:0005546;GO:0098885;GO:0030837;GO:0010633;GO:1900028;GO:0032233;GO:0030838;GO:0032781;GO:0033138;GO:0051496;GO:0099140;GO:0099171;GO:0050821;GO:0030833;GO:2000300
Q8N414,PiggyBac transposable element derived 5,Brain,GO:0005654;GO:0005634;GO:0004519;GO:0004803;GO:0098038
Q6PCE3,Phosphoglucomutase 2 like 1,Brain,GO:0005829;GO:0047933;GO:0016868;GO:0046872;GO:0006006
A6NDG6,Phosphoglycolate phosphatase,Brain,GO:0005737;GO:0043262;GO:0000121;GO:0043136;GO:0140793;GO:0000287;GO:0004726;GO:0008967;GO:0004725;GO:0030946;GO:0006114;GO:0006650;GO:0045721
Q9C0D0,Phosphatase and actin regulator 1,Brain,GO:0005829;GO:0005634;GO:0045202;GO:0003779;GO:0004864;GO:0030036;GO:0031032;GO:0048870;GO:0021987;GO:0140059;GO:2001222;GO:0043149
O60346,PH domain and leucine rich repeat protein phosphatase 1,Brain,GO:0005737;GO:0005829;GO:0005634;GO:0005886;GO:0033192;GO:0140791;GO:1990439;GO:0046872;GO:0017018;GO:0004722;GO:0180006;GO:0180007;GO:0180008;GO:0180005;GO:0180004;GO:0006915;GO:0009649;GO:0035556;GO:0051898;GO:0042981;GO:0046328;GO:0043408;GO:1900744;GO:0002667
Q96FC7,Phytanoyl-CoA 2-hydroxylase interacting protein like,Brain,GO:0005737
P42356,Phosphatidylinositol 4-kinase alpha,Brain,GO:0005737;GO:0005829;GO:0070062;GO:0005925;GO:0030660;GO:0016020;GO:0005886;GO:0004430;GO:0005524;GO:0045296;GO:0044788;GO:0006661;GO:0046854;GO:0048015;GO:0140754;GO:0007165
Q9H5I5,Piezo type mechanosensitive ion channel component 2,Brain,GO:0032437;GO:0032809;GO:0005886;GO:0032420;GO:0140135;GO:0008381;GO:0005261;GO:0071260;GO:0050982;GO:0050974;GO:0006812;GO:0042391;GO:0009612
Q86VD9,Phosphatidylinositol glycan anchor biosynthesis class Z,Brain,GO:0005783;GO:0005789;GO:0000026;GO:0000030;GO:0006506
Q13526,"Peptidylprolyl cis/trans isomerase, NIMA-interacting 1",Brain,GO:0036064;GO:0005737;GO:0005829;GO:0098978;GO:0030496;GO:0016607;GO:0005654;GO:0005634;GO:0099524;GO:0008013;GO:0016859;GO:0003774;GO:0032794;GO:0031434;GO:0003755;GO:0051219;GO:0050815;GO:0050816;GO:0140839;GO:0140840;GO:0048156;GO:1990757;GO:0071456;GO:1902430;GO:2000146;GO:0070373;GO:0032091;GO:0042177;GO:0060392;GO:0030512;GO:0030182;GO:0090263;GO:0043547;GO:0032092;GO:0001934;GO:0045944;GO:0000413;GO:0050821;GO:0006626;GO:0032465;GO:0010468;GO:0007088;GO:1900180;GO:0001932;GO:0031647;GO:0001666;GO:0050808
P48426,Phosphatidylinositol-5-phosphate 4-kinase type 2 alpha,Brain,GO:0005776;GO:0005829;GO:0005764;GO:0005654;GO:0001917;GO:0001750;GO:0005886;GO:0016308;GO:0016309;GO:0005524;GO:0042803;GO:1902635;GO:0061909;GO:0035855;GO:0046627;GO:0046854;GO:2000786;GO:0010506;GO:0090119
O60331,Phosphatidylinositol-4-phosphate 5-kinase type 1 gamma,Brain,GO:0005912;GO:0005829;GO:0010008;GO:0005925;GO:0005654;GO:0001891;GO:0005886;GO:0098793;GO:0032587;GO:0001931;GO:0016308;GO:0005524;GO:0052742;GO:0030036;GO:0034333;GO:0098609;GO:0072583;GO:0061024;GO:0030593;GO:0006909;GO:0006661;GO:0046854;GO:0051896;GO:0048488;GO:0016079
P0C851,Phosphoinositide interacting regulator of transient receptor potential channels,Brain,GO:0005886;GO:1902936;GO:0005547;GO:0044325;GO:0048266;GO:0051930;GO:0009408
Q9BZ71,PITPNM family member 3,Brain,GO:0044297;GO:0042995;GO:0005737;GO:0005829;GO:0012505;GO:0016020;GO:0005509;GO:0008289;GO:0008526;GO:0004620;GO:0030971;GO:0006661
O75364,Paired like homeodomain 3,Brain,GO:0000785;GO:0005634;GO:0001228;GO:0000981;GO:0000978;GO:1990837;GO:0009653;GO:0009887;GO:1990792;GO:0071542;GO:0002088;GO:0070306;GO:0002089;GO:0007626;GO:0030901;GO:0014014;GO:0048666;GO:1904935;GO:0045893;GO:0043525;GO:0006355;GO:0006357;GO:0042220;GO:0035902;GO:1904313
P98161,"Polycystin 1, transient receptor potential channel interacting",Brain,GO:0016323;GO:0034704;GO:0034703;GO:0009986;GO:0060170;GO:0005929;GO:0005737;GO:0005783;GO:0070062;GO:0005794;GO:0000139;GO:0030660;GO:0016328;GO:0016020;GO:0140494;GO:0031514;GO:0005634;GO:0005886;GO:0002133;GO:0005262;GO:0030246;GO:0019904;GO:0019901;GO:0140416;GO:0044325;GO:0042813;GO:0009653;GO:0048754;GO:0070588;GO:0006816;GO:0007161;GO:0001502;GO:0051216;GO:0007166;GO:0007259;GO:0007160;GO:0050982;GO:0048565;GO:0001892;GO:0090162;GO:0048806;GO:0007507;GO:0007156;GO:0001701;GO:0001822;GO:0001889;GO:0060428;GO:0036303;GO:0072177;GO:0072164;GO:0072218;GO:0072205;GO:0072287;GO:0072237;GO:0160040;GO:0021915;GO:0071941;GO:0018105;GO:0060674;GO:0007204;GO:0045944;GO:0006611;GO:0051290;GO:0030155;GO:0051726;GO:2000045;GO:0060236;GO:0061136;GO:0034405;GO:0043588;GO:0021510;GO:0016055
Q9C010,CAMP-dependent protein kinase inhibitor beta,Brain,GO:0005737;GO:0005634;GO:0004862;GO:0032206;GO:0032212
P53816,Phospholipase A and acyltransferase 3,Brain,GO:0005737;GO:0005829;GO:0005783;GO:0005789;GO:0005765;GO:0005764;GO:0031966;GO:0005739;GO:0005635;GO:0048471;GO:0005778;GO:0005777;GO:0005886;GO:0016746;GO:0047498;GO:0047499;GO:0008289;GO:0016410;GO:0052739;GO:0008970;GO:0004623;GO:0046485;GO:0070306;GO:0016042;GO:0030397;GO:0070292;GO:1903008;GO:0007031;GO:0036152;GO:0008654;GO:0006644;GO:1904177;GO:0009617;GO:0006641
Q9NQ66,Phospholipase C beta 1,Brain,GO:0000785;GO:0005737;GO:0005829;GO:0070062;GO:0098982;GO:0098978;GO:0031965;GO:0016607;GO:0005634;GO:0099524;GO:0032991;GO:0005509;GO:0005516;GO:0019899;GO:0005096;GO:0042802;GO:0005521;GO:0004435;GO:0005546;GO:0004629;GO:0060466;GO:1902618;GO:1905631;GO:1904637;GO:1904117;GO:0021987;GO:0045444;GO:0007213;GO:0007186;GO:0000086;GO:0007215;GO:0032957;GO:0048009;GO:0070498;GO:0035722;GO:0035723;GO:0099105;GO:0007612;GO:1990806;GO:0007613;GO:0045892;GO:2000438;GO:0031161;GO:0046488;GO:0048015;GO:0007207;GO:2000344;GO:2000560;GO:0048639;GO:0045893;GO:0040019;GO:1900087;GO:0032024;GO:0032735;GO:0046330;GO:0045663;GO:0099170;GO:1903140;GO:0080154;GO:0008277;GO:0099178;GO:0051209;GO:0007165
Q15147,Phospholipase C beta 4,Brain,GO:0005829;GO:0005886;GO:0005509;GO:0004435;GO:0004629;GO:0007186;GO:0016042;GO:0046488;GO:0048015;GO:0160135;GO:0051209
O75038,Phospholipase C eta 2,Brain,GO:0005737;GO:0005886;GO:0005509;GO:0004435;GO:0016042;GO:0046488;GO:0048015;GO:0007200;GO:0051209
Q96BZ4,Phospholipase D family member 4,Brain,GO:0005769;GO:0005783;GO:0005789;GO:0005634;GO:0045335;GO:0032588;GO:0045145;GO:0051649;GO:0002244;GO:0006954;GO:0045087;GO:0006909;GO:1900015
Q8N2A8,Phospholipase D family member 6,Brain,GO:0005794;GO:0005741;GO:0005739;GO:0035755;GO:0046872;GO:0042803;GO:0016891;GO:0016042;GO:0051321;GO:0008053;GO:0030719;GO:0034587;GO:0010636;GO:0007286
Q9UF11,Pleckstrin homology domain containing B1,Brain,GO:0005737;GO:0016020;GO:0007602;GO:0045595
A6NEE1,Pleckstrin homology and coiled-coil domain containing D1,Brain,
Q9ULM0,"Pleckstrin homology, MyTH4 and FERM domain containing H1",Brain,GO:0005856
Q8IWE5,Pleckstrin homology and RUN domain containing M2,Brain,GO:0010008;GO:0005765;GO:0019894;GO:0007030;GO:0032418;GO:0042267;GO:0032880
Q02325,Plasminogen like B1,Brain,GO:0005576
Q496M5,Polo like kinase 5 (inactive),Brain,GO:0005737;GO:0005730;GO:0005524;GO:0004672;GO:0030154;GO:0051301;GO:0071363;GO:0002357;GO:0010976;GO:0042981;GO:2000045
Q9Y342,Plasmolipin,Brain,GO:0043218;GO:0016020;GO:0045121;GO:0043209;GO:0005886;GO:0042802;GO:0019911;GO:0034220;GO:0032288;GO:0042552;GO:0030100;GO:1904298
Q96GM1,Phospholipid phosphatase related 2,Brain,GO:0005886;GO:0008195;GO:0046839;GO:0006644;GO:0007165
Q6T4P5,Phospholipid phosphatase related 3,Brain,GO:0005886;GO:0008195;GO:0046839;GO:0006644;GO:0007165
Q32ZL2,Phospholipid phosphatase related 5,Brain,GO:0005886;GO:0008195;GO:0046839;GO:0006644;GO:0051491;GO:0010976;GO:0007165
Q9ULL4,Plexin B3,Brain,GO:0009986;GO:0005886;GO:0002116;GO:0098632;GO:0019904;GO:0051022;GO:0017154;GO:0060326;GO:0007156;GO:0007162;GO:0030336;GO:0034260;GO:0010593;GO:0050918;GO:0050772;GO:0001938;GO:0010976;GO:0008360;GO:0071526;GO:0007416
Q6P2M8,Pregnancy up-regulated nonubiquitous CaM kinase,Brain,GO:0005737;GO:0005634;GO:0005524;GO:0004683;GO:0005516;GO:0106310;GO:0007165
Q8NA58,PARN like ribonuclease domain containing exonuclease 1,Brain,GO:0005783;GO:0005789;GO:0005634;GO:0000175;GO:0046872;GO:0004535;GO:0003723;GO:0001825;GO:0000184;GO:0000289;GO:0034587;GO:1990431;GO:1990432;GO:0007283
Q9UL41,PNMA family member 3,Brain,GO:0005730;GO:0003676;GO:0008270;GO:0043065
P0CW24,PNMA family member 6A,Brain,
Q86V59,PNMA family member 8A,Brain,
P11086,Phenylethanolamine N-methyltransferase,Brain,GO:0005829;GO:0004603;GO:0042423;GO:0042418;GO:0032259
Q9NZ53,Podocalyxin like 2,Brain,GO:0005796;GO:0005886;GO:0005539;GO:0050901
P06746,DNA polymerase beta,Brain,GO:0005737;GO:0005874;GO:0005654;GO:0005634;GO:0032991;GO:0005876;GO:0051575;GO:0140078;GO:0003684;GO:0003906;GO:0003887;GO:0019899;GO:0016829;GO:0046872;GO:0008017;GO:0006284;GO:0006287;GO:0006974;GO:0006281;GO:0006261;GO:0006303;GO:0048872;GO:0071707;GO:0001701;GO:0006954;GO:0008630;GO:0048535;GO:0051402;GO:0006290;GO:0045471;GO:0010332;GO:0055093;GO:0007435;GO:0016446;GO:0048536
Q15165,Paraoxonase 2,Brain,GO:0005576;GO:0005886;GO:0102007;GO:0004064;GO:0046872;GO:0042803;GO:1901335;GO:0009636
P78424,POU class 6 homeobox 2,Brain,GO:0000785;GO:0005634;GO:0003700;GO:0000981;GO:0000978;GO:0007417;GO:0007402;GO:0006355;GO:0006357;GO:0007601
O75145,PTPRF interacting protein alpha 3,Brain,GO:0001669;GO:0005829;GO:0098875;GO:0098978;GO:0048786;GO:0098831;GO:0007269;GO:0048172;GO:0050808;GO:0016081
A0A075B767,Peptidylprolyl isomerase A like 4H,Brain,GO:0005737;GO:0016018;GO:0003755;GO:0140839;GO:0140840;GO:0006457
Q6PFW1,Diphosphoinositol pentakisphosphate kinase 1,Brain,GO:0005829;GO:0005886;GO:0033857;GO:0005524;GO:0000829;GO:0052723;GO:0000832;GO:0000828;GO:0000827;GO:0006020;GO:0032958;GO:0043647
Q8WY54,"Protein phosphatase, Mg2+/Mn2+ dependent 1E",Brain,GO:0005737;GO:0005730;GO:0005654;GO:0005634;GO:0032991;GO:0033192;GO:0140791;GO:1990439;GO:0046872;GO:0017018;GO:0004722;GO:0180006;GO:0180007;GO:0180008;GO:0180005;GO:0180004;GO:0071222;GO:0071466;GO:0006469;GO:0035970;GO:0051496;GO:0007165
Q9ULR3,"Protein phosphatase, Mg2+/Mn2+ dependent 1H",Brain,GO:0005737;GO:0098978;GO:0005739;GO:0005654;GO:0005634;GO:0004741;GO:0033192;GO:0140791;GO:0042802;GO:1990439;GO:0017018;GO:0004721;GO:0180006;GO:0180007;GO:0180008;GO:0180005;GO:0180004;GO:0007165
Q96A00,Protein phosphatase 1 regulatory inhibitor subunit 14A,Brain,GO:0005829;GO:0004865
Q96T49,Protein phosphatase 1 regulatory subunit 16B,Brain,GO:0042995;GO:0005737;GO:0016607;GO:0005634;GO:0048471;GO:0005886;GO:0004857;GO:0017020;GO:0019888;GO:0061028;GO:1903589;GO:0001938;GO:0051489;GO:0051896;GO:1903670
Q6ZSY5,Protein phosphatase 1 regulatory subunit 3F,Brain,GO:0016020;GO:0000164;GO:2001069;GO:0008157;GO:0019903;GO:2000465;GO:0005979
Q96SB3,Protein phosphatase 1 regulatory subunit 9B,Brain,GO:0015629;GO:0005912;GO:0030864;GO:0005737;GO:1990780;GO:0030425;GO:0044327;GO:0044326;GO:0098890;GO:0030175;GO:0098978;GO:0030426;GO:0030027;GO:0043025;GO:0005654;GO:0005886;GO:0014069;GO:0000164;GO:0032587;GO:0097444;GO:0051015;GO:0031749;GO:0019900;GO:0004672;GO:0008157;GO:0004864;GO:0044325;GO:0030042;GO:0007015;GO:0019722;GO:0016477;GO:0071364;GO:0071392;GO:0071315;GO:1901653;GO:0071466;GO:0021987;GO:0016358;GO:0003006;GO:0046847;GO:0021766;GO:0007612;GO:0060179;GO:0030308;GO:0031175;GO:1904372;GO:1903078;GO:1903119;GO:1990778;GO:0051726;GO:0001560;GO:0042127;GO:0007096;GO:2000474;GO:0150052;GO:0061458;GO:0001975;GO:0035902;GO:1904373;GO:1904386;GO:0035094;GO:0034695;GO:0048545;GO:0008380
Q00005,Protein phosphatase 2 regulatory subunit Bbeta,Brain,GO:0005856;GO:0005829;GO:0005741;GO:0005739;GO:0000159;GO:0019888;GO:0006915
Q9Y2T4,Protein phosphatase 2 regulatory subunit Bgamma,Brain,GO:0005829;GO:0000159;GO:0019888
Q08209,Protein phosphatase 3 catalytic subunit alpha,Brain,GO:0005955;GO:0005737;GO:0005829;GO:0043197;GO:0019897;GO:0098978;GO:0005739;GO:0005654;GO:0005886;GO:0008287;GO:0042383;GO:0098685;GO:0036057;GO:0030018;GO:0051117;GO:0005509;GO:0005516;GO:0033192;GO:0019899;GO:0140791;GO:1990439;GO:0017018;GO:0046983;GO:0004722;GO:0044877;GO:0180006;GO:0180007;GO:0180008;GO:0180005;GO:0180004;GO:0097720;GO:0033173;GO:0006816;GO:0014898;GO:0071333;GO:0048813;GO:0016311;GO:0008544;GO:0060079;GO:0000082;GO:0030216;GO:0050804;GO:0033555;GO:0110062;GO:1905949;GO:0050774;GO:0010629;GO:0046676;GO:0023057;GO:0070262;GO:0042104;GO:0070886;GO:1905665;GO:1903244;GO:0045785;GO:0030335;GO:1905205;GO:0045807;GO:0010628;GO:0090193;GO:0045669;GO:0045672;GO:0046878;GO:0045944;GO:0099170;GO:0006470;GO:0006606;GO:0061006;GO:0097205;GO:0001975;GO:0051592;GO:0048741;GO:0043403;GO:0042110;GO:0014883;GO:0042060
P63098,"Protein phosphatase 3 regulatory subunit B, alpha",Brain,GO:0005955;GO:0005829;GO:0098978;GO:0098686;GO:0005654;GO:0098688;GO:0098794;GO:0008287;GO:0042383;GO:0098685;GO:0005509;GO:0004723;GO:0008597;GO:0005516;GO:0019902;GO:0019904;GO:0001569;GO:0033173;GO:0001837;GO:0007507;GO:0060487;GO:0022011;GO:1905949;GO:0070886;GO:1905665;GO:0045944;GO:0099170;GO:0006606;GO:0099149;GO:0098693
Q6NUP7,Protein phosphatase 4 regulatory subunit 4,Brain,GO:0005737;GO:0005829;GO:0008287;GO:0004864;GO:0019888;GO:0004865;GO:0001835
Q86YV5,"PEAK1 related, kinase-activating pseudokinase 1",Brain,GO:0005737;GO:0005829;GO:0005925;GO:0005634;GO:0042802;GO:0004672;GO:0016477;GO:0010977;GO:0035025;GO:2000145;GO:0008360;GO:0008593
Q86XR5,Proline rich membrane anchor 1,Brain,GO:0070161;GO:0005886;GO:0045202
P22694,Protein kinase cAMP-activated catalytic subunit beta,Brain,GO:0005952;GO:0005813;GO:0097546;GO:0005829;GO:0070062;GO:0005654;GO:0005634;GO:0005886;GO:0005524;GO:0004691;GO:0000287;GO:0106310;GO:0004674;GO:0031625;GO:0007188;GO:0034380;GO:0045879;GO:1904262;GO:0001843;GO:0006468;GO:0070613;GO:0003091;GO:0007165
P17252,Protein kinase C alpha,Brain,GO:0035866;GO:0036064;GO:0005737;GO:0005829;GO:0005783;GO:0070062;GO:0031966;GO:0005739;GO:0005654;GO:0048471;GO:0005886;GO:0005524;GO:0004698;GO:0019992;GO:0004697;GO:0004699;GO:0019899;GO:0035403;GO:0005178;GO:0004672;GO:0106310;GO:0004674;GO:0008270;GO:0001525;GO:0097190;GO:0007155;GO:0002159;GO:0035556;GO:0007077;GO:0034351;GO:0018107;GO:0106071;GO:0045766;GO:0110063;GO:0043536;GO:0045780;GO:0010613;GO:0045785;GO:0030335;GO:2000707;GO:0010595;GO:0001938;GO:0070374;GO:0032024;GO:0031666;GO:0045651;GO:0045931;GO:0043687;GO:0006468;GO:0043488;GO:0090330;GO:0070555
P05771,Protein kinase C beta,Brain,GO:0031526;GO:0044305;GO:0005813;GO:0005737;GO:0005829;GO:0070062;GO:0005654;GO:0005634;GO:0005886;GO:0099523;GO:0008091;GO:0005524;GO:0005246;GO:0004698;GO:0003682;GO:0004697;GO:0004699;GO:0042393;GO:0035403;GO:0050681;GO:0030374;GO:0005080;GO:0106310;GO:0004674;GO:0008270;GO:0002250;GO:0006915;GO:0042113;GO:0050853;GO:0006816;GO:0071322;GO:0018894;GO:0006874;GO:0035556;GO:0042953;GO:0007077;GO:0010829;GO:0046627;GO:0007207;GO:0045766;GO:0043123;GO:0032024;GO:0042488;GO:0030949;GO:0043687;GO:0099171;GO:0006468;GO:0010827;GO:0014059;GO:0040008;GO:2000300;GO:0006357;GO:0045471;GO:0009749;GO:0033280;GO:0009410;GO:0007165
Q02156,Protein kinase C epsilon,Brain,GO:0071944;GO:0005737;GO:0005829;GO:0005783;GO:0005794;GO:0045111;GO:0043231;GO:0005739;GO:0005634;GO:0048471;GO:0005886;GO:0045202;GO:0071889;GO:0003785;GO:0005524;GO:0004698;GO:0004697;GO:0004699;GO:0008047;GO:0019899;GO:0035276;GO:0046872;GO:0004672;GO:0106310;GO:0004674;GO:0030546;GO:0006915;GO:0051301;GO:0031589;GO:0071361;GO:0071456;GO:0071380;GO:0051649;GO:0038096;GO:0030073;GO:0035556;GO:0031663;GO:0035641;GO:0002281;GO:0000165;GO:0070254;GO:0031397;GO:1902306;GO:0018105;GO:0030838;GO:0043123;GO:0010811;GO:2001031;GO:0032467;GO:0010634;GO:0010763;GO:0032024;GO:0050996;GO:0043410;GO:0070257;GO:1903078;GO:0032930;GO:0032230;GO:0090303;GO:0006468;GO:0061178;GO:0051279;GO:0043278;GO:0007165;GO:0051932;GO:0009407;GO:0035669
Q05513,Protein kinase C zeta,Brain,GO:0045179;GO:0016324;GO:0043203;GO:0005923;GO:0030054;GO:0031252;GO:0005911;GO:0005737;GO:0005829;GO:0005768;GO:0070062;GO:0098978;GO:0016020;GO:0005815;GO:0035748;GO:0005635;GO:0016363;GO:0120157;GO:0048471;GO:0005886;GO:0014069;GO:0098685;GO:0001725;GO:0070160;GO:0031982;GO:0071889;GO:0005524;GO:0004698;GO:0004697;GO:0004699;GO:0043560;GO:0046872;GO:0043274;GO:0015459;GO:0004672;GO:0019901;GO:0106310;GO:0004674;GO:0044877;GO:0016477;GO:0007166;GO:0032869;GO:0030010;GO:0045197;GO:0006954;GO:0035556;GO:0007616;GO:0060291;GO:0051899;GO:0060081;GO:0000226;GO:0043066;GO:0046627;GO:0050732;GO:0031333;GO:1990138;GO:0018105;GO:0008284;GO:0001954;GO:0070374;GO:2000463;GO:0046628;GO:0032733;GO:0032736;GO:0032753;GO:0032754;GO:0051092;GO:0051222;GO:2000553;GO:0045630;GO:0070528;GO:0072659;GO:0006468;GO:0098696;GO:0007165;GO:0047496
O43272,Proline dehydrogenase 1,Brain,GO:0043231;GO:0005743;GO:0005759;GO:0005739;GO:0005654;GO:0071949;GO:0004657;GO:0019470;GO:0008631;GO:0006562;GO:0010133;GO:0006560;GO:1903376
Q8NFJ6,Prokineticin receptor 2,Brain,GO:0005886;GO:0004983;GO:0007623;GO:0007186
P79522,Proline rich 3,Brain,GO:0046872;GO:0003723
Q6MZQ0,Proline rich 5 like,Brain,GO:0031932;GO:0031625;GO:0034599;GO:0001933;GO:0009968;GO:0043491;GO:0090316;GO:0061014;GO:0051897;GO:0010762;GO:0038203
Q8TB68,"Proline rich 7, synaptic",Brain,GO:0005829;GO:0030425;GO:0098978;GO:0005654;GO:0005634;GO:0048471;GO:0005886;GO:0098839;GO:0099092;GO:0036041;GO:1990782;GO:0044877;GO:0044389;GO:0002250;GO:0046632;GO:0043065;GO:2001056;GO:0099527;GO:0006356;GO:0033077
O14668,Proline rich and Gla domain 1,Brain,GO:0005615;GO:0005886;GO:0005509;GO:0004252;GO:0007596
Q9BZD7,Proline rich and Gla domain 3,Brain,GO:0005615;GO:0016020;GO:0005509;GO:0004252;GO:0007596
Q7Z6L0,Proline rich transmembrane protein 2,Brain,GO:0043679;GO:0043197;GO:0098978;GO:0016020;GO:0005886;GO:0098839;GO:0098793;GO:0042734;GO:0008021;GO:0030672;GO:0031982;GO:0017075;GO:1905513;GO:0035544;GO:0050884;GO:0150037;GO:0031629
Q8TBF2,Peroxiredoxin like 2B,Brain,GO:0005737;GO:0005829;GO:0005783;GO:0070062;GO:0005739;GO:0043209;GO:0016616;GO:0047017;GO:0001516
Q9Y617,Phosphoserine aminotransferase 1,Brain,GO:0005737;GO:0005829;GO:0070062;GO:0042802;GO:0004648;GO:0030170;GO:0006564;GO:0008615
A5PKW4,Pleckstrin and Sec7 domain containing,Brain,GO:0032154;GO:0043197;GO:0099092;GO:0032587;GO:0005085;GO:0005543;GO:0031175;GO:0032012;GO:0007165
Q9NYI0,Pleckstrin and Sec7 domain containing 3,Brain,GO:0014069;GO:0032587;GO:0005085;GO:0032012
Q96NR3,Patched domain containing 1,Brain,GO:0043197;GO:0005886;GO:0045202;GO:0007268;GO:0050890;GO:0098976;GO:0098977;GO:0007616;GO:0007614;GO:0007224;GO:0035176;GO:0021794
Q96BW5,Phosphotriesterase related,Brain,GO:0005829;GO:0070062;GO:0141215;GO:0008270;GO:0009056;GO:0030855;GO:0032098;GO:0019530
P41222,Prostaglandin D2 synthase,Brain,GO:0005789;GO:0070062;GO:0005576;GO:0005615;GO:0005794;GO:0031965;GO:0048471;GO:0005791;GO:0005504;GO:0004667;GO:0005501;GO:0019371;GO:0010467;GO:0043303;GO:2000255;GO:0001516;GO:0045187;GO:0051384
Q96A98,Parathyroid hormone 2,Brain,GO:0005576;GO:0007218
Q14289,Protein tyrosine kinase 2 beta,Brain,GO:0097440;GO:0044297;GO:0005938;GO:0005737;GO:0005856;GO:0005829;GO:0030425;GO:0043197;GO:0005925;GO:0098978;GO:0030426;GO:0030027;GO:0043025;GO:0017146;GO:0005634;GO:0048471;GO:0005886;GO:0014069;GO:0099092;GO:0098793;GO:0098685;GO:0043423;GO:0005524;GO:0004683;GO:0035254;GO:0140801;GO:0035401;GO:0099602;GO:0004715;GO:0004713;GO:0044877;GO:0031625;GO:0042976;GO:0002250;GO:0006915;GO:0043534;GO:0045453;GO:0007166;GO:0006968;GO:0071498;GO:0071300;GO:0070098;GO:0030865;GO:0086100;GO:0007173;GO:0048041;GO:0014009;GO:0007229;GO:0035235;GO:0060292;GO:0060291;GO:0000165;GO:0002315;GO:0043066;GO:0030502;GO:0008285;GO:0010656;GO:0045638;GO:0043524;GO:0043267;GO:0031175;GO:0001556;GO:0038083;GO:0018108;GO:0030838;GO:0045766;GO:2000538;GO:0030307;GO:0030335;GO:0008284;GO:0001954;GO:0007204;GO:2000573;GO:0010595;GO:0070374;GO:2000463;GO:0046330;GO:0010976;GO:0045429;GO:0051897;GO:0045860;GO:2000379;GO:0051968;GO:0045727;GO:2000060;GO:0099170;GO:0046777;GO:0006468;GO:0065003;GO:0032956;GO:0030155;GO:0008360;GO:0010758;GO:0099151;GO:0051279;GO:0048167;GO:2000058;GO:0051592;GO:0051591;GO:0043157;GO:0042220;GO:0045471;GO:0009749;GO:0009725;GO:0042542;GO:0001666;GO:0035902;GO:0002931;GO:0009612;GO:0009410;GO:0007172;GO:0007165;GO:0002040;GO:0043149;GO:0033209;GO:0048010
P23468,Protein tyrosine phosphatase receptor type D,Brain,GO:0070062;GO:0098978;GO:0098686;GO:0005886;GO:0042734;GO:0098685;GO:0050839;GO:0140793;GO:0004726;GO:0004725;GO:0030946;GO:0005102;GO:0005001;GO:0007185;GO:0071456;GO:0036120;GO:0007157;GO:0050804;GO:0046426;GO:0007399;GO:0030182;GO:0006796;GO:0061003;GO:0051965;GO:0099054;GO:0097105;GO:0050776;GO:0099151;GO:0007165;GO:0099560;GO:0099545
Q92932,Protein tyrosine phosphatase receptor type N2,Brain,GO:0101003;GO:0005886;GO:0043235;GO:0030141;GO:0030667;GO:0045202;GO:0030672;GO:0140793;GO:0004726;GO:0030946;GO:0005001;GO:0035773;GO:0006629;GO:0007269;GO:0006470;GO:0051046
Q16827,Protein tyrosine phosphatase receptor type O,Brain,GO:0016324;GO:0030424;GO:0043197;GO:0070062;GO:0098982;GO:0098978;GO:0030426;GO:0030027;GO:0016328;GO:0016020;GO:0043005;GO:0005886;GO:0098839;GO:0045296;GO:0140793;GO:0004726;GO:0016791;GO:0042803;GO:0004725;GO:0030946;GO:0005001;GO:0017147;GO:0007411;GO:0000902;GO:0032835;GO:0030032;GO:0002548;GO:0090090;GO:0010812;GO:0003105;GO:0010977;GO:0090260;GO:0035335;GO:0072112;GO:0006470;GO:0003093;GO:0050807;GO:0036060
Q15256,Protein tyrosine phosphatase receptor type R,Brain,GO:0030054;GO:0005829;GO:0005615;GO:0048471;GO:0005886;GO:0140793;GO:0004726;GO:0019901;GO:0004725;GO:0030946;GO:0005001;GO:0038128;GO:0001701;GO:0010633;GO:0070373;GO:0006470;GO:0007165
O14522,Protein tyrosine phosphatase receptor type T,Brain,GO:0009986;GO:0098978;GO:0016020;GO:0005886;GO:0098839;GO:0051393;GO:0045294;GO:0008013;GO:0045296;GO:0070097;GO:0045295;GO:0140793;GO:0004726;GO:0042803;GO:0019903;GO:0004725;GO:0030946;GO:0097677;GO:0016790;GO:0005001;GO:0007155;GO:0007169;GO:0071354;GO:0007156;GO:0030336;GO:1904893;GO:0031175;GO:0035335;GO:1990264;GO:0006470;GO:0050807;GO:0007165
Q9UJV8,Purine rich element binding protein G,Brain,GO:0005634;GO:0045202;GO:0000981;GO:0032422;GO:0003723;GO:0000977;GO:0006357
P20472,Parvalbumin,Brain,GO:0030424;GO:0005737;GO:0045202;GO:0005509;GO:0098976;GO:0010467;GO:0098977
Q7Z7A4,PX domain containing serine/threonine kinase like,Brain,GO:0034451;GO:0005737;GO:0005829;GO:0005634;GO:0005886;GO:0032991;GO:0003779;GO:0035091;GO:0006954;GO:0050804;GO:0032780;GO:0043271
Q96PU8,"QKI, KH domain containing RNA binding",Brain,GO:0010494;GO:0005829;GO:0005634;GO:0045202;GO:0003677;GO:0160089;GO:0035198;GO:0003730;GO:0003729;GO:0003723;GO:0017124;GO:0003713;GO:0008298;GO:0042759;GO:0014004;GO:0048255;GO:0051028;GO:0042552;GO:1990764;GO:1905869;GO:0016525;GO:0120163;GO:0045650;GO:2000626;GO:0017148;GO:0032480;GO:0045542;GO:0010628;GO:0031643;GO:0048714;GO:0048710;GO:0010717;GO:0045649;GO:0048024;GO:0007286;GO:0160091;GO:0035886;GO:0001570
Q96P65,Pyroglutamylated RFamide peptide receptor,Brain,GO:0016020;GO:0005886;GO:0004930;GO:0004983;GO:0032870;GO:0007186
Q15032,R3H domain containing 1,Brain,GO:0003723
Q86YS3,RAB11 family interacting protein 4,Brain,GO:0005813;GO:0032154;GO:0030139;GO:0005768;GO:0005615;GO:0030496;GO:0048471;GO:0055038;GO:0005819;GO:0005509;GO:0042803;GO:0031267;GO:0032456;GO:0003407;GO:1903452;GO:0032465
P59190,"RAB15, member RAS oncogene family",Brain,GO:0005929;GO:0005737;GO:0010008;GO:0070062;GO:0048471;GO:0005886;GO:0005525;GO:0003924;GO:0006887;GO:1903307;GO:0015031;GO:0032482
Q9ULW5,"RAB26, member RAS oncogene family",Brain,GO:0005768;GO:0005794;GO:0000139;GO:0005886;GO:0030667;GO:0030672;GO:0019002;GO:0005525;GO:0003924;GO:0035272;GO:0043001;GO:0045055;GO:0017157;GO:0140251
Q14088,"RAB33A, member RAS oncogene family",Brain,GO:0005768;GO:0005794;GO:0000139;GO:0005886;GO:0005525;GO:0003924;GO:0019882;GO:0000045;GO:0032482
Q96AX2,"RAB37, member RAS oncogene family",Brain,GO:0035577;GO:0005793;GO:0005768;GO:0005794;GO:0005886;GO:0035579;GO:0005525;GO:0003924;GO:0015031
Q14964,"RAB39A, member RAS oncogene family",Brain,GO:0005829;GO:0000139;GO:0005764;GO:0045335;GO:0030670;GO:0005886;GO:0005525;GO:0003924;GO:0006914;GO:0090383;GO:0090385;GO:0015031;GO:0032482;GO:0016192
Q96DA2,"RAB39B, member RAS oncogene family",Brain,GO:0030659;GO:0005794;GO:0043005;GO:0005886;GO:0031982;GO:0005525;GO:0003924;GO:0031489;GO:0006914;GO:0015031;GO:0032482;GO:0010506;GO:0050808;GO:0016192
P20337,"RAB3B, member RAS oncogene family",Brain,GO:0005737;GO:0098691;GO:0005768;GO:0070062;GO:0005794;GO:0048471;GO:0005886;GO:0008021;GO:0030672;GO:0031982;GO:0019003;GO:0005525;GO:0003924;GO:0031489;GO:0019882;GO:0006887;GO:0051586;GO:0015031;GO:0098693;GO:0097494
Q96E17,"RAB3C, member RAS oncogene family",Brain,GO:0005768;GO:0048471;GO:0005886;GO:0008021;GO:0030672;GO:0031982;GO:0005525;GO:0030742;GO:0003924;GO:0031489;GO:0019882;GO:0006887;GO:0015031;GO:0017157
Q12829,"RAB40B, member RAS oncogene family",Brain,GO:0005768;GO:0005635;GO:0048471;GO:0005886;GO:0008021;GO:0005525;GO:0003924;GO:1990748;GO:0006887;GO:0035556;GO:0016567
P61018,"RAB4B, member RAS oncogene family",Brain,GO:0005829;GO:0031901;GO:0032593;GO:0048471;GO:0005886;GO:0055037;GO:0030667;GO:0003925;GO:0005525;GO:0003924;GO:0046323;GO:0034498;GO:0034058;GO:0015031;GO:0032482;GO:0030100;GO:0016192
P60763,Rac family small GTPase 3,Brain,GO:0071944;GO:0031410;GO:0005856;GO:0005829;GO:0012505;GO:0005789;GO:0070062;GO:0031941;GO:0098978;GO:0030426;GO:0030027;GO:0043020;GO:0043005;GO:0043025;GO:0048471;GO:0005886;GO:0098794;GO:0048306;GO:0003925;GO:0005525;GO:0003924;GO:1990606;GO:0019901;GO:0030036;GO:0007015;GO:0060326;GO:0030031;GO:0021894;GO:0030865;GO:0007163;GO:0048873;GO:0035556;GO:0008045;GO:0050885;GO:0033630;GO:1900026;GO:0098974;GO:0016601;GO:0032956;GO:0008360;GO:0014041;GO:1902622;GO:0150052;GO:0045730;GO:0051932;GO:0016055
Q96JH8,Rap associating with DIL domain,Brain,GO:0005874;GO:0032991;GO:0051020;GO:0001755;GO:0007165;GO:0034446
Q6NSI4,"RPA1 related single stranded DNA binding protein, X-linked",Brain,GO:0016607;GO:0005657;GO:0003723;GO:0003697;GO:2000042;GO:0006282
Q86SE5,RALY RNA binding protein like,Brain,GO:0005654;GO:0005634;GO:0042802;GO:0003723
Q86VV4,RAN binding protein 3 like,Brain,GO:0005737;GO:0005643;GO:0046332;GO:1901706;GO:0045668;GO:0045663;GO:0006611
P47736,RAP1 GTPase activating protein,Brain,GO:0030424;GO:0005737;GO:0005829;GO:0030425;GO:0005769;GO:0000139;GO:0016020;GO:0043025;GO:0005096;GO:0003924;GO:0042803;GO:0031267;GO:0002250;GO:1990792;GO:1903697;GO:0045665;GO:1904442;GO:0043547;GO:0043087;GO:0051056;GO:0007165
P10114,"RAP2A, member of RAS oncogene family",Brain,GO:0005829;GO:0030496;GO:0005886;GO:0055037;GO:0055038;GO:0098685;GO:0097060;GO:0003925;GO:0019003;GO:0005525;GO:0003924;GO:0000287;GO:0030036;GO:0071466;GO:0045184;GO:0030033;GO:0030336;GO:0031954;GO:0001934;GO:0008104;GO:0072659;GO:0032486;GO:0048814;GO:0046328;GO:0099072;GO:0051963
Q8N9B8,RasGEF domain family member 1A,Brain,GO:0005829;GO:0005886;GO:0005085;GO:0016477;GO:0046579;GO:0007265
O95267,RAS guanyl releasing protein 1,Brain,GO:0005829;GO:0005789;GO:0005794;GO:0000139;GO:0016020;GO:0005886;GO:0005509;GO:0019992;GO:0005085;GO:0042802;GO:0008289;GO:0031210;GO:0008270;GO:0090630;GO:0042113;GO:0042100;GO:0030154;GO:0002437;GO:0043303;GO:0030101;GO:0043406;GO:0032825;GO:0045954;GO:0001934;GO:0046579;GO:0033089;GO:0007265;GO:0070372;GO:0051896;GO:0032252;GO:0007165;GO:0042110;GO:0042098;GO:0047496
Q8IV61,RAS guanyl releasing protein 3,Brain,GO:0032045;GO:0048471;GO:0005886;GO:0005509;GO:0019992;GO:0005096;GO:0005085;GO:0019900;GO:0031267;GO:0000165;GO:0007265;GO:0007264
Q96S79,RAS like family 10 member B,Brain,GO:0005886;GO:0003925;GO:0005525;GO:0090277;GO:0003050
Q9NWB1,RNA binding fox-1 homolog 1,Brain,GO:0005737;GO:0010494;GO:0097165;GO:0005634;GO:0005802;GO:0003729;GO:0003723;GO:0006397;GO:0007399;GO:0000381;GO:0008380;GO:0050658
A6NFN3,RNA binding fox-1 homolog 3,Brain,GO:0005737;GO:0005634;GO:0003729;GO:0006397;GO:0007399;GO:0000381;GO:0008380
Q8IZ40,REST corepressor 2,Brain,GO:0000118;GO:0005667;GO:0019899;GO:0003714;GO:0045892;GO:0006357
Q9BRK0,Receptor accessory protein 2,Brain,GO:0005881;GO:0005783;GO:0005789;GO:0071782;GO:0005886;GO:0008017;GO:0031883;GO:0071786;GO:0032596;GO:0032386;GO:0050913;GO:0050916
Q8NC24,RELT like 2,Brain,GO:0005604;GO:0005886;GO:0005518;GO:0010811;GO:1900745
Q8IYK8,RRAD and GEM like GTPase 2,Brain,GO:0005886;GO:0005246;GO:0005525;GO:0003924
P07949,Ret proto-oncogene,Brain,GO:0030424;GO:0030425;GO:0005769;GO:0010008;GO:0043025;GO:0005886;GO:0098797;GO:0043235;GO:0005524;GO:0008288;GO:0060175;GO:0005509;GO:0005006;GO:0005007;GO:0005004;GO:0005008;GO:0140801;GO:0035401;GO:0005009;GO:0005010;GO:0005011;GO:0036332;GO:0005018;GO:0005019;GO:0004713;GO:0038062;GO:0038023;GO:0005020;GO:0004714;GO:0005005;GO:0005021;GO:0007411;GO:0007169;GO:0071300;GO:0001838;GO:0048484;GO:0160144;GO:0035860;GO:0007156;GO:0060384;GO:0097021;GO:0000165;GO:0033619;GO:0001755;GO:0007158;GO:0042551;GO:0061146;GO:0033630;GO:0030335;GO:0045793;GO:2001056;GO:0045893;GO:2001241;GO:0010628;GO:0043410;GO:0072300;GO:0014042;GO:0010976;GO:0051897;GO:0007497;GO:0006468;GO:0050770;GO:0030155;GO:0048265;GO:0009410;GO:0060041;GO:0007165;GO:0035799;GO:0001657
Q52LD8,Raftlin family member 2,Brain,GO:0005886;GO:0033227;GO:0043330
Q08116,Regulator of G protein signaling 1,Brain,GO:0009898;GO:0005829;GO:0005886;GO:0005516;GO:0001965;GO:0005096;GO:0003924;GO:0007193;GO:0007186;GO:0006955;GO:0061737;GO:0009968;GO:0043547;GO:0009617;GO:0007165
Q9UGC6,Regulator of G protein signaling 17,Brain,GO:0005737;GO:0043005;GO:0005634;GO:0005886;GO:0045202;GO:0005096;GO:0003924;GO:0007186;GO:0009968;GO:0001975
P49758,Regulator of G protein signaling 6,Brain,GO:0005737;GO:0005829;GO:0016020;GO:0043005;GO:0005634;GO:0005886;GO:0005096;GO:0003924;GO:0007186;GO:0035556;GO:0009968;GO:0043547;GO:0008277
Q6MZT1,Regulator of G protein signaling 7 binding protein,Brain,GO:0030424;GO:0005737;GO:0043198;GO:0044327;GO:0098978;GO:0043005;GO:0005634;GO:0043204;GO:0098794;GO:0098839;GO:0042734;GO:0007186;GO:0009968;GO:0060078
Q6NTF9,Rhomboid domain containing 2,Brain,GO:0005789;GO:0005794;GO:0000139;GO:0005654;GO:0048471;GO:0004252;GO:0005047;GO:0030968;GO:0036503
P58872,Rhomboid like 3,Brain,GO:0016020;GO:0005509;GO:0004252;GO:0006508
Q9H310,Rh family B glycoprotein,Brain,GO:0016323;GO:0005886;GO:0014731;GO:0008519;GO:0030506;GO:0035379;GO:0097272;GO:0072488;GO:0070634
Q8TAI7,RHEB like 1,Brain,GO:0005737;GO:0012505;GO:0005886;GO:0019003;GO:0005525;GO:0003924;GO:0046872;GO:0051092;GO:0007264;GO:0031929
Q9BYZ6,Rho related BTB domain containing 2,Brain,GO:0010008;GO:0005886;GO:0005525;GO:0003924;GO:0019901;GO:0007015;GO:0032488;GO:0006897;GO:0030010
Q8NHV9,Rhox homeobox family member 1,Brain,GO:0000785;GO:0005829;GO:0005654;GO:0005634;GO:0003677;GO:0003700;GO:0000981;GO:0000977;GO:1990837;GO:0030521;GO:0010628;GO:0006355;GO:0006357
O15034,RIMS binding protein 2,Brain,GO:0005886;GO:0045202;GO:0007274
Q8IXN7,Ribosomal modification protein rimK like family member A,Brain,GO:0005737;GO:0005829;GO:0005524;GO:0046872;GO:0072590;GO:0009064;GO:0036211
Q9UQ26,Regulating synaptic membrane exocytosis 2,Brain,GO:0042995;GO:0070062;GO:0048786;GO:0098831;GO:0042734;GO:0046872;GO:0031267;GO:0098882;GO:0044325;GO:0007188;GO:0048791;GO:0017156;GO:0030154;GO:0030073;GO:0006886;GO:1903861;GO:2000463;GO:0097151;GO:0017157;GO:0042391;GO:2000300;GO:0061669;GO:0016081;GO:0016082
Q9H426,Regulating synaptic membrane exocytosis 4,Brain,GO:0048786;GO:0098831;GO:0042734;GO:0097060;GO:0031267;GO:0098882;GO:0044325;GO:0042391;GO:2000300;GO:0016081;GO:0016082
Q92730,Rho family GTPase 1,Brain,GO:0015629;GO:0005912;GO:0005829;GO:0043231;GO:0005886;GO:0005525;GO:0003924;GO:0019901;GO:0005102;GO:0007015;GO:0016477;GO:0007162;GO:0016322;GO:0032956;GO:0007165;GO:0007264
P52198,Rho family GTPase 2,Brain,GO:0002080;GO:0005829;GO:0005769;GO:0005886;GO:0005525;GO:0003924;GO:0019901;GO:0007015;GO:0016477;GO:0048668;GO:0048672;GO:0032956;GO:0007165;GO:0007264
P50876,Ring finger protein 144A,Brain,GO:0005737;GO:0005789;GO:0010008;GO:0005794;GO:0043231;GO:0005886;GO:0000151;GO:0031624;GO:0061630;GO:0008270;GO:0002221;GO:0085020;GO:0016567;GO:0006511
Q96PX1,Ring finger protein 157,Brain,GO:0044297;GO:0005737;GO:0046872;GO:0061630;GO:0043066;GO:1903861;GO:0016567
Q8N4F7,Ring finger protein 175,Brain,GO:0005789;GO:0000139;GO:0046872;GO:0061630;GO:0036503
Q8N6D2,Ring finger protein 182,Brain,GO:0005737;GO:0016020;GO:0046872;GO:0004842;GO:0016567
Q9H0X6,Ring finger protein 208,Brain,GO:0005829;GO:0005654;GO:0046872;GO:0061630;GO:0004842;GO:0051865;GO:0016567
Q9HCK4,Roundabout guidance receptor 2,Brain,GO:0030673;GO:0009986;GO:0070062;GO:0005886;GO:0008046;GO:0042802;GO:0035904;GO:0003180;GO:0061364;GO:0007411;GO:0016199;GO:0007420;GO:0098609;GO:0032870;GO:0007417;GO:0006935;GO:0003272;GO:0003129;GO:0007156;GO:0001656;GO:0050925;GO:0051964;GO:0021891;GO:0003148;GO:0050772;GO:0045747;GO:0003184;GO:0031290;GO:0001657;GO:0060412
Q16518,Retinoid isomerohydrolase RPE65,Brain,GO:0044297;GO:0005789;GO:0016020;GO:0005634;GO:0005886;GO:0052885;GO:0052884;GO:0003834;GO:1901612;GO:0016853;GO:0046872;GO:0031210;GO:0001786;GO:0050251;GO:0007623;GO:0050908;GO:0003407;GO:0001895;GO:0042574;GO:0001523;GO:0007601;GO:0006776;GO:1901827
O75676,Ribosomal protein S6 kinase A4,Brain,GO:0005737;GO:0005829;GO:0005654;GO:0005634;GO:0045202;GO:0004676;GO:0004679;GO:0005524;GO:0004677;GO:0004694;GO:0044024;GO:0072371;GO:1990244;GO:0035979;GO:0044025;GO:0140823;GO:0035175;GO:0044022;GO:0140855;GO:0035402;GO:0072354;GO:0140857;GO:0035403;GO:0044023;GO:0000287;GO:0106310;GO:0004674;GO:0072518;GO:0004711;GO:0006954;GO:0070498;GO:0035556;GO:0001818;GO:0032793;GO:0051092;GO:0045944;GO:0043687;GO:0006468;GO:0006355;GO:0038202
Q9Y6S9,Ribosomal protein S6 kinase like 1,Brain,GO:1990904;GO:0005840;GO:0004676;GO:0004679;GO:0005524;GO:0004677;GO:0004694;GO:0044024;GO:0072371;GO:1990244;GO:0035979;GO:0044025;GO:0140823;GO:0035175;GO:0044022;GO:0140855;GO:0035402;GO:0072354;GO:0140857;GO:0035403;GO:0044023;GO:0106310;GO:0072518;GO:0004711
Q6UXX9,R-spondin 2,Brain,GO:0009986;GO:0005576;GO:0005615;GO:0070700;GO:0008201;GO:0005102;GO:0030282;GO:0060070;GO:0071542;GO:0035115;GO:0035116;GO:0060441;GO:0060173;GO:0060437;GO:0042489;GO:0001649;GO:0090263;GO:0030177;GO:0060535
Q2I0M5,R-spondin 4,Brain,GO:0005576;GO:0005615;GO:0008201;GO:0005102;GO:0035878;GO:0090263;GO:0030177;GO:0016055
Q9BST9,Rhotekin,Brain,GO:0005826;GO:0005829;GO:0005525;GO:0005095;GO:0031267;GO:0000915;GO:0006915;GO:0000281;GO:0042981;GO:0007266;GO:0031106;GO:0007165
A6NKG5,Retrotransposon Gag like 1,Brain,GO:0016020
Q5HYW3,Retrotransposon Gag like 5,Brain,
O95197,Reticulon 3,Brain,GO:0005783;GO:0005789;GO:0005615;GO:0005794;GO:0000139;GO:0043005;GO:0005886;GO:0014069;GO:0006915;GO:0007420;GO:0071787;GO:0071786;GO:1902430;GO:0030182;GO:0016192
Q86UN2,Reticulon 4 receptor like 1,Brain,GO:0042995;GO:0009986;GO:0070062;GO:0031012;GO:0005576;GO:0005615;GO:0045121;GO:0043204;GO:0005886;GO:0098552;GO:0035374;GO:0008201;GO:0038023;GO:0031103;GO:0022038;GO:0048681;GO:0010977
P59025,Receptor transporter protein 1,Brain,GO:0009986;GO:0005886;GO:0046872;GO:0031849;GO:0001580;GO:0051205;GO:0006612
Q8WXA3,RUN and FYVE domain containing 2,Brain,GO:0005737;GO:0005768;GO:0005634;GO:0046872;GO:0017124;GO:0030100
Q6ZNE9,RUN and FYVE domain containing 4,Brain,GO:0005776;GO:0031410;GO:0046872;GO:0032266;GO:0000045;GO:0071353;GO:0016239
Q06455,RUNX1 partner transcriptional co-repressor 1,Brain,GO:0016363;GO:0005654;GO:0005634;GO:0003677;GO:0140297;GO:0046872;GO:0003714;GO:0006351;GO:0045892;GO:0045599
Q9HBX9,Relaxin family peptide receptor 1,Brain,GO:0005886;GO:0008528;GO:0004930;GO:0042562;GO:0046872;GO:0007189;GO:0030198;GO:0009755;GO:0060427;GO:0036446;GO:0060658;GO:0007567
Q15413,Ryanodine receptor 3,Brain,GO:0034704;GO:0016020;GO:0042383;GO:0033017;GO:0005790;GO:0030018;GO:0005509;GO:0048763;GO:0005516;GO:0015278;GO:0005219;GO:0070588;GO:0006816;GO:0071318;GO:0071313;GO:0071277;GO:0071286;GO:0006874;GO:0051289;GO:0051209;GO:0014808;GO:0006941
Q9H228,Sphingosine-1-phosphate receptor 5,Brain,GO:0005737;GO:0005886;GO:0098793;GO:0004930;GO:0038036;GO:0007189;GO:0019222;GO:0045664
Q9NSC2,Spalt like transcription factor 1,Brain,GO:0010369;GO:0005737;GO:0000792;GO:0005654;GO:0005634;GO:0008013;GO:0000981;GO:0001227;GO:0046872;GO:0000978;GO:0030325;GO:0001658;GO:0048566;GO:0042733;GO:0008406;GO:0007507;GO:0031129;GO:0001822;GO:0072073;GO:0060173;GO:0003337;GO:0045892;GO:0000122;GO:0021889;GO:0061034;GO:0021553;GO:0021983;GO:0045893;GO:0045944;GO:0030177;GO:0006357;GO:0001657;GO:0072092;GO:0003281
Q9Y467,Spalt like transcription factor 2,Brain,GO:0005634;GO:0001228;GO:0000981;GO:0046872;GO:0000978;GO:0000977;GO:0001654;GO:0045944;GO:0006357
Q9BYL1,Sterile alpha motif domain containing 10,Brain,GO:0009898;GO:0007169
Q9UPU9,Sterile alpha motif domain containing 4A,Brain,GO:0030054;GO:0005829;GO:0030425;GO:0001650;GO:0000932;GO:0045202;GO:0003729;GO:0003723;GO:0030371;GO:0000289;GO:0045727
Q86UD0,Suppressor APC domain containing 2,Brain,GO:0045179;GO:0043296;GO:0016324;GO:0005923;GO:0005829;GO:0005730;GO:0005654;GO:0000132;GO:1904777;GO:0008284;GO:0090175;GO:0098725
Q8TAC9,Secretory carrier membrane protein 5,Brain,GO:0000139;GO:0016020;GO:0005886;GO:0055038;GO:0030672;GO:0032588;GO:0044877;GO:0006887;GO:0045806;GO:0045956;GO:0001819;GO:0015031;GO:0034976
O00767,Stearoyl-CoA desaturase,Brain,GO:0005783;GO:0005789;GO:0016020;GO:0005730;GO:0005506;GO:0016491;GO:0032896;GO:0004768;GO:1903966;GO:0120162;GO:0070542;GO:0006636
Q86SK9,Stearoyl-CoA desaturase 5,Brain,GO:0005789;GO:0046872;GO:0016491;GO:0004768;GO:0006636
Q8WXD2,Secretogranin III,Brain,GO:0005788;GO:0005576;GO:0034774;GO:0030667;GO:0030658;GO:0003723;GO:0033366
P05408,Secretogranin V,Brain,GO:0005576;GO:0005634;GO:0030141;GO:0004857;GO:0030234;GO:0005525;GO:0051082;GO:0006886;GO:0007218;GO:0016486;GO:0046883
O76038,"Secretagogin, EF-hand calcium binding protein",Brain,GO:0005737;GO:0005829;GO:0030425;GO:0005576;GO:0005634;GO:0045202;GO:0043195;GO:0030658;GO:0005509;GO:1900271;GO:0099509
P35498,Sodium voltage-gated channel alpha subunit 1,Brain,GO:0043194;GO:0014704;GO:0043025;GO:0033268;GO:0016604;GO:0005654;GO:0005886;GO:0030315;GO:0001518;GO:0030018;GO:0099508;GO:0005248;GO:0007628;GO:0086002;GO:0050966;GO:0008340;GO:0051649;GO:0086010;GO:0021675;GO:0050884;GO:0019228;GO:0019227;GO:0035725;GO:0006814
Q07699,Sodium voltage-gated channel beta subunit 1,Brain,GO:0005576;GO:0014704;GO:0033268;GO:0043204;GO:0005886;GO:0030315;GO:0001518;GO:0019871;GO:0017080;GO:0044325;GO:0007411;GO:0061337;GO:0086002;GO:0060048;GO:0007155;GO:0021966;GO:0040011;GO:0051899;GO:0086010;GO:0086012;GO:0086047;GO:0019227;GO:0010976;GO:0010765;GO:1905152;GO:0060371;GO:0086091;GO:1902305;GO:0060307;GO:0035725
O60939,Sodium voltage-gated channel beta subunit 2,Brain,GO:0043194;GO:0033268;GO:0005886;GO:0045202;GO:0030315;GO:0001518;GO:0017080;GO:1902282;GO:0086006;GO:0061337;GO:0086002;GO:0060048;GO:0007268;GO:0010467;GO:0086010;GO:0086012;GO:0007399;GO:0010765;GO:0060371;GO:0086091;GO:0009408;GO:0046684
Q9NY46,Sodium voltage-gated channel alpha subunit 3,Brain,GO:0009925;GO:0005886;GO:0016528;GO:0001518;GO:0005248;GO:0048266;GO:0086002;GO:0086010;GO:0035725;GO:0006814
Q9NY72,Sodium voltage-gated channel beta subunit 3,Brain,GO:0016020;GO:0005886;GO:0001518;GO:0030018;GO:0019871;GO:0017080;GO:0044325;GO:0086006;GO:0086014;GO:0086002;GO:0060048;GO:0051899;GO:0086010;GO:0086012;GO:0007399;GO:0010460;GO:0010765;GO:0072659;GO:0060371;GO:0086091;GO:0060373;GO:0086015;GO:0035725;GO:0006814;GO:0086005
Q8IWT1,Sodium voltage-gated channel beta subunit 4,Brain,GO:0014704;GO:0005886;GO:0001518;GO:0017080;GO:0044325;GO:0005248;GO:0086006;GO:0086016;GO:0061337;GO:0086002;GO:0060048;GO:0051649;GO:0086012;GO:0019228;GO:0010765;GO:0086091;GO:2000649;GO:0060307;GO:0035725;GO:0006814
Q15858,Sodium voltage-gated channel alpha subunit 9,Brain,GO:0030424;GO:0043679;GO:0033268;GO:0005886;GO:0001518;GO:0005248;GO:0098870;GO:0048266;GO:0086002;GO:0007623;GO:0050974;GO:0050965;GO:0006954;GO:0019228;GO:0009791;GO:0009636;GO:0019233;GO:0035725
P51172,Sodium channel epithelial 1 subunit delta,Brain,GO:0015629;GO:0016324;GO:0016020;GO:0005886;GO:0034706;GO:0015280;GO:0005272;GO:0071468;GO:1904045;GO:1904117;GO:0006883;GO:0008217;GO:0050914;GO:0050915;GO:0098719;GO:0035725
Q12765,Secernin 1,Brain,GO:0005737;GO:0031965;GO:0005634;GO:0098793;GO:0070004;GO:0016805;GO:0006887;GO:0006508;GO:0098693
Q7RTU7,Scleraxis bHLH transcription factor,Brain,GO:0000785;GO:0005634;GO:0005667;GO:0043425;GO:0003677;GO:0001228;GO:0000981;GO:0070888;GO:0046983;GO:0000977;GO:0043565;GO:0030509;GO:0030154;GO:0071260;GO:0071560;GO:0002062;GO:0030199;GO:0035993;GO:0032502;GO:0006351;GO:0048706;GO:0001958;GO:0060325;GO:0003188;GO:0003179;GO:0001707;GO:0043066;GO:0045892;GO:0061036;GO:0008284;GO:0032967;GO:0045893;GO:2000543;GO:0010628;GO:0045944;GO:0061035;GO:0006357;GO:0061056;GO:0060008;GO:0035914;GO:0035990;GO:0035989;GO:0035992;GO:0001894
Q9H9S3,SEC61 translocon subunit alpha 2,Brain,GO:0005784;GO:0008320;GO:0043022;GO:0005048;GO:0031204;GO:0006616
Q13214,Semaphorin 3B,Brain,GO:0062023;GO:0005783;GO:0005576;GO:0005886;GO:0045499;GO:0038191;GO:0030215;GO:0007411;GO:0007267;GO:0061643;GO:0050919;GO:0001755;GO:0030335;GO:0071526
Q92854,Semaphorin 4D,Brain,GO:0005615;GO:0098982;GO:0005886;GO:0045211;GO:0002116;GO:0045499;GO:0042802;GO:0038191;GO:0048018;GO:0030215;GO:0038023;GO:0005102;GO:0004888;GO:0007411;GO:0061430;GO:0007155;GO:0006955;GO:0070486;GO:0050919;GO:0043066;GO:0007162;GO:0045668;GO:0000122;GO:0001755;GO:0043931;GO:0030335;GO:0048672;GO:0043547;GO:1905704;GO:0050731;GO:0051897;GO:0001934;GO:0035025;GO:0031344;GO:0008360;GO:0048814;GO:0071526
Q9P283,Semaphorin 5B,Brain,GO:0005886;GO:0045499;GO:0030215;GO:0048675;GO:0007411;GO:0050908;GO:0001755;GO:0030335;GO:0071526
Q9H2E6,Semaphorin 6A,Brain,GO:0030424;GO:0016020;GO:0005886;GO:0045499;GO:0038191;GO:0030215;GO:0009887;GO:0006915;GO:0007411;GO:0007166;GO:0035924;GO:0007010;GO:0050919;GO:0016525;GO:0106089;GO:0070373;GO:1903671;GO:1900747;GO:0007399;GO:0001755;GO:2001224;GO:0071526
Q9H3T3,Semaphorin 6B,Brain,GO:0005886;GO:0045499;GO:0038191;GO:0030215;GO:0007411;GO:0007417;GO:0021766;GO:0050919;GO:0001755;GO:0030335;GO:0071526
O75326,Semaphorin 7A (John Milton Hagen blood group),Brain,GO:0009897;GO:0098982;GO:0016020;GO:0005886;GO:0098793;GO:0045499;GO:0005178;GO:0038191;GO:0030215;GO:0048675;GO:0007411;GO:0006955;GO:0006954;GO:0007229;GO:0050919;GO:0001755;GO:0021988;GO:0001649;GO:0045773;GO:0030335;GO:0070374;GO:0060907;GO:0050727;GO:0090128;GO:0071526
Q99719,Septin 5,Brain,GO:0032153;GO:0015630;GO:0005886;GO:0031105;GO:0005940;GO:0008021;GO:0005525;GO:0003924;GO:0042802;GO:0060090;GO:0005198;GO:0030534;GO:0061640;GO:0008104;GO:0017157;GO:2000300;GO:0035176;GO:0016080
Q8N6R1,Stress associated endoplasmic reticulum protein family member 2,Brain,GO:0005783;GO:0005789;GO:0030968
A2A2V5,Serine rich and transmembrane domain containing 1,Brain,GO:0043231;GO:0016020
Q6UXD5,Seizure related 6 homolog like 2,Brain,GO:0005783;GO:0005789;GO:0043025;GO:0005886;GO:0090036;GO:0060074
A8K8P3,SFI1 centrin binding protein,Brain,GO:0005814;GO:0005829;GO:0019902
Q8TD22,Sideroflexin 5,Brain,GO:0005743;GO:0005739;GO:0015137;GO:0015075;GO:0006865;GO:0015746;GO:1990542;GO:0120162
Q2NKQ1,Small G protein signaling modulator 1,Brain,GO:0005737;GO:0030659;GO:0005829;GO:0005794;GO:0005096;GO:0031267
Q96EQ0,Small glutamine rich tetratricopeptide repeat co-chaperone beta,Brain,GO:0016020;GO:0072380;GO:0030544;GO:0042802;GO:0060090;GO:0006620;GO:0051291;GO:0051260
Q6ZV89,SH2 domain containing 5,Brain,GO:0014069
Q99963,"SH3 domain containing GRB2 like 3, endophilin A3",Brain,GO:0001669;GO:0005737;GO:0031901;GO:0098978;GO:0099092;GO:0098845;GO:0098793;GO:0042802;GO:0008289;GO:0007417;GO:1900186;GO:0045666;GO:0007165;GO:0016191
Q9UPX8,SH3 and multiple ankyrin repeat domains 2,Brain,GO:0016324;GO:0031526;GO:0060170;GO:0005829;GO:0043197;GO:0098978;GO:0030426;GO:0098686;GO:0043005;GO:0043025;GO:0001917;GO:0001750;GO:0005886;GO:0014069;GO:0048786;GO:0035255;GO:0017124;GO:0098919;GO:0030160;GO:0030534;GO:0008344;GO:0008306;GO:0007612;GO:0060292;GO:0060291;GO:0035331;GO:0008284;GO:0099175;GO:0007584;GO:0009410;GO:0035176;GO:0007416;GO:0071625
Q6ZSJ9,Shisa family member 6,Brain,GO:0032281;GO:0098985;GO:0032591;GO:0014069;GO:0098839;GO:0045211;GO:0035255;GO:0030165;GO:0098976;GO:0090090;GO:0098970;GO:1904717;GO:0048172;GO:0007283;GO:0016055
B4DS77,Shisa family member 9,Brain,GO:0032281;GO:0032591;GO:0098978;GO:0008328;GO:0014069;GO:0098839;GO:0045211;GO:0045202;GO:0030165;GO:0048172
Q3SXP7,Shisa like 1,Brain,GO:0016020
Q6UWV7,Shisa like 2A,Brain,GO:0016020
Q8IW03,Siah E3 ubiquitin protein ligase family member 3,Brain,GO:0005737;GO:0005739;GO:0005654;GO:0046872;GO:0031624;GO:0061630;GO:1903215;GO:0043161;GO:0031647
Q9NYZ4,Sialic acid binding Ig like lectin 8,Brain,GO:0016020;GO:0005886;GO:0030246;GO:0033691;GO:0004888;GO:0007155;GO:0007165
P78324,Signal regulatory protein alpha,Brain,GO:0009986;GO:0070062;GO:0101003;GO:0016020;GO:0005886;GO:0070821;GO:0098632;GO:0030695;GO:1990405;GO:0086080;GO:0019903;GO:0004864;GO:1990782;GO:0017124;GO:0007155;GO:0016477;GO:0070301;GO:0071347;GO:0071349;GO:0071346;GO:0035696;GO:0043124;GO:0071650;GO:1900016;GO:0070373;GO:0050728;GO:0032688;GO:0032715;GO:0046329;GO:0031665;GO:0071641;GO:0045019;GO:0050765;GO:0032720;GO:0050766;GO:2000379;GO:0050870;GO:0010468;GO:0032651;GO:0032675;GO:0045428;GO:0032680;GO:0032649
O95343,SIX homeobox 3,Brain,GO:0000785;GO:0005634;GO:0005667;GO:0001228;GO:0000981;GO:0000978;GO:1990837;GO:0005102;GO:0001222;GO:1902742;GO:0007420;GO:0021846;GO:0002070;GO:0001654;GO:0021798;GO:0002088;GO:1990086;GO:0070306;GO:0045892;GO:0045665;GO:0014016;GO:0097402;GO:0003404;GO:0021983;GO:0009946;GO:1901987;GO:0042127;GO:2000177;GO:0061074;GO:1902692;GO:0006357;GO:0021537;GO:0021978;GO:0007601
P12755,SKI proto-oncogene,Brain,GO:0005813;GO:0005737;GO:0016604;GO:0005654;GO:0005634;GO:0016605;GO:0032991;GO:0005667;GO:0017053;GO:0000981;GO:0140297;GO:0001227;GO:0046811;GO:0042802;GO:0019904;GO:0019901;GO:0000978;GO:0046332;GO:0031625;GO:0008270;GO:0009948;GO:0060349;GO:0043010;GO:0048593;GO:0060038;GO:0048870;GO:0030326;GO:0060325;GO:0002089;GO:0022011;GO:0014902;GO:0032926;GO:0030514;GO:0008285;GO:0048147;GO:0045668;GO:0010626;GO:0060392;GO:0000122;GO:0030512;GO:0001843;GO:0043585;GO:0021772;GO:0043388;GO:0045944;GO:0030177;GO:0060041;GO:0060021;GO:0048741;GO:0035019;GO:0007179
Q96EP9,Solute carrier family 10 member 4,Brain,GO:0005886;GO:0008508;GO:0015721
Q9H2X9,Solute carrier family 12 member 5,Brain,GO:0071944;GO:0032590;GO:0098978;GO:0016020;GO:0043005;GO:0043025;GO:0043204;GO:0005886;GO:0099634;GO:0008519;GO:0015108;GO:0046872;GO:0015379;GO:0019901;GO:0006884;GO:0007268;GO:0055064;GO:1902476;GO:0060996;GO:0006971;GO:0030644;GO:0051452;GO:0007612;GO:0006811;GO:0035264;GO:0098970;GO:0055075;GO:1990573;GO:0150052;GO:0009410;GO:0040040
Q13336,Solute carrier family 14 member 1 (Kidd blood group),Brain,GO:0016323;GO:0005886;GO:0015265;GO:0015204;GO:0005372;GO:0051649;GO:0055085;GO:0071918;GO:0015840
O95907,Solute carrier family 16 member 8,Brain,GO:0016324;GO:0016323;GO:0016020;GO:0005886;GO:0015129;GO:0008028;GO:0015293;GO:0015727
Q9P2U8,Solute carrier family 17 member 6,Brain,GO:0034707;GO:0060076;GO:0043005;GO:0005886;GO:0030672;GO:0005254;GO:0005313;GO:0140788;GO:0005326;GO:0015386;GO:0005436;GO:1990384;GO:0051938;GO:0006820;GO:0006811;GO:0098700;GO:0055062;GO:0006817;GO:0050803;GO:0044341;GO:0035249
Q05940,Solute carrier family 18 member A2,Brain,GO:0030424;GO:0005813;GO:0070083;GO:0030425;GO:0098691;GO:0043231;GO:0016020;GO:0005886;GO:0030667;GO:0008021;GO:0030672;GO:0043195;GO:0008504;GO:0015311;GO:0005335;GO:0015842;GO:0007268;GO:0015872;GO:0002553;GO:0051615;GO:0007626;GO:0015844;GO:1903427;GO:0098700;GO:0006836;GO:0009791;GO:0001975;GO:0009636;GO:0042137;GO:0002552;GO:0051610;GO:0099123
P43007,Solute carrier family 1 member 4,Brain,GO:0009986;GO:0005813;GO:0030425;GO:0070062;GO:0005882;GO:0042470;GO:0016020;GO:0043025;GO:0005886;GO:0045202;GO:0015171;GO:0005254;GO:0015180;GO:0015183;GO:0015184;GO:0015186;GO:0034590;GO:0015193;GO:0015194;GO:0015195;GO:0015293;GO:0006865;GO:0050890;GO:0006868;GO:0034589;GO:1904273;GO:0015808;GO:0140009;GO:0015811;GO:0015813;GO:1903812;GO:0015825;GO:0015824;GO:0035249;GO:0015826;GO:0150104
A6NKX4,Solute carrier family 22 member 31,Brain,GO:0016020;GO:0022857;GO:0006811
Q9UI40,Solute carrier family 24 member 2,Brain,GO:0001917;GO:0005886;GO:0098794;GO:0098793;GO:0005262;GO:0008273;GO:0015293;GO:0070509;GO:0098703;GO:0070588;GO:0071486;GO:0036368;GO:0051649;GO:0006874;GO:0007612;GO:0060292;GO:0060291;GO:0007613;GO:0034220;GO:0006811;GO:0070050;GO:0007602;GO:0071805;GO:0035725
Q9H936,Solute carrier family 25 member 22,Brain,GO:0005743;GO:0005739;GO:0005280;GO:0015183;GO:0005313;GO:0015810;GO:0015813;GO:0043490;GO:0006811;GO:0050796
Q8N5S1,Solute carrier family 25 member 41,Brain,GO:0005743;GO:0005739;GO:0015217;GO:0005347;GO:0015866;GO:0015867;GO:0140021;GO:1990544
Q6ZT89,Solute carrier family 25 member 48,Brain,GO:0005743;GO:0005739;GO:0022857
Q5H9E4,Solute carrier family 25 member 53,Brain,GO:0005743;GO:0005739;GO:0051724
Q7RTT9,Solute carrier family 29 member 4,Brain,GO:0016324;GO:0016323;GO:0005886;GO:0098793;GO:0015562;GO:0008504;GO:0008324;GO:0005326;GO:0005337;GO:0005342;GO:0015101;GO:0019534;GO:0042910;GO:0032238;GO:1990748;GO:0015872;GO:0090494;GO:0048241;GO:0051625;GO:0140115;GO:0001692;GO:0051608;GO:0051615;GO:0015844;GO:0098655;GO:0006836;GO:0015874;GO:0051620;GO:1903825;GO:0015695;GO:0006837;GO:0051610;GO:0150104;GO:0042908
Q96QE2,Solute carrier family 2 member 13,Brain,GO:0016324;GO:0097450;GO:0044297;GO:0071944;GO:0042995;GO:0005737;GO:0030426;GO:0043231;GO:0016020;GO:0031090;GO:0005886;GO:0051117;GO:0005365;GO:0005366;GO:0002020;GO:0015798;GO:1902004;GO:0055085;GO:0150104
Q9UGQ3,Solute carrier family 2 member 6,Brain,GO:0005765;GO:0016020;GO:0005886;GO:0055056;GO:0033300;GO:0005353;GO:0022857;GO:1904659;GO:0070837;GO:0015755;GO:0008645;GO:0006110;GO:0055085
A6NNN8,Solute carrier family 38 member 8,Brain,GO:0030424;GO:0005938;GO:0016020;GO:0015179;GO:0003333;GO:0031175;GO:0021554;GO:0003406;GO:0007601
Q9ULF5,Solute carrier family 39 member 10,Brain,GO:0016324;GO:0005886;GO:0140410;GO:0005385;GO:0001837;GO:0030003;GO:0006882;GO:0002903;GO:0030890;GO:0050861;GO:0071578;GO:0071577
Q8WWI5,Solute carrier family 44 member 1,Brain,GO:0005829;GO:0070062;GO:0016020;GO:0005741;GO:0005739;GO:0005654;GO:0005886;GO:0015297;GO:0015220;GO:0034228;GO:0042426;GO:0015871;GO:0034229;GO:0006656;GO:0055085;GO:0150104
Q9Y2W3,Solute carrier family 45 member 1,Brain,GO:0016020;GO:0005356;GO:0015517;GO:0008506;GO:1904659;GO:0015757
Q6P1K1,Solute carrier family 48 member 1,Brain,GO:0036019;GO:0010008;GO:0005765;GO:0061474;GO:0005886;GO:0020037;GO:0015232;GO:0030218;GO:0097037;GO:0140357;GO:0042168;GO:0015886;GO:0051674;GO:0007041;GO:0006909
Q9GZV3,Solute carrier family 5 member 7,Brain,GO:0030424;GO:0030425;GO:0031901;GO:0016020;GO:0031594;GO:0043204;GO:0005886;GO:0042734;GO:0045202;GO:0030672;GO:0033265;GO:0015220;GO:0005307;GO:0008292;GO:0015871;GO:0001701;GO:0007274;GO:0006836;GO:0007271;GO:0055085
Q9H2J7,Solute carrier family 6 member 15,Brain,GO:0016020;GO:0005886;GO:0015171;GO:0015657;GO:0005326;GO:0005295;GO:0005298;GO:0006865;GO:0015820;GO:0006836;GO:0015804;GO:0015824;GO:0035725
P48067,Solute carrier family 6 member 9,Brain,GO:0016324;GO:0009925;GO:0016323;GO:0031045;GO:0005768;GO:0098686;GO:0016328;GO:0016020;GO:0098688;GO:0005886;GO:0014069;GO:0045211;GO:0042734;GO:0030672;GO:0015187;GO:0015375;GO:1903804;GO:0015816;GO:1904782;GO:0006836;GO:0070455;GO:0046985;GO:0060092;GO:0035725;GO:0060012;GO:0150104
Q9UPY5,Solute carrier family 7 member 11,Brain,GO:0045177;GO:0097449;GO:0031526;GO:0009986;GO:0016020;GO:0031528;GO:0005886;GO:0015327;GO:0015179;GO:0140926;GO:0030534;GO:0003333;GO:0034599;GO:0140206;GO:0006749;GO:0034775;GO:0090461;GO:0015811;GO:0098712;GO:0015813;GO:0140924;GO:0070306;GO:0060173;GO:0048286;GO:0050804;GO:0110076;GO:0070527;GO:1904717;GO:0042127;GO:1900407;GO:1901494;GO:2000211;GO:1903786;GO:0048021;GO:0033029;GO:0051223;GO:0050807;GO:0035094;GO:0014070;GO:0051775;GO:0009636;GO:0021756;GO:0021591;GO:0008542
Q92581,Solute carrier family 9 member A6,Brain,GO:0031901;GO:0005789;GO:0043231;GO:0031902;GO:0005886;GO:0055037;GO:0055038;GO:0042802;GO:0015386;GO:0015385;GO:0048675;GO:0097484;GO:0030010;GO:0006811;GO:0048812;GO:0071805;GO:0051453;GO:0098719
Q96T83,Solute carrier family 9 member A7,Brain,GO:0000139;GO:0043231;GO:0016020;GO:0005886;GO:0055037;GO:0055038;GO:0005802;GO:0015386;GO:0015385;GO:0006811;GO:0071805;GO:1905526;GO:0051453;GO:0006885;GO:0098719
Q9UIG8,Solute carrier organic anion transporter family member 3A1,Brain,GO:0016324;GO:0009925;GO:0016323;GO:0005886;GO:0008514;GO:0015132;GO:0015347;GO:0006811;GO:0051092;GO:0001934;GO:0015732;GO:0043252;GO:0150104
Q9H156,SLIT and NTRK like family member 2,Brain,GO:0030425;GO:0098982;GO:0098978;GO:0005886;GO:0007409;GO:0051965;GO:1905606;GO:0050807;GO:0099560
O94933,SLIT and NTRK like family member 3,Brain,GO:0009986;GO:0098982;GO:0005886;GO:0098839;GO:0099634;GO:0007409;GO:0097116;GO:0072578;GO:0051965;GO:1905606;GO:0099560;GO:0051932;GO:0072553
Q8IW52,SLIT and NTRK like family member 4,Brain,GO:0098978;GO:0005886;GO:0007409;GO:0051965;GO:0050807
O94991,SLIT and NTRK like family member 5,Brain,GO:0098978;GO:0005886;GO:0098839;GO:0043235;GO:0030534;GO:0007409;GO:0007268;GO:0072359;GO:0048813;GO:0007625;GO:0051965;GO:0150035;GO:0009410;GO:0043588;GO:0021756;GO:0099560
Q8IY92,SLX4 structure-specific endonuclease subunit,Brain,GO:0030054;GO:0000785;GO:0000781;GO:0005829;GO:0005654;GO:0033557;GO:0003677;GO:0008047;GO:0046872;GO:0010792;GO:0006281;GO:0006260;GO:0000724;GO:1904357;GO:0006289;GO:1904431;GO:0032206;GO:0000712;GO:0072429;GO:0090656;GO:0061820
Q6STE5,"SWI/SNF related, matrix associated, actin dependent regulator of chromatin, subfamily d, member 3",Brain,GO:0035060;GO:0000785;GO:0005737;GO:0071565;GO:0071564;GO:0005654;GO:0005634;GO:0016514;GO:0003682;GO:0140297;GO:0016922;GO:0030374;GO:0005102;GO:0003713;GO:0003712;GO:0001221;GO:0003219;GO:0006338;GO:0042692;GO:0007399;GO:0003407;GO:0006337;GO:0045597;GO:0045893;GO:2000781;GO:0010971;GO:0045663;GO:0002052;GO:0051152;GO:0045582;GO:0070316;GO:2000045;GO:0030071;GO:2000819;GO:0006357;GO:0003139
P0DJ93,Small integral membrane protein 13,Brain,GO:0016020
P0DL12,Small integral membrane protein 17,Brain,GO:0016020
Q86T20,Small integral membrane protein 29,Brain,GO:0016020
Q9H4F8,SPARC related modular calcium binding 1,Brain,GO:0005604;GO:0005615;GO:0005509;GO:0050840;GO:0008201;GO:0030154;GO:0030198;GO:0001654;GO:0060173;GO:0045667
Q9NWM0,Spermine oxidase,Brain,GO:0005737;GO:0005829;GO:0043231;GO:0031965;GO:0005654;GO:0005634;GO:0046592;GO:0052901;GO:0006596;GO:0006598;GO:0046208;GO:0006805
O60641,Synaptosome associated protein 91,Brain,GO:0005905;GO:0030136;GO:0098894;GO:0008021;GO:0005545;GO:0032050;GO:0005546;GO:0019901;GO:0000149;GO:0048268;GO:0072583;GO:0015031;GO:2000369;GO:0016185
O76070,Synuclein gamma,Brain,GO:0043679;GO:0005813;GO:0005737;GO:0070062;GO:0043025;GO:0048471;GO:0005819;GO:1903136;GO:0008344;GO:0007268;GO:0009306;GO:0014059;GO:0046928;GO:0050808;GO:0048488
O75324,Stannin,Brain,GO:0005737;GO:0016020;GO:0005741;GO:0046872;GO:0009636
Q9NSN8,Syntrophin gamma 1,Brain,GO:0005737;GO:0005856;GO:0016010;GO:0005634;GO:0032587;GO:0016013;GO:0003779;GO:0005198;GO:0007154
Q9Y675,SNRPN upstream open reading frame,Brain,GO:0016607;GO:0005634;GO:0051117
Q9Y5X0,Sorting nexin 10,Brain,GO:0090651;GO:0005813;GO:0005783;GO:0005768;GO:0031313;GO:0005634;GO:0030141;GO:0005545;GO:0051117;GO:1901981;GO:0035630;GO:0045453;GO:0055074;GO:0019725;GO:1990830;GO:0060271;GO:0006897;GO:0007032;GO:0001696;GO:0006886;GO:0030316;GO:0071539;GO:0061512;GO:0097178;GO:0044691;GO:0016050
Q96L94,Sorting nexin 22,Brain,GO:0030659;GO:1901981;GO:0015031
Q5TF21,SOGA family member 3,Brain,GO:0005615;GO:0016020;GO:0010506
Q8WY21,Sortilin related VPS10 domain containing receptor 1,Brain,GO:0005794;GO:0016020;GO:0008188;GO:0007218;GO:0006892
Q96PQ0,Sortilin related VPS10 domain containing receptor 2,Brain,GO:0005829;GO:0043197;GO:0031901;GO:0043231;GO:0016020;GO:0043204;GO:0098839;GO:0055038;GO:0008188;GO:0006886;GO:0060292;GO:0007218
Q99523,Sortilin 1,Brain,GO:0009986;GO:0150053;GO:0005905;GO:0030136;GO:0031410;GO:0005829;GO:0005769;GO:0005789;GO:0010008;GO:0005794;GO:0032580;GO:0005765;GO:0005764;GO:0016020;GO:0031965;GO:0048471;GO:0005886;GO:0030140;GO:0019899;GO:0048406;GO:0010465;GO:0030379;GO:1905394;GO:0046323;GO:0006897;GO:0008333;GO:0032509;GO:0008625;GO:0007186;GO:0006895;GO:0090160;GO:0099558;GO:0014902;GO:0045599;GO:0051005;GO:0007218;GO:0048011;GO:0001503;GO:0048227;GO:0006622;GO:0010468;GO:0032868;GO:0016050
P35716,SRY-box transcription factor 11,Brain,GO:0000785;GO:0005654;GO:0005634;GO:0005886;GO:0001228;GO:0003700;GO:0000981;GO:0000978;GO:0000976;GO:0007420;GO:0048593;GO:0061386;GO:0061303;GO:0048557;GO:0048704;GO:0061029;GO:0014009;GO:0060022;GO:0001822;GO:0002089;GO:0060425;GO:0010629;GO:0060253;GO:0050672;GO:0000122;GO:2000678;GO:0007399;GO:0060563;GO:0030182;GO:0003357;GO:0014003;GO:0003151;GO:0030513;GO:0010628;GO:0035332;GO:0046887;GO:2001111;GO:0050769;GO:0045666;GO:0045778;GO:0045669;GO:2000648;GO:0045944;GO:0017015;GO:0035914;GO:0060023;GO:0021510;GO:0048485;GO:0060412
O95416,SRY-box transcription factor 14,Brain,GO:0000785;GO:0005634;GO:0005667;GO:0003682;GO:0001228;GO:0000981;GO:0000978;GO:0043565;GO:1990837;GO:0007420;GO:0009649;GO:0045892;GO:0000122;GO:0007399;GO:0030182;GO:0045944;GO:2001222;GO:0007601
P48431,SRY-box transcription factor 2,Brain,GO:0000785;GO:0005737;GO:0005829;GO:0016607;GO:0005654;GO:0005634;GO:0005667;GO:0003677;GO:0001228;GO:0003700;GO:0000981;GO:0035198;GO:0000978;GO:0043565;GO:0000976;GO:0021984;GO:0007420;GO:0006325;GO:0001714;GO:0001654;GO:0030900;GO:0021781;GO:0048839;GO:0090090;GO:1902807;GO:0050680;GO:0045665;GO:0000122;GO:0030182;GO:0097150;GO:0001649;GO:0021983;GO:0045597;GO:0022409;GO:0045893;GO:0043410;GO:0045944;GO:2000116;GO:0006355;GO:0010468;GO:1904520;GO:0070848;GO:0090649;GO:0009611;GO:0035019;GO:0042246
P41225,SRY-box transcription factor 3,Brain,GO:0000785;GO:0005654;GO:0005634;GO:0003677;GO:0001228;GO:0000981;GO:0000978;GO:1990837;GO:0007420;GO:0007417;GO:0060324;GO:0021854;GO:0045665;GO:0000122;GO:0030182;GO:0021983;GO:0045944;GO:0007423;GO:0007530
Q6UWN8,Serine peptidase inhibitor Kazal type 6,Brain,GO:0005576;GO:0004867
Q8WWL2,Spire type actin nucleation factor 2,Brain,GO:0005938;GO:0032154;GO:0030659;GO:0005856;GO:0005829;GO:0003779;GO:0008017;GO:0030036;GO:0051639;GO:0030041;GO:0045010;GO:0036089;GO:0051295;GO:0070649;GO:0048193;GO:0046907;GO:0040038;GO:2000781;GO:0015031;GO:0016192
Q08629,"SPARC (osteonectin), cwcv and kazal like domains proteoglycan 1",Brain,GO:0062023;GO:0005737;GO:0031012;GO:0005615;GO:0031594;GO:0033268;GO:0014069;GO:0016528;GO:0005509;GO:0004869;GO:0005201;GO:0008191;GO:0004867;GO:0007155;GO:0021953;GO:0010812;GO:0010951;GO:0010977;GO:0007399;GO:0022008;GO:0001764;GO:0001558
Q92563,"SPARC (osteonectin), cwcv and kazal like domains proteoglycan 2",Brain,GO:0031012;GO:0005576;GO:0005509;GO:0050840;GO:0005539;GO:0008191;GO:1990830;GO:0030198;GO:0010951;GO:2000147;GO:0010811;GO:0045595;GO:0007416
Q9BQ16,"SPARC (osteonectin), cwcv and kazal like domains proteoglycan 3",Brain,GO:0031012;GO:0005576;GO:0005615;GO:0005509;GO:0005539;GO:0008191;GO:2000146;GO:0010951
P10451,Secreted phosphoprotein 1,Brain,GO:0042995;GO:0005788;GO:0070062;GO:0005576;GO:0005615;GO:0005794;GO:0048471;GO:0005125;GO:0050840;GO:0005178;GO:0036094;GO:0006710;GO:0031214;GO:0007155;GO:0071394;GO:0046697;GO:0007566;GO:0048685;GO:0001649;GO:0045780;GO:0045893;GO:2000866;GO:1904612;GO:0036005;GO:0048545;GO:0033280
Q2MJR0,Sprouty related EVH1 domain containing 3,Brain,GO:0005886;GO:0019901;GO:0010719;GO:0070373;GO:1902747;GO:0030512
Q5BIV9,Shadow of prion protein,Brain,GO:0005829;GO:0005576;GO:0005730;GO:0005634;GO:0005886;GO:0098552;GO:0031982;GO:0003676;GO:0006606
O15020,"Spectrin beta, non-erythrocytic 2",Brain,GO:0016324;GO:0030054;GO:0042995;GO:0030864;GO:0005829;GO:0005615;GO:0098978;GO:0043231;GO:0043025;GO:0098688;GO:0033010;GO:0005886;GO:0099189;GO:0098793;GO:0008091;GO:0003779;GO:0051015;GO:0045296;GO:0005543;GO:0005200;GO:0099186;GO:0098918;GO:0030036;GO:0051693;GO:0030534;GO:0021692;GO:0035264;GO:0099150;GO:0007416;GO:0016192
Q8NEQ6,Steroid receptor associated and regulated protein,Brain,GO:0005737;GO:0005634;GO:0030331;GO:0033148
O75044,SLIT-ROBO Rho GTPase activating protein 2,Brain,GO:0005737;GO:0005829;GO:0044327;GO:0030027;GO:0005634;GO:0045335;GO:0005886;GO:0014069;GO:0045211;GO:0005096;GO:0042802;GO:0042803;GO:0031267;GO:0051014;GO:0060996;GO:1904861;GO:0021816;GO:0046847;GO:1904862;GO:0003363;GO:0030336;GO:2001223;GO:0048812;GO:0043547;GO:0051056;GO:0007165;GO:0034446
P0DJJ0,SLIT-ROBO Rho GTPase activating protein 2C,Brain,GO:0098978;GO:0046982;GO:0042803;GO:0021987;GO:1904861;GO:0021816;GO:1904862;GO:0061000;GO:0051490;GO:2001224;GO:0051963
O43295,SLIT-ROBO Rho GTPase activating protein 3,Brain,GO:0005737;GO:0005829;GO:0098794;GO:0005096;GO:0030336;GO:0051056;GO:0007165
P30872,Somatostatin receptor 1,Brain,GO:0043005;GO:0005886;GO:0042923;GO:0004994;GO:0071392;GO:1990830;GO:0021549;GO:0030900;GO:0007187;GO:0007215;GO:0008285;GO:0007218;GO:0042594;GO:0007283
P30874,Somatostatin receptor 2,Brain,GO:0005829;GO:0043005;GO:0005886;GO:0042923;GO:0030165;GO:0004994;GO:0007193;GO:0071392;GO:0071385;GO:0021549;GO:0030900;GO:0007187;GO:0008285;GO:0007218;GO:0030432;GO:0042594;GO:0007283
P32745,Somatostatin receptor 3,Brain,GO:0060170;GO:0005929;GO:0043005;GO:0097730;GO:0005886;GO:0004930;GO:0042923;GO:0005102;GO:0004994;GO:0007267;GO:0071392;GO:0071385;GO:0021549;GO:0030900;GO:0007187;GO:0008628;GO:0008285;GO:0007218;GO:0042594;GO:0007283
Q96JF0,"ST6 beta-galactoside alpha-2,6-sialyltransferase 2",Brain,GO:0005794;GO:0032580;GO:0000139;GO:0003835;GO:0009311;GO:0006486;GO:0097503
Q9BVH7,"ST6 N-acetylgalactosaminide alpha-2,6-sialyltransferase 5",Brain,GO:0000139;GO:0001665;GO:0008373;GO:0001574;GO:0006688;GO:0009312;GO:0009311;GO:0006486
O43173,"ST8 alpha-N-acetyl-neuraminide alpha-2,8-sialyltransferase 3",Brain,GO:0000139;GO:0003828;GO:0042802;GO:0033691;GO:0001574;GO:0009100;GO:0006688;GO:0006491;GO:0009311;GO:0006486;GO:0097503
O15466,"ST8 alpha-N-acetyl-neuraminide alpha-2,8-sialyltransferase 5",Brain,GO:0000139;GO:0003828;GO:0008373;GO:0005975;GO:0006688;GO:0006491;GO:0009311;GO:0006486
Q6ZMT1,SH3 and cysteine rich domain 2,Brain,GO:0009898;GO:0005829;GO:0042383;GO:0046872;GO:1903078;GO:1901387;GO:0003009
Q8IWL8,Saitohin,Brain,GO:0005737;GO:0005829;GO:0005794;GO:0005654;GO:0005634;GO:0048471;GO:0048026
Q8WU08,Serine/threonine kinase 32A,Brain,GO:0005886;GO:0004676;GO:0004679;GO:0005524;GO:0004677;GO:0004694;GO:0044024;GO:0072371;GO:1990244;GO:0035979;GO:0044025;GO:0140823;GO:0035175;GO:0044022;GO:0140855;GO:0035402;GO:0072354;GO:0140857;GO:0035403;GO:0044023;GO:0046872;GO:0106310;GO:0004674;GO:0072518;GO:0004711;GO:0035556
Q86UX6,Serine/threonine kinase 32C,Brain,GO:0004676;GO:0004679;GO:0005524;GO:0004677;GO:0004694;GO:0044024;GO:0072371;GO:1990244;GO:0035979;GO:0044025;GO:0140823;GO:0035175;GO:0044022;GO:0140855;GO:0035402;GO:0072354;GO:0140857;GO:0035403;GO:0044023;GO:0046872;GO:0106310;GO:0004674;GO:0072518;GO:0004711;GO:0035556
P16949,Stathmin 1,Brain,GO:0005737;GO:0005829;GO:0070062;GO:0016020;GO:0005874;GO:0043005;GO:0015631;GO:0007409;GO:0061436;GO:0048012;GO:0035556;GO:0007019;GO:0000281;GO:0007052;GO:1905098;GO:0031115;GO:0035024;GO:0051497;GO:0070495;GO:0031175;GO:0030334;GO:0031110;GO:0009615;GO:0007165
Q9NZ72,Stathmin 3,Brain,GO:0005737;GO:0005829;GO:0005794;GO:0030426;GO:0043005;GO:0019904;GO:0015631;GO:0001835;GO:0031122;GO:0007019;GO:0035021;GO:0007399;GO:0031175;GO:0051493;GO:0031110
Q9UBI4,Stomatin like 1,Brain,GO:0031902;GO:0045121;GO:0005886;GO:0006869
Q8WXE9,Stonin 2,Brain,GO:0030122;GO:0005829;GO:0043005;GO:0005730;GO:0008021;GO:0035615;GO:0072583;GO:0030100;GO:0048488
Q6ZVD7,Storkhead box 1,Brain,GO:0005938;GO:0005813;GO:0005737;GO:0005829;GO:0001650;GO:0005654;GO:0005634;GO:0003700;GO:0000977;GO:0051301;GO:0071500;GO:0048839;GO:0010629;GO:1904031;GO:1900087;GO:0010971;GO:0010628;GO:1904120;GO:0033138;GO:0010800;GO:0051897;GO:0010468;GO:1901858;GO:0051881;GO:0010821;GO:1902882;GO:0006357
Q9ULQ0,Striatin interacting protein 2,Brain,GO:0005737;GO:0005829;GO:0090443;GO:0016477;GO:0007010;GO:0008360
P61764,Syntaxin binding protein 1,Brain,GO:0030424;GO:0005737;GO:0005829;GO:0070062;GO:0098888;GO:0098978;GO:0005739;GO:0005654;GO:0098688;GO:0048471;GO:0045335;GO:0005886;GO:0031091;GO:0098794;GO:0098831;GO:0099523;GO:0032991;GO:0030141;GO:0042802;GO:0043274;GO:0019904;GO:0019901;GO:0003723;GO:0000149;GO:0019905;GO:0017075;GO:0007412;GO:0071346;GO:0003006;GO:0006886;GO:0060292;GO:0043524;GO:0031333;GO:0032229;GO:0007274;GO:0051402;GO:0070527;GO:0002576;GO:0045956;GO:1903296;GO:0043306;GO:0106022;GO:0099525;GO:0072659;GO:0050821;GO:2000367;GO:0035542;GO:0031630;GO:0010807;GO:0032355;GO:0035493;GO:0016188;GO:0016082;GO:0006904
Q9Y2K9,Syntaxin binding protein 5L,Brain,GO:0005737;GO:0005886;GO:0031201;GO:0005096;GO:0045159;GO:0019905;GO:0006887;GO:0006893;GO:0015031
Q5VX71,Sushi domain containing 4,Brain,GO:0005576;GO:0098688;GO:0045211;GO:0006958;GO:0045087;GO:0045957;GO:0045959;GO:0030449;GO:0099149
Q7L0J3,Synaptic vesicle glycoprotein 2A,Brain,GO:0005911;GO:0030425;GO:0005783;GO:0098982;GO:0098978;GO:0031594;GO:0043005;GO:0043025;GO:0005886;GO:0048786;GO:0008021;GO:0030672;GO:0019901;GO:0022857;GO:0006874;GO:0014052;GO:0016082
Q9NX95,Syntabulin,Brain,GO:1904115;GO:0005881;GO:0031410;GO:0000139;GO:0043231;GO:0005739;GO:1990048;GO:0019896;GO:0035774;GO:0060025;GO:0060074
O14994,Synapsin III,Brain,GO:0098850;GO:0098978;GO:0014069;GO:0008021;GO:0030672;GO:0005524;GO:0007269;GO:0032228;GO:0050808;GO:0097091
Q9H7V2,Synapse differentiation inducing 1,Brain,GO:0044297;GO:0043198;GO:0043197;GO:0031901;GO:0060076;GO:0098978;GO:0043231;GO:0005886;GO:0014069;GO:0098839;GO:0030672;GO:0035254;GO:0042803;GO:0006886;GO:0051965;GO:0150052;GO:0097091
Q8NF91,Spectrin repeat containing nuclear envelope protein 1,Brain,GO:0005737;GO:0044327;GO:0098978;GO:0005794;GO:0034993;GO:0016020;GO:0030496;GO:0005635;GO:0031965;GO:0005640;GO:0005730;GO:0005654;GO:0005634;GO:0000932;GO:0048471;GO:0098871;GO:0098843;GO:0045211;GO:0030017;GO:0003779;GO:0051015;GO:0140444;GO:0019899;GO:0042802;GO:0005521;GO:0042803;GO:0003723;GO:0005102;GO:0055007;GO:0007030;GO:0042692;GO:2001054;GO:0061886;GO:0090292;GO:0006997;GO:0002053;GO:0048260;GO:0048814;GO:1903353;GO:0099149;GO:0009416;GO:0007283
O43759,Synaptogyrin 1,Brain,GO:0035577;GO:0042470;GO:0016020;GO:0031594;GO:0005886;GO:0098685;GO:0030672;GO:1990830;GO:0006605;GO:0045055;GO:0048169;GO:0048172;GO:0048499
O43426,Synaptojanin 1,Brain,GO:0030132;GO:0005737;GO:0005829;GO:0016020;GO:0030117;GO:0048471;GO:0098793;GO:0097060;GO:0043195;GO:0012506;GO:0052658;GO:0034596;GO:0034595;GO:0052629;GO:0043813;GO:0004438;GO:0004439;GO:0043812;GO:0003723;GO:0043647;GO:0007612;GO:0061024;GO:0006836;GO:0006661;GO:0046856;GO:0046488;GO:1904980;GO:0048488;GO:0016082;GO:0048489;GO:0016191
P08247,Synaptophysin,Brain,GO:0060076;GO:0031594;GO:0043005;GO:0048471;GO:0048786;GO:0042734;GO:0098685;GO:0008021;GO:0030672;GO:0043195;GO:0015485;GO:0042802;GO:0042169;GO:0006897;GO:0048169;GO:0048168;GO:2000474;GO:0048172;GO:0010807;GO:0016188;GO:0048499
Q7L8C5,Synaptotagmin 13,Brain,GO:0070382;GO:0043231;GO:0005886;GO:0045202;GO:0030133;GO:0061891;GO:0005544;GO:0000149;GO:0007268;GO:0017158;GO:0016192
Q17RD7,Synaptotagmin 16,Brain,GO:0042802;GO:0005543
Q9BSW7,Synaptotagmin 17,Brain,GO:0070382;GO:0098978;GO:0005886;GO:0098794;GO:0005802;GO:0061891;GO:0005544;GO:0000149;GO:0030154;GO:1903861;GO:0017158;GO:0099149;GO:0016192
O43581,Synaptotagmin 7,Brain,GO:0030424;GO:0005829;GO:0031045;GO:0032009;GO:0070062;GO:0098686;GO:0005765;GO:0005764;GO:0005778;GO:0005777;GO:0030670;GO:0005886;GO:0042734;GO:0045202;GO:0008021;GO:0030672;GO:0005509;GO:0061891;GO:0005544;GO:0005516;GO:0030276;GO:0005546;GO:0000149;GO:0019905;GO:1990927;GO:0048791;GO:0099502;GO:0006909;GO:0090385;GO:0001778;GO:0045956;GO:0046850;GO:0017158;GO:0070092;GO:0050796;GO:0050764;GO:1900242;GO:1990926;GO:0036465;GO:0006906;GO:0090119;GO:0016192
Q86SS6,Synaptotagmin 9,Brain,GO:0030669;GO:0031045;GO:0070382;GO:0098686;GO:0005886;GO:0030672;GO:0061891;GO:0005544;GO:0042802;GO:0046872;GO:0005546;GO:0001786;GO:0000149;GO:0099502;GO:0031340;GO:0017158;GO:0016192
Q8TDW5,Synaptotagmin like 5,Brain,GO:0070382;GO:0005886;GO:0046872;GO:0042043;GO:0005543;GO:0031267;GO:0006887;GO:0006886
Q7Z5A9,TAFA chemokine like family member 1,Brain,GO:0005783;GO:0005615;GO:0048018;GO:0014016;GO:1902692;GO:0010469
Q8N3H0,TAFA chemokine like family member 2,Brain,GO:0005737;GO:0005615;GO:0005634;GO:0048018;GO:0007613;GO:0008542
O60347,TBC1 domain family member 12,Brain,GO:0005776;GO:0055037;GO:0005096;GO:2000785
P0C7X1,TBC1 domain family member 3H,Brain,GO:0005886;GO:0005096
Q99426,Tubulin folding cofactor B,Brain,GO:0005938;GO:0005737;GO:0005829;GO:0015630;GO:0035371;GO:0005634;GO:0043014;GO:0051010;GO:0030154;GO:0031122;GO:0007399;GO:0007023;GO:0007021
Q9H3H9,Transcription elongation factor A like 2,Brain,GO:0005634
Q5H9L2,Transcription elongation factor A like 5,Brain,GO:0005634
Q9BRU2,Transcription elongation factor A like 7,Brain,GO:0005654;GO:0005634;GO:0045892;GO:0032088
Q5VWI1,Transcription elongation regulator 1 like,Brain,GO:0005634;GO:0070063;GO:0003712
Q9UL49,Transcription factor like 5,Brain,GO:0000785;GO:0001673;GO:0005634;GO:0003677;GO:0003700;GO:0000981;GO:0001227;GO:0046983;GO:0000978;GO:1990837;GO:0030154;GO:0000122;GO:0045595;GO:0042127;GO:0006355;GO:0007283;GO:0006366
Q9UKZ4,Teneurin transmembrane protein 1,Brain,GO:0005737;GO:0005856;GO:0005783;GO:0005576;GO:0005794;GO:0043005;GO:0016363;GO:0016607;GO:0005634;GO:0048471;GO:0005886;GO:0050839;GO:0008201;GO:0046982;GO:0042803;GO:0006955;GO:0008285;GO:0007399;GO:0048666;GO:0007218;GO:0030838;GO:0051491;GO:0090316;GO:0043406;GO:0033138;GO:0006359
P02787,Transferrin,Brain,GO:0016324;GO:0045178;GO:0009925;GO:0072562;GO:0009986;GO:0030669;GO:0005905;GO:0031410;GO:0005769;GO:0030139;GO:0005788;GO:0010008;GO:0070062;GO:0005576;GO:0005615;GO:1990712;GO:0005770;GO:0048471;GO:0005886;GO:0055037;GO:0034774;GO:0031982;GO:0019899;GO:0008199;GO:0008198;GO:0034986;GO:1990459;GO:0044325;GO:0007015;GO:0019731;GO:0071281;GO:0070371;GO:0006879;GO:0006826;GO:0060586;GO:0030316;GO:0045780;GO:2000147;GO:0045893;GO:0042327;GO:0032436;GO:0048260;GO:0034756;GO:0031647
P04216,Thy-1 cell surface antigen,Brain,GO:0016324;GO:0030673;GO:0009986;GO:0030425;GO:0032590;GO:0005783;GO:0009897;GO:0070062;GO:0005576;GO:0005925;GO:0098978;GO:0030426;GO:0045121;GO:0032809;GO:0005886;GO:0098794;GO:0098793;GO:0034235;GO:0005096;GO:0005178;GO:0001525;GO:0098609;GO:0007267;GO:0007010;GO:0048041;GO:0034113;GO:0007229;GO:0050771;GO:0030336;GO:0070571;GO:0006469;GO:0050860;GO:0002693;GO:0051894;GO:0043547;GO:0051281;GO:0050870;GO:0043113;GO:0001952;GO:2000298;GO:0046549;GO:0050852
Q8IVF5,TIAM Rac1 associated GEF 2,Brain,GO:0005829;GO:0070062;GO:0030175;GO:0030426;GO:0030027;GO:0016020;GO:0043204;GO:0045202;GO:0005096;GO:0005085;GO:0050772;GO:0051056;GO:0007264
Q6B0B8,Tigger transposable element derived 3,Brain,GO:0005634;GO:0003677
Q04725,"TLE family member 2, transcriptional corepressor",Brain,GO:0005615;GO:0005925;GO:0016604;GO:0005654;GO:0005634;GO:0005667;GO:0003714;GO:0009887;GO:0090090;GO:0045892;GO:0007165;GO:0016055
O43897,Tolloid like 1,Brain,GO:0005576;GO:0005615;GO:0005509;GO:0004222;GO:0004252;GO:0008270;GO:0030154;GO:0030199;GO:0009953;GO:0016485;GO:0001501
Q9Y6L7,Tolloid like 2,Brain,GO:0005576;GO:0005615;GO:0005509;GO:0004222;GO:0004252;GO:0008270;GO:0030154;GO:0030199;GO:0009953;GO:0048632;GO:0016485
Q8TDI7,Transmembrane channel like 2,Brain,GO:0032437;GO:0005886;GO:0032420;GO:0032426;GO:0005262;GO:0008381;GO:0005245;GO:0050910;GO:1903169;GO:0060005
Q7Z403,Transmembrane channel like 6,Brain,GO:0005737;GO:0005783;GO:0005789;GO:0070062;GO:0005794;GO:0000139;GO:0031965;GO:0005886;GO:0035579;GO:0070821;GO:0008381;GO:0006882;GO:0050821
Q7Z402,Transmembrane channel like 7,Brain,GO:0043025;GO:0005886;GO:0008200;GO:0008381;GO:0050954
Q9UIK5,Transmembrane protein with EGF like and two follistatin like domains 2,Brain,GO:0005576;GO:0016020;GO:0030154;GO:0030336;GO:0045720;GO:0051497;GO:0044319
A0PK00,Transmembrane protein 120B,Brain,GO:0005637;GO:0045444;GO:0051291
Q9BTD3,Transmembrane protein 121,Brain,GO:0016020
Q8N3G9,Transmembrane protein 130,Brain,GO:0005794;GO:0000139;GO:0005886
Q24JP5,Transmembrane protein 132A,Brain,GO:0005783;GO:0005788;GO:0005789;GO:0070062;GO:0000139;GO:0005886;GO:0042803;GO:0042177;GO:0061357;GO:0030177
Q8WZ71,Transmembrane protein 158,Brain,GO:0016020;GO:0042277
Q9NX00,Transmembrane protein 160,Brain,GO:0005743;GO:0005739
Q8TC26,Transmembrane protein 163,Brain,GO:0031901;GO:0031902;GO:0005765;GO:0005886;GO:0030672;GO:0008270;GO:0042552;GO:0140882;GO:0099180
Q96HH4,Transmembrane protein 169,Brain,GO:0016020
H3BS89,Transmembrane protein 178B,Brain,GO:0016020
Q5HYL7,Transmembrane protein 196,Brain,GO:0005737;GO:0016020;GO:0090090;GO:0030308;GO:0030336;GO:0008285;GO:0043065
A6NKL6,Transmembrane protein 200C,Brain,GO:0016020
B2RXF0,Transmembrane protein 229A,Brain,GO:0016020
Q8NBD8,Transmembrane protein 229B,Brain,GO:0016020;GO:0042116;GO:0009617
Q5SV17,Transmembrane protein 240,Brain,GO:0150053;GO:0098688;GO:0098839;GO:0097060;GO:0160045
Q5JRV8,Transmembrane protein 255A,Brain,GO:0016020;GO:0009617
Q53FP2,Transmembrane protein 35A,Brain,GO:0031410;GO:0005783;GO:0005789;GO:0005778;GO:0030548;GO:0051131;GO:2000010
O94886,Transmembrane protein 63A,Brain,GO:0034451;GO:0031901;GO:0070062;GO:0043231;GO:0005765;GO:0005886;GO:0035579;GO:0070821;GO:0005227;GO:0008381;GO:0003676;GO:1990760;GO:0160069
Q96NL1,Transmembrane protein 74,Brain,GO:0000421;GO:0031410;GO:0005765;GO:0005886;GO:0044325;GO:0051867;GO:0016236
Q9NUR3,Transmembrane protein 74B,Brain,GO:0016020
Q6P7N7,Transmembrane protein 81,Brain,GO:0016020
Q6ZNR0,Transmembrane protein 91,Brain,GO:0043231;GO:0016020;GO:0002244
Q8NEW7,Transmembrane inner ear,Brain,GO:0016020;GO:0042472;GO:0007605
O75509,TNF receptor superfamily member 21,Brain,GO:0005886;GO:0002250;GO:0006915;GO:0007413;GO:0001783;GO:0071356;GO:0006959;GO:0042552;GO:0030889;GO:0032693;GO:0032696;GO:0032714;GO:0031642;GO:0042130;GO:0051402;GO:0097252;GO:0048713;GO:0050852
Q93038,TNF receptor superfamily member 25,Brain,GO:0005829;GO:0005576;GO:0005886;GO:0038023;GO:0005031;GO:0006915;GO:0097190;GO:0007166;GO:0042981;GO:0007165
Q9UNG2,TNF superfamily member 18,Brain,GO:0009986;GO:0005615;GO:0005886;GO:0005125;GO:0042802;GO:0005102;GO:0032813;GO:0002250;GO:0007267;GO:0043066;GO:2000329;GO:0045785;GO:0050729;GO:0002687;GO:0010759;GO:0090026;GO:0051092;GO:0042531;GO:2000508;GO:0043254;GO:0042129;GO:0007165;GO:0002309;GO:0033209
Q9UKE5,TRAF2 and NCK interacting kinase,Brain,GO:0016324;GO:0005737;GO:0005856;GO:0005829;GO:0070062;GO:0098978;GO:0005654;GO:0005634;GO:0099092;GO:0098793;GO:0055037;GO:0004676;GO:0004679;GO:0005524;GO:0004677;GO:0004694;GO:0044024;GO:0072371;GO:1990244;GO:0035979;GO:0044025;GO:0140823;GO:0035175;GO:0044022;GO:0140855;GO:0035402;GO:0072354;GO:0140857;GO:0035403;GO:0044023;GO:0004672;GO:0106310;GO:0004674;GO:0072518;GO:0004711;GO:0030036;GO:0007010;GO:0035556;GO:0000165;GO:0030033;GO:0048812;GO:0046330;GO:0001934;GO:0046777;GO:0072659;GO:0006468;GO:0048814;GO:0043408;GO:0016055
O15350,Tumor protein p73,Brain,GO:0030054;GO:0000785;GO:0005829;GO:0005794;GO:0043231;GO:0005654;GO:0005634;GO:0001228;GO:0003700;GO:0000981;GO:0140297;GO:0042802;GO:0097371;GO:0046872;GO:0002039;GO:0019901;GO:0000978;GO:0061629;GO:0000976;GO:0001222;GO:0006974;GO:0008630;GO:0042771;GO:0001822;GO:0006298;GO:0060044;GO:0008285;GO:0045665;GO:0043065;GO:0045893;GO:1901248;GO:0043410;GO:0048714;GO:0045944;GO:0051262;GO:0051726;GO:0010468;GO:0007346;GO:0006357;GO:0009410
P0DKB5,Trophoblast glycoprotein like,Brain,GO:0005886;GO:0090090
Q4KMQ1,Taperin,Brain,GO:0005737;GO:0005902;GO:0005654;GO:0032420;GO:0120044;GO:0003779;GO:0008157;GO:0004865;GO:0060088;GO:0007605;GO:0120045
O60296,Trafficking kinesin protein 2,Brain,GO:1904115;GO:0005737;GO:0031410;GO:0005829;GO:0030425;GO:0005769;GO:0005739;GO:0005886;GO:0050811;GO:0017022;GO:0005102;GO:0098957;GO:0048311;GO:0022008;GO:0006605;GO:0047496
O15050,Tetratricopeptide repeat and ankyrin repeat containing 1,Brain,
Q9NZC2,Triggering receptor expressed on myeloid cells 2,Brain,GO:0005576;GO:0016020;GO:0005886;GO:0044853;GO:0002116;GO:0001540;GO:0034186;GO:0034185;GO:0008013;GO:0008035;GO:0019209;GO:0008289;GO:0001530;GO:0071813;GO:0070891;GO:0030169;GO:0042834;GO:0008429;GO:0001786;GO:0005543;GO:1990782;GO:0044877;GO:0097110;GO:0017154;GO:0030215;GO:0038023;GO:0120146;GO:0004888;GO:0034189;GO:0097242;GO:0150094;GO:0043277;GO:0048143;GO:1904646;GO:0071333;GO:0071456;GO:0071396;GO:0071402;GO:0071223;GO:0140052;GO:0071224;GO:0150062;GO:0038160;GO:0050829;GO:0097028;GO:0097062;GO:0032497;GO:0070392;GO:0032499;GO:1905805;GO:0006959;GO:0098657;GO:0055088;GO:0007613;GO:0001774;GO:0002282;GO:0061518;GO:1905907;GO:0061889;GO:1904093;GO:0010507;GO:0043124;GO:0050866;GO:0010887;GO:1900016;GO:0070345;GO:0034351;GO:0002862;GO:0032691;GO:1902227;GO:0150079;GO:1900226;GO:1903753;GO:0051898;GO:0010891;GO:0034136;GO:0034144;GO:0032720;GO:0030316;GO:0006911;GO:0006910;GO:1900223;GO:0002588;GO:2001171;GO:1903082;GO:0050850;GO:1905291;GO:2000350;GO:0050921;GO:0010875;GO:0045960;GO:1901076;GO:0070374;GO:1904951;GO:0010628;GO:0010983;GO:0032733;GO:1901980;GO:0033674;GO:1905581;GO:0034241;GO:1903980;GO:1904141;GO:1901224;GO:0045672;GO:0050731;GO:0050766;GO:0060100;GO:0051897;GO:1901800;GO:1903078;GO:0001934;GO:0050714;GO:1905808;GO:0032008;GO:0070269;GO:1900015;GO:0010468;GO:0110089;GO:0045088;GO:0032675;GO:1902531;GO:0019216;GO:0071640;GO:1903376;GO:0050730;GO:0120035;GO:0060075;GO:0034151;GO:0032006;GO:0045728;GO:0048678;GO:0002931;GO:0007165;GO:0035176;GO:0002291
Q96F44,Tripartite motif containing 11,Brain,GO:0005737;GO:0005829;GO:0005654;GO:0019904;GO:0030674;GO:0061630;GO:0004842;GO:0008270;GO:0045087;GO:0140972;GO:0045892;GO:0050768;GO:0046597;GO:0032897;GO:0046598;GO:0051865;GO:0016567;GO:0010468;GO:0044790
Q9C040,Tripartite motif containing 2,Brain,GO:0005737;GO:0030371;GO:0061630;GO:0004842;GO:0008270;GO:0017148;GO:0043161;GO:0000209;GO:0043523
O75382,Tripartite motif containing 3,Brain,GO:0005737;GO:0030425;GO:0005769;GO:0005794;GO:0042802;GO:0030371;GO:0061630;GO:0008270;GO:0017148;GO:0007399;GO:0061351;GO:0034141;GO:0043161;GO:0070534;GO:0000209;GO:0015031
Q8WV44,Tripartite motif containing 41,Brain,GO:0005737;GO:0016604;GO:0005730;GO:0042802;GO:0061630;GO:0008270;GO:0071222;GO:0071225;GO:0051607;GO:0045087;GO:0060340;GO:0006513
Q9C029,Tripartite motif containing 7,Brain,GO:0005737;GO:0005794;GO:0005634;GO:0061630;GO:0008270;GO:0140374;GO:0045087;GO:0016567
Q13507,Transient receptor potential cation channel subfamily C member 3,Brain,GO:0034703;GO:0005886;GO:0005262;GO:0005227;GO:0070679;GO:0046872;GO:0015279;GO:0070588;GO:0006816;GO:0007602;GO:0010524;GO:1903244;GO:0051480;GO:0033198;GO:0051592;GO:0007338
Q9UL62,Transient receptor potential cation channel subfamily C member 5,Brain,GO:0034704;GO:0034703;GO:0030425;GO:0030426;GO:0043025;GO:0005886;GO:0098793;GO:0003779;GO:0042805;GO:0051117;GO:0005262;GO:0030276;GO:0070679;GO:0015279;GO:0070588;GO:0006816;GO:0050774;GO:0007399;GO:0051402;GO:0030182;GO:0070782;GO:0045773;GO:0008284;GO:0007204;GO:0045666;GO:0051480;GO:1902630
P62079,Tetraspanin 5,Brain,GO:0015629;GO:0005788;GO:0005654;GO:0005886;GO:0019899;GO:0045747;GO:0072659;GO:0051604;GO:0051043
P41732,Tetraspanin 7,Brain,GO:0005886
O75954,Tetraspanin 9,Brain,GO:0005925;GO:0005886;GO:0097197
O95153,TSPO associated protein 1,Brain,GO:0044305;GO:0005737;GO:0005829;GO:0098978;GO:0005739;GO:0030156;GO:0099626;GO:0046928
Q9UJ04,TSPY like 4,Brain,GO:0000785;GO:0005634;GO:0003682;GO:0042393;GO:0006334
Q969E8,TSR2 ribosome maturation factor,Brain,GO:0005634;GO:0000462
Q86TV6,Tetratricopeptide repeat domain 7B,Brain,GO:0005829;GO:0005886;GO:0046854;GO:0072659
Q6ZT98,Tubulin tyrosine ligase like 7,Brain,GO:0036064;GO:0005829;GO:0030425;GO:0005874;GO:0043204;GO:0043014;GO:0005524;GO:0048487;GO:0046872;GO:0106438;GO:0106437;GO:0015631;GO:0070740;GO:0030154;GO:0000226;GO:0007399;GO:0018095
Q9C0H2,Tweety family member 3,Brain,GO:0034707;GO:0070062;GO:0005886;GO:0005509;GO:0005254;GO:0005229;GO:0072320;GO:0006821;GO:0015813;GO:0034220
Q71U36,Tubulin alpha 1a,Brain,GO:0005879;GO:0000793;GO:0005737;GO:0036464;GO:0005829;GO:0070062;GO:0005874;GO:0015630;GO:0031594;GO:0005634;GO:0005886;GO:0055037;GO:0036126;GO:0005525;GO:0016787;GO:0042802;GO:0046872;GO:0046982;GO:0044877;GO:0005200;GO:0005198;GO:0008344;GO:0051301;GO:0071277;GO:0007098;GO:0021696;GO:0021987;GO:0030705;GO:0021542;GO:0030317;GO:0048853;GO:0010467;GO:0010001;GO:0048873;GO:0006886;GO:0035641;GO:0007613;GO:0000226;GO:0046785;GO:0007017;GO:0000278;GO:0061744;GO:0051402;GO:0001764;GO:0140058;GO:0072384;GO:0021859;GO:0050807;GO:1902065;GO:0009612;GO:0034612;GO:0007224;GO:0001964;GO:0050808;GO:0008542
Q9NRH3,Tubulin gamma 2,Brain,GO:0005813;GO:0005737;GO:0005881;GO:0005829;GO:0000930;GO:0005874;GO:0015630;GO:0005634;GO:0000242;GO:0005819;GO:0005876;GO:0005525;GO:0005200;GO:0005198;GO:0031122;GO:0000212;GO:0007020;GO:0000278;GO:0000070;GO:0007052
A0A1B0GTB2,TCL1 upstream neural differentiation-associated RNA,Brain,GO:0005783;GO:0005789;GO:0051117;GO:0032469;GO:0045665;GO:0048812;GO:0035774;GO:0051480
A6NH52,Trans-golgi network vesicle protein 23 homolog A,Brain,GO:0000139;GO:0009306;GO:0016192
Q06418,TYRO3 protein tyrosine kinase,Brain,GO:0009986;GO:0005789;GO:0005635;GO:0005634;GO:0005886;GO:0043235;GO:0005524;GO:0008288;GO:0060175;GO:0005006;GO:0005007;GO:0005004;GO:0005008;GO:0140801;GO:0035401;GO:0005009;GO:0005010;GO:0005011;GO:0043548;GO:0036332;GO:0005018;GO:0005019;GO:0004713;GO:0038062;GO:0005020;GO:0004714;GO:0005005;GO:0005021;GO:0001618;GO:0043277;GO:0007155;GO:0016477;GO:0007169;GO:0051649;GO:0021885;GO:0001779;GO:0050728;GO:0045824;GO:0051250;GO:0043524;GO:0034122;GO:0007399;GO:0051402;GO:0070050;GO:0001764;GO:0007218;GO:0042698;GO:0006909;GO:0043491;GO:0030168;GO:0070527;GO:0051897;GO:1903902;GO:0046777;GO:0032940;GO:0007165;GO:0007283;GO:0034446;GO:0060068
Q8TF42,Ubiquitin associated and SH3 domain containing B,Brain,GO:0005737;GO:0005634;GO:0140793;GO:0042802;GO:0004726;GO:0051219;GO:0004725;GO:0030946;GO:0031625;GO:0038063;GO:0045779;GO:0045671;GO:0090331;GO:0009968;GO:0070527;GO:0045670;GO:0051279
Q8WVF2,Upper zone of growth plate and cartilage matrix associated,Brain,GO:0005737;GO:0031012;GO:0005576;GO:0036122;GO:0048706;GO:0045668;GO:0060392;GO:0001649
P55089,Urocortin,Brain,GO:0043679;GO:0030425;GO:0005576;GO:0043204;GO:0043196;GO:0051430;GO:0051431;GO:0046811;GO:0005184;GO:0009060;GO:0008306;GO:0042756;GO:0007565;GO:0007186;GO:0032099;GO:0045776;GO:0045792;GO:2000252;GO:0010629;GO:0046888;GO:0043524;GO:0031175;GO:0007218;GO:2000987;GO:0090280;GO:0043950;GO:0060452;GO:0030307;GO:0032967;GO:0051461;GO:0045740;GO:0032755;GO:0045944;GO:0045727;GO:0043117;GO:0051966;GO:0010996;GO:0032355;GO:0051384;GO:0006979;GO:0048265;GO:0007605;GO:0035176;GO:0001964;GO:0042311
Q6UXZ4,Unc-5 netrin receptor D,Brain,GO:0009986;GO:0005886;GO:0005042;GO:0006915;GO:0007411;GO:0098742;GO:0021859;GO:2001222
P51784,Ubiquitin specific peptidase 11,Brain,GO:0005694;GO:0005829;GO:0005654;GO:0005634;GO:0004843;GO:0004197;GO:0001222;GO:0016579;GO:0006508
A6NNY8,Ubiquitin specific peptidase 27 X-linked,Brain,GO:0005829;GO:0005634;GO:0004843;GO:0004197;GO:1990380;GO:0061578;GO:0051607;GO:0045087;GO:0043065;GO:0060340;GO:0016579;GO:0071108;GO:0070536;GO:0050821;GO:0006508
O95399,Urotensin 2,Brain,GO:0005576;GO:0005615;GO:0045202;GO:0005179;GO:0005102;GO:0097746;GO:0007268;GO:0006936;GO:0008217
P23763,Vesicle associated membrane protein 1,Brain,GO:0005829;GO:0005741;GO:0043005;GO:0005886;GO:0031201;GO:0035579;GO:0030672;GO:0070821;GO:0005484;GO:0019905;GO:0035493;GO:0006906
P63027,Vesicle associated membrane protein 2,Brain,GO:0030669;GO:0030136;GO:0061202;GO:0060203;GO:0070083;GO:0031410;GO:0005829;GO:0043231;GO:0016020;GO:0043005;GO:0044306;GO:0048471;GO:0005886;GO:0030141;GO:0030667;GO:0031201;GO:0045202;GO:0008021;GO:0030672;GO:0070044;GO:0070032;GO:0070033;GO:0005802;GO:0031982;GO:0042589;GO:0048306;GO:0005516;GO:0005543;GO:0005484;GO:0000149;GO:0019905;GO:0017075;GO:0017156;GO:0032869;GO:0043308;GO:0006887;GO:0043001;GO:0060291;GO:0061025;GO:0090316;GO:0015031;GO:0065003;GO:1902259;GO:0017157;GO:0060627;GO:0009749;GO:0035493;GO:0048488;GO:0016079;GO:0006906;GO:0016192
Q9HCJ6,Vesicle amine transport 1 like,Brain,GO:0016491;GO:0008270
Q9GZP7,Vomeronasal 1 receptor 1,Brain,GO:0005886;GO:0016503;GO:0019236;GO:0007606
Q8TAG5,V-set and transmembrane domain containing 2A,Brain,GO:0005576;GO:0016020;GO:0042802;GO:0030154;GO:0071773;GO:0090336;GO:0010628;GO:0010884;GO:0070352
A8MXK1,V-set and transmembrane domain containing 5,Brain,GO:0030424;GO:0030425;GO:0016020;GO:0005886;GO:0046847;GO:0006955;GO:1904891;GO:0051260;GO:0021517
Q8N398,Von Willebrand factor A domain containing 5B2,Brain,
Q92558,WASP family member 1,Brain,GO:0015629;GO:0005856;GO:0005829;GO:0005925;GO:0030027;GO:0005741;GO:0098794;GO:0032991;GO:0031209;GO:0003779;GO:0071933;GO:0051018;GO:0034237;GO:0030036;GO:0030041;GO:1990416;GO:0097484;GO:0072673;GO:0007005;GO:0098885;GO:2000601;GO:0051388;GO:0065003;GO:0016601;GO:0006898
Q9UPY6,WASP family member 3,Brain,GO:0005856;GO:0070062;GO:0097386;GO:0098978;GO:0030027;GO:0098794;GO:0031209;GO:0003779;GO:0071933;GO:0034237;GO:0030036;GO:0030041;GO:0007010;GO:0030032;GO:0098885;GO:0014003;GO:2000601;GO:0031643;GO:0065003;GO:0008360
Q8IZU2,WD repeat domain 17,Brain,
O94967,WD repeat domain 47,Brain,GO:0005737;GO:0030425;GO:0030426;GO:0005874;GO:0043025;GO:0008344;GO:0021960;GO:0006914;GO:0021801;GO:0022038;GO:0120168;GO:0000226;GO:0061744;GO:0007026;GO:0061351;GO:0097150
Q96NZ8,"WAP, follistatin/kazal, immunoglobulin, kunitz and netrin domain containing 1",Brain,GO:0005615;GO:0048019;GO:0004867;GO:0050431;GO:0055001;GO:0030512;GO:0060021;GO:0001501;GO:0007179
P04628,Wnt family member 1,Brain,GO:0009986;GO:0005737;GO:0030666;GO:0005788;GO:0070062;GO:0005576;GO:0005615;GO:0005796;GO:0005886;GO:0005125;GO:0005109;GO:0016015;GO:0019904;GO:0048018;GO:0031100;GO:0036520;GO:0060348;GO:0001658;GO:0060070;GO:0045165;GO:0033278;GO:0007267;GO:0071375;GO:0021551;GO:0021588;GO:0021536;GO:0000578;GO:1990403;GO:0045444;GO:0021797;GO:0071425;GO:0070365;GO:0042472;GO:0030901;GO:1904948;GO:0022004;GO:0007520;GO:0043066;GO:0030514;GO:0022408;GO:0010812;GO:2000773;GO:0045599;GO:1903377;GO:0030512;GO:2000059;GO:0030182;GO:0048664;GO:0008284;GO:0061184;GO:0051091;GO:0045893;GO:0048146;GO:1902035;GO:0043568;GO:0010592;GO:0045747;GO:0045944;GO:0009611;GO:0042770;GO:0060061;GO:0021527;GO:0033077;GO:0016055
Q9Y6F9,Wnt family member 6,Brain,GO:0009986;GO:0030666;GO:0005788;GO:0070062;GO:0031012;GO:0005576;GO:0005615;GO:0005796;GO:0005886;GO:0005125;GO:0005109;GO:0009798;GO:0001658;GO:0060070;GO:0045165;GO:0071300;GO:0061303;GO:0060684;GO:0072079;GO:0030182;GO:0042475;GO:0045893;GO:0010628;GO:0070172
O00755,Wnt family member 7A,Brain,GO:0009986;GO:0030666;GO:0005788;GO:0070062;GO:0031012;GO:0005576;GO:0005615;GO:0098978;GO:0005796;GO:0005886;GO:0098793;GO:0098685;GO:0005125;GO:0005109;GO:0048018;GO:0005102;GO:0001525;GO:0006915;GO:0045167;GO:0007409;GO:0060070;GO:0001502;GO:0045165;GO:0021846;GO:0071560;GO:0022009;GO:0021707;GO:0002062;GO:0060997;GO:0009953;GO:0000578;GO:0042733;GO:0035115;GO:0035116;GO:0060856;GO:0030010;GO:1904861;GO:0070307;GO:0043066;GO:0050768;GO:0030182;GO:0007269;GO:0060066;GO:0045893;GO:0010595;GO:0060054;GO:2000463;GO:1904891;GO:0010628;GO:0046330;GO:1905386;GO:0051247;GO:0051965;GO:0045944;GO:0099068;GO:0099054;GO:0031133;GO:0099175;GO:1905606;GO:2000300;GO:0032355;GO:0043627;GO:0062009;GO:0007548;GO:0014719;GO:0014834;GO:0048103;GO:0035019;GO:0048864;GO:0036465;GO:0061038;GO:0060071;GO:0035313
P56706,Wnt family member 7B,Brain,GO:0030666;GO:0005788;GO:0070062;GO:0005576;GO:0005615;GO:0005796;GO:0005886;GO:0005125;GO:0005109;GO:0048018;GO:0060070;GO:0045165;GO:0071300;GO:0022009;GO:0036516;GO:0060710;GO:0060560;GO:0048568;GO:0060669;GO:0016332;GO:0048144;GO:0021871;GO:0042592;GO:0001701;GO:0072061;GO:0032364;GO:0070307;GO:0060482;GO:0030324;GO:0060428;GO:0060425;GO:0061180;GO:0072205;GO:0072207;GO:0072236;GO:0003338;GO:0030182;GO:0072060;GO:0046330;GO:0045669;GO:0032536;GO:0072053;GO:0072054;GO:0051384;GO:0072089;GO:0050808;GO:0060535;GO:0016055;GO:0060071
Q658N2,WSC domain containing 1,Brain,GO:0000139;GO:0008146
Q5GH76,XK related 4,Brain,GO:0005886;GO:1902742;GO:0043652;GO:0070782
P61981,Tyrosine 3-monooxygenase/tryptophan 5-monooxygenase activation protein gamma,Brain,GO:0005737;GO:0005829;GO:0070062;GO:0005925;GO:0016020;GO:0005634;GO:0098793;GO:0042802;GO:0005159;GO:0140031;GO:0019904;GO:0005080;GO:0008426;GO:0140311;GO:0030971;GO:0003723;GO:0042149;GO:0032869;GO:0006469;GO:1904262;GO:0022409;GO:0050870;GO:0002842;GO:0008104;GO:0006605;GO:0045664;GO:0032880;GO:0009966;GO:0048167;GO:0007165
Q99592,Zinc finger and BTB domain containing 18,Brain,GO:0000792;GO:0016607;GO:0005654;GO:0005634;GO:0003677;GO:0000981;GO:0001227;GO:0046872;GO:0043565;GO:1990837;GO:0045892;GO:0000122;GO:0045944;GO:0006357;GO:0007519
Q86UZ6,Zinc finger and BTB domain containing 46,Brain,GO:0000785;GO:0005634;GO:0000981;GO:0001227;GO:0046872;GO:0000976;GO:0030851;GO:0030225;GO:2001199;GO:0030853;GO:0002695;GO:0045650;GO:0045656;GO:0000122;GO:0002273;GO:2001200;GO:0006357
Q9NP64,Zinc finger CCHC-type containing 17,Brain,GO:0022625;GO:0005730;GO:0042802;GO:0003723;GO:0008270;GO:0043489
P0CG32,Zinc finger CCHC-type containing 18,Brain,GO:0005634;GO:0046872
Q8N2G6,Zinc finger CCHC-type containing 24,Brain,GO:0003723;GO:0008270
P0C7U3,Zinc finger DHHC-type containing 11B,Brain,GO:0005783;GO:0005794;GO:0016020;GO:0019706;GO:0140374;GO:0006612
O60315,Zinc finger E-box binding homeobox 2,Brain,GO:0000785;GO:0005829;GO:0005730;GO:0005654;GO:0005634;GO:0000981;GO:0001227;GO:0046872;GO:0019208;GO:0000978;GO:0048143;GO:0007417;GO:0048066;GO:0043542;GO:0001935;GO:0072537;GO:0097324;GO:0036446;GO:0010764;GO:0000122;GO:0007399;GO:0090263;GO:0048023;GO:0045636;GO:1904330;GO:0045944;GO:0030511;GO:0070269;GO:1905603;GO:1903056;GO:1904520;GO:0006357;GO:0090649;GO:0043149
Q8WW38,"Zinc finger protein, FOG family member 2",Brain,GO:0000785;GO:0005737;GO:0001673;GO:0005654;GO:0005634;GO:0003677;GO:0061629;GO:0003713;GO:0003714;GO:0008270;GO:0030154;GO:0048568;GO:0045444;GO:0007506;GO:0007507;GO:0001701;GO:0030324;GO:0045892;GO:0045599;GO:2000195;GO:0000122;GO:0003148;GO:0060045;GO:2000020;GO:0045944;GO:0003221;GO:0001570;GO:0060412
P17039,Zinc finger protein 30,Brain,GO:0005634;GO:0000981;GO:0046872;GO:0000978;GO:0006357
Q9Y3M9,Zinc finger protein 337,Brain,GO:0005634;GO:0000981;GO:0046872;GO:0000977;GO:0006357
Q96SR6,Zinc finger protein 382,Brain,GO:0005634;GO:0003700;GO:0046872;GO:0000978;GO:0006357
Q9H6B1,Zinc finger protein 385D,Brain,GO:0005634;GO:1990837;GO:0008270
Q8TB69,Zinc finger protein 519,Brain,GO:0005634;GO:0000981;GO:0046872;GO:0000978;GO:0006355
Q96K83,Zinc finger protein 521,Brain,GO:0005654;GO:0005634;GO:0001228;GO:0046872;GO:0019904;GO:0000978;GO:0048663;GO:0006357
Q76KX8,Zinc finger protein 534,Brain,GO:0005634;GO:0000981;GO:0046872;GO:0000978;GO:0006357
O15090,Zinc finger protein 536,Brain,GO:0005634;GO:0000981;GO:0001227;GO:0046872;GO:0044323;GO:0000978;GO:0045665;GO:0048387;GO:0000122;GO:0006355
Q96CK0,Zinc finger protein 653,Brain,GO:0005576;GO:0005634;GO:0050682;GO:0003677;GO:0140297;GO:0046872;GO:0003712;GO:0003714;GO:1900116;GO:0000122;GO:0006357
Q7Z570,Zinc finger protein 804A,Brain,GO:0005737;GO:1901588;GO:0043198;GO:0043197;GO:0030426;GO:0043025;GO:0005634;GO:0005886;GO:0098794;GO:0098793;GO:0046872;GO:1902952;GO:0010628;GO:0010976;GO:0010975
O75541,Zinc finger protein 821,Brain,GO:0005634;GO:0003700;GO:0046872;GO:0000978;GO:1990837;GO:0006357
Q8NBB4,Zinc finger and SCAN domain containing 1,Brain,GO:0000785;GO:0005634;GO:0000981;GO:0046872;GO:0000978;GO:1990837;GO:0006357
Q86XI8,Zinc finger SWIM-type containing 9,Brain,
