Uniprot,Gene description,Organ,GO
Q13103,Secreted phosphoprotein 2,Liver,GO:0062023;GO:0005788;GO:0005576;GO:0031089;GO:0004866;GO:0046849;GO:0001501
P02765,Alpha 2-HS glycoprotein,Liver,GO:0072562;GO:0062023;GO:0005788;GO:0070062;GO:0031012;GO:0005576;GO:0005615;GO:0005794;GO:0031093;GO:0034774;GO:0004869;GO:0004866;GO:0019210;GO:0006953;GO:0030502;GO:0046627;GO:0001503;GO:0006907;GO:0050766;GO:0030500;GO:0050727;GO:0001501
P36980,Complement factor H related 2,Liver,GO:0005576;GO:0005615;GO:0032991;GO:0001851;GO:0042802;GO:0006956;GO:0051838;GO:0032091
P11226,Mannose binding lectin 2,Liver,GO:0009986;GO:0005581;GO:0009897;GO:0005576;GO:0005615;GO:0005771;GO:1905370;GO:0048306;GO:0005537;GO:0042802;GO:0005102;GO:0006953;GO:0140374;GO:0002752;GO:0006958;GO:0001867;GO:0042742;GO:0050830;GO:0045087;GO:0051873;GO:0048525;GO:0008228;GO:1903028;GO:0050766;GO:0006508;GO:0006979;GO:0043129
P00740,Coagulation factor IX,Liver,GO:0062023;GO:0005788;GO:0070062;GO:0005576;GO:0005615;GO:0005796;GO:0005886;GO:0005509;GO:0004175;GO:0046872;GO:0004252;GO:0007596;GO:0006508;GO:0031638
Q9BXR6,Complement factor H related 5,Liver,GO:0005576;GO:0005615;GO:0032991;GO:0001851;GO:0042802;GO:0046982;GO:0006956;GO:0006957;GO:0051838;GO:0032091
P04217,Alpha-1-B glycoprotein,Liver,GO:0072562;GO:0062023;GO:0070062;GO:0005576;GO:0005615;GO:1904813;GO:0005886;GO:0031093;GO:0034774;GO:0002764
P01008,Serpin family C member 1,Liver,GO:0072562;GO:0062023;GO:0005788;GO:0070062;GO:0005576;GO:0005615;GO:0005886;GO:0008201;GO:0042802;GO:0002020;GO:0004867;GO:0007596;GO:0030193
P02652,Apolipoprotein A2,Liver,GO:0072562;GO:0042627;GO:0005829;GO:0005769;GO:0005788;GO:0070062;GO:0005576;GO:0005615;GO:0034364;GO:0034366;GO:0034361;GO:0034190;GO:0015485;GO:0120020;GO:0019899;GO:0031072;GO:0008035;GO:0070653;GO:0055102;GO:0008289;GO:0005319;GO:0031210;GO:0060228;GO:0005543;GO:0046982;GO:0042803;GO:0048018;GO:0005102;GO:0031100;GO:0071402;GO:0033344;GO:0042632;GO:0008203;GO:0030301;GO:0046340;GO:0034380;GO:0034384;GO:0034375;GO:0042157;GO:0034374;GO:0060621;GO:0032375;GO:0060695;GO:0002719;GO:0060192;GO:0050995;GO:0010903;GO:0018206;GO:0006656;GO:0009395;GO:0033700;GO:1905920;GO:0032757;GO:0050996;GO:0050766;GO:0018158;GO:0050821;GO:0030300;GO:0031647;GO:0043627;GO:0051384;GO:0009749;GO:0009410;GO:0043691;GO:0006641;GO:0034370
P00734,"Coagulation factor II, thrombin",Liver,GO:0072562;GO:0062023;GO:0005788;GO:0070062;GO:0005576;GO:0005615;GO:0005796;GO:0005886;GO:0005509;GO:0008083;GO:0008201;GO:0001530;GO:0048018;GO:0004252;GO:0005102;GO:0070053;GO:0006953;GO:0061844;GO:0007596;GO:0007166;GO:0051838;GO:0042730;GO:1990806;GO:0048712;GO:0030195;GO:1900016;GO:0051918;GO:0010544;GO:0045861;GO:0070945;GO:0030168;GO:0030194;GO:0030307;GO:0008284;GO:0032967;GO:0032024;GO:0051897;GO:1900738;GO:1900182;GO:0001934;GO:2000379;GO:0046427;GO:0051281;GO:0006508;GO:0030193;GO:0008360;GO:0051480;GO:0009611;GO:0070493
Q08AH3,Acyl-CoA synthetase medium chain family member 2A,Liver,GO:0005759;GO:0005739;GO:0005524;GO:0018858;GO:0102391;GO:0015645;GO:0004321;GO:0031956;GO:0046872;GO:0006637;GO:0006633;GO:0042593;GO:0036112;GO:0070328
Q14973,Solute carrier family 10 member 1,Liver,GO:0016323;GO:0005886;GO:0015125;GO:0008508;GO:0001618;GO:0015721;GO:0071466;GO:0043627;GO:0045471;GO:0031667;GO:0014070
Q02985,Complement factor H related 3,Liver,GO:0072562;GO:0070062;GO:0005615;GO:0001851;GO:0006956
P02790,Hemopexin,Liver,GO:0072562;GO:0062023;GO:0071682;GO:0070062;GO:0005576;GO:0005615;GO:0015232;GO:0046872;GO:0042168;GO:0015886;GO:0020027;GO:0006879;GO:0002925;GO:0002639;GO:0060335;GO:0051246;GO:0060333
P19827,Inter-alpha-trypsin inhibitor heavy chain 1,Liver,GO:0072562;GO:0062023;GO:0070062;GO:0005576;GO:0005509;GO:0030246;GO:0005540;GO:0004867;GO:0030212
P05543,Serpin family A member 7,Liver,GO:0070062;GO:0005576;GO:0005615;GO:0004867;GO:0070327
Q9Y6L6,Solute carrier organic anion transporter family member 1B1,Liver,GO:0009925;GO:0016323;GO:0016020;GO:0005886;GO:0015125;GO:0008514;GO:0015132;GO:0015347;GO:0015349;GO:0015721;GO:0042167;GO:0006811;GO:0015711;GO:0043252;GO:0006805
Q9UJM8,Hydroxyacid oxidase 1,Liver,GO:0005829;GO:0043231;GO:0005782;GO:0003973;GO:0010181;GO:0047969;GO:0001561;GO:0006545;GO:0046296;GO:0006979
P02749,Apolipoprotein H,Liver,GO:0009986;GO:0042627;GO:0062023;GO:0070062;GO:0005576;GO:0005615;GO:0034364;GO:0031089;GO:0034361;GO:0008201;GO:0042802;GO:0008289;GO:0060230;GO:0005543;GO:0007597;GO:0016525;GO:0030195;GO:0010596;GO:0001937;GO:0051918;GO:0033033;GO:0034392;GO:0031639;GO:0030194;GO:0051006;GO:0051917;GO:0006641;GO:0034197
P19823,Inter-alpha-trypsin inhibitor heavy chain 2,Liver,GO:0072562;GO:0062023;GO:0005788;GO:0070062;GO:0005576;GO:0004866;GO:0005540;GO:0004867;GO:0030212
Q92496,Complement factor H related 4,Liver,GO:0005576;GO:0005615;GO:0001851;GO:0005319;GO:0006956
P55056,Apolipoprotein C4,Liver,GO:0005576;GO:0034364;GO:0034361;GO:0005319;GO:0006629;GO:0010890;GO:0070328
Q96N76,Urocanate hydratase 1,Liver,GO:0005829;GO:0016153;GO:0006548;GO:0019556;GO:0019557
P02671,Fibrinogen alpha chain,Liver,GO:0072562;GO:0009986;GO:0062023;GO:0005783;GO:0005788;GO:0009897;GO:0070062;GO:0005576;GO:0005615;GO:1903561;GO:0005577;GO:0005886;GO:0031091;GO:0031093;GO:0005201;GO:0046872;GO:0030674;GO:0005102;GO:0005198;GO:0002250;GO:0072377;GO:0072378;GO:0007160;GO:0042730;GO:0043152;GO:0045087;GO:2000352;GO:1902042;GO:0031639;GO:0070527;GO:0070374;GO:0045921;GO:0034116;GO:0090277;GO:0050714;GO:1900026;GO:0045907;GO:0051258;GO:0065003;GO:0051592
O15245,Solute carrier family 22 member 1,Liver,GO:0016324;GO:0009925;GO:0016323;GO:0016328;GO:0016020;GO:0005886;GO:0098793;GO:1901235;GO:0005277;GO:0005330;GO:0042802;GO:0008504;GO:0005326;GO:0005334;GO:0008514;GO:0015101;GO:0015132;GO:0015489;GO:0015214;GO:0015651;GO:0015606;GO:0015234;GO:0019534;GO:0042910;GO:0015870;GO:1902616;GO:1990748;GO:0015872;GO:0090494;GO:0048241;GO:0010248;GO:0072237;GO:0015844;GO:0006836;GO:0015874;GO:0015695;GO:0015732;GO:0072530;GO:0015847;GO:0015697;GO:0006837;GO:0051610;GO:0015848;GO:0071934;GO:0015888;GO:0150104;GO:0006805;GO:0042908;GO:1990962
P02675,Fibrinogen beta chain,Liver,GO:0072562;GO:0005938;GO:0009986;GO:0062023;GO:0005783;GO:0009897;GO:0070062;GO:0005576;GO:0005615;GO:1903561;GO:0005577;GO:0005886;GO:0031091;GO:0031093;GO:0045202;GO:0005201;GO:0051087;GO:0005102;GO:0005198;GO:0002250;GO:0072378;GO:0007160;GO:0071347;GO:0044320;GO:0042730;GO:0043152;GO:0045087;GO:2000352;GO:1902042;GO:0031639;GO:0070527;GO:0070374;GO:0045921;GO:0034116;GO:0090277;GO:0050714;GO:1900026;GO:0045907;GO:0051258;GO:0065003;GO:0051592
O60656,UDP glucuronosyltransferase family 1 member A9,Liver,GO:0005783;GO:0005789;GO:0019899;GO:0004857;GO:0015020;GO:0042802;GO:0046982;GO:0042803;GO:0001972;GO:0052695;GO:0051552;GO:0052696;GO:0001889;GO:2001030;GO:0045922;GO:0042573;GO:0052697;GO:0006805
P05177,Cytochrome P450 family 1 subfamily A member 2,Liver,GO:0005789;GO:0043231;GO:0034875;GO:0032451;GO:0009055;GO:0019899;GO:0101020;GO:0101021;GO:0020037;GO:0106256;GO:0005506;GO:0004497;GO:0016491;GO:0016712;GO:0046222;GO:0009820;GO:0045333;GO:0071276;GO:0008203;GO:0018894;GO:0019373;GO:0008210;GO:0050665;GO:0042759;GO:0030324;GO:0032259;GO:0032787;GO:0016098;GO:0097267;GO:0070989;GO:0006778;GO:0009791;GO:0010468;GO:0042572;GO:0006706;GO:0009403;GO:0042178;GO:0006805
P10632,Cytochrome P450 family 2 subfamily C member 8,Liver,GO:0005737;GO:0005789;GO:0043231;GO:0005886;GO:0008392;GO:0034875;GO:0101020;GO:0020037;GO:0005506;GO:0004497;GO:0016712;GO:0008401;GO:0019373;GO:0008210;GO:0046456;GO:0002933;GO:0042759;GO:0097267;GO:0006082;GO:0070989;GO:0042573;GO:0042572;GO:0008202;GO:0042178;GO:0006805
Q6Q0C1,Solute carrier family 25 member 47,Liver,GO:0005743;GO:0005741;GO:0005739;GO:0008521;GO:0051724;GO:0022857
Q13790,Apolipoprotein F,Liver,GO:0005615;GO:0034364;GO:0034362;GO:0015485;GO:0005319;GO:0005102;GO:0008203;GO:0006629;GO:0006869
Q02928,Cytochrome P450 family 4 subfamily A member 11,Liver,GO:0016324;GO:0005737;GO:0005789;GO:0043231;GO:0018685;GO:0008392;GO:0008391;GO:0052869;GO:0020037;GO:0005506;GO:0050051;GO:0102033;GO:0004497;GO:0019369;GO:0019373;GO:0006631;GO:0046456;GO:0001822;GO:0048252;GO:0006691;GO:0043651;GO:0001676;GO:0097267;GO:0031408;GO:0032305;GO:0003095;GO:0003091;GO:0055078
Q68CK6,Acyl-CoA synthetase medium chain family member 2B,Liver,GO:0005759;GO:0005739;GO:0005524;GO:0018858;GO:0016405;GO:0102391;GO:0015645;GO:0004321;GO:0046872;GO:0006637;GO:0006633;GO:0006805
P02679,Fibrinogen gamma chain,Liver,GO:0072562;GO:0009986;GO:0062023;GO:0005788;GO:0009897;GO:0070062;GO:0005576;GO:0005615;GO:0005577;GO:0005886;GO:0031091;GO:0031093;GO:0050839;GO:0005201;GO:0042802;GO:0046872;GO:0005102;GO:0005198;GO:0072378;GO:0007160;GO:0071347;GO:0071354;GO:0042730;GO:2000352;GO:1902042;GO:0031639;GO:0070527;GO:0036345;GO:0070374;GO:0045921;GO:0034116;GO:0090277;GO:0050714;GO:1900026;GO:0045907;GO:0051258;GO:0009306;GO:0065003;GO:0051592
P21549,Alanine--glyoxylate aminotransferase,Liver,GO:0005829;GO:0043231;GO:0005782;GO:0005777;GO:0008453;GO:0016597;GO:0042802;GO:0004760;GO:0042803;GO:0030170;GO:0008483;GO:0019265;GO:0009436;GO:0046487;GO:0042853;GO:0019448;GO:0006563;GO:0007219;GO:0046724
P00748,Coagulation factor XII,Liver,GO:0062023;GO:0070062;GO:0005576;GO:0005615;GO:0005886;GO:0005791;GO:0005509;GO:0051787;GO:0004252;GO:0007596;GO:0007597;GO:0002542;GO:0042730;GO:0045087;GO:0002353;GO:0030194;GO:0051919;GO:0010756;GO:0016540;GO:0016485;GO:0051788;GO:0031638
P05181,Cytochrome P450 family 2 subfamily E member 1,Liver,GO:0005737;GO:0005789;GO:0043231;GO:0005743;GO:0018601;GO:0008392;GO:0019899;GO:0020037;GO:0030544;GO:0051879;GO:0005506;GO:0120319;GO:0004497;GO:0016491;GO:0016709;GO:0016712;GO:0019825;GO:0018960;GO:0018910;GO:0018885;GO:0019373;GO:0042197;GO:0002933;GO:0042759;GO:0001676;GO:0016098;GO:0009617;GO:0008202;GO:0006805
P07327,"Alcohol dehydrogenase 1A (class I), alpha polypeptide",Liver,GO:0005829;GO:0005654;GO:0005886;GO:0004022;GO:0004745;GO:1990362;GO:0008270;GO:0006066;GO:0042573;GO:0042572
P19652,Orosomucoid 2,Liver,GO:0035578;GO:0072562;GO:0062023;GO:0070062;GO:0005576;GO:0005615;GO:0031093;GO:0035580;GO:0006953;GO:0032731;GO:0032732;GO:0032760;GO:0002682
Q63ZE4,Solute carrier family 22 member 10,Liver,GO:0016020;GO:0022857;GO:0015711
P07357,Complement C8 alpha chain,Liver,GO:0072562;GO:0070062;GO:0005576;GO:0005615;GO:0016020;GO:0005579;GO:0005886;GO:0001848;GO:0044877;GO:0006956;GO:0006957;GO:0006958;GO:0006955;GO:0031640;GO:0050778
P02748,Complement C9,Liver,GO:0072562;GO:0070062;GO:0005576;GO:0005615;GO:0005579;GO:0044218;GO:0005886;GO:0001906;GO:0006956;GO:0006957;GO:0006958;GO:0031640;GO:0050778;GO:0051260
Q03591,Complement factor H related 1,Liver,GO:0072562;GO:0005576;GO:0005615;GO:0032991;GO:0001851;GO:0042802;GO:0006956;GO:0051838;GO:0032091
Q6Q788,Apolipoprotein A5,Liver,GO:0042627;GO:0005769;GO:0005788;GO:0005576;GO:0005615;GO:1903561;GO:0005794;GO:0034364;GO:0005770;GO:0034361;GO:0120020;GO:0008047;GO:0019899;GO:0008201;GO:0060229;GO:0035473;GO:0008289;GO:0060230;GO:0070325;GO:0050750;GO:0031210;GO:0060228;GO:0005543;GO:0055090;GO:0033344;GO:0042632;GO:0008203;GO:0006869;GO:0042157;GO:0033700;GO:0045723;GO:0050996;GO:0051006;GO:0048260;GO:0010898;GO:0010902;GO:0042246;GO:0019433;GO:0070328;GO:0006641;GO:0034370
P05160,Coagulation factor XIII B chain,Liver,GO:0005576;GO:0005615;GO:1990234;GO:0007596;GO:0072378
P02763,Orosomucoid 1,Liver,GO:0072562;GO:0062023;GO:0070062;GO:0005576;GO:0005615;GO:0031093;GO:0035580;GO:1904724;GO:0006953;GO:0006954;GO:0032715;GO:0032720;GO:0032731;GO:0032732;GO:0032760;GO:0002682
P04196,Histidine rich glycoprotein,Liver,GO:0072562;GO:0009986;GO:0062023;GO:0070062;GO:0005576;GO:0005886;GO:0031093;GO:0004869;GO:0020037;GO:0043395;GO:0008201;GO:0019865;GO:0046872;GO:0004867;GO:0005102;GO:0008270;GO:0001525;GO:0061844;GO:0006935;GO:0051838;GO:0050832;GO:0042730;GO:0016525;GO:0043537;GO:0007162;GO:0033629;GO:0030308;GO:0008285;GO:2001027;GO:0051918;GO:0010593;GO:1900747;GO:0030168;GO:0043065;GO:2000504;GO:0051894;GO:0002839;GO:0032956;GO:0030193;GO:0010468;GO:0050730;GO:0010543;GO:0043254
P55103,Inhibin subunit beta C,Liver,GO:0005576;GO:0005615;GO:0005125;GO:0008083;GO:0005179;GO:0005160
P11509,Cytochrome P450 family 2 subfamily A member 6,Liver,GO:0005737;GO:0005881;GO:0005789;GO:0043231;GO:0008392;GO:0008389;GO:0019899;GO:0020037;GO:0005506;GO:0016712;GO:0046226;GO:0009804;GO:0019373;GO:0008202;GO:0042178;GO:0006805
O00624,Solute carrier family 17 member 2,Liver,GO:0016324;GO:0016020;GO:0005886;GO:0005436;GO:0022857;GO:0015143;GO:0006820;GO:0006796;GO:0006814
Q02325,Plasminogen like B2,Liver,GO:0005576
Q8N8V2,Guanylate binding protein 7,Liver,GO:0031410;GO:0030659;GO:0005525;GO:0003924;GO:0071346;GO:0051715;GO:0042742;GO:0050830;GO:0042832;GO:0051607;GO:0001818;GO:0046426;GO:0032480;GO:0034345;GO:0045070;GO:0043122
O75452,Retinol dehydrogenase 16,Liver,GO:0005789;GO:0043231;GO:0106429;GO:0004745;GO:0047044;GO:0047023;GO:0009055;GO:0042802;GO:0006629;GO:0042572;GO:0008202
P36537,UDP glucuronosyltransferase family 2 member B10,Liver,GO:0005789;GO:0008194;GO:0052695;GO:0008210;GO:0006629
P04114,Apolipoprotein B,Liver,GO:0042627;GO:0034360;GO:0030669;GO:0005737;GO:0005829;GO:0005769;GO:0071682;GO:0070971;GO:0005788;GO:0005789;GO:0031904;GO:0010008;GO:0070062;GO:0005576;GO:0005615;GO:0034363;GO:0043231;GO:0005811;GO:0034362;GO:0043202;GO:0034359;GO:0043025;GO:0005886;GO:0005790;GO:0034361;GO:0120020;GO:0008201;GO:0035473;GO:0050750;GO:0005543;GO:0048018;GO:0048844;GO:0071402;GO:0033344;GO:0042632;GO:0008203;GO:0030301;GO:0051649;GO:0009566;GO:0030317;GO:0001701;GO:0042158;GO:0042159;GO:0042953;GO:0034383;GO:0034374;GO:0007399;GO:0010886;GO:0010628;GO:0010884;GO:0010744;GO:0009791;GO:0045540;GO:0009615;GO:0007283;GO:0019433;GO:0006642;GO:0034379
Q9BQQ7,Receptor transporter protein 3,Liver,GO:0005737;GO:0016020;GO:0046872;GO:0031849;GO:0001580;GO:0051205;GO:0006612
P02768,Albumin,Liver,GO:0072562;GO:0005737;GO:0005783;GO:0005788;GO:0070062;GO:0005576;GO:0005615;GO:0005794;GO:0005634;GO:0031093;GO:0032991;GO:0016209;GO:0005507;GO:0003677;GO:1903981;GO:0140272;GO:0005504;GO:0042802;GO:0051087;GO:0030170;GO:0015643;GO:0072732;GO:0009267;GO:0051902
Q9UK05,Growth differentiation factor 2,Liver,GO:0070062;GO:0005576;GO:0005615;GO:0005125;GO:0008083;GO:0043539;GO:0032924;GO:0001525;GO:0048514;GO:0030509;GO:0001569;GO:0051216;GO:0071773;GO:0006879;GO:0016525;GO:0043537;GO:0030308;GO:0008156;GO:0010596;GO:0001937;GO:0001503;GO:0001649;GO:0045766;GO:1903348;GO:0030513;GO:0061036;GO:0045893;GO:0045603;GO:0001938;GO:0030858;GO:0032757;GO:0045747;GO:0060391;GO:0045944;GO:0006366;GO:0001570
P02655,Apolipoprotein C2,Liver,GO:0042627;GO:0005769;GO:0005576;GO:0005615;GO:0034363;GO:0034362;GO:0034366;GO:0034361;GO:0055102;GO:0008289;GO:0060230;GO:0140677;GO:0016004;GO:0043274;GO:0033344;GO:0042632;GO:0034382;GO:0034371;GO:0034384;GO:0016042;GO:0042159;GO:0032375;GO:0045833;GO:0048261;GO:0010916;GO:0033700;GO:0045723;GO:0051006;GO:0010518;GO:0060697;GO:0010898;GO:0010902;GO:0043691;GO:0070328;GO:0034370;GO:0034372
P07358,Complement C8 beta chain,Liver,GO:0070062;GO:0005576;GO:0005615;GO:1903561;GO:0016020;GO:0005579;GO:0005886;GO:0044877;GO:0006956;GO:0006957;GO:0006958;GO:0006955;GO:0031640;GO:0050778
P35542,"Serum amyloid A4, constitutive",Liver,GO:0070062;GO:0005576;GO:0034364;GO:0006953
P00480,Ornithine transcarbamylase,Liver,GO:0005743;GO:0005759;GO:0005739;GO:0016597;GO:0042802;GO:0004585;GO:0042301;GO:0005543;GO:0097272;GO:0042450;GO:0019240;GO:0006526;GO:0001889;GO:0007494;GO:0055081;GO:0006593;GO:0070781;GO:0032868;GO:0009410;GO:0010043;GO:0000050
P22680,Cytochrome P450 family 7 subfamily A member 1,Liver,GO:0005789;GO:0043231;GO:0033782;GO:0008123;GO:0020037;GO:0005506;GO:0015721;GO:0006699;GO:0071397;GO:0071333;GO:0006707;GO:0042632;GO:0032966;GO:0045717;GO:0045542;GO:0070857;GO:0045471;GO:0016125
Q9UK55,Serpin family A member 10,Liver,GO:0005788;GO:0070062;GO:0005615;GO:0008201;GO:0004867;GO:0007596;GO:0097421
Q9NSA1,Fibroblast growth factor 21,Liver,GO:0005737;GO:0005576;GO:0005615;GO:0005104;GO:0008083;GO:0007267;GO:0071377;GO:0071333;GO:0071404;GO:0071466;GO:0030968;GO:0072577;GO:0008543;GO:2000352;GO:0022008;GO:0008284;GO:0120162;GO:0046326;GO:0070374;GO:1905599;GO:0043410;GO:0090080;GO:0010898;GO:0030334;GO:0010988;GO:0014823;GO:1904640;GO:0031667;GO:0007165
P06133,UDP glucuronosyltransferase family 2 member B4,Liver,GO:0005789;GO:0015020;GO:0052695;GO:0008210
Q06033,Inter-alpha-trypsin inhibitor heavy chain 3,Liver,GO:0070062;GO:0005576;GO:0031089;GO:0004866;GO:0004867;GO:0030212
P27169,Paraoxonase 1,Liver,GO:0072562;GO:0005789;GO:0070062;GO:0005576;GO:0005615;GO:0034364;GO:0034366;GO:0102007;GO:0004063;GO:0004064;GO:0005509;GO:0005543;GO:0042803;GO:0046395;GO:0008203;GO:1901335;GO:0046434;GO:0046470;GO:0010875;GO:0009636
P08709,Coagulation factor VII,Liver,GO:0062023;GO:0005788;GO:0005576;GO:0005615;GO:0005796;GO:0005886;GO:1905286;GO:0031982;GO:0005509;GO:0004252;GO:0008236;GO:0005102;GO:0031100;GO:0007596;GO:0007623;GO:0030194;GO:0030335;GO:0002690;GO:0010641;GO:0050927;GO:0032008;GO:0016485;GO:1904612;GO:1905217;GO:0010037;GO:0070723;GO:0032355;GO:0043627;GO:0033595;GO:0060416;GO:0001666;GO:1904400;GO:1905225;GO:0097068;GO:0032571
P58166,Inhibin subunit beta E,Liver,GO:0062023;GO:0005615;GO:0005125;GO:0008083;GO:0005179
Q86U17,Serpin family A member 11,Liver,GO:0005615;GO:0004867
P00738,Haptoglobin,Liver,GO:0072562;GO:0071682;GO:0070062;GO:0005576;GO:0005615;GO:0031838;GO:0035580;GO:1904724;GO:0016209;GO:0030492;GO:0004252;GO:0006953;GO:0006952;GO:0042742;GO:0002376;GO:2000296;GO:0051354;GO:0042542
Q96IY4,Carboxypeptidase B2,Liver,GO:0070062;GO:0005576;GO:0005615;GO:0004181;GO:0008270;GO:0007596;GO:0071333;GO:0042730;GO:0097421;GO:0051918;GO:2000346;GO:0010757;GO:0003331;GO:0030163;GO:0006508;GO:0009410
Q93088,Betaine--homocysteine S-methyltransferase,Liver,GO:0005829;GO:0070062;GO:0005634;GO:0047150;GO:0008270;GO:0071266;GO:0006579;GO:0006577;GO:0071267;GO:0006479;GO:0050666
P51857,Aldo-keto reductase family 1 member D1,Liver,GO:0005829;GO:0004033;GO:0004032;GO:0047787;GO:0047086;GO:0005496;GO:0016229;GO:0008209;GO:0006699;GO:0030573;GO:0008207;GO:0006707;GO:0007586
P02741,C-reactive protein,Liver,GO:0005576;GO:0005615;GO:0005509;GO:0033265;GO:0001849;GO:0042802;GO:0030169;GO:0050750;GO:0006953;GO:0050830;GO:0006954;GO:0045087;GO:0010888;GO:0010745;GO:0032945;GO:0008228;GO:0010628;GO:0032930;GO:0032677;GO:0042310
P02743,"Amyloid P component, serum",Liver,GO:0072562;GO:0062023;GO:0070062;GO:0005576;GO:0005615;GO:0005634;GO:0005509;GO:0030246;GO:0001849;GO:0042802;GO:0051082;GO:0046790;GO:0006953;GO:0051131;GO:0045087;GO:0044869;GO:0044871;GO:0002674;GO:1903016;GO:1903019;GO:0045656;GO:0046597;GO:0048525;GO:0061045;GO:0006457
Q68CJ9,CAMP responsive element binding protein 3 like 3,Liver,GO:0000785;GO:0005829;GO:0005783;GO:0005789;GO:0000139;GO:0016020;GO:0005654;GO:0005634;GO:0001228;GO:0000981;GO:0042802;GO:0046982;GO:0042803;GO:0000978;GO:0000977;GO:0000976;GO:0002675;GO:0045944;GO:0006357;GO:0034976;GO:0006986
P20853,Cytochrome P450 family 2 subfamily A member 7,Liver,GO:0005737;GO:0005789;GO:0043231;GO:0008392;GO:0020037;GO:0005506;GO:0016712;GO:0019825;GO:0009804;GO:0019373;GO:0006805
Q9H222,ATP binding cassette subfamily G member 5,Liver,GO:0016324;GO:0043190;GO:0005886;GO:0043235;GO:0140359;GO:0005524;GO:0016887;GO:0042626;GO:0120020;GO:0046872;GO:0046982;GO:0033344;GO:0042632;GO:0030299;GO:0045796;GO:0010949;GO:0010212;GO:0014850;GO:0007584;GO:0009410;GO:0015918;GO:0055085;GO:0070328
P02760,Alpha-1-microglobulin/bikunin precursor,Liver,GO:0072562;GO:0009986;GO:0062023;GO:0005829;GO:0005783;GO:0070062;GO:0005576;GO:0005615;GO:0005743;GO:0031965;GO:0005886;GO:0019855;GO:0046904;GO:0030246;GO:0020037;GO:0019862;GO:0016491;GO:0042803;GO:0004867;GO:0007155;GO:0007565;GO:0042167;GO:0050777;GO:0046329
P22310,UDP glucuronosyltransferase family 1 member A4,Liver,GO:0005783;GO:0005789;GO:0019899;GO:0004857;GO:0015020;GO:0046982;GO:0042803;GO:0006789;GO:0052695;GO:0042167;GO:2001030;GO:0045922;GO:0070640
P08519,Lipoprotein(a),Liver,GO:0005576;GO:0005615;GO:0034358;GO:0034185;GO:0004175;GO:0004866;GO:0001968;GO:0008201;GO:0004252;GO:0005102;GO:0008015;GO:0006629;GO:0006869;GO:0006508
Q7Z5P4,Hydroxysteroid 17-beta dehydrogenase 13,Liver,GO:0005829;GO:0005783;GO:0005811;GO:0004745;GO:0004303;GO:0016616;GO:0016229;GO:0006629;GO:0046889
P04004,Vitronectin,Liver,GO:0071062;GO:0005604;GO:0072562;GO:0062023;GO:0005783;GO:0070062;GO:0005576;GO:0005615;GO:0005796;GO:0043231;GO:1904090;GO:0098637;GO:0048237;GO:0005518;GO:0050840;GO:0005201;GO:0008201;GO:0042802;GO:0005178;GO:0030247;GO:0005044;GO:0007155;GO:0033627;GO:0016477;GO:0007160;GO:0035987;GO:0030198;GO:0006955;GO:0097421;GO:0030195;GO:0010951;GO:0051918;GO:0048709;GO:0010811;GO:0050731;GO:0032092;GO:0048260;GO:0014911;GO:0030949;GO:0090303;GO:0051258;GO:0030155;GO:0061302
Q969I6,Solute carrier family 38 member 4,Liver,GO:0031528;GO:0005886;GO:0015655;GO:0015171;GO:0005283;GO:0015179;GO:0061459;GO:0005295;GO:0003333;GO:0006865;GO:1904273;GO:0015804
Q04756,HGF activator,Liver,GO:0005829;GO:0005576;GO:0005615;GO:0005791;GO:0004252;GO:0008236;GO:0007596;GO:0006508;GO:0031638
O00187,MBL associated serine protease 2,Liver,GO:0070062;GO:0005576;GO:0005615;GO:0005509;GO:0048306;GO:0001855;GO:0042802;GO:0008233;GO:0004252;GO:0006958;GO:0001867;GO:0006508
Q7Z2W7,Transient receptor potential cation channel subfamily M member 8,Liver,GO:0005789;GO:0009897;GO:0005886;GO:0044853;GO:0005262;GO:0042802;GO:0099604;GO:0046872;GO:0070588;GO:0006874;GO:0120162;GO:0009409;GO:0050955
P15169,Carboxypeptidase N subunit 1,Liver,GO:0005576;GO:0005615;GO:0004181;GO:0008270;GO:0010815;GO:0006518;GO:0030163;GO:0016485;GO:0051384
O14960,Leukocyte cell derived chemotaxin 2,Liver,GO:0005737;GO:0005615;GO:0042802;GO:0046872;GO:0006935;GO:0001501
Q9H221,ATP binding cassette subfamily G member 8,Liver,GO:0016324;GO:0043190;GO:0005886;GO:0043235;GO:0140359;GO:0005524;GO:0016887;GO:0042626;GO:0120020;GO:0046872;GO:0046982;GO:0033344;GO:0042632;GO:0030299;GO:0045796;GO:0010949;GO:0015914;GO:0014850;GO:0007584;GO:0009410;GO:0015918;GO:0055085;GO:0070328
P03950,Angiogenin,Liver,GO:0015629;GO:0032311;GO:0005604;GO:0005694;GO:0005737;GO:0010494;GO:0005829;GO:0030139;GO:0005576;GO:0005615;GO:0030426;GO:0043025;GO:0005730;GO:0005634;GO:0003779;GO:0005507;GO:0003677;GO:0004519;GO:0008201;GO:0042277;GO:0042803;GO:0048018;GO:0043022;GO:0004521;GO:0004540;GO:0019843;GO:0005102;GO:0004549;GO:0030041;GO:0001525;GO:0019731;GO:0061844;GO:0007154;GO:0016477;GO:0050830;GO:0071425;GO:0042592;GO:0045087;GO:0043066;GO:0048662;GO:0032055;GO:0001556;GO:0001541;GO:0001890;GO:0001938;GO:0042327;GO:0050714;GO:0009725;GO:0001666;GO:0009303;GO:0007165;GO:0023052;GO:0034063;GO:0016078
P05062,"Aldolase, fructose-bisphosphate B",Liver,GO:0034451;GO:0005829;GO:0070062;GO:0005815;GO:0051117;GO:0008092;GO:0070061;GO:0061609;GO:0004332;GO:0042802;GO:0060090;GO:0030388;GO:0061624;GO:0006000;GO:0006094;GO:0006096;GO:0006116;GO:1905856;GO:0032781;GO:0070072
P07307,Asialoglycoprotein receptor 2,Liver,GO:0044322;GO:0009897;GO:0048471;GO:0005886;GO:0004873;GO:0005537;GO:0042806;GO:0038187;GO:0007166;GO:0006897;GO:0006955
Q14916,Solute carrier family 17 member 1,Liver,GO:0016324;GO:0016020;GO:0005886;GO:0005436;GO:0022857;GO:0006820;GO:0006811;GO:0035435;GO:0006817;GO:0044341;GO:0046415;GO:0015747
P48775,"Tryptophan 2,3-dioxygenase",Liver,GO:0005829;GO:0016597;GO:0020037;GO:0042802;GO:0046872;GO:0019825;GO:0004833;GO:0051289;GO:1904842;GO:0019442;GO:0019441;GO:0006568
O15467,C-C motif chemokine ligand 16,Liver,GO:0005576;GO:0005615;GO:0048020;GO:0042056;GO:0008009;GO:0061844;GO:0007154;GO:0007267;GO:0070098;GO:0006935;GO:0048245;GO:0006954;GO:0030335
Q96PD5,Peptidoglycan recognition protein 2,Liver,GO:0070062;GO:0005576;GO:0016020;GO:0008745;GO:0042834;GO:0016019;GO:0008270;GO:0051701;GO:0042742;GO:0050830;GO:0016045;GO:0006955;GO:0045087;GO:0032827;GO:0032689;GO:0001519;GO:0009253;GO:0050727
P01009,Serpin family A member 1,Liver,GO:0062023;GO:0030134;GO:0005783;GO:0005788;GO:0033116;GO:0070062;GO:0005576;GO:0005615;GO:1904813;GO:0005794;GO:0043231;GO:0031093;GO:0042802;GO:0002020;GO:0004867;GO:0006953;GO:0007596
Q9BYV1,Alanine--glyoxylate aminotransferase 2,Liver,GO:0005759;GO:0005739;GO:0047305;GO:0008453;GO:0016223;GO:0030170;GO:0019265;GO:0009436;GO:0019481;GO:2001299;GO:0045429
P35218,Carbonic anhydrase 5A,Liver,GO:0005737;GO:0005759;GO:0005739;GO:0004089;GO:0008270;GO:0006730
P49895,Iodothyronine deiodinase 1,Liver,GO:0005789;GO:0005886;GO:0008430;GO:0004800;GO:0006520;GO:0042446;GO:0006590;GO:0042403
P11245,N-acetyltransferase 2,Liver,GO:0005829;GO:0004060;GO:0046990;GO:0006805
P07306,Asialoglycoprotein receptor 1,Liver,GO:0009897;GO:0005576;GO:0005886;GO:0004873;GO:0005537;GO:0042806;GO:0042802;GO:0046872;GO:0038187;GO:0006955;GO:0006898
Q14032,Bile acid-CoA:amino acid N-acyltransferase,Liver,GO:0005829;GO:0043231;GO:0005782;GO:0005777;GO:0016746;GO:0052689;GO:0033882;GO:0047617;GO:0047963;GO:0052816;GO:0052815;GO:0016410;GO:0052817;GO:0006637;GO:0031100;GO:0006699;GO:0002152;GO:0008206;GO:0006631;GO:0006544;GO:0001889;GO:0019530
P31513,Flavin containing dimethylaniline monoxygenase 3,Liver,GO:0005789;GO:0043231;GO:0047638;GO:0050660;GO:0047822;GO:0004499;GO:0050661;GO:0034899;GO:0042412
P04070,"Protein C, inactivator of coagulation factors Va and VIIIa",Liver,GO:0005783;GO:0005788;GO:0005576;GO:0005615;GO:0005794;GO:0005796;GO:0005509;GO:0004252;GO:0007596;GO:0043066;GO:0030195;GO:0050819;GO:0050728;GO:1903142;GO:0006508
Q14117,Dihydropyrimidinase,Liver,GO:0005829;GO:0070062;GO:0004157;GO:0042802;GO:0051219;GO:0008270;GO:0006248;GO:0006249;GO:0046079;GO:0006208;GO:0006210;GO:0046050;GO:0006212
P20813,Cytochrome P450 family 2 subfamily B member 6,Liver,GO:0005737;GO:0005789;GO:0043231;GO:0062188;GO:0062189;GO:0062187;GO:0008392;GO:0101021;GO:0020037;GO:0005506;GO:0004497;GO:0016712;GO:0008390;GO:0062184;GO:0019373;GO:0042180;GO:0008202;GO:0042178;GO:0006805
Q14624,Inter-alpha-trypsin inhibitor heavy chain 4,Liver,GO:0072562;GO:0062023;GO:0070062;GO:0005576;GO:0005886;GO:0031089;GO:0004866;GO:0004867;GO:0006953;GO:0030212;GO:0034097
P49638,Alpha tocopherol transfer protein,Liver,GO:0005829;GO:0005770;GO:0120013;GO:1902936;GO:0043325;GO:0005546;GO:0008431;GO:0001892;GO:0120009;GO:0006629;GO:0090212;GO:1900223;GO:0009636;GO:0042360;GO:0051180
Q8WYK0,Acyl-CoA thioesterase 12,Liver,GO:0005737;GO:0005829;GO:0045171;GO:0005654;GO:0003986;GO:0005524;GO:0052689;GO:0042802;GO:0008289;GO:0006084;GO:0006637;GO:0006631
P24462,Cytochrome P450 family 3 subfamily A member 7,Liver,GO:0005789;GO:0062183;GO:0101020;GO:0101021;GO:0020037;GO:0005506;GO:0004497;GO:0016712;GO:0019825;GO:0008401;GO:0008395;GO:0050649;GO:0008210;GO:0002933;GO:0070989;GO:0042573;GO:0042572;GO:0006694;GO:0008202;GO:0006805
P20742,PZP alpha-2-macroglobulin like,Liver,GO:0072562;GO:0070062;GO:0005576;GO:0005615;GO:0004866;GO:0002020;GO:0004867;GO:0007565
Q9UF12,Proline dehydrogenase 2,Liver,GO:0005743;GO:0005739;GO:0071949;GO:0016645;GO:0004657;GO:0006562;GO:0010133
Q6ZMH5,Solute carrier family 39 member 5,Liver,GO:0016323;GO:0070062;GO:0005886;GO:0140410;GO:0005385;GO:0030509;GO:0034224;GO:0001654;GO:0070315;GO:0030003;GO:0061351;GO:0048026;GO:0071578;GO:0071577;GO:0006829
P08319,"Alcohol dehydrogenase 4 (class II), pi polypeptide",Liver,GO:0005829;GO:0005654;GO:0004022;GO:0004032;GO:0005503;GO:0004745;GO:0018479;GO:0051287;GO:0003960;GO:0019841;GO:0051903;GO:0008270;GO:0046164;GO:0006066;GO:0006081;GO:0006067;GO:0010430;GO:0046294;GO:1901661;GO:0001523;GO:0042572
P01031,Complement C5,Liver,GO:0070062;GO:0005576;GO:0005615;GO:0005579;GO:0008009;GO:0004866;GO:0005102;GO:0007166;GO:0006935;GO:0006957;GO:0006958;GO:0007186;GO:0006954;GO:0031640;GO:0010760;GO:0032722;GO:0010575
Q969I3,Glycine-N-acyltransferase like 1,Liver,GO:0005739;GO:0047946;GO:0047961;GO:0006541
P54840,Glycogen synthase 2,Liver,GO:0005938;GO:0030864;GO:0005737;GO:0005856;GO:0005829;GO:0004373;GO:0061547;GO:0005978;GO:0009749
Q8IVM8,Solute carrier family 22 member 9,Liver,GO:0016323;GO:0008514;GO:0015636;GO:0015347;GO:0009914;GO:0015711;GO:0015913;GO:0043252
P11150,"Lipase C, hepatic type",Liver,GO:0005788;GO:0005576;GO:0005615;GO:0034364;GO:0034185;GO:0008201;GO:0004465;GO:0030169;GO:0004622;GO:0052739;GO:0008970;GO:0004620;GO:0004806;GO:0042632;GO:0008203;GO:0034382;GO:0006633;GO:0034375;GO:0034373;GO:0034374;GO:0034638;GO:0043691;GO:0019433;GO:0070328;GO:0034372
Q9UNU6,Cytochrome P450 family 8 subfamily B member 1,Liver,GO:0005789;GO:0033779;GO:0033778;GO:0020037;GO:0005506;GO:0019825;GO:0008397;GO:0006699;GO:0045797;GO:0070723;GO:0031667;GO:0016125
P03952,Kallikrein B1,Liver,GO:0070062;GO:0005576;GO:0005615;GO:0005886;GO:0004252;GO:0007596;GO:0002542;GO:0042730;GO:0031639;GO:0051919;GO:0006508;GO:0031638
O43174,Cytochrome P450 family 26 subfamily A member 1,Liver,GO:0005789;GO:0062183;GO:0062182;GO:0020037;GO:0005506;GO:0004497;GO:0016709;GO:0019825;GO:0008401;GO:0001972;GO:0007417;GO:0001822;GO:0048387;GO:0032526;GO:0033189;GO:0034653;GO:0042573;GO:0006766;GO:0006805
P10635,Cytochrome P450 family 2 subfamily D member 6,Liver,GO:0005737;GO:0005783;GO:0005789;GO:0043231;GO:0005739;GO:0062188;GO:0062189;GO:0062187;GO:0020037;GO:0005506;GO:0004497;GO:0016491;GO:0016712;GO:0009822;GO:0009820;GO:0019369;GO:0008203;GO:0009804;GO:0008210;GO:0033076;GO:0042759;GO:0016098;GO:0051100;GO:0090350;GO:0070989;GO:0042572;GO:0008202;GO:0042178;GO:0006805
Q9UGM5,Fetuin B,Liver,GO:0070062;GO:0005576;GO:0004869;GO:0008191;GO:0007339;GO:0010951;GO:0007338
O95500,Claudin 14,Liver,GO:0005923;GO:0005783;GO:0005886;GO:0042802;GO:0005198;GO:0070830;GO:0016338;GO:0007155;GO:0065003
O14756,Hydroxysteroid 17-beta dehydrogenase 6,Liver,GO:0031901;GO:0005783;GO:0043231;GO:0047024;GO:0004745;GO:0047044;GO:0047023;GO:0003824;GO:0009055;GO:0004303;GO:0016491;GO:0047045;GO:0047035;GO:0006702;GO:0006710;GO:0062175;GO:0042572;GO:0008202
P22309,UDP glucuronosyltransferase family 1 member A1,Liver,GO:0070069;GO:0005783;GO:0034663;GO:0005789;GO:0048471;GO:0005886;GO:0019899;GO:0004857;GO:0015020;GO:0046982;GO:0042803;GO:0001972;GO:0005496;GO:0006953;GO:0031100;GO:0006789;GO:0070980;GO:0052695;GO:0071392;GO:0071361;GO:0071385;GO:0008210;GO:0051552;GO:0052696;GO:0001889;GO:2001030;GO:0045922;GO:0045939;GO:0032496;GO:0007584;GO:0042594;GO:0042573;GO:0008202;GO:0052697;GO:0006805
Q9H2A2,Aldehyde dehydrogenase 8 family member A1,Liver,GO:0005829;GO:0070062;GO:0047102;GO:0001758;GO:0042904;GO:0097053;GO:0042574;GO:0042573
P02656,Apolipoprotein C3,Liver,GO:0042627;GO:0062023;GO:0005769;GO:0070062;GO:0005576;GO:0005615;GO:0034363;GO:0034366;GO:0034361;GO:0015485;GO:0030234;GO:0070653;GO:0055102;GO:0005543;GO:0033344;GO:0042632;GO:0034382;GO:0007186;GO:0034375;GO:0042157;GO:0060621;GO:0045717;GO:0010987;GO:0050995;GO:0045833;GO:0051005;GO:0010989;GO:0048261;GO:0010897;GO:0010916;GO:0010903;GO:0033700;GO:0032489;GO:0043691;GO:0019433;GO:0070328;GO:0006641;GO:0034379
Q9Y2P5,Solute carrier family 27 member 5,Liver,GO:0009925;GO:0005783;GO:0005789;GO:0005886;GO:0032991;GO:0005524;GO:0047747;GO:0005324;GO:0004467;GO:0016491;GO:0044877;GO:0031957;GO:0015721;GO:0006699;GO:0008206;GO:0051649;GO:0046951;GO:0015911;GO:0044539;GO:0001676;GO:0006642;GO:0000038
P18428,Lipopolysaccharide binding protein,Liver,GO:0009986;GO:0070062;GO:0005576;GO:0005615;GO:0016020;GO:0015026;GO:0071723;GO:0001530;GO:0070891;GO:0005102;GO:0006953;GO:0002752;GO:0006968;GO:0071222;GO:0071223;GO:0050829;GO:0050830;GO:0032490;GO:0045087;GO:0002232;GO:0015920;GO:0031663;GO:0002281;GO:0032720;GO:0030593;GO:0008228;GO:0032722;GO:0032755;GO:0032757;GO:0043032;GO:0090023;GO:0060265;GO:0034145;GO:0032760;GO:0032496
Q969E1,Liver enriched antimicrobial peptide 2,Liver,GO:0005576;GO:0042742
Q00266,Methionine adenosyltransferase 1A,Liver,GO:0005829;GO:0048269;GO:0005524;GO:0042802;GO:0046872;GO:0004478;GO:0009087;GO:0006730;GO:0051289;GO:0006556
O60809,PRAME family member 10,Liver,GO:0031462;GO:0005737;GO:1990756;GO:0043066;GO:0045596;GO:0045892;GO:0008284;GO:0043161
P20132,Serine dehydratase,Liver,GO:0005829;GO:0005739;GO:0003941;GO:0042803;GO:0030170;GO:0004794;GO:0006094;GO:0009097;GO:0006565;GO:0006629;GO:0042866;GO:0006567
P17735,Tyrosine aminotransferase,Liver,GO:0005829;GO:0016597;GO:0042802;GO:0004838;GO:0030170;GO:0006103;GO:0009058;GO:0006536;GO:0006559;GO:0071548;GO:0046689;GO:0006979;GO:0006572
O75445,Usherin,Liver,GO:0016324;GO:0005604;GO:0036064;GO:0005737;GO:0005576;GO:1990075;GO:0032391;GO:0001917;GO:0002141;GO:0002142;GO:0032421;GO:0060171;GO:1990696;GO:0005518;GO:0042802;GO:0017022;GO:0051649;GO:0045184;GO:0035315;GO:0042491;GO:0060113;GO:0048496;GO:0045494;GO:0050953;GO:0007605;GO:0007601
Q8TDX5,Aminocarboxymuconate semialdehyde decarboxylase,Liver,GO:0005737;GO:0005829;GO:0001760;GO:0016787;GO:0008270;GO:1904985;GO:1905004;GO:1905012;GO:0019748;GO:0006569
P00326,"Alcohol dehydrogenase 1C (class I), gamma polypeptide",Liver,GO:0005829;GO:0005654;GO:0005886;GO:0004022;GO:0004745;GO:0008270;GO:0042573;GO:0042572
Q9Y2D1,Activating transcription factor 5,Liver,GO:0005813;GO:0000785;GO:0005829;GO:0005654;GO:0005634;GO:0090575;GO:0003682;GO:0001228;GO:0003700;GO:0000981;GO:0019900;GO:0000977;GO:0043565;GO:0000976;GO:0015631;GO:0021930;GO:0007623;GO:0045444;GO:0035264;GO:0043066;GO:1902750;GO:0008285;GO:0045892;GO:0021891;GO:0045893;GO:0045944;GO:0009791;GO:0046605;GO:0006355;GO:0006357
P02750,Leucine rich alpha-2-glycoprotein 1,Liver,GO:0070062;GO:0005576;GO:0005615;GO:1904813;GO:0043231;GO:0016020;GO:0035580;GO:1904724;GO:0034713;GO:0005114;GO:0050873;GO:0051546;GO:0061756;GO:0045766;GO:0001938;GO:0060054;GO:0010718;GO:0010838;GO:0030511;GO:0009617;GO:0035313
P55157,Microsomal triglyceride transfer protein,Liver,GO:0016323;GO:0031526;GO:0005829;GO:0005783;GO:0005788;GO:0005794;GO:0031528;GO:0043235;GO:0031982;GO:0034185;GO:1902388;GO:0120020;GO:0008289;GO:0005319;GO:0120019;GO:1904121;GO:0120014;GO:0005548;GO:0046982;GO:0044877;GO:0140344;GO:0042632;GO:0034378;GO:0007623;GO:0051649;GO:0006629;GO:0042157;GO:0042953;GO:0034374;GO:0015914;GO:0034377;GO:0009306;GO:0051592;GO:0006641;GO:0034197;GO:0034379
O00337,Solute carrier family 28 member 1,Liver,GO:0016324;GO:0031526;GO:0005829;GO:0016607;GO:0005886;GO:1901474;GO:0015212;GO:0005415;GO:0005345;GO:0015389;GO:0015213;GO:0045117;GO:0015861;GO:0180015;GO:1901642;GO:1904823;GO:0015855;GO:0072531;GO:0015862
P0DTE5,UDP glucuronosyltransferase family 2 member A2,Liver,GO:0005789;GO:0015020;GO:0008206;GO:0052695
P16662,UDP glucuronosyltransferase family 2 member B7,Liver,GO:0005789;GO:0016020;GO:0015020;GO:0008209;GO:0052695;GO:0008210;GO:0006629;GO:0006805
P00751,Complement factor B,Liver,GO:0072562;GO:0070062;GO:0005576;GO:0005615;GO:0005886;GO:0001848;GO:0004252;GO:0006956;GO:0006957;GO:0006508;GO:0009617
P11712,Cytochrome P450 family 2 subfamily C member 9,Liver,GO:0005737;GO:0005789;GO:0043231;GO:0005886;GO:0052741;GO:0018675;GO:0018676;GO:0008405;GO:0008404;GO:0008392;GO:0034875;GO:0020037;GO:0005506;GO:0004497;GO:0016491;GO:0016712;GO:0008395;GO:0043603;GO:0008203;GO:0019373;GO:0008210;GO:0046456;GO:0042759;GO:0032787;GO:0016098;GO:0097267;GO:0070989;GO:0008202;GO:0019627;GO:0042178;GO:0006805
O15442,Metallophosphoesterase domain containing 1,Liver,GO:0016787
Q15166,Paraoxonase 3,Liver,GO:0005789;GO:0070062;GO:0005576;GO:0005615;GO:0102007;GO:0004063;GO:0004064;GO:0046872;GO:0042803;GO:0046395;GO:0051649;GO:1901335;GO:0032929;GO:2001038;GO:0003096;GO:0009636
P0DJI8,Serum amyloid A1,Liver,GO:0005881;GO:0071682;GO:0070062;GO:0005576;GO:0034364;GO:0001664;GO:0008201;GO:0006953;GO:0048247;GO:0048246;GO:0050728;GO:0030593;GO:0030168;GO:0045785;GO:0001819;GO:0007204;GO:0032732;GO:0050708
P0DJI9,Serum amyloid A2,Liver,GO:0070062;GO:0034364;GO:0006953
Q3SYC2,Monoacylglycerol O-acyltransferase 2,Liver,GO:0005783;GO:0005789;GO:1990578;GO:0003846;GO:0016407;GO:0004144;GO:0006651;GO:0006071;GO:0050892;GO:0006640;GO:0019432
P07438,Metallothionein 1B,Liver,GO:0005737;GO:0005634;GO:0046872;GO:0008270;GO:0071276;GO:0071280;GO:0071294;GO:0010273;GO:0006882;GO:0045926
P02753,Retinol binding protein 4,Liver,GO:0070062;GO:0005576;GO:0005615;GO:0016918;GO:0019841;GO:0034632;GO:0048738;GO:0048562;GO:0060059;GO:0048706;GO:0001654;GO:0048807;GO:0006094;GO:0042593;GO:0007507;GO:0060347;GO:0030324;GO:0030277;GO:0060044;GO:0002639;GO:0032024;GO:0032526;GO:0042572;GO:0034633;GO:0060157;GO:0060065;GO:0060068;GO:0007601
Q9NPD5,Solute carrier organic anion transporter family member 1B3,Liver,GO:0009925;GO:0016323;GO:0005886;GO:0015125;GO:0008514;GO:0004867;GO:0015347;GO:0015721;GO:0042167;GO:0006811;GO:0015711;GO:0043252;GO:0006805
P07360,Complement C8 gamma chain,Liver,GO:0072562;GO:0070062;GO:0005576;GO:0005579;GO:0005886;GO:0001848;GO:0044877;GO:0019841;GO:0006957;GO:0006958;GO:0031640;GO:0050778
Q9UI17,Dimethylglycine dehydrogenase,Liver,GO:0005737;GO:0005759;GO:0005739;GO:0047865;GO:0009055;GO:0003723;GO:0006579;GO:0042426;GO:0019695
P47871,Glucagon receptor,Liver,GO:0005768;GO:0016020;GO:0005886;GO:0004967;GO:0005085;GO:0017046;GO:0007189;GO:0007188;GO:0007166;GO:0071377;GO:0009267;GO:0006887;GO:0006091;GO:0042593;GO:0009755;GO:0010628;GO:0008217;GO:0070873;GO:0007584;GO:0042594
P08185,Serpin family A member 6,Liver,GO:0070062;GO:0005576;GO:0005615;GO:0004867;GO:0005496;GO:0008211
P17516,Aldo-keto reductase family 1 member C4,Liver,GO:0005737;GO:0005829;GO:0070062;GO:0047024;GO:0004033;GO:0004032;GO:0047044;GO:0047023;GO:0032052;GO:0015125;GO:0047743;GO:0009055;GO:0004303;GO:0047086;GO:0016655;GO:0001758;GO:0047045;GO:0047035;GO:0008209;GO:0015721;GO:0006699;GO:0071395;GO:0044597;GO:0044598;GO:0042448;GO:0006693;GO:0001523;GO:0008202
A6NKF2,AT-rich interaction domain 3C,Liver,GO:0005737;GO:0045121;GO:0005634;GO:0003682;GO:0003677;GO:0000981;GO:0030225;GO:0045944;GO:0006357
P02774,GC vitamin D binding protein,Liver,GO:0072562;GO:0005737;GO:0005829;GO:0070062;GO:0005576;GO:0005615;GO:0043202;GO:0003779;GO:1902118;GO:0005499;GO:0090482;GO:0042359;GO:0051180
Q14994,Nuclear receptor subfamily 1 group I member 3,Liver,GO:0000785;GO:0005737;GO:0005856;GO:0005829;GO:0005654;GO:0005634;GO:0001228;GO:0003700;GO:0000981;GO:0004879;GO:0000978;GO:0000977;GO:1990837;GO:0008270;GO:0030154;GO:0000122;GO:0001649;GO:0045944;GO:0007165
P21439,ATP binding cassette subfamily B member 4,Liver,GO:0016324;GO:0030136;GO:0005737;GO:0005829;GO:0070062;GO:0005925;GO:0046581;GO:0016020;GO:0045121;GO:0005654;GO:0005886;GO:0140359;GO:0005524;GO:0016887;GO:0042626;GO:0090554;GO:0005548;GO:0032782;GO:1903413;GO:0055088;GO:0006629;GO:0045332;GO:0032376;GO:0061092;GO:2001140;GO:1901557;GO:0055085
Q9HB55,Cytochrome P450 family 3 subfamily A member 43,Liver,GO:0005789;GO:0101020;GO:0020037;GO:0005506;GO:0004497;GO:0016712;GO:0050649;GO:1903604;GO:0070989;GO:0008202
Q6ZQW0,"Indoleamine 2,3-dioxygenase 2",Liver,GO:0005737;GO:0005829;GO:0020037;GO:0033754;GO:0046872;GO:0004833;GO:0034354;GO:0002376;GO:0019441
P08697,Serpin family F member 2,Liver,GO:0072562;GO:0009986;GO:0062023;GO:0070062;GO:0005576;GO:0005615;GO:0005577;GO:0031093;GO:0004866;GO:0002020;GO:0042803;GO:0004867;GO:0006953;GO:0048514;GO:0030199;GO:0042730;GO:0002034;GO:0051918;GO:0010757;GO:0045597;GO:2000049;GO:0032967;GO:0070374;GO:0046330;GO:0048661;GO:0051496;GO:0045944;GO:0071636
Q9BZW4,Transmembrane 6 superfamily member 2,Liver,GO:0005789;GO:0033116;GO:0042802;GO:0055088;GO:0006629;GO:0019216
Q96K78,Adhesion G protein-coupled receptor G7,Liver,GO:0016020;GO:0005886;GO:0004930;GO:0007189;GO:0007166;GO:0007186
P22792,Carboxypeptidase N subunit 2,Liver,GO:0072562;GO:0070062;GO:0031012;GO:0005576;GO:0005615;GO:0030234;GO:0050821
P55318,Forkhead box A3,Liver,GO:0015629;GO:0000785;GO:0005654;GO:0005634;GO:0003700;GO:0000981;GO:0019904;GO:0000978;GO:1990837;GO:0000976;GO:0009653;GO:0030154;GO:0009267;GO:0006325;GO:0061484;GO:0001678;GO:0045944;GO:0006357;GO:0007283;GO:0006366
Q9NYQ3,Hydroxyacid oxidase 2,Liver,GO:0005829;GO:0005782;GO:0003973;GO:0010181;GO:0001561;GO:0019395
Q8NEV9,Interleukin 27,Liver,GO:0009986;GO:0005829;GO:0005788;GO:0005576;GO:0005615;GO:0005125;GO:0045523;GO:0005102;GO:0006954;GO:0045087;GO:0002230;GO:0032729;GO:0042129;GO:0045625;GO:0140459
P31213,Steroid 5 alpha-reductase 2,Liver,GO:0070852;GO:0005789;GO:0043025;GO:0003865;GO:0047751;GO:0033218;GO:0030283;GO:0006702;GO:0008209;GO:0018879;GO:0060348;GO:0030154;GO:0007267;GO:0018894;GO:0030540;GO:0021766;GO:0021854;GO:0030539;GO:0008584;GO:0018963;GO:1904614;GO:0032354;GO:0031667;GO:0043434;GO:0048545;GO:0033574;GO:0009410;GO:0006694;GO:0006706;GO:0061370
Q9UP52,Transferrin receptor 2,Liver,GO:0031410;GO:0009897;GO:1990712;GO:0005886;GO:0039706;GO:0004998;GO:0006953;GO:0071281;GO:0140298;GO:0006879;GO:0006826;GO:0060586;GO:0045807;GO:0090277;GO:1903319;GO:0045944;GO:0006898;GO:0010039;GO:0033572
O95045,Uridine phosphorylase 2,Liver,GO:0005829;GO:0045098;GO:0047847;GO:0042802;GO:0004850;GO:0006249;GO:0009116;GO:0044206;GO:0006218;GO:0046108
P28332,Alcohol dehydrogenase 6 (class V),Liver,GO:0005829;GO:0070062;GO:0004022;GO:0004745;GO:0008270;GO:0042573;GO:0042572
Q6IB77,Glycine-N-acyltransferase,Liver,GO:0005759;GO:0005739;GO:0016746;GO:0047961;GO:0047962;GO:0006637;GO:1901787;GO:0006544;GO:0032787;GO:0009636;GO:0006805
A6NDN3,Golgin A6 family member B,Liver,GO:0005801;GO:0000137;GO:0032580;GO:0007030
Q8WWZ8,Oncoprotein induced transcript 3,Liver,GO:0005635;GO:0005509;GO:0003014
P35503,UDP glucuronosyltransferase family 1 member A3,Liver,GO:0005783;GO:0005789;GO:0019899;GO:0004857;GO:0015020;GO:0046982;GO:0042803;GO:0001972;GO:0032782;GO:0052695;GO:0008210;GO:0052696;GO:2001030;GO:0045922;GO:0042573;GO:0070640;GO:0052697;GO:0006805
O95342,ATP binding cassette subfamily B member 11,Liver,GO:0016324;GO:0009986;GO:0005768;GO:0070062;GO:0000139;GO:0046581;GO:0046691;GO:0005886;GO:0055037;GO:0055038;GO:0015432;GO:0008559;GO:0005524;GO:0016887;GO:0015125;GO:0015126;GO:0015144;GO:0015721;GO:0006699;GO:0008206;GO:0015722;GO:0042632;GO:0006631;GO:0055088;GO:0055091;GO:0120189;GO:0016567;GO:1904251;GO:0031998;GO:0043627;GO:0045471;GO:0014070;GO:0006979;GO:0055085;GO:0046618;GO:0006805;GO:0006855
Q9Y5C1,Angiopoietin like 3,Liver,GO:0009986;GO:0062023;GO:0005769;GO:0005576;GO:0005615;GO:0005794;GO:0030027;GO:0004857;GO:0008083;GO:0008201;GO:0005178;GO:0004859;GO:0055090;GO:0001525;GO:0048844;GO:0007160;GO:0042632;GO:0008203;GO:0006631;GO:0006071;GO:0007229;GO:0055088;GO:0019915;GO:0051005;GO:0010519;GO:0009395;GO:0055091;GO:0006644;GO:0045766;GO:0030335;GO:0050996;GO:0009725;GO:0007165;GO:0070328
P06276,Butyrylcholinesterase,Liver,GO:0072562;GO:0005788;GO:0005576;GO:0005615;GO:0005641;GO:0005886;GO:0003990;GO:0001540;GO:0003824;GO:0033265;GO:0004104;GO:0019899;GO:0016788;GO:0042802;GO:0006581;GO:0019695;GO:0050783;GO:0007612;GO:0008285;GO:0050805;GO:0014016;GO:0016486;GO:0043279;GO:0051593;GO:0051384;GO:0006805
P20851,Complement component 4 binding protein beta,Liver,GO:0005576;GO:0005615;GO:0005886;GO:0007596;GO:0006958;GO:0045087;GO:0045959;GO:0045732;GO:1903027;GO:0009609
P07148,Fatty acid binding protein 1,Liver,GO:0045179;GO:0005829;GO:0070062;GO:0005654;GO:0005634;GO:0005782;GO:0032991;GO:0016209;GO:0032052;GO:0003682;GO:0005504;GO:1901363;GO:0005324;GO:0070538;GO:0005543;GO:0070301;GO:0071456;GO:0015908;GO:0050892;GO:0043066;GO:2000117;GO:0032000;GO:0033552
P50440,Glycine amidinotransferase,Liver,GO:0070062;GO:0005743;GO:0005758;GO:0005739;GO:0015067;GO:0015068;GO:0006601;GO:0006600;GO:0007611;GO:0014889;GO:0120162
P28845,Hydroxysteroid 11-beta dehydrogenase 1,Liver,GO:0005789;GO:0043231;GO:0016020;GO:0070524;GO:0047022;GO:0102196;GO:0050661;GO:0042803;GO:0005496;GO:0030324;GO:0006706
Q86VF5,Monoacylglycerol O-acyltransferase 3,Liver,GO:0005789;GO:1990578;GO:0003846;GO:0004144;GO:0006071;GO:0006640;GO:0019432
Q9P0Z9,Pipecolic acid and sarcosine oxidase,Liver,GO:0005829;GO:0005782;GO:0005777;GO:0050660;GO:0050031;GO:0008115;GO:0033514;GO:0006554
P11168,Solute carrier family 2 member 2,Liver,GO:0016324;GO:0005903;GO:0005911;GO:0005737;GO:0016020;GO:0005886;GO:0055056;GO:0033300;GO:0005353;GO:0005354;GO:0015149;GO:0005975;GO:0046323;GO:1904659;GO:0070837;GO:0015755;GO:0015757;GO:0035774
P43652,Afamin,Liver,GO:0072562;GO:0005737;GO:0070062;GO:0005576;GO:0005615;GO:0008431;GO:0050821;GO:0071693;GO:0051180
Q6UXH0,Angiopoietin like 8,Liver,GO:0005576;GO:0005179;GO:0048469;GO:0045444;GO:0006629;GO:0010954;GO:0019216;GO:0050746;GO:0070328
Q14520,Hyaluronan binding protein 2,Liver,GO:0005576;GO:0005615;GO:0005509;GO:0005539;GO:0008233;GO:0004252;GO:0007155;GO:0006508
P50053,Ketohexokinase,Liver,GO:0005737;GO:0005829;GO:0070062;GO:0005524;GO:0070061;GO:0042802;GO:0004454;GO:0042803;GO:0006000;GO:0070873;GO:0009750;GO:0009749;GO:0032868;GO:0009744;GO:0010043
P00439,Phenylalanine hydroxylase,Liver,GO:0005829;GO:0005506;GO:0004505;GO:0008652;GO:0042423;GO:0006559;GO:0006571
Q6NUN0,Acyl-CoA synthetase medium chain family member 5,Liver,GO:0005759;GO:0005739;GO:0005524;GO:0015645;GO:0004321;GO:0005525;GO:0031956;GO:0046872;GO:0006637;GO:0006633
Q5T2L2,Aldo-keto reductase family 1 member C8,Liver,GO:0005737;GO:0016491
P04003,Complement component 4 binding protein alpha,Liver,GO:0072562;GO:0005576;GO:0005615;GO:0005886;GO:0003723;GO:0006958;GO:0045087;GO:0045959;GO:0045732;GO:1903027;GO:0009609;GO:0002456
P13671,Complement C6,Liver,GO:0070062;GO:0005576;GO:0005615;GO:0005579;GO:0005886;GO:0006956;GO:0006958;GO:0001701;GO:0045087;GO:0031640;GO:0050778
Q8NET6,Carbohydrate sulfotransferase 13,Liver,GO:0000139;GO:0016020;GO:0047756;GO:0001537;GO:0008146;GO:0016051;GO:0030206;GO:0030166
Q08426,Enoyl-CoA hydratase and 3-hydroxyacyl CoA dehydrogenase,Liver,GO:0005829;GO:0005782;GO:0005777;GO:0018812;GO:0003857;GO:0004165;GO:0004300;GO:0019899;GO:0016863;GO:0016509;GO:0070403;GO:0006635;GO:0033540
Q8IVS8,Glycerate kinase,Liver,GO:0005737;GO:0005829;GO:0005794;GO:0005739;GO:0005524;GO:0008887;GO:0061624;GO:0006468
P42357,Histidine ammonia-lyase,Liver,GO:0005829;GO:0004397;GO:0006548;GO:0019556;GO:0019557
Q86UW8,Hyaluronan and proteoglycan link protein 4,Liver,GO:0005615;GO:0072534;GO:0045202;GO:0005540;GO:0150043;GO:0007155;GO:0007417;GO:0010001;GO:1904862;GO:0002052;GO:0001501;GO:0051932
P35858,Insulin like growth factor binding protein acid labile subunit,Liver,GO:0070062;GO:0031012;GO:0005576;GO:0005615;GO:0042567;GO:0005520;GO:0007155;GO:0007165
Q4G0N4,"NAD kinase 2, mitochondrial",Liver,GO:0005759;GO:0005739;GO:0005524;GO:0003951;GO:0042803;GO:0019674;GO:0006741
P00747,Plasminogen,Liver,GO:0072562;GO:0009986;GO:0062023;GO:0009897;GO:0070062;GO:0005576;GO:0005615;GO:0005886;GO:0031093;GO:0034185;GO:0004175;GO:0019899;GO:0019900;GO:0002020;GO:1990405;GO:0019904;GO:0051087;GO:0004252;GO:0008236;GO:0005102;GO:0051702;GO:0007596;GO:0022617;GO:0042730;GO:0008285;GO:2000048;GO:0010812;GO:0051918;GO:0043536;GO:0051919;GO:0006508;GO:0048771
A0A0G2JMD5,PRAME family member 33,Liver,GO:0031462;GO:0005737;GO:1990756;GO:0043066;GO:0045596;GO:0045892;GO:0008284;GO:0043161
Q86YT5,Solute carrier family 13 member 5,Liver,GO:0005829;GO:0005654;GO:0005886;GO:0015137;GO:0042802;GO:0005343;GO:0017153;GO:0015141;GO:0015742;GO:0071285;GO:0015746;GO:0015741;GO:0015729;GO:0015744;GO:0055085
Q86UW1,Solute carrier family 51 subunit alpha,Liver,GO:0016323;GO:0005789;GO:0016020;GO:0005886;GO:0032991;GO:0015125;GO:0046982;GO:0042803;GO:0022857;GO:0015721;GO:0032782
P48230,Transmembrane 4 L six family member 4,Liver,GO:0016020;GO:0042246
P02771,Alpha fetoprotein,Liver,GO:0005737;GO:0005788;GO:0005615;GO:0046872;GO:0006915;GO:0048872;GO:0006955;GO:0001542;GO:0042448
O43315,Aquaporin 9,Liver,GO:0016323;GO:0043231;GO:0005886;GO:0015267;GO:0015254;GO:0140070;GO:0005345;GO:0005350;GO:0015265;GO:0015204;GO:0015250;GO:0015837;GO:0015722;GO:0071320;GO:0071722;GO:0015793;GO:0006863;GO:0015855;GO:0048265;GO:0071918;GO:0006833
Q9H2M3,Betaine--homocysteine S-methyltransferase 2,Liver,GO:0005829;GO:0070062;GO:0008898;GO:0061627;GO:0008270;GO:0071267;GO:0032259;GO:0046500;GO:0033477
Q9UI32,Glutaminase 2,Liver,GO:0005759;GO:0005739;GO:0004359;GO:0006520;GO:0006537;GO:0006543;GO:0072593;GO:0042981
Q5VWP3,Muscular LMNA interacting protein,Liver,GO:0005829;GO:0005635;GO:0031981;GO:0005634;GO:0016605;GO:0042383;GO:0005521;GO:0003714;GO:0010614;GO:1903243;GO:0000122;GO:0045944;GO:0006366
Q8IU80,Transmembrane serine protease 6,Liver,GO:0005615;GO:0005886;GO:0004222;GO:0004252;GO:0030509;GO:0030574;GO:0022617;GO:0006879;GO:0033619;GO:0060586;GO:0030514;GO:0045892;GO:0000122;GO:0045944;GO:0097264
Q86WB7,Unc-93 homolog A,Liver,GO:0016020;GO:0005886
P02654,Apolipoprotein C1,Liver,GO:0042627;GO:0005783;GO:0005576;GO:0034364;GO:0034361;GO:0005504;GO:0055102;GO:0031210;GO:0060228;GO:0004859;GO:0033344;GO:0008203;GO:0034382;GO:0034375;GO:0006629;GO:0042157;GO:0032375;GO:0045717;GO:0050995;GO:0045833;GO:0051005;GO:0010900;GO:0048261;GO:0010916;GO:0033700;GO:0034369;GO:0032374;GO:0006641;GO:0034379;GO:0034447
P01024,Complement C3,Liver,GO:0035578;GO:0072562;GO:0009986;GO:0005788;GO:0070062;GO:0005576;GO:0005615;GO:0005886;GO:0032991;GO:0034774;GO:0031715;GO:0004866;GO:0048018;GO:0005102;GO:0097242;GO:0042113;GO:0006956;GO:0006957;GO:0006958;GO:0002430;GO:0097278;GO:0150062;GO:0006631;GO:0007186;GO:0006955;GO:0006954;GO:0016322;GO:0035846;GO:0001970;GO:0045766;GO:2000427;GO:0010828;GO:0045745;GO:0010884;GO:0060100;GO:0001934;GO:0048260;GO:0001798;GO:0010575;GO:0010866;GO:0009617;GO:0007165;GO:0150064
Q4G0S7,Coiled-coil domain containing 152,Liver,
P23141,Carboxylesterase 1,Liver,GO:0005737;GO:0005829;GO:0005783;GO:0005788;GO:0005811;GO:0106435;GO:0052689;GO:0047374;GO:0004771;GO:0071397;GO:0071404;GO:0006695;GO:0090122;GO:0042632;GO:0008203;GO:0030855;GO:0016042;GO:0051791;GO:0010887;GO:0010875;GO:0090205;GO:0070857;GO:0120188;GO:0009636;GO:0043691
Q14749,Glycine N-methyltransferase,Liver,GO:0005829;GO:0005542;GO:0016594;GO:0017174;GO:0042802;GO:1904047;GO:0005977;GO:0006555;GO:0032259;GO:0006730;GO:0051289;GO:0036211;GO:0006111;GO:0046498;GO:0046500;GO:1901052
Q9UHC9,NPC1 like intracellular cholesterol transporter 1,Liver,GO:0016324;GO:0030659;GO:0005886;GO:0015485;GO:0031489;GO:0042803;GO:0031267;GO:0008431;GO:0071501;GO:0006695;GO:0042632;GO:0030301;GO:0030299;GO:0042157;GO:0015918;GO:0042360;GO:0051180
Q9Y694,Solute carrier family 22 member 7,Liver,GO:0016324;GO:0009925;GO:0016323;GO:0005829;GO:0016020;GO:0005886;GO:0015139;GO:0008514;GO:0015132;GO:0015347;GO:0022857;GO:0015742;GO:0006811;GO:0015711;GO:0015732;GO:0006805
A6NLP5,Tetratricopeptide repeat domain 36,Liver,GO:0021954;GO:0007613;GO:0032435;GO:1902915;GO:0006570;GO:0008542
P54855,UDP glucuronosyltransferase family 2 member B15,Liver,GO:0005789;GO:0015020;GO:0052695;GO:0008210;GO:0008202;GO:0006805
Q6ZNB7,Alkylglycerol monooxygenase,Liver,GO:0005783;GO:0005789;GO:0050479;GO:0005506;GO:0046485;GO:0006643;GO:0019432
Q8NI99,Angiopoietin like 6,Liver,GO:0062023;GO:0070062;GO:0005615;GO:0030141;GO:0005102;GO:0001525;GO:0007596;GO:0030154
Q9H0W9,Chromosome 11 open reading frame 54,Liver,GO:0070062;GO:0016604;GO:0005654;GO:0005634;GO:0016788;GO:0008270
Q9P126,C-type lectin domain family 1 member B,Liver,GO:0009986;GO:0005886;GO:0030246;GO:0004888;GO:0007166;GO:0006952;GO:0030220;GO:0007165
Q16696,Cytochrome P450 family 2 subfamily A member 13,Liver,GO:0005737;GO:0005789;GO:0043231;GO:0008392;GO:0008389;GO:0020037;GO:0005506;GO:0004497;GO:0016712;GO:0046222;GO:0009804;GO:0019373;GO:0006805
P14920,D-amino acid oxidase,Liver,GO:0042995;GO:0005737;GO:0005829;GO:0005576;GO:0005782;GO:0048786;GO:0003884;GO:0071949;GO:0043799;GO:0042802;GO:0055130;GO:0019478;GO:0036088;GO:0070178;GO:0007586;GO:0042416;GO:0070945;GO:0006562
Q02127,Dihydroorotate dehydrogenase (quinone),Liver,GO:0005829;GO:0005743;GO:0005739;GO:0005654;GO:0004151;GO:0106430;GO:0004152;GO:0006207;GO:0044205;GO:0009220;GO:0006225
Q9H8M9,"Eva-1 homolog A, regulator of programmed cell death",Liver,GO:0005788;GO:0005789;GO:0043231;GO:0005765;GO:0005886;GO:0006915;GO:0006914
O75636,Ficolin 3,Liver,GO:0072562;GO:0005581;GO:0062023;GO:0009897;GO:0005576;GO:0005615;GO:1905370;GO:0003823;GO:0030246;GO:0097367;GO:0046872;GO:0005102;GO:0002752;GO:0006956;GO:0001867;GO:0051607;GO:1902679;GO:0046597;GO:1903028;GO:0006508;GO:0043654
Q93099,"Homogentisate 1,2-dioxygenase",Liver,GO:0005829;GO:0070062;GO:0004411;GO:0042802;GO:0046872;GO:0006559;GO:0006572
O75469,Nuclear receptor subfamily 1 group I member 2,Liver,GO:0000785;GO:0045111;GO:0016604;GO:0005654;GO:0005634;GO:0005667;GO:0001228;GO:0000981;GO:0004879;GO:0016922;GO:0000978;GO:0000977;GO:1990837;GO:0008270;GO:0030154;GO:0045892;GO:0000122;GO:0045893;GO:0010628;GO:0045944;GO:0006355;GO:0007165;GO:0008202;GO:0042178;GO:0006805;GO:0042908
P22891,"Protein Z, vitamin K dependent plasma glycoprotein",Liver,GO:0005788;GO:0070062;GO:0005615;GO:0005796;GO:0005509;GO:0004252;GO:0007596;GO:0006508
P52758,Reactive intermediate imine deaminase A homolog,Liver,GO:0005737;GO:0005829;GO:0070062;GO:0005759;GO:0005739;GO:0005634;GO:0005777;GO:0120242;GO:0120243;GO:0019239;GO:0003729;GO:0003723;GO:0016892;GO:0019518;GO:0006629;GO:0006402;GO:0061157;GO:0017148
Q86UN3,Reticulon 4 receptor like 2,Liver,GO:0030424;GO:0009986;GO:0030425;GO:0009897;GO:0070062;GO:0031012;GO:0005576;GO:0005615;GO:0045121;GO:0043005;GO:0043204;GO:0005886;GO:0038023;GO:0031103;GO:0007166;GO:0010977
Q9Y2C5,Solute carrier family 17 member 4,Liver,GO:0016324;GO:0031526;GO:0016020;GO:0005886;GO:0005436;GO:0015349;GO:0022857;GO:0015143;GO:0006820;GO:0006796;GO:0006814;GO:0044341
Q6P9F5,Tripartite motif containing 40,Liver,GO:0005737;GO:0008385;GO:0061630;GO:0008270;GO:0045087;GO:0030308;GO:0032088;GO:1901223;GO:0042177;GO:1900181;GO:0045116;GO:0010468
O75795,UDP glucuronosyltransferase family 2 member B17,Liver,GO:0005789;GO:0016020;GO:0015020;GO:0052695;GO:0008210;GO:0008202;GO:0006805
Q9UBR1,Beta-ureidopropionase 1,Liver,GO:0005829;GO:0070062;GO:0003837;GO:0042803;GO:0033396;GO:0006248;GO:0006249;GO:0046079;GO:0001701;GO:0001889;GO:0051260;GO:0051289;GO:0046135;GO:0046050
Q03154,Aminoacylase 1,Liver,GO:0005829;GO:0070062;GO:0004046;GO:0042802;GO:0046872;GO:0006520
Q96PN6,Adenylate cyclase 10,Liver,GO:0016324;GO:0097450;GO:0045178;GO:0090724;GO:0005929;GO:0005737;GO:0005856;GO:0005829;GO:0030425;GO:0005576;GO:0005739;GO:0043025;GO:0005634;GO:0048471;GO:0004016;GO:0005524;GO:0051117;GO:0071890;GO:0000287;GO:0030145;GO:0006171;GO:0003351;GO:0006007;GO:0035556;GO:1990544;GO:0106135;GO:0010917;GO:1903427;GO:1990138;GO:1990535;GO:0106028;GO:2001171;GO:0045773;GO:0010666;GO:0010613;GO:0045819;GO:0051901;GO:0045778;GO:1903378;GO:1903955;GO:1903428;GO:1905461;GO:0060306;GO:1901524;GO:0007286
Q9BXJ7,Amnion associated transmembrane protein,Liver,GO:0016324;GO:0031526;GO:0005905;GO:0030139;GO:0010008;GO:0070062;GO:0005615;GO:0016020;GO:0031528;GO:0005886;GO:0043235;GO:0038024;GO:0005102;GO:0009235;GO:0015889;GO:0043001;GO:0008104;GO:0006898;GO:0097017
Q8N8V4,Ankyrin repeat and sterile alpha motif domain containing 4B,Liver,GO:0005903;GO:0005789;GO:0005902;GO:0005886;GO:1904970;GO:0030154;GO:1904106;GO:0065003;GO:0034976
Q5TCH4,Cytochrome P450 family 4 subfamily A member 22,Liver,GO:0005789;GO:0005615;GO:0043231;GO:0103002;GO:0018685;GO:0008391;GO:0020037;GO:0005506;GO:0102033;GO:0140981;GO:0019369;GO:0046456;GO:0001822;GO:0048252;GO:0043651;GO:0002933
Q7Z4W1,Dicarbonyl and L-xylulose reductase,Liver,GO:0005903;GO:0005881;GO:0005829;GO:0070062;GO:0005902;GO:0005739;GO:0005634;GO:0005886;GO:0004090;GO:0042802;GO:0050038;GO:0016655;GO:0019640;GO:0042732;GO:0006006;GO:0006739;GO:2000379;GO:0005997
Q96PD7,Diacylglycerol O-acyltransferase 2,Liver,GO:0005829;GO:0005783;GO:0005789;GO:0043231;GO:0005811;GO:0016020;GO:0005739;GO:1990578;GO:0048471;GO:0003846;GO:0004144;GO:0042803;GO:0050252;GO:0071400;GO:0042632;GO:0006651;GO:0046339;GO:0060613;GO:0055089;GO:0006071;GO:0035356;GO:0019915;GO:0035336;GO:0034383;GO:0006640;GO:0097006;GO:0019432
Q8TBG4,Ethanolamine-phosphate phospho-lyase,Liver,GO:0005759;GO:0050459;GO:0030170;GO:0008483
P46952,"3-hydroxyanthranilate 3,4-dioxygenase",Liver,GO:0005737;GO:0005829;GO:0000334;GO:0009055;GO:0008198;GO:0034354;GO:0043420;GO:0009435;GO:0070050;GO:0019805;GO:0046874;GO:0046686;GO:0010043;GO:0006569
P54868,3-hydroxy-3-methylglutaryl-CoA synthase 2,Liver,GO:0005759;GO:0005739;GO:0004421;GO:0042802;GO:0006084;GO:0060612;GO:0071230;GO:0071398;GO:0071385;GO:0032869;GO:0071222;GO:0006695;GO:0010142;GO:0046951;GO:0001822;GO:0001889;GO:0030324;GO:0007494;GO:0033555;GO:0051591;GO:0045471;GO:0033762;GO:0060416;GO:0070543;GO:0010038;GO:0034284;GO:0007584;GO:0034696;GO:0042594;GO:0009266;GO:0033574;GO:0034014;GO:0009410
P01042,Kininogen 1,Liver,GO:0072562;GO:0062023;GO:0005788;GO:0070062;GO:0005576;GO:0005615;GO:0005886;GO:0031093;GO:0004869;GO:0008201;GO:0005179;GO:0005102;GO:0008270;GO:0007596;GO:0006954;GO:0030195;GO:0007162;GO:0045861;GO:0043065;GO:0007204;GO:0042311
Q9NP71,MLX interacting protein like,Liver,GO:0000785;GO:0005737;GO:0005829;GO:0005654;GO:0005634;GO:0005667;GO:0035538;GO:0003677;GO:0001216;GO:0001228;GO:0003700;GO:0000981;GO:0140297;GO:0001227;GO:0046982;GO:0000978;GO:0061629;GO:0009653;GO:0097009;GO:0055089;GO:0042593;GO:0010255;GO:0008610;GO:0045892;GO:0090324;GO:0033137;GO:0008284;GO:0045893;GO:0045723;GO:0045821;GO:0046889;GO:0045944;GO:0000432;GO:0006355;GO:0006357;GO:0070328
Q8N159,N-acetylglutamate synthase,Liver,GO:0005759;GO:0005739;GO:0004042;GO:0006536;GO:0006526;GO:0000050
Q9UHI7,Solute carrier family 23 member 1,Liver,GO:0016324;GO:0009925;GO:0005737;GO:0070062;GO:0043229;GO:0005886;GO:0033300;GO:0008520;GO:0015229;GO:0015205;GO:0015081;GO:0015143;GO:0007420;GO:0070837;GO:0019852;GO:0015882;GO:0030324;GO:0015851;GO:0009636;GO:0006814
Q99624,Solute carrier family 38 member 3,Liver,GO:0016324;GO:0016323;GO:0005886;GO:0015171;GO:0015180;GO:0015182;GO:0140831;GO:0015186;GO:0140830;GO:0005290;GO:0140832;GO:0005295;GO:0003333;GO:0006865;GO:0006867;GO:0051365;GO:0007565;GO:0010585;GO:0006868;GO:0015817;GO:0080144;GO:0015808;GO:1903811;GO:1903803;GO:1903810;GO:1902024;GO:2000487;GO:0045944;GO:0150104
P48065,Solute carrier family 6 member 12,Liver,GO:0016323;GO:0042995;GO:0016020;GO:0005886;GO:0098793;GO:0015171;GO:0005332;GO:0008028;GO:0006865;GO:0051936;GO:0015812;GO:0031460;GO:0015718;GO:0035725
P50226,Sulfotransferase family 1A member 2,Liver,GO:0005737;GO:0005829;GO:0004062;GO:0047894;GO:0008146;GO:0050427;GO:0009309;GO:0006584;GO:0006068;GO:0018958;GO:0008202;GO:0051923;GO:0006805
O14894,Transmembrane 4 L six family member 5,Liver,GO:0005765;GO:0016020;GO:0005886;GO:0034618;GO:2000045
O43557,TNF superfamily member 14,Liver,GO:0005737;GO:0005615;GO:0005886;GO:0043027;GO:0005125;GO:0042802;GO:0005102;GO:0005164;GO:0006915;GO:0007166;GO:0071260;GO:0006955;GO:0043123;GO:2001238;GO:0045663;GO:1901741;GO:1901224;GO:0010820;GO:0007165;GO:0042110;GO:0010818;GO:0031295;GO:0043029;GO:0042098
Q6UWM9,UDP glucuronosyltransferase family 2 member A3,Liver,GO:0016020;GO:0015020;GO:0052695;GO:0008210
O95497,Vanin 1,Liver,GO:0035577;GO:0005576;GO:0016020;GO:0005886;GO:0098552;GO:0017159;GO:0002526;GO:0098609;GO:0002544;GO:0015938;GO:0006954;GO:0045087;GO:0015939;GO:1902177;GO:0033089;GO:0006979
Q9NQ94,APOBEC1 complementation factor,Liver,GO:0030895;GO:0005737;GO:0005783;GO:0045293;GO:0005654;GO:0005634;GO:0140767;GO:0003729;GO:0003723;GO:0003727;GO:0141166;GO:0016554;GO:0007566;GO:0010609;GO:0016556;GO:0006397;GO:2000623;GO:0050821
P01019,Angiotensinogen,Liver,GO:0072562;GO:0062023;GO:0070062;GO:0005576;GO:0005615;GO:0008083;GO:0005179;GO:0004867;GO:0031702;GO:0031703;GO:0038166;GO:0001974;GO:0007267;GO:0007186;GO:0007199;GO:0001822;GO:0034374;GO:0002034;GO:0043407;GO:0051387;GO:0038060;GO:0007200;GO:0090190;GO:0010613;GO:1905920;GO:0001819;GO:0045893;GO:0010595;GO:0045742;GO:0010718;GO:1901203;GO:2001238;GO:0048146;GO:1903598;GO:0050729;GO:0010744;GO:1902895;GO:0051092;GO:0051897;GO:0051247;GO:2000379;GO:0042981;GO:0008217;GO:0002016;GO:1903779;GO:0001558;GO:0042127;GO:1901201;GO:0002019;GO:0035813;GO:0019229;GO:0003014;GO:0002018;GO:1990776;GO:0014873;GO:0042310
Q06278,Aldehyde oxidase 1,Liver,GO:0005829;GO:0070062;GO:0051537;GO:0004031;GO:0071949;GO:0050660;GO:0042802;GO:0005506;GO:0043546;GO:0051287;GO:0042803;GO:0006629;GO:0006805
P04424,Argininosuccinate lyase,Liver,GO:0005737;GO:0005829;GO:0070062;GO:0004056;GO:0042802;GO:0019676;GO:0042450;GO:0006525;GO:0006526;GO:0007626;GO:0045429;GO:0009791;GO:0000050
P00966,Argininosuccinate synthase 1,Liver,GO:0070852;GO:0005737;GO:0005829;GO:0070062;GO:0005741;GO:0005654;GO:0043204;GO:0016597;GO:0004055;GO:0005524;GO:0042802;GO:0003723;GO:0015643;GO:0006953;GO:0000053;GO:0006531;GO:0071418;GO:0071230;GO:0071242;GO:0071320;GO:0071549;GO:0071377;GO:0071499;GO:0071222;GO:0071400;GO:0071356;GO:0071346;GO:0007623;GO:0000052;GO:0060539;GO:0001822;GO:0006526;GO:0001889;GO:0007494;GO:1903038;GO:0045429;GO:0032355;GO:0060416;GO:0010046;GO:0007584;GO:0009410;GO:0010043;GO:0000050
O75936,Gamma-butyrobetaine hydroxylase 1,Liver,GO:0005829;GO:0070062;GO:0005739;GO:0008336;GO:0042802;GO:0005506;GO:0008270;GO:0045329
P06681,Complement C2,Liver,GO:0070062;GO:0005576;GO:0005615;GO:0046872;GO:0004252;GO:0006956;GO:0006958;GO:0045087;GO:2000427;GO:0006508;GO:0009617;GO:0032496;GO:0007584;GO:0097066
Q16663,C-C motif chemokine ligand 15,Liver,GO:0005615;GO:0048020;GO:0042056;GO:0008009;GO:0008201;GO:0005102;GO:0061844;GO:0007267;GO:0070098;GO:0006935;GO:0048245;GO:0006954;GO:0006874;GO:0030335;GO:0007165
O95971,CD160 molecule,Liver,GO:0005576;GO:0005886;GO:0098552;GO:0032397;GO:0019900;GO:0023024;GO:0032393;GO:0032394;GO:0005102;GO:0002250;GO:0001525;GO:0050829;GO:0045087;GO:0002385;GO:1905675;GO:0016525;GO:1900280;GO:0050860;GO:0043491;GO:2000353;GO:0002729;GO:0043323;GO:0045954;GO:0002857;GO:0032729;GO:0031295
P15813,CD1d molecule,Liver,GO:0016323;GO:0009986;GO:0005737;GO:0005783;GO:0005789;GO:0010008;GO:0009897;GO:0005615;GO:0005765;GO:0005764;GO:0005886;GO:0030881;GO:0050839;GO:0030883;GO:0030884;GO:0030882;GO:0071723;GO:0048006;GO:0048007;GO:0016045;GO:0034113;GO:0006955;GO:0045087;GO:0045089;GO:0001916;GO:0042102;GO:0045058
P11597,Cholesteryl ester transfer protein,Liver,GO:0070062;GO:0005576;GO:0005615;GO:0034364;GO:0031982;GO:0015485;GO:0120020;GO:0008289;GO:0031210;GO:0005548;GO:0017129;GO:0042632;GO:0008203;GO:0030301;GO:0034375;GO:0055088;GO:0006869;GO:0034374;GO:0010745;GO:0046470;GO:0055091;GO:0032376;GO:2001140;GO:0010874;GO:0043691;GO:0070328;GO:0006641;GO:0034197;GO:0034372
P08603,Complement factor H,Liver,GO:0072562;GO:0070062;GO:0005576;GO:0005615;GO:1905370;GO:0106139;GO:0001851;GO:0043395;GO:0008201;GO:0042802;GO:0006956;GO:0006957;GO:0006508;GO:0030449;GO:0030451;GO:1903659
Q9Y6Z7,Collectin subfamily member 10,Liver,GO:0005581;GO:0005737;GO:0009897;GO:0005576;GO:0005615;GO:0005794;GO:0005771;GO:1905370;GO:0042056;GO:0005537;GO:0002752;GO:0001867;GO:1904888;GO:1903028;GO:0006508
P33261,Cytochrome P450 family 2 subfamily C member 19,Liver,GO:0005737;GO:0005789;GO:0043231;GO:0005886;GO:0052741;GO:0018675;GO:0018676;GO:0008392;GO:0019899;GO:0020037;GO:0005506;GO:0120319;GO:0004497;GO:0016491;GO:0016712;GO:0019825;GO:0008395;GO:0019373;GO:0001676;GO:0016098;GO:0097267;GO:0008202;GO:0042178;GO:0006805
Q08477,Cytochrome P450 family 4 subfamily F member 3,Liver,GO:0005789;GO:0097259;GO:0097258;GO:0052869;GO:0020037;GO:0005506;GO:0050051;GO:0120319;GO:0102033;GO:0004497;GO:0140692;GO:0019369;GO:0010430;GO:0006690;GO:0036101;GO:0006691;GO:2001302;GO:2001304;GO:0097267
Q96QD5,DEP domain containing 7,Liver,GO:0035556
Q9H1X3,DnaJ heat shock protein family (Hsp40) member C25,Liver,GO:0005789;GO:0006457
Q13609,Deoxyribonuclease 1 like 3,Liver,GO:0005783;GO:0005576;GO:0005634;GO:0005509;GO:0004530;GO:0003677;GO:0004536;GO:0006309;GO:0006259;GO:0002283;GO:0010623;GO:0002673;GO:0070948
O43921,Ephrin A2,Liver,GO:0031594;GO:0043204;GO:0005886;GO:0098552;GO:0046875;GO:0007411;GO:0046849;GO:0007267;GO:0048013;GO:0021772;GO:0030316
P01588,Erythropoietin,Liver,GO:0044297;GO:0009986;GO:0005576;GO:0005615;GO:0005125;GO:0005128;GO:0005179;GO:0030295;GO:0006953;GO:0008015;GO:0097696;GO:0071474;GO:0007566;GO:0030218;GO:0043249;GO:0038162;GO:0042541;GO:0033028;GO:0010523;GO:2001258;GO:1902251;GO:1902219;GO:0000122;GO:0042104;GO:0008284;GO:0045893;GO:0070374;GO:0045666;GO:0010976;GO:0046579;GO:0048678;GO:0071548;GO:0051602;GO:0043627;GO:0055093;GO:0001666;GO:0070555;GO:0032496;GO:0009651;GO:0033574;GO:0033189;GO:0007165
Q17RC7,Exocyst complex component 3 like 4,Liver,GO:0000145;GO:0000149;GO:0051601;GO:0006887
P12259,Coagulation factor V,Liver,GO:0030134;GO:0005788;GO:0033116;GO:0005576;GO:0005615;GO:1903561;GO:0016020;GO:0005886;GO:0031091;GO:0031093;GO:0005507;GO:0008015;GO:0007596;GO:0032571
Q08830,Fibrinogen like 1,Liver,GO:0062023;GO:0005576;GO:0005615;GO:0005577;GO:0005102;GO:0002250;GO:0007160;GO:0072574;GO:0050868;GO:0070527;GO:0050776
P31512,Flavin containing dimethylaniline monoxygenase 4,Liver,GO:0005789;GO:0050660;GO:0047822;GO:0004499;GO:0050661;GO:0097009;GO:0046322;GO:0042178
P49326,Flavin containing dimethylaniline monoxygenase 5,Liver,GO:0005829;GO:0005783;GO:0005789;GO:0004031;GO:0050660;GO:0047822;GO:0004497;GO:0004499;GO:0050661;GO:0106294;GO:0006629;GO:0070995;GO:0090181;GO:0006805
O95954,Formimidoyltransferase cyclodeaminase,Liver,GO:0005814;GO:0005737;GO:0005829;GO:0005783;GO:0005793;GO:0070062;GO:0005794;GO:0000139;GO:0005886;GO:0030868;GO:0005542;GO:0030412;GO:0030409;GO:0008017;GO:0007010;GO:0006760;GO:0019556;GO:0019557
P35575,Glucose-6-phosphatase catalytic subunit 1,Liver,GO:0005789;GO:0016020;GO:0004346;GO:0042301;GO:0016773;GO:0042632;GO:0006094;GO:0051156;GO:0042593;GO:0015760;GO:0005980;GO:0005977;GO:0035264;GO:0010468;GO:0008202;GO:0006641;GO:0046415
A6NH11,Glycolipid transfer protein domain containing 2,Liver,GO:0005829;GO:1902387;GO:1902388;GO:0035627;GO:0120009
A6NDK9,Golgin A6 family member C,Liver,GO:0005801;GO:0000137;GO:0032580;GO:0007030
Q6ZVN8,Hemojuvelin BMP co-receptor,Liver,GO:0070724;GO:0009986;GO:0005615;GO:1990712;GO:0005886;GO:0098797;GO:0098552;GO:0036122;GO:0015026;GO:0005102;GO:1990459;GO:0032924;GO:0030509;GO:0071773;GO:0006879;GO:0060586;GO:0030514;GO:0000122;GO:0045944;GO:0016540;GO:0006366
P00739,Haptoglobin-related protein,Liver,GO:0072562;GO:0070062;GO:0005576;GO:0005615;GO:0034366;GO:0030492;GO:0004252
P08833,Insulin like growth factor binding protein 1,Liver,GO:0005788;GO:0005576;GO:0005615;GO:0005794;GO:0005520;GO:0031994;GO:0031995;GO:0005102;GO:0008286;GO:0090090;GO:0030307;GO:0043567;GO:0014070;GO:0007165;GO:0042246
Q9NPH3,Interleukin 1 receptor accessory protein,Liver,GO:0009986;GO:0005576;GO:0098978;GO:0016020;GO:0005886;GO:0015026;GO:0004908;GO:0002114;GO:0003953;GO:0061809;GO:0019221;GO:0006955;GO:0006954;GO:0045087;GO:0070498;GO:0038172;GO:0032736;GO:0032753;GO:0032754;GO:0032755;GO:0051965;GO:0065003;GO:0099151;GO:1905606;GO:0099560;GO:0099545
Q8N371,Lysine demethylase 8,Liver,GO:0005694;GO:0005829;GO:0005654;GO:0005634;GO:0004177;GO:0003682;GO:0004175;GO:0051864;GO:0046872;GO:0035064;GO:0002039;GO:0106157;GO:0032922;GO:0048144;GO:0000086;GO:0001701;GO:0045892;GO:0045893;GO:0031648;GO:0006508;GO:1901796
Q8TDS5,Oxoeicosanoid receptor 1,Liver,GO:0005886;GO:0050648;GO:0050647;GO:0050646;GO:0004930;GO:0007193;GO:0007186
Q16822,"Phosphoenolpyruvate carboxykinase 2, mitochondrial",Liver,GO:0005759;GO:0005739;GO:0005525;GO:0030145;GO:0004613;GO:0004611;GO:0071549;GO:0071333;GO:0032869;GO:0071356;GO:0006094;GO:0046327;GO:0070365;GO:0006116;GO:0006107;GO:0032024;GO:0019543;GO:0032496;GO:0042594
P16118,"6-phosphofructo-2-kinase/fructose-2,6-biphosphatase 1",Liver,GO:0043540;GO:0005829;GO:0003873;GO:0005524;GO:0004331;GO:0070095;GO:0042802;GO:0019900;GO:0031100;GO:0006003;GO:0006000;GO:0006094;GO:0006096;GO:1904539;GO:1904540;GO:0051591;GO:0033762;GO:0051384;GO:0032868;GO:0042594
Q96NZ9,Proline rich acidic protein 1,Liver,GO:0005783;GO:0005576;GO:0017129;GO:0071481;GO:1902426;GO:0006974;GO:0006977;GO:0043066;GO:1904731;GO:2001140;GO:1905885
Q6T423,Solute carrier family 22 member 25,Liver,GO:0016020;GO:0022857;GO:0015711
Q9H1K4,Solute carrier family 25 member 18,Liver,GO:0005743;GO:0005739;GO:0005280;GO:0015183;GO:0005313;GO:0015810;GO:0015813;GO:0043490;GO:0006811
Q6XR72,Solute carrier family 30 member 10,Liver,GO:0005769;GO:0031901;GO:0005794;GO:0000139;GO:0016020;GO:0005886;GO:0055037;GO:0055038;GO:0140983;GO:0005384;GO:0005385;GO:1904385;GO:0010312;GO:0007173;GO:0030026;GO:0006882;GO:0140048;GO:0006828;GO:0070374;GO:0062111;GO:0071577
Q5MJ68,Speedy/RINGO cell cycle regulator family member C,Liver,GO:0005737;GO:0005634;GO:0019901
Q8IV01,Synaptotagmin 12,Liver,GO:0070382;GO:0098686;GO:0005886;GO:0030672;GO:0061891;GO:0005544;GO:0000149;GO:0060291;GO:0099171;GO:0017158;GO:0048792;GO:0016192
Q9C019,Tripartite motif containing 15,Liver,GO:0005737;GO:0005925;GO:0005634;GO:0140313;GO:0003713;GO:0061630;GO:0008270;GO:0045087;GO:0007500;GO:1901253;GO:1901223;GO:0051091;GO:0051092;GO:1900246;GO:0032481;GO:0044790
Q9BYV6,Tripartite motif containing 55,Liver,GO:0005737;GO:0005874;GO:0005634;GO:0042802;GO:0030674;GO:0061630;GO:0008270;GO:0050904;GO:0045087;GO:0002523;GO:1905517;GO:1901224;GO:0070936;GO:0007165
P19224,UDP glucuronosyltransferase family 1 member A6,Liver,GO:0005783;GO:0005789;GO:0043231;GO:0019899;GO:0004857;GO:0015020;GO:0046982;GO:0042803;GO:0052695;GO:2001030;GO:0045922;GO:0006805
P0DTE4,UDP glucuronosyltransferase family 2 member A1 complex locus,Liver,GO:0005789;GO:0015020;GO:0008206;GO:0052695;GO:0007606;GO:0007608
Q6NUS8,UDP glycosyltransferase family 3 member A1,Liver,GO:0043541;GO:0015020;GO:0008194
Q9BWD1,Acetyl-CoA acetyltransferase 2,Liver,GO:0005737;GO:0005829;GO:0070062;GO:0005739;GO:0003985;GO:0006631;GO:0006629
Q02252,Aldehyde dehydrogenase 6 family member A1,Liver,GO:0005759;GO:0005739;GO:0005654;GO:0018478;GO:0004491;GO:0003723;GO:0009083;GO:0050873;GO:0006210;GO:0019859;GO:0006574;GO:0006573
P02647,Apolipoprotein A1,Liver,GO:0072562;GO:0042627;GO:0062023;GO:0031410;GO:0005829;GO:0005769;GO:0030139;GO:0071682;GO:0005788;GO:0070062;GO:0005576;GO:0005615;GO:1903561;GO:0034364;GO:0034362;GO:0005886;GO:0034774;GO:0034366;GO:0034361;GO:0001540;GO:0034191;GO:0034190;GO:0045499;GO:0015485;GO:0120020;GO:0019899;GO:0031072;GO:0008035;GO:0070653;GO:0042802;GO:0060228;GO:0005543;GO:0042803;GO:0048018;GO:0005102;GO:0055090;GO:0030325;GO:0043534;GO:0071402;GO:0006695;GO:0033344;GO:0042632;GO:0070508;GO:0008203;GO:0030301;GO:0001935;GO:0007186;GO:0008211;GO:0034380;GO:0034384;GO:0034375;GO:0007229;GO:0019915;GO:0042158;GO:0050919;GO:0060354;GO:0002719;GO:0034115;GO:0050728;GO:0032691;GO:0060761;GO:0010804;GO:0010903;GO:0018206;GO:0006656;GO:0033700;GO:0055091;GO:0010875;GO:0090205;GO:1905920;GO:0051345;GO:0050766;GO:1902995;GO:0035025;GO:0051496;GO:1900026;GO:0018158;GO:0050821;GO:0032489;GO:0030300;GO:0043691;GO:0070328;GO:0051180
Q6NXE6,Armadillo repeat containing 6,Liver,GO:0005829;GO:0002244
Q8N100,Atonal bHLH transcription factor 7,Liver,GO:0030424;GO:0000785;GO:0005634;GO:0043204;GO:0003700;GO:0000981;GO:0070888;GO:0046983;GO:1990837;GO:0000976;GO:0061564;GO:0007623;GO:0043153;GO:0003407;GO:0048663;GO:0021554;GO:1902336;GO:0045944;GO:0006357;GO:0010996;GO:0007423
Q02338,3-hydroxybutyrate dehydrogenase 1,Liver,GO:0043231;GO:0099617;GO:0005759;GO:0005739;GO:0003858;GO:0008202
P09871,Complement C1s,Liver,GO:0072562;GO:0005576;GO:0005615;GO:0005509;GO:0042802;GO:0004252;GO:0006958;GO:0045087;GO:0006508
P0C0L5,Complement C4B (Chido blood group),Liver,GO:0030424;GO:0072562;GO:0030425;GO:0070062;GO:0005576;GO:0005615;GO:0005886;GO:0106139;GO:0045202;GO:0030246;GO:0001848;GO:0004866;GO:0006956;GO:0006958;GO:0032490;GO:0006954;GO:0045087;GO:0008228;GO:2000427
Q9HBB8,Cadherin related family member 5,Liver,GO:0016324;GO:0031526;GO:0005905;GO:0070062;GO:0005902;GO:0031528;GO:0005886;GO:0008013;GO:0005509;GO:0050839;GO:1904970;GO:0007155;GO:0030154;GO:0007156;GO:0090675;GO:0032532
P49715,CCAAT enhancer binding protein alpha,Liver,GO:1990647;GO:0036488;GO:0000785;GO:0043231;GO:0005730;GO:0005654;GO:0005634;GO:0090575;GO:0005667;GO:0031490;GO:0003677;GO:0001228;GO:0003700;GO:0000981;GO:0042802;GO:0019900;GO:0042803;GO:0001163;GO:0000978;GO:0061629;GO:0097677;GO:0000976;GO:0050873;GO:0071285;GO:0071407;GO:0071356;GO:0008203;GO:0019221;GO:0006351;GO:0001892;GO:0097009;GO:0002070;GO:0045444;GO:0006091;GO:0042593;GO:0030851;GO:0071425;GO:0048839;GO:0140467;GO:0070102;GO:0055088;GO:0001889;GO:0030324;GO:0030225;GO:0007005;GO:0030099;GO:0045786;GO:0008285;GO:0045892;GO:1902034;GO:0000122;GO:0007219;GO:2000144;GO:0045600;GO:0010628;GO:0050729;GO:0043032;GO:0045669;GO:0032436;GO:0045944;GO:0051726;GO:0006355;GO:0006357;GO:0006360;GO:0000050;GO:0050872
P05156,Complement factor I,Liver,GO:0070062;GO:0005576;GO:0005615;GO:0016020;GO:0046872;GO:0004252;GO:0006958;GO:0045087;GO:0006508
Q9H2X3,C-type lectin domain family 4 member M,Liver,GO:0005737;GO:0009897;GO:0005576;GO:0043657;GO:0016020;GO:0005886;GO:0048306;GO:0030246;GO:0005537;GO:0030369;GO:0046872;GO:0038187;GO:0042605;GO:0038023;GO:0046790;GO:0001618;GO:0002250;GO:0019882;GO:0009988;GO:0006955;GO:0045087;GO:0035556;GO:0075733;GO:0007159;GO:0046968;GO:0019065;GO:0046813;GO:0046718;GO:0019079;GO:0019062
Q8NCR9,Clarin 3,Liver,GO:0070062;GO:0016020;GO:0007605
P31327,Carbamoyl-phosphate synthase 1,Liver,GO:0005737;GO:0005743;GO:0005759;GO:0042645;GO:0005739;GO:0005730;GO:0005886;GO:0032991;GO:0005524;GO:0005509;GO:0004087;GO:0004088;GO:0004175;GO:0016595;GO:0046872;GO:0072341;GO:0005543;GO:0030955;GO:0044877;GO:0036094;GO:0006207;GO:0070409;GO:0071242;GO:0071320;GO:0044344;GO:0071377;GO:0071400;GO:0019240;GO:0006541;GO:0070365;GO:0050667;GO:0007494;GO:0055081;GO:0046209;GO:0014075;GO:0043200;GO:0071548;GO:0032094;GO:0060416;GO:0032496;GO:0042594;GO:0009636;GO:0009410;GO:0010043;GO:0019433;GO:0000050;GO:0042311
P32929,Cystathionine gamma-lyase,Liver,GO:0005737;GO:0005829;GO:0070062;GO:0005516;GO:0004123;GO:0047982;GO:0042802;GO:0080146;GO:0044540;GO:0030170;GO:0098606;GO:1990830;GO:0019344;GO:0019343;GO:0006534;GO:0030968;GO:0070814;GO:0006629;GO:2001234;GO:1904831;GO:0043123;GO:0051289;GO:0044524;GO:0018272;GO:0019346
P19875,C-X-C motif chemokine ligand 2,Liver,GO:0005576;GO:0005615;GO:0008009;GO:0045236;GO:0061844;GO:0071222;GO:0070098;GO:0006935;GO:0006954;GO:0030593;GO:0002237
Q02318,Cytochrome P450 family 27 subfamily A member 1,Liver,GO:0005743;GO:0005759;GO:0005739;GO:0047748;GO:0031073;GO:0020037;GO:0005506;GO:0008395;GO:0030343;GO:0006699;GO:0036378;GO:0006707;GO:0008203;GO:0016125
Q9NUI1,"2,4-dienoyl-CoA reductase 2",Liver,GO:0005829;GO:0005778;GO:0005777;GO:0008670;GO:0019166;GO:0033540;GO:0006631;GO:0006636
P30047,GTP cyclohydrolase I feedback regulator,Liver,GO:0005737;GO:0005829;GO:0030425;GO:0042470;GO:0031965;GO:0005654;GO:0005634;GO:0044549;GO:0009890;GO:0045428
P08034,Gap junction protein beta 1,Liver,GO:0005922;GO:0005789;GO:0016328;GO:0005243;GO:0042802;GO:0007267;GO:1905867;GO:0016264;GO:0007399;GO:0015868
P23378,Glycine decarboxylase,Liver,GO:0005960;GO:0005759;GO:0005739;GO:0005654;GO:0005886;GO:0009055;GO:0016594;GO:0004375;GO:0016829;GO:0042803;GO:0070280;GO:0030170;GO:1990830;GO:0006546;GO:0019464;GO:1903442;GO:0036255
A6NK44,Glyoxalase domain containing 5,Liver,
P49448,Glutamate dehydrogenase 2,Liver,GO:0005759;GO:0005739;GO:0043531;GO:0004352;GO:0004354;GO:0004353;GO:0005525;GO:0070728;GO:0006537;GO:0006538;GO:0006536
P00505,Glutamic-oxaloacetic transaminase 2,Liver,GO:0070062;GO:0005759;GO:0005739;GO:0005886;GO:0016212;GO:0004069;GO:0030170;GO:0003723;GO:0006103;GO:0019470;GO:0006532;GO:0006533;GO:0006531;GO:0015908;GO:0019550;GO:0006536;GO:0043490;GO:0006107;GO:0045471
P80108,Glycosylphosphatidylinositol specific phospholipase D1,Liver,GO:0005737;GO:0070062;GO:0031012;GO:0005576;GO:0005615;GO:0043231;GO:0005765;GO:0004621;GO:0004630;GO:0017080;GO:0002042;GO:0071397;GO:0032869;GO:0071467;GO:0071401;GO:0071466;GO:0002062;GO:0002430;GO:0035701;GO:0097241;GO:0008286;GO:0008285;GO:0010897;GO:0001503;GO:0046470;GO:0010694;GO:0043065;GO:0010595;GO:0010907;GO:0010983;GO:0035774;GO:0051044;GO:0010867;GO:0009306;GO:1900076;GO:0009749;GO:0070633
P09210,Glutathione S-transferase alpha 2,Liver,GO:0005829;GO:0070062;GO:0004364;GO:0030855;GO:0006749;GO:0006805
O43708,Glutathione S-transferase zeta 1,Liver,GO:0005829;GO:0005759;GO:0005739;GO:0004602;GO:0004364;GO:0042802;GO:0016034;GO:0042803;GO:1990748;GO:0006749;GO:0006559;GO:0006572
P81172,Hepcidin antimicrobial peptide,Liver,GO:0005576;GO:0005615;GO:0005634;GO:0005507;GO:0005179;GO:0141108;GO:0007259;GO:0042742;GO:0050832;GO:0051649;GO:0006955;GO:0006954;GO:0006879;GO:0034755;GO:0031640;GO:0042116;GO:0060586;GO:0002262;GO:0045779;GO:0050728;GO:1904479;GO:1904039;GO:0034760;GO:0000122;GO:0043032;GO:0032436;GO:0045944;GO:0030163;GO:0010039;GO:0006366
P32754,4-hydroxyphenylpyruvate dioxygenase,Liver,GO:0005829;GO:0005789;GO:0070062;GO:0000139;GO:0003868;GO:0046872;GO:0042803;GO:0006559;GO:0006572
Q9H2F3,"Hydroxy-delta-5-steroid dehydrogenase, 3 beta- and steroid delta-isomerase 7",Liver,GO:0005789;GO:0005811;GO:0003854;GO:0047016;GO:0016616;GO:0035754;GO:0006699
A1L1A6,Immunoglobulin superfamily member 23,Liver,GO:0005886;GO:0030316
O15503,Insulin induced gene 1,Liver,GO:0005783;GO:0005789;GO:0032937;GO:0008142;GO:0140311;GO:0032869;GO:0036315;GO:0006695;GO:0042632;GO:0060363;GO:0042472;GO:0042474;GO:1901303;GO:0045541;GO:0045599;GO:0045717;GO:0070862;GO:0060021;GO:0032933;GO:0036316;GO:0006641
O15229,Kynurenine 3-monooxygenase,Liver,GO:0005829;GO:0005615;GO:0005741;GO:0005739;GO:0071949;GO:0050660;GO:0004502;GO:0016174;GO:0034354;GO:0043420;GO:0071347;GO:0071222;GO:0034276;GO:0070189;GO:0097052;GO:0019674;GO:1903296;GO:0019805;GO:0009651;GO:0006569
Q6L8G9,Keratin associated protein 5-6,Liver,GO:0005829;GO:0005882
P11586,"Methylenetetrahydrofolate dehydrogenase, cyclohydrolase and formyltetrahydrofolate synthetase 1",Liver,GO:0005829;GO:0070062;GO:0016020;GO:0005739;GO:0005524;GO:0004329;GO:0004477;GO:0004487;GO:0004488;GO:0004486;GO:0009257;GO:0048702;GO:0048703;GO:0007507;GO:0009086;GO:0006555;GO:0001843;GO:0001780;GO:0006730;GO:0006164;GO:0009152;GO:0009070;GO:0009069;GO:0061053;GO:0035999;GO:0019346
P49914,Methenyltetrahydrofolate synthetase,Liver,GO:0005737;GO:0005829;GO:0005759;GO:0005739;GO:0030272;GO:0005524;GO:0005542;GO:0046872;GO:0046657;GO:0046655;GO:0009396;GO:0015942;GO:0006536;GO:0035999;GO:0046653
Q8WWR8,Neuraminidase 4,Liver,GO:0005737;GO:0005789;GO:0043202;GO:0005764;GO:0016020;GO:0005743;GO:0005741;GO:0043005;GO:0019866;GO:0005886;GO:0004308;GO:0006689;GO:0006516;GO:0010977;GO:0009313
O00482,Nuclear receptor subfamily 5 group A member 2,Liver,GO:0000785;GO:0005737;GO:0005654;GO:0005634;GO:0090575;GO:0003682;GO:0003677;GO:0001228;GO:0003700;GO:0000981;GO:0004879;GO:0005543;GO:0000978;GO:0043565;GO:1990837;GO:0000976;GO:0001221;GO:0008270;GO:0090425;GO:0008206;GO:0097720;GO:1990830;GO:0042632;GO:0009792;GO:0042592;GO:0009755;GO:0061113;GO:0045893;GO:0045944;GO:0045070;GO:0042127;GO:0006355;GO:0006357;GO:0009888
Q9UBC0,One cut homeobox 1,Liver,GO:0000785;GO:0005634;GO:0003682;GO:0001228;GO:0000981;GO:0000978;GO:1990837;GO:0009653;GO:0030183;GO:0045165;GO:0016477;GO:0060271;GO:0007492;GO:0002064;GO:0006006;GO:0001889;GO:0030512;GO:0007219;GO:0003310;GO:0003311;GO:0030335;GO:0045944;GO:0001952;GO:0006355;GO:0006357;GO:0048536;GO:0007179;GO:0003309
Q9UJX0,Oxidative stress induced growth inhibitor 1,Liver,GO:0008083;GO:0030154;GO:0030308
Q6ZVX9,Progestin and adipoQ receptor family member 9,Liver,GO:0005886;GO:0038023;GO:0005496
Q8NBP7,Proprotein convertase subtilisin/kexin type 9,Liver,GO:0009986;GO:0030134;GO:0005737;GO:0005769;GO:0036020;GO:0005783;GO:0005788;GO:0005576;GO:0005615;GO:0031232;GO:0005794;GO:0005770;GO:0005765;GO:0005764;GO:1990667;GO:1990666;GO:0048471;GO:0005886;GO:0034185;GO:0034190;GO:0030169;GO:0050750;GO:0003723;GO:0004252;GO:0030547;GO:0019871;GO:0034189;GO:0070326;GO:0006915;GO:0032869;GO:0009267;GO:0042632;GO:0008203;GO:0001822;GO:0042157;GO:0001889;GO:0032802;GO:0007041;GO:0010989;GO:1905596;GO:1905598;GO:0002091;GO:0001920;GO:1905601;GO:2000650;GO:0022008;GO:0030182;GO:0006644;GO:0032805;GO:0043525;GO:0002092;GO:0016540;GO:0043523;GO:0010469;GO:0006641
Q9BY49,Peroxisomal trans-2-enoyl-CoA reductase,Liver,GO:0005829;GO:0005739;GO:0005778;GO:0005777;GO:0005102;GO:0019166;GO:0006633;GO:0033306
Q9NST1,Patatin like phospholipase domain containing 3,Liver,GO:0005737;GO:0005789;GO:0005811;GO:0016020;GO:0003841;GO:0016411;GO:0047498;GO:0047499;GO:0051265;GO:0004465;GO:0036042;GO:0042171;GO:0035727;GO:0051264;GO:0004623;GO:0004806;GO:0036155;GO:1905243;GO:0032869;GO:0006650;GO:0034389;GO:0055088;GO:0001676;GO:0006654;GO:0009744;GO:0036153;GO:0019432;GO:0019433;GO:0050872
Q15493,Regucalcin,Liver,GO:0005737;GO:0005634;GO:0005509;GO:0030234;GO:0004341;GO:0008270;GO:0006874;GO:0001822;GO:0019853;GO:0097421;GO:0043066;GO:1903011;GO:2000279;GO:1903625;GO:0050680;GO:1901318;GO:0045019;GO:1902679;GO:0032781;GO:0045723;GO:0010907;GO:1903052;GO:0010867;GO:0050848;GO:0007283
Q9UL12,Sarcosine dehydrogenase,Liver,GO:0005737;GO:0005759;GO:0005739;GO:0008480;GO:1901053
P01011,Serpin family A member 3,Liver,GO:0035578;GO:0072562;GO:0062023;GO:0070062;GO:0005576;GO:0005615;GO:0005634;GO:0031093;GO:0034774;GO:0003677;GO:0004867;GO:0006953;GO:0006954;GO:0030277;GO:0019216
P29622,Serpin family A member 4,Liver,GO:0070062;GO:0005576;GO:0005615;GO:0031089;GO:0004867
P05546,Serpin family D member 1,Liver,GO:0005788;GO:0070062;GO:0005576;GO:0005615;GO:0004866;GO:0008201;GO:0004867;GO:0007596;GO:0006935
P04278,Sex hormone binding globulin,Liver,GO:0070062;GO:0005576;GO:0005497;GO:0005496
Q9UJS0,Solute carrier family 25 member 13,Liver,GO:0005743;GO:0005739;GO:0005886;GO:0000514;GO:0000515;GO:0005509;GO:0042802;GO:0015183;GO:0005313;GO:0015810;GO:0006754;GO:0045333;GO:0006094;GO:0015813;GO:0043490;GO:0006839;GO:0051592
O75387,Solute carrier family 43 member 1,Liver,GO:0016324;GO:0005789;GO:0005886;GO:0098846;GO:0015171;GO:0015179;GO:0015188;GO:0015190;GO:0005304;GO:0015175;GO:0006865;GO:0015818;GO:0015820;GO:1903785;GO:0051956;GO:1905533;GO:0015804
H3BR10,Small leucine rich protein 1,Liver,GO:0016020
P15907,"ST6 beta-galactoside alpha-2,6-sialyltransferase 1",Liver,GO:0005576;GO:0005794;GO:0032580;GO:0005797;GO:0000139;GO:0000138;GO:0003835;GO:0042803;GO:0008373;GO:0006959;GO:0006054;GO:0050922;GO:2000110;GO:0016266;GO:0032946;GO:0018279;GO:1900024;GO:0045471;GO:0097503;GO:0019082
Q06520,Sulfotransferase family 2A member 1,Liver,GO:0005737;GO:0005829;GO:0050656;GO:0004027;GO:0047704;GO:0050294;GO:0008146;GO:0050427;GO:0030573;GO:0008203;GO:0006068;GO:0016042;GO:0008202;GO:0051923;GO:0042403;GO:0006805
P40225,Thrombopoietin,Liver,GO:0005576;GO:0005615;GO:0005125;GO:0008083;GO:0005179;GO:0005102;GO:0008283;GO:0097696;GO:0035855;GO:0030219;GO:0008284;GO:0070374;GO:1902035;GO:0043410;GO:0045654;GO:0051897;GO:0001934;GO:0038163
Q96MV1,TLC domain containing 4,Liver,GO:0005783;GO:0016020;GO:0055088
Q3YBM2,Transmembrane protein 176B,Liver,GO:0031965;GO:0009887;GO:0097028;GO:2001199
Q8IV45,Unc-5 family C-terminal like,Liver,GO:0005737;GO:0016020;GO:0005042;GO:0008233;GO:0043123;GO:0046330
P56703,Wnt family member 3,Liver,GO:0030666;GO:0005788;GO:0070062;GO:0031012;GO:0005576;GO:0005615;GO:0005796;GO:0005886;GO:1990909;GO:0005125;GO:0005109;GO:0019904;GO:0048018;GO:0009948;GO:0007411;GO:0060070;GO:0045165;GO:0000902;GO:0071300;GO:0009950;GO:0035115;GO:0035116;GO:0007276;GO:0010467;GO:0060323;GO:0060174;GO:0061180;GO:0001707;GO:1904948;GO:0048843;GO:0030182;GO:0048697;GO:0010628;GO:0045669;GO:0030177;GO:2000739;GO:0050767;GO:0060064;GO:0072089
P47989,Xanthine dehydrogenase,Liver,GO:0005829;GO:0005615;GO:0005777;GO:0016529;GO:0051537;GO:0071949;GO:0050660;GO:0070674;GO:0070675;GO:0005506;GO:0043546;GO:0042803;GO:0004854;GO:0004855;GO:0006154;GO:0000255;GO:0043605;GO:0006196;GO:0046059;GO:0006157;GO:0006161;GO:0006149;GO:0046055;GO:0046038;GO:0006147;GO:0009114;GO:0006204;GO:0006148;GO:0016226;GO:0007595;GO:0045602;GO:0001937;GO:0010629;GO:0051898;GO:0001933;GO:1900747;GO:2001213;GO:2001056;GO:1900745;GO:2000379;GO:0009115
Q8N5A5,Zinc finger CCCH-type and G-patch domain containing,Liver,GO:0000785;GO:0005654;GO:0005634;GO:0005886;GO:0003700;GO:0000981;GO:0001227;GO:0046872;GO:0000978;GO:0043565;GO:0045892;GO:0007175;GO:0000122
P09110,Acetyl-CoA acyltransferase 1,Liver,GO:0005829;GO:0005576;GO:0016020;GO:0005782;GO:0005777;GO:0035580;GO:0008775;GO:0003985;GO:0003988;GO:0050633;GO:0016401;GO:0036109;GO:0008206;GO:0006635;GO:0033540;GO:0010124;GO:0000038
Q709F0,Acyl-CoA dehydrogenase family member 11,Liver,GO:0005737;GO:0005743;GO:0031966;GO:0005739;GO:0005634;GO:0005777;GO:0003995;GO:0050660;GO:0004466;GO:0070991;GO:0017099;GO:0006635;GO:0033539
P45954,Acyl-CoA dehydrogenase short/branched chain,Liver,GO:0005759;GO:0005739;GO:0003995;GO:0050660;GO:0042802;GO:0003853;GO:0016937;GO:0006631;GO:0006550
Q99424,Acyl-CoA oxidase 2,Liver,GO:0005829;GO:0043231;GO:0005782;GO:0005777;GO:0033791;GO:0071949;GO:0005504;GO:0050660;GO:0016401;GO:0042803;GO:0006699;GO:0033540;GO:0000038
Q96HD9,Aminoacylase 3,Liver,GO:0016324;GO:0005829;GO:0070062;GO:0004046;GO:0016788;GO:0042802;GO:0046872
Q08828,Adenylate cyclase 1,Liver,GO:0005737;GO:0070062;GO:0098978;GO:0098686;GO:0045121;GO:0005886;GO:0098839;GO:0098793;GO:0098685;GO:0004016;GO:0005524;GO:0008294;GO:0005516;GO:0046872;GO:0007189;GO:0007409;GO:0006171;GO:0071277;GO:1904322;GO:0007623;GO:0035556;GO:0007616;GO:0150076;GO:0032793;GO:1900273;GO:0099171;GO:0042752;GO:0009410
Q9BSE5,Agmatinase,Liver,GO:0005739;GO:0008783;GO:0004053;GO:0047971;GO:0047972;GO:0046872;GO:0097055;GO:0033389;GO:0000050
P13196,5'-aminolevulinate synthase 1,Liver,GO:0005829;GO:0005743;GO:0005759;GO:0005739;GO:0005654;GO:0003870;GO:0042802;GO:0030170;GO:0048821;GO:0006784;GO:0006785;GO:0006783;GO:0048034;GO:0042541;GO:0006782;GO:1903412
P02649,Apolipoprotein E,Liver,GO:0072562;GO:0042627;GO:0034360;GO:0030669;GO:0062023;GO:0005737;GO:0030425;GO:0034365;GO:0005769;GO:0071682;GO:0005783;GO:0005788;GO:0070062;GO:0031012;GO:0005576;GO:0005615;GO:1903561;GO:0098978;GO:0005794;GO:0034364;GO:0034363;GO:1990777;GO:0034362;GO:0042470;GO:0016020;GO:0097487;GO:0043025;GO:0005634;GO:0005886;GO:0043083;GO:0034361;GO:0001540;GO:0016209;GO:0120020;GO:0019899;GO:0043395;GO:0008201;GO:0042802;GO:0008289;GO:0005319;GO:0071813;GO:0050750;GO:0046911;GO:0060228;GO:0005543;GO:0046983;GO:0042803;GO:0044877;GO:0048018;GO:0005102;GO:0005198;GO:0048156;GO:0070326;GO:0055090;GO:0097113;GO:0042982;GO:0048844;GO:0071402;GO:0006707;GO:0033344;GO:0042632;GO:0008203;GO:0034382;GO:0007010;GO:0055089;GO:0007186;GO:0010467;GO:0034380;GO:0034384;GO:0034375;GO:0071831;GO:0006874;GO:0046907;GO:0010877;GO:0042158;GO:0042159;GO:0035641;GO:0015909;GO:0007616;GO:0034374;GO:0051651;GO:0032438;GO:1905907;GO:1902430;GO:0030195;GO:0043537;GO:0090090;GO:0045541;GO:0010596;GO:0001937;GO:0010629;GO:0050728;GO:1900272;GO:0043407;GO:0010977;GO:0010544;GO:0051248;GO:0050709;GO:0048662;GO:0090209;GO:0031175;GO:0038060;GO:0097114;GO:0033700;GO:0044794;GO:1905908;GO:1900223;GO:0010875;GO:0090205;GO:1905920;GO:0060999;GO:1902952;GO:0045893;GO:0045807;GO:0070374;GO:0046889;GO:1903002;GO:0140077;GO:0032805;GO:0051044;GO:0010976;GO:0045429;GO:1902995;GO:0017038;GO:0006898;GO:1905906;GO:1902991;GO:1900221;GO:0042981;GO:0030516;GO:2000822;GO:0032489;GO:1905890;GO:0090181;GO:0045088;GO:0048168;GO:0061136;GO:0051246;GO:0043254;GO:0061771;GO:0002021;GO:0000302;GO:0043691;GO:0007271;GO:0070328;GO:0006641;GO:0071830;GO:0042311;GO:0034447;GO:0034372;GO:0019068
O95445,Apolipoprotein M,Liver,GO:0034365;GO:0005576;GO:0034364;GO:0034362;GO:0034366;GO:0034361;GO:0016209;GO:0005319;GO:0005543;GO:0033344;GO:0042632;GO:0034380;GO:0034384;GO:0034375;GO:0042157;GO:0034445;GO:0043691
P05089,Arginase 1,Liver,GO:0035578;GO:0005737;GO:0005829;GO:0005576;GO:0005615;GO:0005634;GO:0035580;GO:0004053;GO:0030145;GO:0002250;GO:0006527;GO:0019547;GO:0042832;GO:0045087;GO:0046007;GO:0042130;GO:2000552;GO:0060336;GO:0070965;GO:0009624;GO:0000050
Q6ZSI9,Calpain 12,Liver,GO:0005737;GO:0005509;GO:0004198;GO:0006508
P35520,Cystathionine beta-synthase,Liver,GO:0005737;GO:0005829;GO:0005634;GO:0070025;GO:0004122;GO:0019899;GO:0020037;GO:0042802;GO:0046872;GO:0072341;GO:0070026;GO:0050421;GO:0019825;GO:0042803;GO:0030170;GO:1904047;GO:0031625;GO:0097746;GO:0001974;GO:0060351;GO:0071456;GO:0021587;GO:0019344;GO:0006535;GO:0019343;GO:0042262;GO:0001958;GO:0043418;GO:0050667;GO:0070814;GO:0019448;GO:0006565;GO:0006563;GO:0060135;GO:0043066;GO:0010749;GO:0051593;GO:0006801;GO:0019346
Q9H8S5,Cyclin P,Liver,GO:0000307;GO:0005737;GO:0005815;GO:0005634;GO:0016538;GO:0000082
P51795,Chloride voltage-gated channel 5,Liver,GO:0045177;GO:0005829;GO:0005769;GO:0010008;GO:0005794;GO:0000139;GO:0005765;GO:0016020;GO:0005886;GO:0008021;GO:0015297;GO:0005524;GO:0042802;GO:0005247;GO:0006821;GO:0006897;GO:0034220;GO:0003014
P00450,Ceruloplasmin,Liver,GO:0072562;GO:0005788;GO:0070062;GO:0005576;GO:0005615;GO:0005765;GO:0005886;GO:0005507;GO:0004322;GO:0004602;GO:0016491;GO:0016724;GO:0047066;GO:0051087;GO:0006878;GO:0006879;GO:0006826
P51589,Cytochrome P450 family 2 subfamily J member 2,Liver,GO:0005737;GO:0005789;GO:0070062;GO:0043231;GO:0008405;GO:0008404;GO:0106301;GO:0008392;GO:0020037;GO:0106255;GO:0005506;GO:0016853;GO:0071614;GO:0004497;GO:0016712;GO:0019373;GO:0006631;GO:0006690;GO:0043651;GO:0006082;GO:0008016;GO:0006805
Q9NYL5,Cytochrome P450 family 39 subfamily A member 1,Liver,GO:0005789;GO:0043231;GO:0033782;GO:0020037;GO:0005506;GO:0008396;GO:0008387;GO:0006699;GO:0006707;GO:0042632;GO:0007586;GO:0016125
P08684,Cytochrome P450 family 3 subfamily A member 4,Liver,GO:0005737;GO:0005789;GO:0043231;GO:0102320;GO:0062181;GO:0062188;GO:0062189;GO:0062187;GO:0034875;GO:0019899;GO:0101020;GO:0101021;GO:0020037;GO:0005506;GO:0004497;GO:0016491;GO:0016712;GO:0019825;GO:0050591;GO:0008401;GO:0005496;GO:0008395;GO:0050649;GO:0070576;GO:0030343;GO:0046222;GO:0009822;GO:0008209;GO:0008203;GO:0008210;GO:0002933;GO:0006629;GO:0042759;GO:0016098;GO:0070989;GO:0042573;GO:0042572;GO:0006706;GO:0008202;GO:0042369;GO:0042359;GO:0042178;GO:0006805
Q8N4W6,DnaJ heat shock protein family (Hsp40) member C22,Liver,GO:0016020
P03951,Coagulation factor XI,Liver,GO:0070062;GO:0005576;GO:0005615;GO:0016020;GO:0005886;GO:0008201;GO:0042802;GO:0070009;GO:0004252;GO:0007596;GO:0031639;GO:0051919
Q15485,Ficolin 2,Liver,GO:0072562;GO:0005581;GO:0062023;GO:0009897;GO:0070062;GO:0005576;GO:0005615;GO:1905370;GO:0003823;GO:0048306;GO:0097367;GO:2001065;GO:0046872;GO:0043394;GO:0005102;GO:0002752;GO:0001867;GO:0050829;GO:0050830;GO:0008228;GO:1903028;GO:0006508;GO:0043654
A2VDF0,Fucose mutarotase,Liver,GO:0005829;GO:0042806;GO:0036373;GO:0016857;GO:0006004;GO:0036065
Q9Y2T3,Guanine deaminase,Liver,GO:0005829;GO:0008892;GO:0008270;GO:0000255;GO:0043605;GO:0006161;GO:0046055;GO:0046038;GO:0006147;GO:0046098;GO:0007399;GO:0006139
P38435,Gamma-glutamyl carboxylase,Liver,GO:0005789;GO:0016020;GO:0008488;GO:0019842;GO:0007596;GO:0036211;GO:0042373
P00367,Glutamate dehydrogenase 1,Liver,GO:0005737;GO:0005783;GO:0005759;GO:0005739;GO:0043531;GO:0005524;GO:0004352;GO:0004354;GO:0004353;GO:0005525;GO:0070728;GO:0070403;GO:0042803;GO:0006537;GO:0006538;GO:0006541;GO:0032024;GO:0021762;GO:0072350
Q9Y223,Glucosamine (UDP-N-acetyl)-2-epimerase/N-acetylmannosamine kinase,Liver,GO:0005829;GO:0005524;GO:0004553;GO:0046872;GO:0009384;GO:0008761;GO:0006055;GO:0070085;GO:0006045;GO:0046380;GO:0006047
Q6ZVE7,Golgi transport 1A,Liver,GO:0005829;GO:0005783;GO:0000137;GO:0000139;GO:0016020;GO:0005635;GO:0005802;GO:0006888;GO:0015031;GO:0042147
P41235,Hepatocyte nuclear factor 4 alpha,Liver,GO:0000785;GO:0005737;GO:0005654;GO:0005634;GO:0003682;GO:0003677;GO:0001228;GO:0003700;GO:0000981;GO:0005504;GO:0004879;GO:0042803;GO:0000978;GO:0061629;GO:1990837;GO:0005102;GO:0000976;GO:0008270;GO:0007596;GO:0030154;GO:0042632;GO:0042593;GO:0055088;GO:0006629;GO:0030308;GO:0008285;GO:0045892;GO:0055091;GO:0045893;GO:0045944;GO:0042752;GO:0010470;GO:0060398;GO:0050796;GO:0019216;GO:0090368;GO:0006357;GO:0009749;GO:0048511;GO:0007548;GO:0023019;GO:0006366;GO:0070328;GO:0006805
P37059,Hydroxysteroid 17-beta dehydrogenase 2,Liver,GO:0005789;GO:0043231;GO:0047006;GO:0004303;GO:0047035;GO:0008209;GO:0006703;GO:0001701;GO:0001890;GO:0032526;GO:0008202
Q9NRM6,Interleukin 17 receptor B,Liver,GO:0005576;GO:0043231;GO:0016020;GO:0005886;GO:0004896;GO:0030368;GO:0006952;GO:0001558
Q86Z14,Klotho beta,Liver,GO:0005886;GO:0017134;GO:0005104;GO:0004553;GO:0005975;GO:0008284;GO:0090080
Q6XYB7,Ladybird homeobox 2,Liver,GO:0000785;GO:0005634;GO:0000981;GO:1990837;GO:0042692;GO:1904105;GO:2000052;GO:0006357
P48357,Leptin receptor,Liver,GO:0016323;GO:0009897;GO:0005576;GO:0043235;GO:0019955;GO:0004896;GO:0042802;GO:0038021;GO:0004888;GO:0001525;GO:0098868;GO:0007166;GO:0008203;GO:0019221;GO:0097009;GO:0006112;GO:0014009;GO:0006094;GO:0042593;GO:0005977;GO:0033210;GO:0007275;GO:0010507;GO:0045721;GO:0006909;GO:0008284;GO:0120162;GO:0001934;GO:0046850;GO:0060259;GO:0051049;GO:0044321;GO:0019953;GO:0030217;GO:0150104
Q5TDP6,"Lengsin, lens protein with glutamine synthetase domain",Liver,GO:0005737;GO:0016020;GO:0005886
Q9H400,Lck interacting transmembrane adaptor 1,Liver,GO:0019815;GO:0005615;GO:0019901;GO:0002250;GO:0050853;GO:0043122;GO:1901222;GO:0051896;GO:0051279;GO:0006357;GO:0050852
Q68CJ6,"Nuclear GTPase, germinal center associated",Liver,GO:0016607;GO:0005525;GO:0003924;GO:0071222;GO:0043066;GO:0033262
Q86UD1,Out at first homolog,Liver,
P30039,Phenazine biosynthesis like protein domain containing,Liver,GO:0005737;GO:0070062;GO:0042802;GO:0016853;GO:0009058;GO:0030277;GO:0030512
Q96GD0,Pyridoxal phosphatase,Liver,GO:0005911;GO:0005737;GO:0005856;GO:0005829;GO:0098978;GO:0031258;GO:0098794;GO:0032587;GO:0033192;GO:0031072;GO:0140791;GO:0000287;GO:1990439;GO:0017018;GO:0004721;GO:0042803;GO:0033883;GO:0180006;GO:0180007;GO:0180008;GO:0180005;GO:0180004;GO:0031247;GO:0071318;GO:0016311;GO:0030836;GO:0006470;GO:0032361;GO:0032465;GO:0007088;GO:0099159
Q92954,Proteoglycan 4,Liver,GO:0062023;GO:0005615;GO:0030247;GO:0005044;GO:0006955
Q92786,Prospero homeobox 1,Liver,GO:0000785;GO:0005737;GO:0005829;GO:0005654;GO:0005634;GO:0003677;GO:0050692;GO:0003700;GO:0000981;GO:0001227;GO:0050693;GO:0016922;GO:0000978;GO:1990837;GO:0000976;GO:0090425;GO:0060414;GO:0055009;GO:0060837;GO:0007420;GO:0061114;GO:0021707;GO:0007623;GO:0021542;GO:0021516;GO:0060059;GO:0060214;GO:0010631;GO:0002194;GO:0070365;GO:0072574;GO:0001822;GO:0002088;GO:0070309;GO:0046619;GO:0001889;GO:0030324;GO:0001946;GO:0060836;GO:0060838;GO:0070858;GO:0008285;GO:0043433;GO:0045892;GO:0007406;GO:0000122;GO:0045071;GO:0021915;GO:0007405;GO:0048664;GO:0097150;GO:0030910;GO:0043049;GO:0031016;GO:0045787;GO:1901978;GO:0008284;GO:0045737;GO:0010595;GO:0001938;GO:2000979;GO:0060421;GO:2000179;GO:0060298;GO:0045944;GO:0042752;GO:0010468;GO:0006357;GO:0031667;GO:0060042;GO:0030240;GO:0006366;GO:0048845;GO:0055010;GO:0055005;GO:0060412
P09417,Quinoid dihydropteridine reductase,Liver,GO:0005737;GO:0005829;GO:0070062;GO:0005739;GO:0004155;GO:0009055;GO:0070404;GO:0070402;GO:0006520;GO:0051066;GO:0006559;GO:0006729
P34096,Ribonuclease A family member 4,Liver,GO:0005576;GO:0005615;GO:0003676;GO:0004522;GO:0004540;GO:0019731;GO:0050830
P49908,Selenoprotein P,Liver,GO:0070062;GO:0005576;GO:0031089;GO:0008430;GO:0007420;GO:0007626;GO:0009791;GO:0040008;GO:0006979;GO:0001887;GO:0019953
P30531,Solute carrier family 6 member 1,Liver,GO:0030424;GO:0009986;GO:0098982;GO:0016020;GO:0043025;GO:0005886;GO:0045211;GO:0042734;GO:0015185;GO:0005332;GO:0042802;GO:0046872;GO:0015378;GO:0006865;GO:0008306;GO:0007268;GO:1902476;GO:0051939;GO:0051936;GO:0098658;GO:0007613;GO:0032229;GO:0014054;GO:0051592;GO:0042220;GO:0032355;GO:0010288;GO:1904313;GO:0014074;GO:0009744;GO:0009636;GO:0098719;GO:0035725;GO:0050808;GO:0150104
Q5JUR7,Testis expressed 30,Liver,
Q7Z410,Transmembrane serine protease 9,Liver,GO:0005886;GO:0004252;GO:0006508
P01023,Alpha-2-macroglobulin,Liver,GO:0072562;GO:0062023;GO:0070062;GO:0005576;GO:0005615;GO:0031093;GO:0048403;GO:0048306;GO:0004866;GO:0019899;GO:0019838;GO:0042802;GO:0019966;GO:0019959;GO:0048406;GO:0002020;GO:0004867;GO:0005102;GO:0043120;GO:0002438;GO:0006953;GO:1990402;GO:0001553;GO:0001869;GO:0010037;GO:0051384;GO:0007584;GO:0034695;GO:0048863
P22760,Arylacetamide deacetylase,Liver,GO:0005789;GO:0003824;GO:0019213;GO:0016298;GO:0017171;GO:0004806;GO:0006629;GO:0010898;GO:0006805
Q8N5Z0,Aminoadipate aminotransferase,Liver,GO:0005759;GO:0005739;GO:0047536;GO:0047958;GO:0047315;GO:0016212;GO:0050094;GO:0042803;GO:0030170;GO:0006103;GO:1901605;GO:0009058;GO:0006536;GO:0070189;GO:0033512
Q9UDR5,Aminoadipate-semialdehyde synthase,Liver,GO:0005737;GO:0005829;GO:0043231;GO:0005759;GO:0005739;GO:0005634;GO:0042393;GO:0047131;GO:0004754;GO:0047130;GO:0004753;GO:0003714;GO:0033512;GO:0019878;GO:0006554;GO:0000122
P80404,4-aminobutyrate aminotransferase,Liver,GO:0032144;GO:0005759;GO:0005739;GO:0047298;GO:0034386;GO:0042802;GO:0051536;GO:0046872;GO:0030170;GO:0032145;GO:0048148;GO:0021549;GO:0007620;GO:0035640;GO:0009449;GO:0009450;GO:0009448;GO:0007626;GO:0045776;GO:0033602;GO:0014053;GO:0050877;GO:1904450;GO:0045964;GO:0031652;GO:0097151;GO:0032024;GO:1902722;GO:0070474;GO:0045471;GO:0001666;GO:0010039;GO:0035094;GO:0009410
Q8N139,ATP binding cassette subfamily A member 6,Liver,GO:0000139;GO:0043231;GO:0005654;GO:0005886;GO:0140359;GO:0005524;GO:0016887;GO:0042626;GO:0005319;GO:0006869
Q92887,ATP binding cassette subfamily C member 2,Liver,GO:0016324;GO:0009986;GO:0046581;GO:0005886;GO:0015431;GO:0140359;GO:0008559;GO:0005524;GO:0016887;GO:0043225;GO:0042626;GO:0015127;GO:0008514;GO:0042910;GO:0015721;GO:0015723;GO:0042167;GO:0071716;GO:0010629;GO:0070633;GO:0055085;GO:0150104;GO:0046618;GO:0006805;GO:0006855;GO:1990962
O15438,ATP binding cassette subfamily C member 3,Liver,GO:0009925;GO:0016323;GO:0016020;GO:0005886;GO:0015432;GO:0015431;GO:0140359;GO:0008559;GO:0005524;GO:0016887;GO:0043225;GO:0042626;GO:0015164;GO:0071714;GO:0042910;GO:0015721;GO:0071716;GO:0055085;GO:0150104;GO:0006805;GO:0006855;GO:0042908
O95255,ATP binding cassette subfamily C member 6,Liver,GO:0009925;GO:0016323;GO:0005789;GO:0005576;GO:0016020;GO:0005654;GO:0005886;GO:0015431;GO:0005524;GO:0016887;GO:0043225;GO:0042626;GO:0046034;GO:0015867;GO:0055074;GO:0010467;GO:0140928;GO:0030505;GO:0030643;GO:0071716;GO:0055062;GO:0032026;GO:1904383;GO:0009410;GO:0055085;GO:0007601
P28288,ATP binding cassette subfamily D member 3,Liver,GO:0005829;GO:0043231;GO:0016020;GO:0005739;GO:0005782;GO:0005778;GO:0005777;GO:0140359;GO:0005524;GO:0016887;GO:0042626;GO:0047617;GO:0005324;GO:0042803;GO:0015721;GO:0006699;GO:0006635;GO:0006633;GO:0015910;GO:0007031;GO:1903512;GO:0014070;GO:0009410;GO:0042760;GO:0000038
Q6UXT9,Abhydrolase domain containing 15,Liver,GO:0005576;GO:0016020;GO:0047372;GO:0034338;GO:0060612;GO:0016042
P08910,"Abhydrolase domain containing 2, acylglycerol lipase",Liver,GO:0001669;GO:0036126;GO:0097524;GO:0008126;GO:0120516;GO:0042562;GO:0047372;GO:0003707;GO:0004806;GO:0007340;GO:0046464;GO:0051792;GO:0051793;GO:0014912;GO:0032570;GO:0009611;GO:0014909;GO:0048240;GO:0043401
Q9BV23,"Abhydrolase domain containing 6, acylglycerol lipase",Liver,GO:0032281;GO:0098982;GO:0098978;GO:0031902;GO:0005765;GO:0016020;GO:0031966;GO:0005886;GO:0045211;GO:0047372;GO:0004620;GO:0046464;GO:0019369;GO:0060292;GO:2001311;GO:0052651;GO:0030336;GO:0120163;GO:0009395;GO:0046889;GO:2000124;GO:0099178
O94929,Actin binding LIM protein family member 3,Liver,GO:0015629;GO:0005737;GO:0098978;GO:0030027;GO:0001725;GO:0051015;GO:0046872;GO:0060271;GO:0007010;GO:0030032;GO:1903955;GO:0045944;GO:0006366
P42765,Acetyl-CoA acyltransferase 2,Liver,GO:0005759;GO:0005739;GO:0003985;GO:0003988;GO:0003986;GO:0047617;GO:0003723;GO:0071456;GO:0006695;GO:0006635;GO:1902109;GO:1901029
P28330,Acyl-CoA dehydrogenase long chain,Liver,GO:0005737;GO:0005759;GO:0031966;GO:0005739;GO:0000062;GO:0050660;GO:0042802;GO:0004466;GO:0016401;GO:0042413;GO:0019254;GO:0033539;GO:0016042;GO:0042758;GO:0045717;GO:0046322;GO:0120162;GO:0090181;GO:0001659
P11310,Acyl-CoA dehydrogenase medium chain,Liver,GO:0030424;GO:0005737;GO:0005759;GO:0031966;GO:0005739;GO:0005634;GO:0003995;GO:0050660;GO:0042802;GO:0070991;GO:0055007;GO:0045329;GO:0019254;GO:0006635;GO:0033539;GO:0005978;GO:0001889;GO:0051793;GO:0051791;GO:0009791;GO:0006111;GO:0009409;GO:0042594
P16219,Acyl-CoA dehydrogenase short chain,Liver,GO:0005813;GO:0005759;GO:0005739;GO:0005654;GO:0005634;GO:0003995;GO:0050660;GO:0016937;GO:0046359;GO:0006635;GO:0033539
P24752,Acetyl-CoA acetyltransferase 1,Liver,GO:0005783;GO:0070062;GO:0005759;GO:0005739;GO:0003985;GO:0016453;GO:0034736;GO:0120225;GO:0019899;GO:0042802;GO:0030955;GO:0006085;GO:0046356;GO:0060612;GO:0015937;GO:0015936;GO:0006635;GO:0006550;GO:0046952;GO:1902224;GO:0001889;GO:0072229;GO:1902860;GO:0009725;GO:0014070;GO:0042594
Q8NC06,Acyl-CoA binding domain containing 4,Liver,GO:0005737;GO:0000062;GO:0006631
O00590,Atypical chemokine receptor 2,Liver,GO:0005884;GO:0005829;GO:0005769;GO:0009897;GO:0043231;GO:0031965;GO:0005654;GO:0005886;GO:0055037;GO:0019957;GO:0016493;GO:0004950;GO:0005044;GO:0019722;GO:0060326;GO:0006955;GO:0006954;GO:0035556;GO:0007204
P21399,Aconitase 1,Liver,GO:0005737;GO:0005829;GO:0005783;GO:0070062;GO:0005794;GO:0005739;GO:0051538;GO:0051539;GO:0003994;GO:0030350;GO:0051536;GO:0046872;GO:0000900;GO:0003723;GO:0006101;GO:0050892;GO:0006879;GO:0009791;GO:0010040;GO:0006099
Q86TX2,Acyl-CoA thioesterase 1,Liver,GO:0005829;GO:0005739;GO:0052689;GO:0047617;GO:0006637;GO:0006631;GO:0001676;GO:0000038
Q9NPJ3,Acyl-CoA thioesterase 13,Liver,GO:0005829;GO:0005759;GO:0005739;GO:0005634;GO:0005819;GO:0047617;GO:0046872;GO:0006629;GO:0120163;GO:0051289
Q8N9L9,Acyl-CoA thioesterase 4,Liver,GO:0005829;GO:0005782;GO:0005777;GO:0052689;GO:0047617;GO:0004778;GO:0006637;GO:0043649;GO:0043648;GO:0006633;GO:0006631;GO:0001676;GO:0032788;GO:0046459;GO:0006104;GO:0032789;GO:0000038
Q3I5F7,Acyl-CoA thioesterase 6,Liver,GO:0005829;GO:0005782;GO:0052689;GO:0047617;GO:0006637;GO:0006631
Q15067,Acyl-CoA oxidase 1,Liver,GO:0005829;GO:0016020;GO:0005782;GO:0005778;GO:0005777;GO:0003997;GO:0071949;GO:0005504;GO:0050660;GO:0016401;GO:0030165;GO:0042803;GO:0042632;GO:0033540;GO:0009062;GO:0019395;GO:0006091;GO:0050665;GO:0055088;GO:0006629;GO:0016559;GO:0006693;GO:0007283;GO:0140493;GO:0000038
P33121,Acyl-CoA synthetase long chain family member 1,Liver,GO:0005783;GO:0005789;GO:0016020;GO:0005741;GO:0005739;GO:0005778;GO:0047676;GO:0005524;GO:0004467;GO:0090434;GO:0050197;GO:0070251;GO:0043539;GO:0033211;GO:0015908;GO:0008610;GO:0044539;GO:0001676;GO:0035338;GO:0120162;GO:0010747;GO:0007584;GO:0034201;GO:0014070;GO:0019432;GO:0000038;GO:0042178
Q9ULC5,Acyl-CoA synthetase long chain family member 5,Liver,GO:0005783;GO:0005789;GO:0016020;GO:0005741;GO:0005739;GO:0005730;GO:0005654;GO:0005886;GO:0047676;GO:0005524;GO:0004467;GO:0090434;GO:0001676;GO:0035338;GO:0010747;GO:2001236
Q53FZ2,Acyl-CoA synthetase medium chain family member 3,Liver,GO:0005759;GO:0005739;GO:0043759;GO:0005524;GO:0015645;GO:0004321;GO:0031956;GO:0046872;GO:0018729;GO:0050218;GO:0006637;GO:0042632;GO:0006633;GO:0008217
Q9H6R3,Acyl-CoA synthetase short chain family member 3,Liver,GO:0043231;GO:0005759;GO:0005739;GO:0003987;GO:0005524;GO:0031956;GO:0050218;GO:0046951
Q76LX8,ADAM metallopeptidase with thrombospondin type 1 motif 13,Liver,GO:0009986;GO:0005788;GO:0031012;GO:0005576;GO:0005615;GO:0005509;GO:0005178;GO:0004222;GO:0008237;GO:0008270;GO:0007596;GO:0007160;GO:0071353;GO:0071222;GO:0071356;GO:0071346;GO:0030198;GO:0009100;GO:0007229;GO:0043171;GO:0030168;GO:0030163;GO:0016485;GO:0006508;GO:0014075;GO:0035864;GO:0009636
Q86TH1,ADAMTS like 2,Liver,GO:0031012;GO:0005576;GO:0050436;GO:0030198;GO:0060481;GO:0030512
Q8IWK6,Adhesion G protein-coupled receptor A3,Liver,GO:0009897;GO:0016020;GO:0005886;GO:0004930;GO:0007166;GO:0007186
Q86SQ4,Adhesion G protein-coupled receptor G6,Liver,GO:0009986;GO:0005737;GO:0005789;GO:0016020;GO:0005886;GO:0005518;GO:0004175;GO:0050840;GO:0004930;GO:0043236;GO:0007189;GO:0007188;GO:0007166;GO:0007186;GO:0060347;GO:0042552;GO:0022011;GO:0007399;GO:0014037
P00325,"Alcohol dehydrogenase 1B (class I), beta polypeptide",Liver,GO:0005829;GO:0005654;GO:0005886;GO:0004022;GO:0004745;GO:0008270;GO:0042573;GO:0001523;GO:0042572
Q8IWW8,Alcohol dehydrogenase iron containing 1,Liver,GO:0005759;GO:0005739;GO:0004022;GO:0047988;GO:0046872;GO:0006103;GO:0019552;GO:0006629
Q9BV57,Acireductone dioxygenase 1,Liver,GO:0005737;GO:0005829;GO:0005634;GO:0005886;GO:0010308;GO:0010309;GO:0005506;GO:0016151;GO:0016491;GO:0019509;GO:0006555
P55263,Adenosine kinase,Liver,GO:0005829;GO:0005654;GO:0005634;GO:0005886;GO:0004001;GO:0005524;GO:0004136;GO:0046872;GO:0003723;GO:0044209;GO:0106383;GO:0006175;GO:0032263;GO:0006144;GO:0006166;GO:0009156
P35348,Adrenoceptor alpha 1A,Liver,GO:0005901;GO:0005737;GO:0005829;GO:0043231;GO:0031965;GO:0005654;GO:0005634;GO:0005886;GO:0004937;GO:0046982;GO:0071880;GO:0007512;GO:0006915;GO:0061049;GO:0007267;GO:0007186;GO:0035556;GO:0000165;GO:0010507;GO:0008285;GO:0001985;GO:0150099;GO:0001994;GO:0071882;GO:0007200;GO:0097195;GO:0045760;GO:0060452;GO:0010613;GO:0007204;GO:0070374;GO:0001996;GO:0043410;GO:0045987;GO:0032230;GO:0001997;GO:0045907;GO:0009725;GO:0009410;GO:0007165;GO:0006939
P35368,Adrenoceptor alpha 1B,Liver,GO:0005901;GO:0005737;GO:0031965;GO:0005634;GO:0005886;GO:0004937;GO:0046982;GO:0071880;GO:0007188;GO:0007267;GO:0007186;GO:0035556;GO:0150099;GO:0007200;GO:0007204;GO:0043410;GO:0055117;GO:0019229
Q63HM1,Arylformamidase,Liver,GO:0005737;GO:0005829;GO:0005634;GO:0004061;GO:0034354;GO:0019441
O15120,1-acylglycerol-3-phosphate O-acyltransferase 2,Liver,GO:0005783;GO:0005789;GO:0005886;GO:0035579;GO:0003841;GO:0016024;GO:0008544;GO:0006654;GO:0006644;GO:0001819;GO:0001961;GO:0009410;GO:0019432
P30556,Angiotensin II receptor type 1,Liver,GO:0016020;GO:0005886;GO:0001596;GO:0004945;GO:0031711;GO:0046982;GO:0038166;GO:0097746;GO:0019722;GO:0060326;GO:0007186;GO:0006954;GO:0001822;GO:0034374;GO:0002034;GO:0086097;GO:0007200;GO:1903589;GO:1905920;GO:0007204;GO:0050729;GO:0010744;GO:0032430;GO:0051247;GO:2000379;GO:0001558;GO:0042127;GO:0050727;GO:0035813;GO:0003081;GO:0019229;GO:0002018;GO:0007266;GO:0046718
Q9NVV5,Androgen induced 1,Liver,GO:0012505;GO:0016020;GO:0005886;GO:0016787;GO:0042758
P27144,Adenylate kinase 4,Liver,GO:0005737;GO:0005759;GO:0005739;GO:0047506;GO:0004017;GO:0005524;GO:0036430;GO:0036431;GO:0005525;GO:0004550;GO:0050145;GO:0046899;GO:0006172;GO:0046033;GO:0046034;GO:0071456;GO:0046039;GO:0015949;GO:0009142;GO:0002082;GO:0009188
Q04828,Aldo-keto reductase family 1 member C1,Liver,GO:0005829;GO:0070062;GO:0047006;GO:0033703;GO:0047024;GO:0004033;GO:0004032;GO:0047044;GO:0047042;GO:0047023;GO:0032052;GO:0031406;GO:0004303;GO:0047718;GO:0047086;GO:0016655;GO:0033764;GO:0047045;GO:0030283;GO:0047115;GO:0015721;GO:0008206;GO:0071395;GO:0042632;GO:0044597;GO:0007586;GO:0044598;GO:0030855;GO:0030299;GO:2000379;GO:0042448;GO:0006693;GO:0046683;GO:0042574;GO:0001523;GO:0006805
P52895,Aldo-keto reductase family 1 member C2,Liver,GO:0005829;GO:0004032;GO:0047044;GO:0047023;GO:0032052;GO:0031406;GO:0004303;GO:0047718;GO:0047086;GO:0016655;GO:0047115;GO:0071395;GO:0071799;GO:0044597;GO:0007586;GO:0044598;GO:0030855;GO:0007186;GO:0008284;GO:0051897;GO:0042448;GO:0006693;GO:0008202
O95154,Aldo-keto reductase family 7 member A3,Liver,GO:0005737;GO:0005829;GO:0070062;GO:0005794;GO:0004033;GO:0009055;GO:0042802;GO:0006081
P13716,Aminolevulinate dehydratase,Liver,GO:0005829;GO:0070062;GO:0005576;GO:1904813;GO:0005634;GO:0034774;GO:0003824;GO:0042802;GO:0004655;GO:1904854;GO:0008270;GO:0071353;GO:0071284;GO:0006784;GO:0006785;GO:0006783;GO:0048034;GO:1901799;GO:0051260;GO:0006782;GO:0014823;GO:0010044;GO:0043200;GO:0046685;GO:0046686;GO:0032025;GO:0045471;GO:0070542;GO:0051384;GO:0009635;GO:0001666;GO:0010212;GO:0010039;GO:0032496;GO:0046689;GO:0051597;GO:0006979;GO:0070541;GO:0010269;GO:0010266;GO:0033197;GO:0009410;GO:0010043
P00352,Aldehyde dehydrogenase 1 family member A1,Liver,GO:0030424;GO:0005737;GO:0005829;GO:0070062;GO:0045202;GO:0106373;GO:0004029;GO:0019145;GO:0005497;GO:0018479;GO:0005096;GO:0051287;GO:0001758;GO:0006081;GO:0110095;GO:0030392;GO:0009449;GO:0036438;GO:0120163;GO:0001523;GO:0042572
P30837,Aldehyde dehydrogenase 1 family member B1,Liver,GO:0005829;GO:0005759;GO:0005739;GO:0005654;GO:0004029;GO:0051287;GO:0005975;GO:0006068
O75891,Aldehyde dehydrogenase 1 family member L1,Liver,GO:0005829;GO:0070062;GO:0005739;GO:0004029;GO:0016155;GO:0009258;GO:0009058;GO:0006740;GO:0006730
P05091,Aldehyde dehydrogenase 2 family member,Liver,GO:0070062;GO:0005759;GO:0005739;GO:0004029;GO:0004030;GO:0106435;GO:0009055;GO:0051287;GO:0008957;GO:0006066;GO:0046185;GO:0005975;GO:0006068;GO:0018937;GO:1903179;GO:1905627
P51648,Aldehyde dehydrogenase 3 family member A2,Liver,GO:0005737;GO:0005829;GO:0005789;GO:0043231;GO:0005778;GO:0005777;GO:0004028;GO:0004029;GO:0050061;GO:0046577;GO:0052814;GO:0042803;GO:0006081;GO:0007417;GO:0008544;GO:0006631;GO:0046458;GO:0007422;GO:0033306;GO:0006714
P30038,Aldehyde dehydrogenase 4 family member A1,Liver,GO:0005829;GO:0005759;GO:0005739;GO:0003842;GO:0004029;GO:0009055;GO:0042802;GO:0019470;GO:0006562;GO:0010133;GO:0006560
P51649,Aldehyde dehydrogenase 5 family member A1,Liver,GO:0005759;GO:0005739;GO:0045202;GO:0042802;GO:0004777;GO:0007417;GO:0009450;GO:0006536;GO:0009791;GO:0006105;GO:0051932
P49419,Aldehyde dehydrogenase 7 family member A1,Liver,GO:0005829;GO:0070062;GO:0005759;GO:0005739;GO:0005634;GO:0004029;GO:0008802;GO:0042802;GO:0004043;GO:0006081;GO:0042426;GO:0019285;GO:0007605
Q9UHK6,Alpha-methylacyl-CoA racemase,Liver,GO:0005737;GO:0005829;GO:0043231;GO:0005739;GO:0005782;GO:0005777;GO:0005886;GO:0008111;GO:0005102;GO:0006699;GO:0008206;GO:0033540
Q96NU7,Amidohydrolase domain containing 1,Liver,GO:0005829;GO:0016812;GO:0050480;GO:0046872;GO:0006548;GO:0019556;GO:0019557
P48728,Aminomethyltransferase,Liver,GO:0005960;GO:0005759;GO:0005739;GO:0005654;GO:0004047;GO:0008483;GO:0006546;GO:0019464
Q9BY76,Angiopoietin like 4,Liver,GO:0072562;GO:0062023;GO:0005576;GO:0005615;GO:0004857;GO:0042802;GO:0001525;GO:0007596;GO:0072577;GO:0006629;GO:0043066;GO:2000352;GO:0051005;GO:0045766;GO:0043335;GO:0001666;GO:0070328
Q9HDC9,Adipocyte plasma membrane associated protein,Liver,GO:0009986;GO:0016020;GO:0004064;GO:0016844;GO:0009058
O14791,Apolipoprotein L1,Liver,GO:0072562;GO:0005788;GO:0005576;GO:0005615;GO:0034364;GO:0016020;GO:0034361;GO:0005254;GO:0008289;GO:1902476;GO:0008203;GO:0051838;GO:0045087;GO:0006869;GO:0042157
Q9BWW8,Apolipoprotein L6,Liver,GO:0005737;GO:0005576;GO:0008289;GO:0006869;GO:0042157
Q8NBQ7,Aquaporin 11,Liver,GO:0009986;GO:0005737;GO:0030659;GO:0005783;GO:0005789;GO:0043231;GO:0005886;GO:0015267;GO:0015254;GO:0140070;GO:0015250;GO:0048388;GO:0015793;GO:0080170;GO:0032364;GO:0009992;GO:0050680;GO:1904293;GO:1903573;GO:0008284;GO:0006486;GO:0051260;GO:0006612;GO:0072014;GO:0006833
P10275,Androgen receptor,Liver,GO:0000785;GO:0005737;GO:0005829;GO:0016607;GO:0005654;GO:0005634;GO:0005886;GO:0032991;GO:0005497;GO:0051117;GO:0008013;GO:0003682;GO:0001228;GO:0003700;GO:0000981;GO:0019899;GO:0034056;GO:0004930;GO:0060090;GO:0140693;GO:0004879;GO:0070974;GO:0000978;GO:0000979;GO:0001091;GO:0061629;GO:0005102;GO:0005496;GO:0000976;GO:0001223;GO:0008270;GO:0030521;GO:0048645;GO:0007267;GO:0071391;GO:0071383;GO:0071394;GO:0060742;GO:0003382;GO:0050673;GO:0030520;GO:0001701;GO:0048009;GO:0030522;GO:0060599;GO:0033327;GO:0048808;GO:0008584;GO:0019102;GO:0060749;GO:0000165;GO:0060571;GO:0035264;GO:0008285;GO:0050680;GO:2001237;GO:0045720;GO:0000122;GO:0140694;GO:0030518;GO:0045597;GO:0008284;GO:0045893;GO:0060769;GO:0010628;GO:0043568;GO:0045726;GO:0033148;GO:0043410;GO:1902895;GO:0051092;GO:0042327;GO:0045944;GO:0045945;GO:0060740;GO:0060736;GO:0048638;GO:0060685;GO:1903076;GO:0003073;GO:0072520;GO:0007165;GO:0007338;GO:0007283;GO:0060748;GO:0006366
P51690,Arylsulfatase L,Liver,GO:0005788;GO:0070062;GO:0005794;GO:0005795;GO:0004065;GO:0046872;GO:0001501
Q93070,ADP-ribosyltransferase 4 (inactive) (Dombrock blood group),Liver,GO:0005576;GO:0005886;GO:0098552;GO:0003950;GO:0106274;GO:0016779;GO:0006525
Q96DX5,Ankyrin repeat and SOCS box containing 9,Liver,GO:0031466;GO:0005829;GO:0005739;GO:1990756;GO:0035556;GO:0045732;GO:0043161;GO:0016567
P50553,Achaete-scute family bHLH transcription factor 1,Liver,GO:0000785;GO:0043025;GO:0005634;GO:0090575;GO:0043425;GO:0003682;GO:0003700;GO:0000981;GO:0001227;GO:0070888;GO:0042802;GO:0003676;GO:0046983;GO:0000978;GO:0000977;GO:1990837;GO:0061104;GO:0061103;GO:0048469;GO:0071259;GO:0021954;GO:0021987;GO:0021892;GO:0021902;GO:0007507;GO:0060487;GO:0061100;GO:0097475;GO:0050883;GO:0043066;GO:0045892;GO:0045665;GO:0000122;GO:0007400;GO:0007405;GO:0022008;GO:0048666;GO:0030182;GO:0048663;GO:0048665;GO:0003358;GO:0003359;GO:0007219;GO:0060166;GO:0014003;GO:0048935;GO:0045787;GO:2000179;GO:0050769;GO:0043525;GO:0045666;GO:0045747;GO:0045944;GO:0030856;GO:0010468;GO:0007346;GO:0050767;GO:0060165;GO:0070849;GO:0051593;GO:0032526;GO:0007423;GO:0021527;GO:0021530;GO:0061102;GO:0060163;GO:0061549;GO:0048485;GO:0060579;GO:0021750
A6ND91,Aspartate dehydrogenase domain containing,Liver,GO:0033735;GO:0050661;GO:0009435
Q86U10,Asparaginase,Liver,GO:0005829;GO:0003847;GO:0016747;GO:0004067;GO:0004622;GO:0009066;GO:0016042
Q8NB49,ATPase phospholipid transporting 11C,Liver,GO:0031901;GO:0005783;GO:0005789;GO:0005765;GO:1990531;GO:0005886;GO:0055037;GO:0055038;GO:0005524;GO:0016887;GO:0140326;GO:0000287;GO:0090555;GO:0140346;GO:0090556;GO:0034220;GO:0045332
P25311,"Alpha-2-glycoprotein 1, zinc-binding",Liver,GO:0062023;GO:0009897;GO:0070062;GO:0005576;GO:0005615;GO:0005634;GO:0008320;GO:0004540;GO:0007155;GO:0001580;GO:0006955;GO:0008285
P21953,Branched chain keto acid dehydrogenase E1 subunit beta,Liver,GO:0160157;GO:0005759;GO:0005739;GO:0005730;GO:0005654;GO:0045252;GO:0003863;GO:0044877;GO:0009083;GO:0006629;GO:0051591;GO:0051384;GO:0007584
Q9HD36,BCL2 like 10,Liver,GO:0005829;GO:0005783;GO:0016020;GO:0044233;GO:0005741;GO:0005739;GO:0031965;GO:0005819;GO:0005509;GO:0089720;GO:0015267;GO:0006915;GO:0097192;GO:0007292;GO:0008630;GO:0031023;GO:0043066;GO:0043065;GO:0001836;GO:0007283
P20749,BCL3 transcription coactivator,Liver,GO:0032996;GO:0033257;GO:0005737;GO:0005829;GO:0043231;GO:0030496;GO:0005654;GO:0005634;GO:0048471;GO:0005886;GO:0032991;GO:0140297;GO:0042826;GO:0030674;GO:0003713;GO:0003714;GO:0019730;GO:0007249;GO:0042742;GO:0042832;GO:0006974;GO:0030330;GO:0030198;GO:0002268;GO:0002467;GO:0002455;GO:0042771;GO:0002315;GO:0043066;GO:0045892;GO:0032717;GO:0032088;GO:0046426;GO:0070233;GO:0032720;GO:0045893;GO:0032733;GO:0045944;GO:0045727;GO:0032729;GO:0006606;GO:0042981;GO:0051101;GO:1901222;GO:0010225;GO:0009615;GO:0048536;GO:0070231;GO:0042088;GO:0045064
Q9BYV7,Beta-carotene oxygenase 2,Liver,GO:0005759;GO:0005739;GO:0010437;GO:0102076;GO:0003834;GO:0010436;GO:0046872;GO:0016702;GO:0016121;GO:0016119;GO:0016116;GO:0062172;GO:1901176;GO:0051881;GO:2000377;GO:0042574;GO:0042573;GO:0016124;GO:1901826
Q9UMX3,BCL2 family apoptosis regulator BOK,Liver,GO:0033106;GO:0005737;GO:0031901;GO:0005783;GO:0005789;GO:0005794;GO:0016020;GO:0005743;GO:0031966;GO:0005741;GO:0005739;GO:0005640;GO:0005634;GO:0055038;GO:0032588;GO:0051400;GO:0015267;GO:0046982;GO:0042803;GO:0044877;GO:0005102;GO:0031625;GO:0006915;GO:0006921;GO:0097192;GO:0072332;GO:0008630;GO:0008584;GO:0051902;GO:1901029;GO:0060546;GO:0043524;GO:0051402;GO:0048709;GO:0043065;GO:2001056;GO:1902237;GO:1900119;GO:2001244;GO:1901030;GO:1903899;GO:0051259;GO:0010506;GO:1901382;GO:0051480;GO:1904708;GO:0001836
Q86WA6,Biphenyl hydrolase like,Liver,GO:0005741;GO:0005739;GO:0047658;GO:0006520;GO:0009636;GO:0006805
P43251,Biotinidase,Liver,GO:0070062;GO:0005576;GO:0005615;GO:0005759;GO:0047708;GO:0006768;GO:0007417
A1L170,Chromosome 1 open reading frame 226,Liver,
Q5VUE5,Chromosome 1 open reading frame 53,Liver,GO:0005739
Q9NZP8,Complement C1r subcomponent like,Liver,GO:0070062;GO:0005615;GO:0004252;GO:0006958;GO:0045087;GO:0031638
A6NCS6,Chromosome 2 open reading frame 72,Liver,
A0A1B0GTC6,Chromosome 3 open reading frame 85,Liver,
P0C0L4,Complement C4A (Rodgers blood group),Liver,GO:0030424;GO:0072562;GO:0030425;GO:0005788;GO:0070062;GO:0005576;GO:0005615;GO:0043025;GO:0005886;GO:0045202;GO:0001849;GO:0004866;GO:0006956;GO:0006958;GO:0006954;GO:0045087;GO:2000427
Q8IY42,Chromosome 4 open reading frame 19,Liver,
Q9UGQ2,Calcium channel flower domain containing 1,Liver,GO:0005769;GO:0005789;GO:0005794;GO:0005886;GO:0055037;GO:0008021;GO:0016192
P04040,Catalase,Liver,GO:0062151;GO:0005737;GO:0005829;GO:0070062;GO:0005576;GO:1904813;GO:0005925;GO:0043231;GO:0016020;GO:0005739;GO:0005782;GO:0005778;GO:0005777;GO:0032991;GO:0034774;GO:0004046;GO:0016209;GO:0004096;GO:0019899;GO:0020037;GO:0042802;GO:0046872;GO:0050661;GO:0016684;GO:0042803;GO:0009060;GO:0061692;GO:0071363;GO:0008203;GO:0020027;GO:0042744;GO:0043066;GO:0001649;GO:0051781;GO:0051897;GO:0014823;GO:0072722;GO:0046686;GO:0032355;GO:0045471;GO:0070542;GO:0042542;GO:0055093;GO:0001666;GO:0014854;GO:0032868;GO:0033591;GO:0010288;GO:0009642;GO:0010193;GO:0080184;GO:0000302;GO:0033189;GO:0033197;GO:0009410;GO:0006641;GO:0001657;GO:0009650
Q9NVL8,Coiled-coil domain containing 198,Liver,GO:0031410;GO:0005886;GO:0097009
P08571,CD14 molecule,Liver,GO:0010008;GO:0009897;GO:0070062;GO:0005576;GO:0005615;GO:0005794;GO:0046696;GO:0045121;GO:0005886;GO:0030667;GO:0001530;GO:0001875;GO:0070891;GO:0001847;GO:0016019;GO:0006915;GO:0002752;GO:0007166;GO:0071726;GO:0071222;GO:0071223;GO:0071219;GO:0071727;GO:0006954;GO:0045087;GO:0006909;GO:0001819;GO:0045807;GO:0032757;GO:0031666;GO:0034145;GO:0032760;GO:0032481;GO:0032729;GO:0006898;GO:0051602;GO:0045471;GO:0032026;GO:0034612;GO:0034142
Q8IX05,CD302 molecule,Liver,GO:0005938;GO:0009897;GO:0030175;GO:0016020;GO:0005902;GO:0030246;GO:0038023;GO:0006909
P01730,CD4 molecule,Liver,GO:0030669;GO:0005769;GO:0005788;GO:0005789;GO:0009897;GO:0045121;GO:0005886;GO:0042101;GO:0015026;GO:0019899;GO:0005201;GO:0042802;GO:0042011;GO:0042012;GO:0008289;GO:0042289;GO:0023026;GO:0042803;GO:0019901;GO:1990782;GO:0038023;GO:0004888;GO:0001618;GO:0008270;GO:0002250;GO:0019722;GO:0007155;GO:0007169;GO:0007166;GO:0097011;GO:0050829;GO:0007167;GO:0035397;GO:0006955;GO:0035723;GO:0030225;GO:0032507;GO:0050850;GO:0043123;GO:0045893;GO:0070374;GO:0032743;GO:0033674;GO:0043410;GO:0045657;GO:0050731;GO:0045860;GO:0001934;GO:0050870;GO:0046598;GO:0051924;GO:0050863;GO:0007165;GO:0042110;GO:0030217;GO:0045058
P32320,Cytidine deaminase,Liver,GO:0005829;GO:0005576;GO:1904813;GO:0034774;GO:1904724;GO:0004126;GO:0042802;GO:0001882;GO:0042803;GO:0008270;GO:0007166;GO:0071217;GO:0009972;GO:0019858;GO:0030308;GO:0045980;GO:0008655;GO:0046898;GO:0044206
Q16878,Cysteine dioxygenase type 1,Liver,GO:0005829;GO:0017172;GO:0008198;GO:0016151;GO:0008270;GO:0006534;GO:0006954;GO:0019448;GO:0007595;GO:0043200;GO:0051591;GO:0045471;GO:0033762;GO:0051384;GO:0000097;GO:0042412
Q96G23,Ceramide synthase 2,Liver,GO:0005783;GO:0005789;GO:0016020;GO:0003677;GO:0050291;GO:0046513;GO:0048681;GO:1900148;GO:1905045;GO:0019216;GO:0035902;GO:0030148
O00748,Carboxylesterase 2,Liver,GO:0005783;GO:0005788;GO:0043231;GO:0106435;GO:0052689;GO:0047374;GO:0009056;GO:0006693;GO:0006805
Q6UWW8,Carboxylesterase 3,Liver,GO:0005829;GO:0005788;GO:0070062;GO:0106435;GO:0052689;GO:0034383;GO:0006805
O15335,Chondroadherin,Liver,GO:0031012;GO:0005615;GO:0060348;GO:1900155
Q8NE62,Choline dehydrogenase,Liver,GO:0005743;GO:0005739;GO:0008812;GO:0050660;GO:0042426;GO:0019285
P36222,Chitinase 3 like 1,Liver,GO:0005737;GO:0005783;GO:0070062;GO:0031012;GO:0005576;GO:0005615;GO:0048471;GO:0035580;GO:0030246;GO:0008061;GO:0005201;GO:0007250;GO:0006915;GO:0005975;GO:0051216;GO:0071356;GO:0006032;GO:0006954;GO:0030324;GO:0045766;GO:0070374;GO:0032757;GO:0010800;GO:0051897;GO:0070555;GO:0070741;GO:0009612;GO:0034612
Q9H2X0,Chordin,Liver,GO:0005615;GO:0036122;GO:0019955;GO:0030509;GO:0009953;GO:0033504;GO:0030514;GO:0030336;GO:0045668;GO:0045785;GO:0002053;GO:0001501;GO:0021513
P43681,Cholinergic receptor nicotinic alpha 4 subunit,Liver,GO:0005892;GO:0030425;GO:0009897;GO:0016020;GO:0043005;GO:0043025;GO:0005886;GO:0045211;GO:0045202;GO:0042166;GO:0015464;GO:0022848;GO:0015276;GO:0095500;GO:0001508;GO:0042113;GO:0035095;GO:0006816;GO:0007268;GO:0050890;GO:0006281;GO:0060080;GO:0051899;GO:0006811;GO:0050877;GO:0014059;GO:0042391;GO:0001666;GO:0035094;GO:0006979;GO:0019233;GO:0007165;GO:0007271
Q9H5X1,Cytosolic iron-sulfur assembly component 2A,Liver,GO:0005829;GO:0097361;GO:0005654;GO:0046872;GO:0007059;GO:0016226;GO:0106035;GO:0097428
Q9UHD4,Cell death inducing DFFA like effector b,Liver,GO:0030137;GO:0030127;GO:0005829;GO:0005783;GO:0005789;GO:0005794;GO:0005811;GO:0048471;GO:0042802;GO:0120013;GO:0060090;GO:0070300;GO:0006915;GO:0090110;GO:0097194;GO:0008630;GO:0160077;GO:0019915;GO:0043065;GO:0042981;GO:0090207;GO:0031667;GO:0034379
Q8N5K1,CDGSH iron sulfur domain 2,Liver,GO:0005783;GO:0005789;GO:0016020;GO:0005741;GO:0097038;GO:0032991;GO:0051537;GO:0046872;GO:0042803;GO:0003723;GO:0000422;GO:0010506
Q9NSE2,Cytokine inducible SH2 containing protein,Liver,GO:0005829;GO:0005886;GO:0005126;GO:0019221;GO:0035556;GO:0001960;GO:0046426;GO:0016567;GO:0001558
O95832,Claudin 1,Liver,GO:0016324;GO:0016323;GO:0005923;GO:0016328;GO:0016020;GO:0005886;GO:0032991;GO:0070160;GO:0042802;GO:0005198;GO:0001618;GO:0070830;GO:0016338;GO:0007155;GO:0034331;GO:0045216;GO:1903545;GO:0071284;GO:0071560;GO:0071356;GO:0071346;GO:0008065;GO:0090557;GO:0061436;GO:0097421;GO:0035633;GO:1903348;GO:0030335;GO:0060054;GO:0090303;GO:0051259;GO:0071548;GO:0045471;GO:0070673;GO:0032496;GO:0009636;GO:0061772
Q6UXB4,C-type lectin domain family 4 member G,Liver,GO:0009897;GO:0005886;GO:0030246;GO:0097367;GO:0005537;GO:0070061;GO:0140081;GO:0038187;GO:0030247;GO:0120274;GO:0001618;GO:0046633;GO:0033080;GO:0006955;GO:0046642;GO:0033088;GO:0002710;GO:1903902;GO:0046718;GO:0002456
P10909,Clusterin,Liver,GO:0097440;GO:0072562;GO:0009986;GO:0042583;GO:0062023;GO:0005737;GO:0005829;GO:0070062;GO:0005576;GO:0005615;GO:0005794;GO:0043231;GO:0005743;GO:0005739;GO:0097418;GO:0005634;GO:0099020;GO:0048471;GO:0031093;GO:0032991;GO:0034366;GO:0045202;GO:0001540;GO:0050750;GO:0051787;GO:0140597;GO:0044877;GO:0051087;GO:0048018;GO:0005102;GO:0048156;GO:0031625;GO:0051082;GO:0097242;GO:0000902;GO:0032286;GO:0051131;GO:0061077;GO:0006956;GO:0006958;GO:0002434;GO:0045087;GO:0097193;GO:0006629;GO:0001774;GO:0061518;GO:1905907;GO:1902430;GO:1902230;GO:0043524;GO:0031333;GO:0090201;GO:1903573;GO:1905908;GO:1902004;GO:0043065;GO:0010628;GO:2001244;GO:1902998;GO:0051092;GO:0045429;GO:0032436;GO:0031334;GO:0048260;GO:0032760;GO:2000060;GO:0017038;GO:0050821;GO:0061740;GO:1900221;GO:0042981;GO:0042127;GO:1902847;GO:0001836;GO:0051788;GO:0009615;GO:0043691
Q8N0X4,Citramalyl-CoA lyase,Liver,GO:0005739;GO:0047777;GO:0016787;GO:0000287;GO:0004474;GO:0106121;GO:0070207;GO:0106064
Q96DG6,Carboxymethylenebutenolidase homolog,Liver,GO:0005829;GO:0070062;GO:0016787;GO:0006805
Q53SF7,Cordon-bleu WH2 repeat protein like 1,Liver,GO:0070062;GO:0003785;GO:0045296
P39060,Collagen type XVIII alpha 1 chain,Liver,GO:0005604;GO:0005581;GO:0062023;GO:0005788;GO:0070062;GO:0005576;GO:0005615;GO:0030020;GO:0046872;GO:0001525;GO:0009887;GO:0007155;GO:0030199;GO:0001886;GO:0008285;GO:0030903;GO:0051599;GO:0009410;GO:0001501;GO:0007601
Q9BWP8,Collectin subfamily member 11,Liver,GO:0005581;GO:0009897;GO:0005576;GO:0005615;GO:1905370;GO:0005509;GO:0120153;GO:0005537;GO:0003677;GO:0042806;GO:0042802;GO:0070492;GO:0019730;GO:0002752;GO:0006956;GO:0001867;GO:0032502;GO:0097194;GO:1903028;GO:0006508
Q8NE35,Cytoplasmic polyadenylation element binding protein 3,Liver,GO:0097440;GO:0030014;GO:0005737;GO:0005829;GO:0030425;GO:0030496;GO:0043005;GO:0005654;GO:0005634;GO:0005886;GO:0014069;GO:0045202;GO:0035925;GO:0003730;GO:0000900;GO:0043022;GO:0003723;GO:0035613;GO:0008135;GO:0061158;GO:0071230;GO:0007616;GO:2000766;GO:1900248;GO:0000122;GO:0017148;GO:0060999;GO:1900153;GO:0060213;GO:0045727;GO:0060998;GO:0048167
P23786,Carnitine palmitoyltransferase 2,Liver,GO:0005743;GO:0005739;GO:0005730;GO:0005654;GO:0016746;GO:0008458;GO:0004095;GO:0009437;GO:0006853;GO:0006635;GO:0001701;GO:0001676;GO:0120162
P24387,Corticotropin releasing hormone binding protein,Liver,GO:0043679;GO:0030425;GO:0031045;GO:0005576;GO:0005615;GO:0005874;GO:0005771;GO:0005634;GO:0043204;GO:0005767;GO:0030141;GO:0043196;GO:0051424;GO:0042277;GO:0048149;GO:0071277;GO:0071320;GO:0071314;GO:0071392;GO:0071391;GO:0097211;GO:0035865;GO:0071356;GO:0071466;GO:0007565;GO:0009755;GO:0006954;GO:0007611;GO:0051460;GO:1900011;GO:0045055;GO:0080135;GO:0051459;GO:2000310;GO:0007165;GO:0001963
Q9UJA2,Cardiolipin synthase 1,Liver,GO:0005743;GO:0005739;GO:0003841;GO:0047144;GO:0043337;GO:0032049;GO:0036148;GO:1905711;GO:0097068
Q9Y2S2,Crystallin lambda 1,Liver,GO:0005829;GO:0070062;GO:0050104;GO:0070403;GO:0042803;GO:0019640;GO:0006631
Q08257,Crystallin zeta,Liver,GO:0005829;GO:0070062;GO:0005739;GO:0042802;GO:0003730;GO:0070402;GO:0003960;GO:0008270;GO:0051289;GO:0007601;GO:0042178
A0A1B0GTU2,Cortexin domain containing 1,Liver,GO:0016020
O14529,Cut like homeobox 2,Liver,GO:0000785;GO:0070062;GO:0005634;GO:0000981;GO:0001227;GO:0000978;GO:0000977;GO:0043565;GO:1990837;GO:0050890;GO:0000122;GO:0050775;GO:0061003;GO:2000463;GO:0010628;GO:0051965;GO:0006357;GO:0007614
P00167,Cytochrome b5 type A,Liver,GO:0005829;GO:0005789;GO:0043231;GO:0016020;GO:0005741;GO:0004129;GO:0019899;GO:0020037;GO:0046872
P04798,Cytochrome P450 family 1 subfamily A member 1,Liver,GO:0005789;GO:0043231;GO:0005743;GO:0005739;GO:0008391;GO:0032451;GO:0019899;GO:0101020;GO:0101021;GO:0016711;GO:0020037;GO:0030544;GO:0051879;GO:0106256;GO:0005506;GO:0120319;GO:0102033;GO:0004497;GO:0016491;GO:0016679;GO:0019825;GO:0070576;GO:0042904;GO:0009308;GO:0043010;GO:0071280;GO:0071407;GO:0009804;GO:0019341;GO:0048565;GO:0019373;GO:0008210;GO:0009692;GO:0006631;GO:0009812;GO:0070365;GO:0050665;GO:0017143;GO:0002933;GO:0042759;GO:0001676;GO:0060137;GO:0046209;GO:0097267;GO:0018958;GO:0006778;GO:1900087;GO:1904612;GO:1904681;GO:1904010;GO:0046685;GO:1901497;GO:0032094;GO:0033595;GO:0009635;GO:0055093;GO:0001666;GO:0035902;GO:0010041;GO:0032496;GO:0009624;GO:0033189;GO:0042572;GO:0006694;GO:0008202;GO:0048771;GO:0042359;GO:0006805
P33260,Cytochrome P450 family 2 subfamily C member 18,Liver,GO:0005737;GO:0005789;GO:0043231;GO:0005886;GO:0008392;GO:0020037;GO:0005506;GO:0071614;GO:0004497;GO:0016712;GO:0019825;GO:0008401;GO:0019373;GO:0043651;GO:0042573;GO:0042572;GO:0006805
P20815,Cytochrome P450 family 3 subfamily A member 5,Liver,GO:0005789;GO:0043231;GO:0101020;GO:0020037;GO:0005506;GO:0004497;GO:0016491;GO:0016712;GO:0019825;GO:0008401;GO:0050649;GO:0046222;GO:0009822;GO:0008210;GO:0002933;GO:0070989;GO:0042573;GO:0042572;GO:0008202;GO:0042178;GO:0006805
Q9HBI6,Cytochrome P450 family 4 subfamily F member 11,Liver,GO:0005789;GO:0052869;GO:0005504;GO:0020037;GO:0005506;GO:0102033;GO:0004497;GO:0016709;GO:0019369;GO:0007596;GO:1903604;GO:0006631;GO:0042361;GO:0097267;GO:0031408;GO:0042376;GO:0042377
Q9HCS2,Cytochrome P450 family 4 subfamily F member 12,Liver,GO:0016324;GO:0005737;GO:0005789;GO:0043231;GO:0018685;GO:0008392;GO:0020037;GO:0005506;GO:0050051;GO:0004497;GO:0019369;GO:0019373;GO:0006631;GO:0036101;GO:0001676;GO:0042361;GO:0042376;GO:0003095;GO:0003091;GO:0055078;GO:0000038;GO:0042360;GO:0006805
P78329,Cytochrome P450 family 4 subfamily F member 2,Liver,GO:0016324;GO:0005737;GO:0005789;GO:0043231;GO:0097259;GO:0097258;GO:0018685;GO:0052871;GO:0008392;GO:0052869;GO:0020037;GO:0005506;GO:0050051;GO:0102033;GO:0004497;GO:0016709;GO:0019369;GO:0007596;GO:0019373;GO:0010430;GO:0006690;GO:0036101;GO:0006691;GO:0001676;GO:0042361;GO:0032304;GO:0097267;GO:0042376;GO:0032305;GO:0003095;GO:0008217;GO:0003091;GO:0055078;GO:0000038;GO:0042360;GO:0042377;GO:0006805
Q6ZWL3,Cytochrome P450 family 4 subfamily V member 2,Liver,GO:0005789;GO:0020037;GO:0005506;GO:0102033;GO:0016709;GO:0010430;GO:0001523;GO:0016125;GO:0007601
Q16850,Cytochrome P450 family 51 subfamily A member 1,Liver,GO:0005789;GO:0016020;GO:0020037;GO:0005506;GO:0016491;GO:0016712;GO:0008398;GO:0006695;GO:0033488;GO:1900222;GO:0042177;GO:0050709;GO:0006694;GO:0016125
O75881,Cytochrome P450 family 7 subfamily B member 1,Liver,GO:0005789;GO:0033782;GO:0033783;GO:0020037;GO:0005506;GO:0008396;GO:0035754;GO:0006699;GO:0042632;GO:0008203;GO:0050673;GO:0030520;GO:0033147;GO:0050679;GO:0060740;GO:0016125
Q96C86,"Decapping enzyme, scavenger",Liver,GO:0005737;GO:0005829;GO:0005739;GO:0005654;GO:0005634;GO:0000932;GO:0140932;GO:0042802;GO:0000340;GO:0004532;GO:0000290;GO:0045292;GO:0110156;GO:0000288
P30046,D-dopachrome tautomerase,Liver,GO:0005737;GO:0070062;GO:0005615;GO:0005126;GO:0033981;GO:0004167;GO:0050178;GO:0042438;GO:0010760;GO:0070374;GO:0050729;GO:0032760
A6NHG4,D-dopachrome tautomerase like,Liver,GO:0005737;GO:0070062;GO:0005615;GO:0016829;GO:0050178
Q16698,"2,4-dienoyl-CoA reductase 1",Liver,GO:1902494;GO:0005829;GO:0005759;GO:0005739;GO:0005654;GO:0005634;GO:0008670;GO:0042802;GO:0070402;GO:0006635;GO:0120162
Q9Y315,Deoxyribose-phosphate aldolase,Liver,GO:0005829;GO:0005576;GO:1904813;GO:0005654;GO:0034774;GO:0004139;GO:0016052;GO:0046121;GO:0009264;GO:0046386;GO:0006098
Q15392,24-dehydrocholesterol reductase,Liver,GO:0005737;GO:0005783;GO:0005789;GO:0000139;GO:0016020;GO:0005634;GO:0000246;GO:0050614;GO:0019899;GO:0071949;GO:0016628;GO:0042605;GO:0042987;GO:0006695;GO:0033489;GO:0033490;GO:0030539;GO:0061024;GO:0008285;GO:0031639;GO:0008104;GO:0007265;GO:0009725;GO:0043588;GO:0008202;GO:0009888
Q9UBM7,7-dehydrocholesterol reductase,Liver,GO:0005783;GO:0005789;GO:0016020;GO:0005640;GO:0047598;GO:0050661;GO:0006695;GO:0033489;GO:0033490;GO:0160020
Q96LJ7,Dehydrogenase/reductase 1,Liver,GO:0005783;GO:0004090;GO:0047881;GO:0016616;GO:0047045
O75911,Dehydrogenase/reductase 3,Liver,GO:0005789;GO:0005811;GO:0042622;GO:0004745;GO:0052650;GO:0009055;GO:0000166;GO:0060349;GO:0060411;GO:0048387;GO:0003151;GO:0030278;GO:0048385;GO:0001523;GO:0042572;GO:0060021;GO:0007601
Q96HY7,Dehydrogenase E1 and transketolase domain containing 1,Liver,GO:0005759;GO:0005739;GO:0160167;GO:0160166;GO:0004591;GO:0030976;GO:0006091;GO:0006096;GO:0002244
Q5VZB9,DMRT like family A1,Liver,GO:0000785;GO:0005634;GO:0000981;GO:0042802;GO:0046872;GO:0000978;GO:1990837;GO:0060179;GO:0001541;GO:0006357;GO:0007548
Q9UKB3,DnaJ heat shock protein family (Hsp40) member C12,Liver,GO:0005737
Q9UJW3,DNA methyltransferase 3 like,Liver,GO:1902494;GO:0000794;GO:0005829;GO:0035098;GO:0000792;GO:0005634;GO:0051718;GO:0003677;GO:0008047;GO:0019899;GO:0046872;GO:0141068;GO:0060718;GO:0006346;GO:0044726;GO:0071514;GO:0007141;GO:0032259;GO:0090310;GO:0045814;GO:0000122;GO:0001890;GO:0007283;GO:0048863;GO:0141005;GO:0141196
Q12882,Dihydropyrimidine dehydrogenase,Liver,GO:0005737;GO:0005829;GO:0051539;GO:0017113;GO:0050660;GO:0046872;GO:0050661;GO:0042803;GO:0002058;GO:0019483;GO:0006248;GO:0006249;GO:0046079;GO:0006145;GO:0006208;GO:0006214;GO:0006210;GO:0046050;GO:0006212
Q9Y6W6,Dual specificity phosphatase 10,Liver,GO:0005737;GO:0005829;GO:0005654;GO:0005634;GO:0033192;GO:0140791;GO:0140793;GO:0008432;GO:0033549;GO:1990439;GO:0033550;GO:0017017;GO:0048273;GO:0017018;GO:0004726;GO:0016791;GO:0030946;GO:0008330;GO:0180006;GO:0180007;GO:0180008;GO:0180005;GO:0180004;GO:0016311;GO:0030336;GO:0010633;GO:0050680;GO:1905042;GO:0070373;GO:0046329;GO:0043508;GO:0048715;GO:1903753;GO:0060266;GO:0032873;GO:0048709;GO:0035970;GO:1990264;GO:0045591;GO:0002819;GO:0090335;GO:0032496;GO:0007165;GO:0051403
Q15125,EBP cholestenol delta-isomerase,Liver,GO:0031410;GO:0005783;GO:0005789;GO:0005635;GO:0031965;GO:0000247;GO:0047750;GO:0042802;GO:0004769;GO:0006695;GO:0033489;GO:0033490;GO:0008203;GO:0030097;GO:0043931
Q9BY08,EBP like,Liver,GO:0005783;GO:0005789;GO:0047750;GO:0016125
Q86YB7,Enoyl-CoA hydratase domain containing 2,Liver,GO:0005739;GO:0016829;GO:0006635
Q96DC8,Enoyl-CoA hydratase domain containing 3,Liver,GO:0005739;GO:0004300;GO:0016836;GO:0006631;GO:1900078
P30084,"Enoyl-CoA hydratase, short chain 1",Liver,GO:0005759;GO:0005739;GO:0043956;GO:0120092;GO:0004165;GO:0004300;GO:0009083;GO:0006635
O75521,Enoyl-CoA delta isomerase 2,Liver,GO:0005829;GO:0043231;GO:0016020;GO:0005739;GO:0005782;GO:0005777;GO:0004165;GO:0000062;GO:0006635;GO:0009062
P20827,Ephrin A1,Liver,GO:0005576;GO:0005886;GO:0098552;GO:0046875;GO:0005102;GO:0001525;GO:0003180;GO:0007411;GO:0016477;GO:0007267;GO:0003199;GO:0048013;GO:0003183;GO:0061002;GO:0010719;GO:0043409;GO:1903051;GO:0070244;GO:0000122;GO:0014028;GO:1902004;GO:1902961;GO:0043410;GO:0050731;GO:0001934;GO:0061098;GO:0050821;GO:0045765;GO:0050770;GO:0043535;GO:0033628;GO:0050730;GO:0034446
P0C7U0,Extracellular leucine rich repeat and fibronectin type III domain containing 1,Liver,GO:0043679;GO:0030425;GO:0060076;GO:0031012;GO:0005615;GO:0098978;GO:0098839;GO:0004864;GO:0007268;GO:0045184;GO:0007416;GO:0050808;GO:0099560;GO:0007601
Q9NXB9,ELOVL fatty acid elongase 2,Liver,GO:0005783;GO:0005789;GO:0009922;GO:0036109;GO:0034625;GO:0034626;GO:0019367;GO:0043651;GO:0035338;GO:0030148;GO:0006636;GO:0042761
Q9H5J4,ELOVL fatty acid elongase 6,Liver,GO:0005783;GO:0005789;GO:0009923;GO:0009922;GO:0034625;GO:0034626;GO:0019367;GO:0042759;GO:0035338;GO:0120162;GO:0030148;GO:0006636;GO:0042761
O75356,Ectonucleoside triphosphate diphosphohydrolase 5 (inactive),Liver,GO:0005783;GO:0005576;GO:0005615;GO:0016020;GO:0043262;GO:0036384;GO:0004382;GO:1990003;GO:0017111;GO:0045134;GO:0051084;GO:0009134;GO:0006487;GO:0006256;GO:0006011
Q5MY95,Ectonucleoside triphosphate diphosphohydrolase 8,Liver,GO:0005886;GO:0004050;GO:0005524;GO:0004382;GO:0046872;GO:0017111;GO:0045134;GO:0009133;GO:0009134;GO:0009124
Q9H329,Erythrocyte membrane protein band 4.1 like 4B,Liver,GO:0045177;GO:0005923;GO:0005737;GO:0005856;GO:0005829;GO:0005886;GO:0008092;GO:0005200;GO:0031032;GO:0045785;GO:0010628;GO:0051549;GO:0042060
P07099,Epoxide hydrolase 1,Liver,GO:0005789;GO:0033961;GO:0004301;GO:0008142;GO:0019369;GO:0097176;GO:0120253;GO:1903165;GO:0009636;GO:0006805
P34913,Epoxide hydrolase 2,Liver,GO:0005829;GO:0070062;GO:0005782;GO:0005777;GO:0033885;GO:0004301;GO:0042577;GO:0052642;GO:0000287;GO:0016791;GO:0042803;GO:0015643;GO:0042632;GO:0016311;GO:0097176;GO:0046839;GO:0010628;GO:0001558;GO:0090181;GO:0009636;GO:0046272
O75477,ER lipid raft associated 1,Liver,GO:0005783;GO:0005789;GO:0045121;GO:0032991;GO:0015485;GO:0031625;GO:0008203;GO:0036503;GO:0045541;GO:0045717;GO:0045540;GO:0032933
Q9UJM3,ERBB receptor feedback inhibitor 1,Liver,GO:0005737;GO:0005829;GO:0005634;GO:0005886;GO:0005096;GO:0019901;GO:0006915;GO:0006699;GO:0051216;GO:0016477;GO:0042632;GO:0008203;GO:0035988;GO:0007566;GO:0007173;GO:0050673;GO:0060613;GO:0010467;GO:0006006;GO:0036022;GO:0001889;GO:0048286;GO:0060428;GO:0060426;GO:0042059;GO:0007175;GO:0031953;GO:0043491;GO:0050847;GO:0072659;GO:0045616;GO:1904565;GO:0032355;GO:0032868;GO:0032570;GO:0009410;GO:0043589;GO:0001894;GO:0035847
B1AK53,Espin,Liver,GO:0005903;GO:0005737;GO:0031941;GO:0005902;GO:0032420;GO:0032426;GO:0051015;GO:0017124;GO:0051017;GO:0030034;GO:0007605
P13804,Electron transfer flavoprotein subunit alpha,Liver,GO:0045251;GO:0005759;GO:0005739;GO:0009055;GO:0050660;GO:0016491;GO:0009063;GO:0033539;GO:0022904
P38117,Electron transfer flavoprotein subunit beta,Liver,GO:0045251;GO:0005759;GO:0005739;GO:0009055;GO:0009063;GO:0033539;GO:0022904
Q16134,Electron transfer flavoprotein dehydrogenase,Liver,GO:0005743;GO:0031966;GO:0005739;GO:0051539;GO:0009055;GO:0004174;GO:0050660;GO:0046872;GO:0016491;GO:0048038;GO:0048039;GO:0022900;GO:0033539;GO:0022904;GO:0006979
Q9NVF9,Ethanolamine kinase 2,Liver,GO:0005737;GO:0005829;GO:0005524;GO:0004305;GO:0001701;GO:0035264;GO:0006646;GO:0001890;GO:0009791
P00742,Coagulation factor X,Liver,GO:0005788;GO:0009897;GO:0005576;GO:0005615;GO:0005796;GO:0005886;GO:0005509;GO:0005543;GO:0004252;GO:0007596;GO:0030335;GO:0032008;GO:0006508
P16930,Fumarylacetoacetate hydrolase,Liver,GO:0005829;GO:0070062;GO:0004334;GO:0046872;GO:0006527;GO:1902000;GO:0006559;GO:0006629;GO:0006572
Q96GK7,Fumarylacetoacetate hydrolase domain containing 2A,Liver,GO:0005739;GO:0046872;GO:0050163;GO:0006107
A5PLN7,Family with sequence similarity 149 member A,Liver,
Q96MK3,FAM20A golgi associated secretory pathway pseudokinase,Liver,GO:0005737;GO:0005783;GO:0070062;GO:0005615;GO:0005794;GO:0043539;GO:0031214;GO:0055074;GO:0070166;GO:0001934;GO:0009617;GO:0044691
Q8IZU0,Family with sequence similarity 9 member B,Liver,GO:0005694;GO:0005737;GO:0005654;GO:0005634;GO:0000795;GO:0051321;GO:0007286
Q00597,FA complementation group C,Liver,GO:0000785;GO:0005737;GO:0005829;GO:0043240;GO:0005654;GO:0005634;GO:0048854;GO:0034599;GO:0006281;GO:0007281;GO:0036297;GO:0002262;GO:0097150;GO:0006289;GO:0065003;GO:0019430
P09467,Fructose-bisphosphatase 1,Liver,GO:0005737;GO:0005829;GO:0070062;GO:0005634;GO:0016208;GO:0042132;GO:0042802;GO:0046872;GO:0048029;GO:0061629;GO:0071475;GO:0071477;GO:0071320;GO:0032869;GO:0071286;GO:1904628;GO:0097403;GO:0071466;GO:0016311;GO:0030388;GO:0006002;GO:0006000;GO:0006094;GO:0030308;GO:0045820;GO:0046580;GO:0000122;GO:0006111;GO:0031667
Q96EF6,F-box protein 17,Liver,GO:0005737;GO:0005829;GO:0019005;GO:0036503;GO:0006516;GO:0031146
P14324,Farnesyl diphosphate synthase,Liver,GO:0005737;GO:0005829;GO:0005759;GO:0005654;GO:0005777;GO:0004161;GO:0004337;GO:0046872;GO:0003723;GO:0006695;GO:0045337;GO:0033384
Q9GZV9,Fibroblast growth factor 23,Liver,GO:0005737;GO:0005788;GO:0005576;GO:0005615;GO:0005796;GO:0008083;GO:0005105;GO:0055074;GO:0071354;GO:0044320;GO:0071374;GO:0071305;GO:0070371;GO:0008543;GO:0030643;GO:0030502;GO:0046888;GO:0045668;GO:0022008;GO:0055062;GO:0008284;GO:0045893;GO:0070374;GO:0043410;GO:0090080;GO:0010980;GO:0030334;GO:0010966;GO:0032026;GO:1904383;GO:0042369
P22455,Fibroblast growth factor receptor 4,Liver,GO:0005783;GO:0005768;GO:0005576;GO:0005794;GO:0005886;GO:0043235;GO:0030133;GO:0005524;GO:0008288;GO:0060175;GO:0005006;GO:0017134;GO:0005007;GO:0005004;GO:0008201;GO:0005008;GO:0140801;GO:0035401;GO:0005009;GO:0005010;GO:0005011;GO:0036332;GO:0005018;GO:0005019;GO:0038062;GO:0005020;GO:0005005;GO:0005021;GO:0016477;GO:0007169;GO:0042632;GO:0008543;GO:0042593;GO:0018108;GO:0055062;GO:0043085;GO:0008284;GO:2000573;GO:0070374;GO:0010628;GO:0045862;GO:0046777;GO:0070857;GO:0010715;GO:0019216
Q96C11,FGGY carbohydrate kinase domain containing,Liver,GO:0005737;GO:0019150;GO:0046835;GO:0070050;GO:0019321
P07954,Fumarate hydratase,Liver,GO:0005694;GO:0005737;GO:0005829;GO:0070062;GO:0005759;GO:0005739;GO:0005634;GO:0035861;GO:0004333;GO:0042393;GO:0006525;GO:0006974;GO:0006281;GO:0006106;GO:0048873;GO:0006108;GO:0120162;GO:2001034;GO:0000821;GO:0006099;GO:0000050
P02751,Fibronectin 1,Liver,GO:0016324;GO:0005604;GO:0072562;GO:0062023;GO:0005788;GO:0005793;GO:0070062;GO:0031012;GO:0005576;GO:0005615;GO:0005577;GO:0005886;GO:0031093;GO:0005518;GO:0005201;GO:0008201;GO:0042802;GO:0005178;GO:0016504;GO:0002020;GO:0043394;GO:0048018;GO:0005102;GO:0006953;GO:0001525;GO:0051702;GO:0007161;GO:0007155;GO:0007160;GO:0007044;GO:0035987;GO:0007507;GO:0033622;GO:0007229;GO:0150102;GO:0071635;GO:0007399;GO:1901166;GO:0018149;GO:0045773;GO:0008284;GO:0048146;GO:0010628;GO:0051897;GO:1904237;GO:0008360;GO:0070372;GO:0001932;GO:0014850;GO:0009611;GO:0034446;GO:0042060
Q9H6D8,Fibronectin type III domain containing 4,Liver,GO:0005783;GO:0005615;GO:0005886;GO:0050728;GO:0071559
Q9Y261,Forkhead box A2,Liver,GO:0030054;GO:0000785;GO:0005737;GO:0005654;GO:0005634;GO:0003677;GO:0003700;GO:0000981;GO:0001227;GO:0003676;GO:0019904;GO:0000978;GO:1990837;GO:0000976;GO:0008344;GO:0009653;GO:0030154;GO:0001708;GO:0006325;GO:0071542;GO:0031018;GO:0043433;GO:0010719;GO:0000122;GO:2000049;GO:0045893;GO:0040019;GO:2000543;GO:0045944;GO:0090009;GO:0030193;GO:0061178;GO:0006357;GO:0070741
Q6ZNA5,Ferric chelate reductase 1,Liver,GO:0016020;GO:0046872;GO:0016722;GO:0006879
P19883,Follistatin,Liver,GO:0005737;GO:0005576;GO:0005615;GO:0005634;GO:0048185;GO:0038102;GO:0043395;GO:0036305;GO:0030509;GO:0030154;GO:0008585;GO:0007276;GO:0031069;GO:0002244;GO:0043616;GO:0032926;GO:0030857;GO:0000122;GO:0042475;GO:0007389;GO:0051798;GO:0030510;GO:0014070;GO:0001501
P02792,Ferritin light chain,Liver,GO:0044754;GO:0005776;GO:0035578;GO:0005737;GO:0005829;GO:0070062;GO:0005576;GO:0070288;GO:0016020;GO:0008199;GO:0008198;GO:0042802;GO:0005506;GO:0006879;GO:0006826
P09958,"Furin, paired basic amino acid cleaving enzyme",Liver,GO:0009986;GO:0005783;GO:0010008;GO:0070062;GO:0005576;GO:0005796;GO:0000139;GO:0016020;GO:0045121;GO:0005886;GO:0005802;GO:0030140;GO:0004175;GO:1904399;GO:0008201;GO:0046872;GO:0048406;GO:0008233;GO:0042277;GO:0002020;GO:0004252;GO:0004867;GO:0008236;GO:1990000;GO:0001825;GO:0030574;GO:0140447;GO:0090472;GO:0022617;GO:0030198;GO:0002862;GO:0032804;GO:0032911;GO:0032902;GO:0043043;GO:0016486;GO:0034369;GO:0051044;GO:0046598;GO:0051604;GO:0016485;GO:0032374;GO:0052548;GO:0042176;GO:0009966;GO:0032940;GO:0006465;GO:0007179;GO:0019058;GO:0019082;GO:0019081;GO:0031638
Q5VWT5,FYN binding protein 2,Liver,GO:0001772;GO:0045121;GO:0005886;GO:0033627;GO:0007229;GO:0072659;GO:0050852
Q13467,Frizzled class receptor 5,Liver,GO:0030424;GO:0005923;GO:0009986;GO:0030669;GO:0030425;GO:0031901;GO:0000139;GO:0043204;GO:0048471;GO:0005886;GO:0045202;GO:0001540;GO:0004930;GO:0008289;GO:0019901;GO:0044877;GO:0031625;GO:0042813;GO:0017147;GO:0001525;GO:0008595;GO:0060561;GO:0060670;GO:0060070;GO:0071219;GO:0060718;GO:0000578;GO:0048596;GO:0001654;GO:0002071;GO:0060574;GO:0060716;GO:0008285;GO:0030182;GO:0035567;GO:0032731;GO:1903955;GO:0002726;GO:0045944;GO:0032760;GO:0032729;GO:0031077;GO:2000810;GO:1901382;GO:1901524;GO:0060061;GO:0007416;GO:0060715;GO:0033077
O95257,Growth arrest and DNA damage inducible gamma,Liver,GO:0005737;GO:0005634;GO:0006915;GO:0030154;GO:0043065;GO:0120162;GO:0046330;GO:1900745;GO:0051726
P51570,Galactokinase 1,Liver,GO:0005737;GO:0005829;GO:0070062;GO:0016020;GO:0005524;GO:0004335;GO:0005534;GO:0019402;GO:0033499;GO:0006012;GO:0061623
P07902,Galactose-1-phosphate uridylyltransferase,Liver,GO:0005737;GO:0005829;GO:0005794;GO:0008108;GO:0008270;GO:0033499;GO:0006012;GO:0006011
Q14353,Guanidinoacetate N-methyltransferase,Liver,GO:0005737;GO:0005829;GO:0005634;GO:0030731;GO:0008168;GO:0009887;GO:0006601;GO:0006600;GO:0032259;GO:0006936;GO:0040014;GO:0007283
O43903,Growth arrest specific 2,Liver,GO:0005884;GO:0005829;GO:0016020;GO:0001725;GO:0051015;GO:0008017;GO:0051764;GO:0001547;GO:0006915;GO:0071711;GO:0001544;GO:0030728;GO:0051726;GO:0008360;GO:0008593
P32455,Guanylate binding protein 1,Liver,GO:0015629;GO:0005737;GO:0031410;GO:0030659;GO:0005829;GO:0005576;GO:0005794;GO:0000139;GO:0005886;GO:0106139;GO:0012506;GO:0003779;GO:0019955;GO:0019899;GO:0003925;GO:0019003;GO:0004382;GO:0005525;GO:0003924;GO:0051879;GO:0042802;GO:0001530;GO:1990606;GO:0042803;GO:0030507;GO:0071347;GO:0071356;GO:0071346;GO:0051715;GO:0042742;GO:0042832;GO:0051607;GO:0045087;GO:0070373;GO:0032703;GO:1903077;GO:1900025;GO:0050860;GO:0160075;GO:0140639;GO:0072665;GO:0050848;GO:1903076
Q92947,Glutaryl-CoA dehydrogenase,Liver,GO:0005759;GO:0005739;GO:0000062;GO:0050660;GO:0004361;GO:0033539;GO:0046949;GO:0006568
P30793,GTP cyclohydrolase 1,Liver,GO:0005737;GO:0031410;GO:0005829;GO:0005739;GO:0044306;GO:0031965;GO:0005654;GO:0005634;GO:0032991;GO:0005509;GO:0005525;GO:0003934;GO:0030742;GO:0003924;GO:0042802;GO:0051019;GO:0042803;GO:0044877;GO:0008270;GO:0051066;GO:0042416;GO:0045776;GO:0010667;GO:2000773;GO:0050884;GO:0006809;GO:0010460;GO:0043525;GO:0051000;GO:0032212;GO:0065003;GO:0042559;GO:0008217;GO:0014916;GO:2000121;GO:0032496;GO:0048265;GO:0034612;GO:0034341;GO:0006729;GO:0046654;GO:0042311
P35557,Glucokinase,Liver,GO:0005829;GO:0005739;GO:0005654;GO:0005524;GO:0005536;GO:0008865;GO:0004340;GO:0141089;GO:0019158;GO:0070509;GO:0061621;GO:0032869;GO:0044320;GO:0051156;GO:0006007;GO:0042593;GO:0006006;GO:0006096;GO:0001678;GO:0006739;GO:0045721;GO:0045725;GO:0032024;GO:0006110;GO:0050796;GO:0043266;GO:0009749
P48506,Glutamate-cysteine ligase catalytic subunit,Liver,GO:0005829;GO:0017109;GO:0005739;GO:0043531;GO:0005524;GO:0016595;GO:0004357;GO:0000287;GO:0044877;GO:0097746;GO:0045454;GO:0044344;GO:0071372;GO:0071333;GO:0035729;GO:0032869;GO:0071260;GO:0097069;GO:0006534;GO:0006536;GO:0006750;GO:0019852;GO:0043066;GO:0045892;GO:2001237;GO:2000490;GO:1901029;GO:0043524;GO:0031397;GO:0032436;GO:0051900;GO:0014823;GO:0046685;GO:0046686;GO:0009408;GO:0009725;GO:0044752;GO:0070555;GO:0051409;GO:0007584;GO:0006979;GO:0009410
P48507,Glutamate-cysteine ligase modifier subunit,Liver,GO:0005829;GO:0017109;GO:0004357;GO:0035226;GO:1990609;GO:0044877;GO:0008637;GO:0097746;GO:0044344;GO:0071372;GO:0071333;GO:0035729;GO:1990830;GO:0097069;GO:0006534;GO:0006536;GO:0006750;GO:0035733;GO:2001237;GO:0043524;GO:0051900;GO:0014823;GO:0044752;GO:0051409;GO:0007584;GO:0006979;GO:0009410
Q92820,Gamma-glutamyl hydrolase,Liver,GO:0035578;GO:0070062;GO:0005576;GO:0005615;GO:0042470;GO:0005634;GO:0035580;GO:1904724;GO:0005773;GO:0008238;GO:0034722;GO:0008242;GO:0046900
P19440,Gamma-glutamyltransferase 1,Liver,GO:0070062;GO:0005615;GO:0005886;GO:0036374;GO:0103068;GO:0002951;GO:0000048;GO:0006520;GO:0019344;GO:0006631;GO:0006536;GO:0006750;GO:0006751;GO:1901750;GO:0006691;GO:0031179;GO:0006508;GO:0002682;GO:0050727;GO:0007283;GO:0031638
P10912,Growth hormone receptor,Liver,GO:0009986;GO:0036464;GO:0005829;GO:0009897;GO:0005576;GO:0005615;GO:0070195;GO:0016020;GO:0043025;GO:0005886;GO:0043235;GO:0019955;GO:0019838;GO:0004903;GO:0042802;GO:0008289;GO:0017046;GO:0070064;GO:0042803;GO:0019901;GO:0019903;GO:0042169;GO:0060351;GO:0007259;GO:0032870;GO:0032869;GO:0019221;GO:0006897;GO:0060396;GO:0042445;GO:0009755;GO:0048009;GO:0045597;GO:0008284;GO:0043406;GO:0040018;GO:0046427;GO:0031623;GO:0040014;GO:0032107;GO:0046898;GO:0032355;GO:0032094;GO:0051384;GO:0009629;GO:0070555;GO:0019530
P32189,Glycerol kinase,Liver,GO:0005829;GO:0070062;GO:0005741;GO:0005739;GO:0005634;GO:0005524;GO:0004370;GO:0046872;GO:0019563;GO:0006071;GO:0046167;GO:0019432;GO:0006641
Q96MS3,Glycosyltransferase 1 domain containing 1,Liver,GO:0005829;GO:0005576;GO:0016757
Q5SZD4,Glycine-N-acyltransferase like 3,Liver,GO:0005739;GO:0047961;GO:0006629
A6NCL1,Geminin coiled-coil domain containing,Liver,GO:0005634;GO:0003682;GO:0060271;GO:0006260;GO:0045786;GO:0030174
Q96EK6,Glucosamine-phosphate N-acetyltransferase 1,Liver,GO:0005829;GO:0010008;GO:0000139;GO:0004343;GO:0042802;GO:0006048
Q9HCL2,"Glycerol-3-phosphate acyltransferase, mitochondrial",Liver,GO:0005741;GO:0005739;GO:0005886;GO:0004366;GO:0050798;GO:0006924;GO:0006637;GO:0016024;GO:0051607;GO:0006651;GO:0055089;GO:0006631;GO:0006650;GO:0070236;GO:0006654;GO:0006655;GO:0055091;GO:0042104;GO:0040018;GO:0001817;GO:0009749;GO:0019432
Q9NQX3,Gephyrin,Liver,GO:0005737;GO:0005856;GO:0005829;GO:0030425;GO:0043197;GO:0005886;GO:0014069;GO:0045211;GO:0099572;GO:0099634;GO:0097060;GO:0005524;GO:0042802;GO:0046872;GO:0061598;GO:0043546;GO:0061599;GO:0008940;GO:0030674;GO:0007529;GO:0097112;GO:0072579;GO:0006777;GO:0032324;GO:0098970;GO:0010038
Q9NQ84,G protein-coupled receptor class C group 5 member C,Liver,GO:0030659;GO:0070062;GO:0043231;GO:0005886;GO:0043235;GO:0031982;GO:0004930;GO:0030295;GO:0007186
P24298,Glutamic--pyruvic transaminase,Liver,GO:0005829;GO:0070062;GO:0004021;GO:0030170;GO:0009058;GO:0032869;GO:0042853;GO:0045722;GO:0042594
P18283,Glutathione peroxidase 2,Liver,GO:0005737;GO:0005829;GO:0045171;GO:0072686;GO:0009055;GO:0004602;GO:0047066;GO:0006979
Q6IC98,GRAM domain containing 4,Liver,GO:0005789;GO:0031966;GO:0005739;GO:0006915;GO:0034164;GO:2001056
Q14449,Growth factor receptor bound protein 14,Liver,GO:0005737;GO:0005829;GO:0010008;GO:0043231;GO:0005886;GO:0060090;GO:0030674;GO:0030971;GO:0008286;GO:0046627;GO:0007165
Q9H772,"Gremlin 2, DAN family BMP antagonist",Liver,GO:0005576;GO:0005615;GO:0036122;GO:0005125;GO:0008201;GO:0042802;GO:0048018;GO:0019221;GO:0048263;GO:0010172;GO:0060300;GO:0038098
Q9UBQ7,Glyoxylate and hydroxypyruvate reductase,Liver,GO:1902494;GO:0005737;GO:0005829;GO:0070062;GO:0005739;GO:0005782;GO:0031406;GO:0030267;GO:0008465;GO:0120509;GO:0016618;GO:0051287;GO:0070402;GO:0042803;GO:0019752;GO:0043648;GO:0046487
Q5TC63,Growth hormone regulated TBC protein 1,Liver,GO:0005096
Q8TAX9,Gasdermin B,Liver,GO:0005737;GO:0005886;GO:1901612;GO:0005546;GO:0070273;GO:0001786;GO:0005543;GO:0022829;GO:1902483;GO:0042742;GO:0050829;GO:0051873;GO:0031640;GO:0012501;GO:0070269
P08263,Glutathione S-transferase alpha 1,Liver,GO:0005829;GO:0070062;GO:0005504;GO:0004602;GO:0004364;GO:0004769;GO:0030855;GO:1901687;GO:0006749;GO:0043651;GO:0006693;GO:0006805
P09488,Glutathione S-transferase mu 1,Liver,GO:0005737;GO:0005829;GO:0045171;GO:0019899;GO:0043295;GO:0004364;GO:0042803;GO:0070458;GO:1901687;GO:0006749;GO:0051122;GO:0018916;GO:0006693;GO:0042178
P78417,Glutathione S-transferase omega 1,Liver,GO:0005737;GO:0005829;GO:0070062;GO:0045174;GO:0004364;GO:0050610;GO:0016491;GO:0071243;GO:0006749;GO:0019852;GO:0060315;GO:0060316;GO:0014810;GO:0010881;GO:0010880;GO:0042178
P62805,H4 clustered histone 11,Liver,GO:0043505;GO:0000781;GO:0070062;GO:0005576;GO:0016020;GO:0005654;GO:0000786;GO:0005634;GO:0032991;GO:0003677;GO:0046982;GO:0003723;GO:0030527;GO:0006325;GO:0045653;GO:0006334;GO:0061644;GO:0032200
O95479,Hexose-6-phosphate dehydrogenase/glucose 1-dehydrogenase,Liver,GO:0005783;GO:0005788;GO:0017057;GO:0030246;GO:0047934;GO:0047935;GO:0004345;GO:0050661;GO:0006006;GO:0009051;GO:2000064;GO:0097305;GO:0031667
Q9P1Z3,Hyperpolarization activated cyclic nucleotide gated potassium channel 3,Liver,GO:0030424;GO:0044316;GO:0030425;GO:0098855;GO:0043025;GO:0005886;GO:0030552;GO:0005249;GO:0005248;GO:1903351;GO:0071805;GO:0003254;GO:0042391;GO:0035725
Q14CZ8,Hepatic and glial cell adhesion molecule,Liver,GO:0097450;GO:0005911;GO:0005737;GO:0005886;GO:0007155;GO:0006955;GO:0150105;GO:0051726
Q03014,Hematopoietically expressed homeobox,Liver,GO:0000785;GO:0005737;GO:0016604;GO:0005634;GO:0032993;GO:0008301;GO:0001228;GO:0000981;GO:0140297;GO:0001227;GO:0008190;GO:0042803;GO:0000978;GO:0043565;GO:0017025;GO:0000976;GO:0009952;GO:0030183;GO:0030154;GO:0071103;GO:0006406;GO:0016525;GO:0045736;GO:0045892;GO:0010944;GO:0000122;GO:0010621;GO:0030948;GO:0016973;GO:0090263;GO:0045893;GO:0045944;GO:0030177;GO:0034504;GO:0070663;GO:0006357;GO:0016055
Q16534,"HLF transcription factor, PAR bZIP family member",Liver,GO:0000785;GO:0005654;GO:0005634;GO:0090575;GO:0003677;GO:0001228;GO:0000981;GO:0003690;GO:0000978;GO:0043565;GO:1990837;GO:0045944;GO:0006357;GO:0048511;GO:0035914
P35914,3-hydroxy-3-methylglutaryl-CoA lyase,Liver,GO:0005829;GO:0005759;GO:0005739;GO:0005782;GO:0005777;GO:0032991;GO:0004419;GO:0000287;GO:0030145;GO:0046872;GO:0005198;GO:0046951;GO:0006552;GO:0006629;GO:0007005
P04035,3-hydroxy-3-methylglutaryl-CoA reductase,Liver,GO:0005783;GO:0005789;GO:0005778;GO:0120225;GO:0030695;GO:0004420;GO:0070402;GO:0006695;GO:0015936;GO:0008299;GO:0060291;GO:1900222;GO:0042177;GO:0050709;GO:0070372;GO:0016126;GO:0008542
Q01581,3-hydroxy-3-methylglutaryl-CoA synthase 1,Liver,GO:0005737;GO:0005829;GO:0004421;GO:0042803;GO:0006084;GO:0006695;GO:0010142;GO:0006629
P50135,Histamine N-methyltransferase,Liver,GO:0005813;GO:0005737;GO:0005829;GO:0070062;GO:0005654;GO:0046539;GO:0001695;GO:0001692;GO:0006548;GO:0032259;GO:0007585
Q86XE5,4-hydroxy-2-oxoglutarate aldolase 1,Liver,GO:0005759;GO:0005739;GO:0106009;GO:0008700;GO:0008747;GO:0042803;GO:0019470;GO:0009436;GO:0046487;GO:0019262;GO:0033609;GO:0042866
P05981,Hepsin,Liver,GO:0016324;GO:0009986;GO:0005911;GO:0005789;GO:0070062;GO:0016020;GO:0043025;GO:0005886;GO:0008233;GO:0004252;GO:0070008;GO:0008236;GO:0034769;GO:0090103;GO:0050910;GO:0043066;GO:0050680;GO:0010719;GO:0097195;GO:0043923;GO:0030307;GO:0010628;GO:2000347;GO:0010756;GO:2000611;GO:0071805;GO:0006508;GO:0008360;GO:0097066
Q9UPZ3,HPS5 biogenesis of lysosomal organelles complex 2 subunit 2,Liver,GO:0031084;GO:0005737;GO:0005829;GO:0005769;GO:0007596;GO:0048066;GO:0046907;GO:1903232;GO:0060155
Q9Y662,Heparan sulfate-glucosamine 3-sulfotransferase 3B1,Liver,GO:0000139;GO:0005886;GO:0008467;GO:0033872;GO:0001658;GO:0006024;GO:0015012;GO:0015015
Q8NBQ5,Hydroxysteroid 17-beta dehydrogenase 11,Liver,GO:0005737;GO:0005829;GO:0005783;GO:0005811;GO:0004303;GO:0016616;GO:0016229;GO:0006710;GO:0006703
P37058,Hydroxysteroid 17-beta dehydrogenase 3,Liver,GO:0005783;GO:0005789;GO:0043231;GO:0072582;GO:0004303;GO:0047045;GO:0030283;GO:0006702;GO:0030539;GO:0006694;GO:0061370
P51659,Hydroxysteroid 17-beta dehydrogenase 4,Liver,GO:0005829;GO:0016020;GO:0005782;GO:0005778;GO:0005777;GO:0106386;GO:0044594;GO:0018812;GO:0003857;GO:0033989;GO:0004300;GO:0004303;GO:0016853;GO:0042803;GO:0008209;GO:0008210;GO:0006635;GO:0036112;GO:0001649;GO:0060009;GO:0000038;GO:0036111
P56937,Hydroxysteroid 17-beta dehydrogenase 7,Liver,GO:0005789;GO:0005739;GO:0000253;GO:0047024;GO:0004303;GO:0008209;GO:0006695;GO:0006703
Q12794,Hyaluronidase 1,Liver,GO:0031410;GO:0070062;GO:0005615;GO:0036117;GO:0043202;GO:0005764;GO:0052757;GO:0004415;GO:0005975;GO:0051216;GO:0044344;GO:0071347;GO:0071467;GO:0036120;GO:0071356;GO:0071493;GO:0030207;GO:0060272;GO:0006027;GO:0030214;GO:0030212;GO:0006954;GO:0030308;GO:0045766;GO:0045785;GO:0030307;GO:1900106;GO:0046677;GO:0000302;GO:0009615
O75874,Isocitrate dehydrogenase (NADP(+)) 1,Liver,GO:0005737;GO:0005829;GO:0070062;GO:0005576;GO:1904813;GO:0005739;GO:0005782;GO:0005777;GO:0034774;GO:1904724;GO:0045296;GO:0042802;GO:0004450;GO:0000287;GO:0051287;GO:0050661;GO:0042803;GO:0006103;GO:0008585;GO:0006749;GO:0006097;GO:0006102;GO:0006739;GO:0071071;GO:0060696;GO:0006979;GO:0048545;GO:0006099
Q5T6J7,IDNK gluconokinase,Liver,GO:0005524;GO:0046316;GO:0046177
P17936,Insulin like growth factor binding protein 3,Liver,GO:0005788;GO:0005576;GO:0005615;GO:0016942;GO:0042567;GO:0005634;GO:0001968;GO:0005520;GO:0031994;GO:0031995;GO:0046872;GO:0008160;GO:0006915;GO:0000165;GO:0008285;GO:0001933;GO:0009968;GO:0014912;GO:0048662;GO:0001649;GO:0043065;GO:0043568;GO:0043410;GO:0045663;GO:0006468;GO:0001558;GO:0010906;GO:0043567;GO:0044342
Q9H665,IGF like family receptor 1,Liver,GO:0005654;GO:0005886
Q9P2J2,Immunoglobulin superfamily member 9,Liver,GO:0030424;GO:0030425;GO:0098978;GO:0060077;GO:0005886;GO:0098839;GO:0098632;GO:0007411;GO:0016358;GO:0070593;GO:0007156;GO:0090128
P24001,Interleukin 32,Liver,GO:0005829;GO:0005615;GO:0016020;GO:0005125;GO:0007155;GO:0006952;GO:0006955;GO:1903901;GO:0010628;GO:1905636;GO:0034346
P08887,Interleukin 6 receptor,Liver,GO:0016324;GO:0070110;GO:0009897;GO:0005576;GO:0005615;GO:0005896;GO:0005886;GO:0043235;GO:0070119;GO:0004896;GO:0019899;GO:0019970;GO:0004921;GO:0019981;GO:0004915;GO:0042803;GO:0006953;GO:0097696;GO:0070120;GO:0019221;GO:0050829;GO:0050830;GO:0031018;GO:0097191;GO:0002384;GO:0070102;GO:0002548;GO:0032966;GO:0032717;GO:0002446;GO:0008284;GO:0032722;GO:0072126;GO:0032755;GO:0002690;GO:0043410;GO:0045669;GO:0050731;GO:0048661;GO:0034097;GO:0072540;GO:0010573
Q8NFU5,Inositol polyphosphate multikinase,Liver,GO:0005737;GO:0005654;GO:0005634;GO:0046934;GO:0005524;GO:0097243;GO:0051765;GO:0102732;GO:0000825;GO:0047326;GO:0000824;GO:0008440;GO:0000823;GO:0046872;GO:0032958;GO:0043647;GO:0032957;GO:0070266;GO:0046488
Q13576,IQ motif containing GTPase activating protein 2,Liver,GO:0015629;GO:0005938;GO:0009986;GO:0005737;GO:0005829;GO:0070062;GO:0030175;GO:0030027;GO:0005874;GO:0005902;GO:0005886;GO:0030667;GO:0003779;GO:0051015;GO:0071933;GO:0005516;GO:0005096;GO:0005095;GO:0005547;GO:0031267;GO:0034314;GO:1903479;GO:0032956;GO:0007165;GO:0070493
Q92985,Interferon regulatory factor 7,Liver,GO:0000785;GO:0005737;GO:0005829;GO:0010008;GO:0005654;GO:0005634;GO:0003677;GO:0000981;GO:0000978;GO:1990837;GO:0002753;GO:0051607;GO:0006974;GO:0019043;GO:0002376;GO:0016064;GO:0045087;GO:0039530;GO:2000110;GO:0000122;GO:0045893;GO:0032727;GO:0032728;GO:0045944;GO:0032481;GO:0060340;GO:0002819;GO:0050776;GO:0045655;GO:0034124;GO:0034127;GO:0006357;GO:0032479;GO:0009615;GO:0060337
Q96AB3,Isochorismatase domain containing 2,Liver,GO:0005737;GO:0005739;GO:0005634;GO:0031648
Q14571,"Inositol 1,4,5-trisphosphate receptor type 2",Liver,GO:0005938;GO:0005783;GO:0005789;GO:0016020;GO:0005654;GO:0005886;GO:0031095;GO:0043235;GO:0016529;GO:0033017;GO:0030667;GO:0030658;GO:0005524;GO:0005509;GO:0015085;GO:0070679;GO:0005220;GO:0035091;GO:0097110;GO:0044325;GO:0071320;GO:0071361;GO:0051209;GO:0001666;GO:0007165
Q9H2S1,Potassium calcium-activated channel subfamily N member 2,Liver,GO:0009986;GO:0043197;GO:0016020;GO:0043025;GO:0005886;GO:0030018;GO:0051393;GO:0015269;GO:0005516;GO:0005242;GO:0019904;GO:0042803;GO:0016286;GO:0098914;GO:0071805;GO:0006813;GO:1901379
Q9UIH9,KLF transcription factor 15,Liver,GO:0000785;GO:0043231;GO:0016607;GO:0005654;GO:0005634;GO:0001228;GO:0000981;GO:0046872;GO:0000978;GO:0000977;GO:1990837;GO:0000976;GO:0014898;GO:1901653;GO:0010001;GO:0001678;GO:2000757;GO:0072112;GO:0046326;GO:0045944;GO:0006357;GO:0030111;GO:0032868
Q16719,Kynureninase,Liver,GO:0005737;GO:0005829;GO:0005739;GO:0005654;GO:0030429;GO:0042803;GO:0030170;GO:0034354;GO:0043420;GO:0097053;GO:0009435;GO:0019805;GO:0034341;GO:0034516;GO:0006569;GO:0019441
Q53H82,Lactamase beta 2,Liver,GO:0005759;GO:0005739;GO:0004521;GO:0003727;GO:0008270
P04180,Lecithin-cholesterol acyltransferase,Liver,GO:0070062;GO:0005576;GO:0005615;GO:0034364;GO:0003847;GO:0034186;GO:0004607;GO:0047179;GO:0004771;GO:0042632;GO:0008203;GO:0030301;GO:0034375;GO:0006629;GO:0042158;GO:0006656;GO:0046470;GO:0006644;GO:0090107;GO:0043691;GO:0034372
Q86WU2,Lactate dehydrogenase D,Liver,GO:0005743;GO:0005739;GO:0004458;GO:0008720;GO:0071949;GO:0050660;GO:1903457
Q8IXW0,Lamin tail domain containing 2,Liver,GO:0005638;GO:0030527
Q496Y0,LON peptidase N-terminal domain and ring finger 3,Liver,GO:0005737;GO:0046872;GO:0061630
Q92539,Lipin 2,Liver,GO:0005829;GO:0005789;GO:0005634;GO:0008195;GO:0003713;GO:0032869;GO:0009062;GO:0006629;GO:0045944;GO:0019432
O95237,Lecithin retinol acyltransferase,Liver,GO:0005783;GO:0005789;GO:0005771;GO:0048471;GO:0005791;GO:0016746;GO:0016416;GO:0047173;GO:0001972;GO:0019841;GO:1990830;GO:0032370;GO:0009617;GO:0032526;GO:0033189;GO:0001523;GO:0042572;GO:0007601;GO:0006776
O75197,LDL receptor related protein 5,Liver,GO:0005783;GO:0005886;GO:0043235;GO:1990909;GO:1990851;GO:0015026;GO:0042813;GO:0017147;GO:0060612;GO:0006865;GO:0060033;GO:0009952;GO:1902262;GO:0048539;GO:0060349;GO:0046849;GO:0060444;GO:0060070;GO:0042074;GO:0098609;GO:0060764;GO:0042632;GO:0008203;GO:0042733;GO:0006897;GO:0060856;GO:1990963;GO:0035426;GO:0001702;GO:0010467;GO:0006007;GO:0008078;GO:0045668;GO:0071901;GO:0007399;GO:0110135;GO:0002076;GO:0033687;GO:0008284;GO:0045893;GO:0045600;GO:0002053;GO:0045840;GO:0045669;GO:0033690;GO:0045944;GO:0042981;GO:0008217;GO:0061178;GO:0043434;GO:0060042;GO:0061304;GO:0035019
Q86X40,Leucine rich repeat containing 28,Liver,GO:0035556
Q9BY71,Leucine rich repeat containing 3,Liver,GO:0005886
Q86X29,Lipolysis stimulated lipoprotein receptor,Liver,GO:0005923;GO:0030054;GO:0042627;GO:0070062;GO:0034362;GO:0005886;GO:0070160;GO:0061689;GO:0034361;GO:0010669;GO:0060856;GO:0061436;GO:0001889;GO:0035633;GO:0061833;GO:1904274
Q16553,Lymphocyte antigen 6 family member E,Liver,GO:0005576;GO:0005886;GO:0098552;GO:0045202;GO:0033130;GO:0030550;GO:0095500;GO:0007166;GO:0046597
Q9H6Y5,"MAGI family member, X-linked",Liver,
Q6UXC1,MAM domain containing 4,Liver,GO:0005794;GO:0016020;GO:0015031
P33908,Mannosidase alpha class 1A member 1,Liver,GO:0031410;GO:0005829;GO:0005783;GO:0005793;GO:0070062;GO:0005794;GO:0000139;GO:0016020;GO:0005509;GO:0015923;GO:0004571;GO:0005975;GO:0036503;GO:1904381;GO:1904382;GO:0006486;GO:0045047
P27338,Monoamine oxidase B,Liver,GO:0030425;GO:0005740;GO:0005741;GO:0005739;GO:0043025;GO:0052595;GO:0009055;GO:0050660;GO:0042802;GO:0097621;GO:0008131;GO:0042420;GO:0050665;GO:0014063;GO:0019607;GO:0045964;GO:0010044;GO:0051412;GO:0045471;GO:0032496;GO:0010269;GO:0009636;GO:0009410;GO:0021762
Q9UEW3,Macrophage receptor with collagenous structure,Liver,GO:0005581;GO:0062023;GO:0005737;GO:0030666;GO:0005886;GO:0001540;GO:0038024;GO:0001664;GO:0038187;GO:0004888;GO:0007193;GO:0097242;GO:0043277;GO:0007166;GO:0045087;GO:0006911;GO:0070374;GO:0006898
P48740,MBL associated serine protease 1,Liver,GO:0005829;GO:0005576;GO:0005615;GO:0005654;GO:0005509;GO:0048306;GO:0042802;GO:0008233;GO:0042803;GO:0004252;GO:0001867;GO:0045916;GO:0031638
Q9NUK0,Muscleblind like splicing regulator 3,Liver,GO:0005737;GO:0005829;GO:0005654;GO:0046872;GO:0003723;GO:0006397;GO:0045662;GO:0043484;GO:0008380
Q9HCC0,Methylcrotonyl-CoA carboxylase subunit 2,Liver,GO:0005829;GO:1905202;GO:0005759;GO:0005739;GO:0005524;GO:0004485;GO:0009083;GO:0015936;GO:0006552
Q9BUT9,MAPK regulated corepressor interacting protein 2,Liver,GO:0005737;GO:0010494;GO:0005634
P08581,"MET proto-oncogene, receptor tyrosine kinase",Liver,GO:0009925;GO:0009986;GO:0005576;GO:0016020;GO:0005886;GO:0098794;GO:0043235;GO:0005524;GO:0008288;GO:0060175;GO:0005006;GO:0005007;GO:0005004;GO:0005008;GO:0140801;GO:0035401;GO:0042802;GO:0005009;GO:0005010;GO:0005011;GO:0140677;GO:0036332;GO:0005018;GO:0005019;GO:0019903;GO:0004713;GO:0038062;GO:0017154;GO:0005020;GO:0005005;GO:0005021;GO:0048754;GO:0016477;GO:0007169;GO:0007166;GO:0001886;GO:0061436;GO:0060079;GO:0001889;GO:0010507;GO:1905098;GO:1901299;GO:0035024;GO:0051497;GO:0070495;GO:0007399;GO:0030182;GO:0031016;GO:0006909;GO:0050918;GO:2001028;GO:0031116;GO:0045944;GO:0071526;GO:0007165
Q9H8H3,Methyltransferase like 7A,Liver,GO:0005829;GO:0005783;GO:0005576;GO:0005811;GO:0016020;GO:1904724;GO:0008168;GO:0001734;GO:0008173;GO:0018708;GO:0180035;GO:0032259;GO:0042476;GO:0001649
Q6UX53,Methyltransferase like 7B,Liver,GO:0005829;GO:0005789;GO:0005811;GO:0008757;GO:0018708;GO:0032259
Q8NA29,Major facilitator superfamily domain containing 2A,Liver,GO:0005789;GO:0016020;GO:0005886;GO:0015245;GO:0005324;GO:0140348;GO:0051978;GO:1901480;GO:0005548;GO:0007420;GO:0008643;GO:0009267;GO:0050890;GO:0097009;GO:0060856;GO:0015908;GO:0021766;GO:1990379;GO:0015909;GO:0140329;GO:0051977;GO:0035633;GO:0061744;GO:0031999;GO:0006656;GO:0008594;GO:0035845;GO:0030307;GO:0010867;GO:0050773;GO:0040014;GO:0150011;GO:0150172;GO:0150175;GO:0150178;GO:0060042;GO:0003406;GO:0045056;GO:0055085;GO:0150104;GO:0034379
Q9UQ53,"Alpha-1,3-mannosyl-glycoprotein 4-beta-N-acetylglucosaminyltransferase B",Liver,GO:0005783;GO:0005793;GO:0000139;GO:0005795;GO:0008375;GO:0008454;GO:0046872;GO:0006491;GO:0006486;GO:0006487;GO:0019082
P16455,O-6-methylguanine-DNA methyltransferase,Liver,GO:0016020;GO:0005654;GO:0005634;GO:0003677;GO:0009008;GO:0046872;GO:0003908;GO:0008168;GO:0006307;GO:0006266;GO:0006281;GO:0032259;GO:0043066;GO:2000781
P10620,Microsomal glutathione S-transferase 1,Liver,GO:0035577;GO:0005783;GO:0005789;GO:0016020;GO:0005741;GO:0005739;GO:0005778;GO:0005886;GO:0004602;GO:0004364;GO:0071449;GO:0034635
Q99735,Microsomal glutathione S-transferase 2,Liver,GO:0005783;GO:0005789;GO:0043231;GO:0016020;GO:0005635;GO:0005886;GO:0008047;GO:0043295;GO:0004602;GO:0004364;GO:0042802;GO:0004464;GO:0006750;GO:0019370;GO:0006629;GO:0046466;GO:0050729;GO:0032496
Q96PC5,MIA SH3 domain ER export factor 2,Liver,GO:0005783;GO:0070971;GO:0005789;GO:0016020;GO:0038024;GO:0008047;GO:0006888;GO:0042953;GO:0032527;GO:0070973;GO:0009306;GO:0035459
Q8IVH4,Metabolism of cobalamin associated A,Liver,GO:0005737;GO:0005829;GO:0005759;GO:0005739;GO:0005525;GO:0003924;GO:0042802;GO:1990606;GO:0042803;GO:0009235
Q96EY8,Metabolism of cobalamin associated B,Liver,GO:0005759;GO:0005739;GO:0005524;GO:0031419;GO:0008817;GO:0016765;GO:0009235
Q9Y4U1,Metabolism of cobalamin associated C,Liver,GO:0005737;GO:0005829;GO:0031419;GO:0033787;GO:0032451;GO:0071949;GO:0043295;GO:0016491;GO:0042803;GO:0016765;GO:0009235;GO:0070988;GO:0006749
P22033,Methylmalonyl-CoA mutase,Liver,GO:0005737;GO:0005759;GO:0005739;GO:0031419;GO:0003924;GO:0042802;GO:0046872;GO:0004494;GO:0072341;GO:0042803;GO:0050667;GO:0043547;GO:0009791;GO:0019678;GO:1901290
Q96EN8,Molybdenum cofactor sulfurase,Liver,GO:0005829;GO:0016829;GO:0008265;GO:0030151;GO:0030170;GO:0006777;GO:0032324;GO:0043545
O75970,Multiple PDZ domain crumbs cell polarity complex component,Liver,GO:0045177;GO:0016324;GO:0016327;GO:0005923;GO:0005737;GO:0030425;GO:0005886;GO:0014069;GO:0120192
P25325,Mercaptopyruvate sulfurtransferase,Liver,GO:0070062;GO:0005759;GO:0005739;GO:0043005;GO:0045202;GO:0016784;GO:0042802;GO:0004792;GO:0009440;GO:0070814;GO:0001822;GO:0001889;GO:0009636;GO:0021510;GO:0000098;GO:0019346
Q15800,Methylsterol monooxygenase 1,Liver,GO:0005783;GO:0005789;GO:0016020;GO:0005886;GO:0000254;GO:0005506;GO:0006695;GO:0006631;GO:0008202;GO:0016126
Q9UJ68,Methionine sulfoxide reductase A,Liver,GO:0015629;GO:0005737;GO:0005829;GO:0070062;GO:0043231;GO:0030496;GO:0005739;GO:0005654;GO:0005886;GO:0036456;GO:0008113;GO:0034599;GO:0006555;GO:0036211;GO:0030091;GO:0006979
Q9NZV6,Methionine sulfoxide reductase B1,Liver,GO:0015629;GO:0005829;GO:0005634;GO:0003779;GO:0033745;GO:0033743;GO:0008270;GO:0030041;GO:0045087;GO:0030091
P04731,Metallothionein 1A,Liver,GO:0005737;GO:0005829;GO:0005634;GO:0046872;GO:0008270;GO:0071276;GO:0071280;GO:0071294;GO:0010273;GO:0006882;GO:0045926
P04732,Metallothionein 1E,Liver,GO:0005737;GO:0005634;GO:0046872;GO:0008270;GO:0071276;GO:0071280;GO:0071294;GO:0010273;GO:0006882;GO:0045926
P04733,Metallothionein 1F,Liver,GO:0005737;GO:0005634;GO:0046872;GO:0008270;GO:0071276;GO:0071280;GO:0071294;GO:0010273;GO:0006882;GO:0045926
P13640,Metallothionein 1G,Liver,GO:0005737;GO:0005634;GO:0046872;GO:0008270;GO:0071276;GO:0071280;GO:0035924;GO:0071294;GO:0010273;GO:0006882;GO:0042117;GO:0030224;GO:0045926
P80294,Metallothionein 1H,Liver,GO:0005737;GO:0005634;GO:0046872;GO:0008270;GO:0071276;GO:0071280;GO:0071294;GO:0010273;GO:0006882;GO:0045926
Q8N339,Metallothionein 1M,Liver,GO:0005737;GO:0005634;GO:0046872;GO:0008270;GO:0071276;GO:0071280;GO:0071294;GO:0010273;GO:0006882;GO:0045926
P80297,Metallothionein 1X,Liver,GO:0005737;GO:0005634;GO:0046872;GO:0008270;GO:0071276;GO:0071280;GO:0036018;GO:0071294;GO:0010273;GO:0006882;GO:0045926;GO:0010038
P02795,Metallothionein 2A,Liver,GO:0005737;GO:0005829;GO:0005634;GO:0046872;GO:0008270;GO:0071276;GO:0071280;GO:0036018;GO:0036016;GO:0071294;GO:0010273;GO:0006878;GO:0006882;GO:0045926
Q5VT66,Mitochondrial amidoxime reducing component 1,Liver,GO:0005741;GO:0005739;GO:1903958;GO:0030151;GO:0043546;GO:0008940;GO:0098809;GO:0016661;GO:0030170;GO:0070458;GO:0051410;GO:0042126;GO:0006809
Q969Z3,Mitochondrial amidoxime reducing component 2,Liver,GO:0005741;GO:0005739;GO:0005777;GO:0030151;GO:0043546;GO:0008940;GO:0098809;GO:0016661;GO:0030170;GO:0070458;GO:0051410;GO:0042126;GO:0006809
Q9H903,Methylenetetrahydrofolate dehydrogenase (NADP+ dependent) 2 like,Liver,GO:0005743;GO:0005759;GO:0005739;GO:0004477;GO:0004487;GO:0004488;GO:0009256;GO:0046655;GO:0000105;GO:0009086;GO:0006164;GO:0035999
Q03426,Mevalonate kinase,Liver,GO:0005829;GO:0043231;GO:0005777;GO:0005524;GO:0042802;GO:0000287;GO:0004496;GO:0006695;GO:0019287;GO:0008299;GO:0050728
Q9Y6X6,Myosin XVI,Liver,GO:0005737;GO:0016459;GO:0005654;GO:0048471;GO:0005886;GO:0051015;GO:0005524;GO:0003774;GO:0019903;GO:0021549;GO:0008285;GO:2000134;GO:0048812;GO:0043491
O43795,Myosin IB,Liver,GO:0015629;GO:0005884;GO:0045177;GO:0005903;GO:0071944;GO:0005737;GO:0005769;GO:0010008;GO:0070062;GO:0030175;GO:0005902;GO:0016459;GO:0048471;GO:0005886;GO:0051015;GO:0005524;GO:0045296;GO:0005516;GO:0000146;GO:0005547;GO:0005546;GO:0051017;GO:0007015;GO:0030048;GO:0006897;GO:0006892
Q6XQN6,Nicotinate phosphoribosyltransferase,Liver,GO:0035578;GO:0005829;GO:0070062;GO:0005576;GO:0046872;GO:0004516;GO:0016740;GO:0034355;GO:0006979
Q5VWK0,NBPF member 6,Liver,GO:0005737
Q9HC98,NIMA related kinase 6,Liver,GO:0034451;GO:0005737;GO:0005829;GO:0005874;GO:0016607;GO:0005654;GO:0005634;GO:0032991;GO:0000922;GO:0004676;GO:0004679;GO:0005524;GO:0140297;GO:0004677;GO:0004694;GO:0044024;GO:0072371;GO:1990244;GO:0035979;GO:0044025;GO:0140823;GO:0035175;GO:0044022;GO:0140855;GO:0035402;GO:0072354;GO:0140857;GO:0035403;GO:0044023;GO:0019894;GO:0000287;GO:0019901;GO:0106310;GO:0004674;GO:0072518;GO:0004711;GO:0001222;GO:0031625;GO:0006915;GO:0051301;GO:0007059;GO:0007077;GO:0007052;GO:0018105;GO:0043123;GO:0046777;GO:0006468;GO:2000772;GO:0007346;GO:0030071;GO:0051225
Q9BPW8,Nipsnap homolog 1,Liver,GO:0005759;GO:0005739;GO:0097060;GO:0030674;GO:0000423;GO:0019233
Q9NQR4,Nitrilase family member 2,Liver,GO:0005813;GO:0005829;GO:0070062;GO:0005576;GO:0005739;GO:0035580;GO:1904724;GO:0106008;GO:0050152;GO:0006528;GO:0006541;GO:0006107
P59045,NLR family pyrin domain containing 11,Liver,GO:0005737;GO:0005524;GO:0016715;GO:0003723;GO:0050727
P40261,Nicotinamide N-methyltransferase,Liver,GO:0005829;GO:0008112;GO:0030760;GO:0031100;GO:0032259;GO:0034356;GO:0006769;GO:0045722;GO:0090312;GO:0009410
P48145,Neuropeptides B and W receptor 1,Liver,GO:0016020;GO:0043005;GO:0005886;GO:0045202;GO:0004985;GO:0004930;GO:0042923;GO:0008188;GO:0007268;GO:0007186;GO:0007218;GO:0019222
Q8N729,Neuropeptide W,Liver,GO:0005576;GO:0001664;GO:0007631;GO:0007186;GO:0007218
Q15466,Nuclear receptor subfamily 0 group B member 2,Liver,GO:0000785;GO:0005737;GO:0043231;GO:0005654;GO:0005634;GO:0032991;GO:0046965;GO:0046966;GO:0042975;GO:0019904;GO:0042803;GO:0044877;GO:0003714;GO:0140416;GO:0031100;GO:0015721;GO:0008203;GO:0032922;GO:0007623;GO:0043433;GO:0045892;GO:0010629;GO:0000122;GO:0007219;GO:0045893;GO:0010628;GO:0032024;GO:0045471;GO:0009749;GO:0014070
Q96RI1,Nuclear receptor subfamily 1 group H member 4,Liver,GO:0000785;GO:0000791;GO:0005654;GO:0005634;GO:0043235;GO:0090575;GO:0032052;GO:0038186;GO:1902122;GO:0001228;GO:0003700;GO:0000981;GO:0004879;GO:0016922;GO:0046965;GO:0000978;GO:0000977;GO:0043565;GO:0000976;GO:0001221;GO:0008270;GO:0008206;GO:0030154;GO:0007043;GO:1903413;GO:0071398;GO:0071222;GO:0042632;GO:0042742;GO:0055089;GO:0006954;GO:0045087;GO:0001678;GO:0035356;GO:0043066;GO:0043124;GO:0050728;GO:0032692;GO:0032703;GO:0032715;GO:0071638;GO:0000122;GO:0032720;GO:0010804;GO:0032689;GO:0010903;GO:0007219;GO:0038185;GO:1904179;GO:2001250;GO:0045893;GO:2000213;GO:0046628;GO:0035774;GO:0032740;GO:1905695;GO:0045944;GO:0070857;GO:0090181;GO:0006355;GO:0061178;GO:0010988;GO:0006357;GO:0034255;GO:0034162;GO:0006366
P10588,Nuclear receptor subfamily 2 group F member 6,Liver,GO:0000785;GO:0005739;GO:0005654;GO:0005634;GO:0003700;GO:0000981;GO:0001227;GO:0004879;GO:0000978;GO:0043565;GO:1990837;GO:0008270;GO:0030154;GO:0050965;GO:0043153;GO:0000122;GO:0007399;GO:0048666
Q02297,Neuregulin 1,Liver,GO:0016324;GO:0005576;GO:0005615;GO:0098978;GO:0016020;GO:0005654;GO:0005886;GO:0045499;GO:0005125;GO:0043125;GO:0008083;GO:0005178;GO:0030296;GO:0048018;GO:0030971;GO:0005102;GO:0003712;GO:0030297;GO:0032148;GO:0007171;GO:0007420;GO:0055007;GO:0060379;GO:0007154;GO:0030154;GO:0008283;GO:0007169;GO:0060956;GO:0038127;GO:0038133;GO:0038135;GO:0038129;GO:0038130;GO:0038138;GO:0035556;GO:0030879;GO:0010667;GO:0045892;GO:2001240;GO:0051048;GO:0007399;GO:0014032;GO:0007422;GO:0060045;GO:0045785;GO:0030307;GO:0008284;GO:0070374;GO:1900086;GO:0031334;GO:0051155;GO:0099149;GO:0051238;GO:0055012;GO:0003222;GO:0042060
Q8TEA1,NOP2/Sun RNA methyltransferase 6,Liver,GO:0005737;GO:0005829;GO:0016428;GO:0000049;GO:0001510;GO:0002946;GO:0030488;GO:0006400
P0C024,Nudix hydrolase 7,Liver,GO:0005829;GO:0005782;GO:0005777;GO:0010945;GO:0000287;GO:0030145;GO:0030515;GO:0046356;GO:0050873;GO:0044580;GO:0015938;GO:2001294;GO:0036114;GO:0009132;GO:1902859;GO:1902858;GO:1901289
Q9H607,Occludin/ELL domain containing 1,Liver,GO:0016324;GO:0005923;GO:0031410;GO:0070830
Q9ULD0,Oxoglutarate dehydrogenase L,Liver,GO:0005759;GO:0005739;GO:0045252;GO:0046872;GO:0004591;GO:0030976;GO:0006103;GO:0006096;GO:0006099
P47874,Olfactory marker protein,Liver,GO:0030424;GO:0005829;GO:0043025;GO:0005634;GO:0045202;GO:0042277;GO:0007268;GO:0022008;GO:0007608;GO:0007165
O95948,One cut homeobox 2,Liver,GO:0015629;GO:0000785;GO:0005654;GO:0005634;GO:0001228;GO:0000981;GO:0000978;GO:1990837;GO:0009887;GO:0045165;GO:0060271;GO:0031018;GO:0002064;GO:0001889;GO:1905319;GO:0030512;GO:0048935;GO:1905322;GO:0045944;GO:0001952;GO:0006357;GO:0007179
Q8NHB1,Olfactory receptor family 2 subfamily V member 1,Liver,GO:0005886;GO:0004930;GO:0004984;GO:0050911
Q8NGC6,Olfactory receptor family 4 subfamily K member 17,Liver,GO:0005886;GO:0004930;GO:0004984
Q8N138,ORMDL sphingolipid biosynthesis regulator 3,Liver,GO:0005783;GO:0005789;GO:0005886;GO:0030667;GO:0017059;GO:0035579;GO:0006672;GO:0090156;GO:0061744;GO:0042552;GO:0002903;GO:1900060;GO:0010508;GO:1900182;GO:0006940;GO:0030148;GO:0006686
P56373,Purinergic receptor P2X 3,Liver,GO:0030424;GO:0098686;GO:0005886;GO:0098794;GO:0043235;GO:0098685;GO:0005524;GO:0004931;GO:0046872;GO:0001614;GO:0048266;GO:0070588;GO:0071318;GO:0051649;GO:0098662;GO:0007274;GO:0030432;GO:0010524;GO:0050850;GO:0070207;GO:0048167;GO:0009743;GO:0009409;GO:0009408;GO:0001666;GO:0009612;GO:0050909;GO:0007165;GO:0014832
P07237,Prolyl 4-hydroxylase subunit beta,Liver,GO:0005856;GO:0005829;GO:0005783;GO:0034663;GO:0005788;GO:0005793;GO:0009897;GO:0070062;GO:0005576;GO:0005925;GO:0030027;GO:0042470;GO:0016222;GO:0032991;GO:0003779;GO:0019899;GO:0005178;GO:0004656;GO:0003756;GO:0046982;GO:0015035;GO:0003723;GO:0016972;GO:0071456;GO:0098761;GO:0006888;GO:0030070;GO:0035722;GO:0038155;GO:0018401;GO:0045785;GO:1900026;GO:0046598;GO:0006457;GO:0034975;GO:1902175;GO:0034976
A6NDB9,Paralemmin 3,Liver,GO:0005737;GO:0005886;GO:0005524;GO:0001960;GO:0008360;GO:0032496;GO:0008063
Q8TE04,Pantothenate kinase 1,Liver,GO:0030136;GO:0005737;GO:0005829;GO:0005730;GO:0005634;GO:0055037;GO:1905502;GO:0005524;GO:0004594;GO:0042803;GO:0015937
P11498,Pyruvate carboxylase,Liver,GO:0005737;GO:0005829;GO:0005759;GO:0005739;GO:0005524;GO:0009374;GO:0042802;GO:0046872;GO:0004736;GO:0006094;GO:0006629;GO:0006734;GO:0006739;GO:0010629;GO:0044794;GO:0006090;GO:0019076;GO:0019074
P61457,Pterin-4 alpha-carbinolamine dehydratase 1,Liver,GO:0005829;GO:0070062;GO:0005654;GO:0008124;GO:0042802;GO:0004505;GO:0003713;GO:0006729
P05166,Propionyl-CoA carboxylase subunit beta,Liver,GO:1902494;GO:0005829;GO:0005759;GO:0005739;GO:0005524;GO:0004658;GO:0009081;GO:0006631;GO:0019626
P35558,Phosphoenolpyruvate carboxykinase 1,Liver,GO:0005737;GO:0005829;GO:0005783;GO:0070062;GO:0031406;GO:0005525;GO:0000287;GO:0030145;GO:0004613;GO:0106264;GO:0071549;GO:0071333;GO:0032869;GO:0051365;GO:0006094;GO:0042593;GO:0006006;GO:0046166;GO:0046327;GO:0070365;GO:0006107;GO:0018105;GO:0046889;GO:0043382;GO:0045944;GO:0019543;GO:0046890;GO:0009617;GO:0032868;GO:0042594;GO:0072350
P29122,Proprotein convertase subtilisin/kexin type 6,Liver,GO:0009986;GO:0062023;GO:0005783;GO:0005576;GO:0005615;GO:0005796;GO:0016020;GO:0005886;GO:0004175;GO:0008201;GO:0048406;GO:0004252;GO:0007368;GO:0009100;GO:0032902;GO:0016486;GO:0034369;GO:0016485;GO:0030510;GO:0032940;GO:0007354
Q9UKL6,Phosphatidylcholine transfer protein,Liver,GO:0005829;GO:0031210;GO:0008525;GO:0006869;GO:0120163;GO:0015914
Q99447,"Phosphate cytidylyltransferase 2, ethanolamine",Liver,GO:0005737;GO:0005789;GO:0004306;GO:0006646;GO:0008654
Q9HCR9,Phosphodiesterase 11A,Liver,GO:0005829;GO:0004118;GO:0004115;GO:0047555;GO:0004114;GO:0048101;GO:0004117;GO:0030553;GO:0004112;GO:0046872;GO:0019933;GO:0043951;GO:0010754;GO:0007165
Q9HBH1,"Peptide deformylase, mitochondrial",Liver,GO:0005739;GO:0046872;GO:0042586;GO:0043686;GO:0031365;GO:0018206;GO:0008284;GO:0006412
Q14554,Protein disulfide isomerase family A member 5,Liver,GO:0005783;GO:0005788;GO:0005789;GO:0016491;GO:0003756;GO:0015035;GO:0022900;GO:0006457
P30086,Phosphatidylethanolamine binding protein 1,Liver,GO:0005829;GO:0070062;GO:0005634;GO:0005524;GO:0019899;GO:0008429;GO:0019901;GO:0003723;GO:0004867;GO:0043409
Q9UBM1,Phosphatidylethanolamine N-methyltransferase,Liver,GO:0005829;GO:0005783;GO:0005789;GO:0043231;GO:0031966;GO:0005739;GO:0000773;GO:0004608;GO:0001835;GO:0032259;GO:0006656;GO:0120162;GO:0006686
Q96HA9,Peroxisomal biogenesis factor 11 gamma,Liver,GO:0005778;GO:0005777;GO:0032991;GO:0016559;GO:0044375
O00264,Progesterone receptor membrane component 1,Liver,GO:0044297;GO:0012505;GO:0005783;GO:0005576;GO:0016020;GO:0005741;GO:0043005;GO:0043025;GO:0005886;GO:0030868;GO:0035579;GO:0045202;GO:0001540;GO:0020037;GO:0046872;GO:0042803;GO:0005496;GO:0006783;GO:0140077;GO:1903078
Q9BSU1,Phagosome assembly factor 1,Liver,GO:0030425;GO:0000407;GO:0030672;GO:0005802;GO:0043001
O14832,Phytanoyl-CoA 2-hydroxylase,Liver,GO:0097731;GO:0005829;GO:0005782;GO:0005777;GO:0031406;GO:0008198;GO:0031418;GO:0048244;GO:0019606;GO:0006103;GO:0001561;GO:0006720;GO:0097089
Q8TCG2,Phosphatidylinositol 4-kinase type 2 beta,Liver,GO:0005829;GO:0031901;GO:0005789;GO:0005768;GO:0000139;GO:0016020;GO:0005886;GO:0005802;GO:0004430;GO:0005524;GO:0007032;GO:0007030;GO:0006661;GO:0046854
Q6ZUJ8,Phosphoinositide-3-kinase adaptor protein 1,Liver,GO:0005829;GO:0016020;GO:0005886;GO:0042802;GO:0036312;GO:0005102;GO:0051897;GO:0050727;GO:0034134;GO:0034142;GO:0034154;GO:0034162
Q7Z443,"Polycystin 1 like 3, transient receptor potential channel interacting",Liver,GO:0034703;GO:0070062;GO:0016020;GO:0005886;GO:0043235;GO:0005262;GO:0005227;GO:0030246;GO:0160128;GO:0070588;GO:0071468;GO:0001581;GO:0050982;GO:0098655;GO:0006812;GO:0050915
P30613,Pyruvate kinase L/R,Liver,GO:0005737;GO:0005829;GO:0070062;GO:1902912;GO:0005524;GO:0016301;GO:0000287;GO:0048029;GO:0030955;GO:0004743;GO:0071872;GO:0032869;GO:0006096;GO:0042866;GO:0033198;GO:0051591;GO:0009749;GO:0001666;GO:0010038;GO:0007584
Q9BX93,Phospholipase A2 group XIIB,Liver,GO:0005576;GO:0005509;GO:0004623;GO:0050482;GO:0042632;GO:0016042;GO:0006644;GO:0070328
Q02325,Plasminogen like B1,Liver,GO:0005576
Q99541,Perilipin 2,Liver,GO:0005829;GO:0005783;GO:0005576;GO:0005811;GO:0005634;GO:0005886;GO:0042149;GO:1905691;GO:0019915;GO:0015909;GO:0010890;GO:0014070;GO:0009410
Q00G26,Perilipin 5,Liver,GO:0005737;GO:0005829;GO:0043231;GO:0005811;GO:0005739;GO:0042802;GO:0035473;GO:0034389;GO:0019915;GO:0051646;GO:0031999;GO:0060192;GO:0035359;GO:2000378;GO:0010897;GO:0032000;GO:0060193;GO:0010884;GO:0010890;GO:0010867
Q9NVS9,Pyridoxamine 5'-phosphate oxidase,Liver,GO:0005829;GO:0005739;GO:0010181;GO:0042803;GO:0030170;GO:0004733;GO:0042823;GO:0042818;GO:0008615
Q9HCU8,"DNA polymerase delta 4, accessory subunit",Liver,GO:0043625;GO:0005654;GO:0000731;GO:0006261;GO:0001938
P16435,Cytochrome p450 oxidoreductase,Liver,GO:0005829;GO:0005789;GO:0043231;GO:0016020;GO:0050660;GO:0010181;GO:0050661;GO:0003958;GO:0022900;GO:0006809;GO:0090346;GO:0032770;GO:0009725;GO:0006805
Q9UBK2,PPARG coactivator 1 alpha,Liver,GO:0000785;GO:0005829;GO:0005654;GO:0005634;GO:0016605;GO:0031490;GO:0003677;GO:0140297;GO:0106222;GO:0016922;GO:0030374;GO:0003723;GO:0061629;GO:0043565;GO:0003713;GO:0003712;GO:0031625;GO:0060612;GO:0050873;GO:0045333;GO:0034599;GO:0032922;GO:0007586;GO:0097009;GO:0019395;GO:0006094;GO:0001678;GO:0007005;GO:0006397;GO:0043524;GO:0048662;GO:0051402;GO:0120162;GO:0051091;GO:0045893;GO:0046321;GO:0010628;GO:0045722;GO:0045944;GO:0050821;GO:0065003;GO:0042752;GO:0006355;GO:0022904;GO:0002021;GO:0014850;GO:0042594;GO:0008380;GO:0001659;GO:0006367
Q86XI6,Protein phosphatase 1 regulatory subunit 3B,Liver,GO:0042587;GO:0000164;GO:0050196;GO:2001069;GO:0008157;GO:0019888;GO:0005977;GO:0045818;GO:0045725;GO:0005979
B7ZBB8,Protein phosphatase 1 regulatory subunit 3G,Liver,GO:0000164;GO:2001069;GO:0008157;GO:0042593;GO:0005978;GO:0045725;GO:0005979
P30154,Protein phosphatase 2 scaffold subunit Abeta,Liver,GO:0005737;GO:0005829;GO:0070062;GO:0045121;GO:0005634;GO:0000159;GO:0019888;GO:0060561;GO:2001241
P07225,Protein S,Liver,GO:0072562;GO:0005789;GO:0070062;GO:0005576;GO:0005615;GO:0005796;GO:0000139;GO:0005886;GO:0031093;GO:0005509;GO:0004866;GO:0007596;GO:0042730;GO:0051897
Q86WR7,Proline and serine rich 2,Liver,
Q2L4Q9,Serine protease 53,Liver,GO:0005576;GO:0004252;GO:0006508
Q9Y617,Phosphoserine aminotransferase 1,Liver,GO:0005737;GO:0005829;GO:0070062;GO:0042802;GO:0004648;GO:0030170;GO:0006564;GO:0008615
Q14914,Prostaglandin reductase 1,Liver,GO:0005737;GO:0070062;GO:0036185;GO:0047522;GO:0035798;GO:0097257;GO:0036102;GO:0006691;GO:2001302;GO:0006693
P20962,Parathymosin,Liver,GO:0005634;GO:0042393;GO:0006260;GO:0002376;GO:0043066;GO:0045944
Q93096,Protein tyrosine phosphatase 4A1,Liver,GO:0005737;GO:0009898;GO:0005769;GO:0005783;GO:0005634;GO:0005819;GO:0140793;GO:0004726;GO:0004725;GO:0030946;GO:0030335
Q5TGL8,PX domain containing 1,Liver,GO:0035091
Q9NR77,Peroxisomal membrane protein 2,Liver,GO:0005737;GO:0005829;GO:0016020;GO:0005778;GO:0032991
P06737,Glycogen phosphorylase L,Liver,GO:0005737;GO:0005829;GO:0070062;GO:0005576;GO:1904813;GO:0034774;GO:0016208;GO:0005524;GO:0032052;GO:0005536;GO:0008184;GO:0042802;GO:0031220;GO:0002060;GO:0030170;GO:0019842;GO:0006015;GO:0042593;GO:0005980;GO:0005977;GO:0070266;GO:0009617
Q15274,Quinolinate phosphoribosyltransferase,Liver,GO:1902494;GO:0005737;GO:0005829;GO:0070062;GO:0042802;GO:0004514;GO:0009435;GO:0019674;GO:0034213
Q9H0T7,"RAB17, member RAS oncogene family",Liver,GO:0016324;GO:0016323;GO:0030425;GO:0032839;GO:0005769;GO:0030139;GO:0012505;GO:0070062;GO:0098978;GO:0042470;GO:0043025;GO:0005886;GO:0098794;GO:0055037;GO:0055038;GO:0019003;GO:0005525;GO:0003924;GO:0098937;GO:0060271;GO:0032456;GO:0032401;GO:0046847;GO:0002415;GO:0006886;GO:0032402;GO:0050773;GO:0051489;GO:0051963;GO:0045056
Q9ULW5,"RAB26, member RAS oncogene family",Liver,GO:0005768;GO:0005794;GO:0000139;GO:0005886;GO:0030667;GO:0030672;GO:0019002;GO:0005525;GO:0003924;GO:0035272;GO:0043001;GO:0045055;GO:0017157;GO:0140251
Q86YS6,"RAB43, member RAS oncogene family",Liver,GO:0012505;GO:0070062;GO:0005794;GO:0045335;GO:0030670;GO:0032588;GO:0005525;GO:0003924;GO:0000045;GO:0071346;GO:0007030;GO:0006886;GO:0090382;GO:0035526;GO:0019068
Q70E73,Ras association (RalGDS/AF-6) and pleckstrin homology domains 1,Liver,GO:0005856;GO:0005829;GO:0030175;GO:0030027;GO:0016604;GO:0005886;GO:0048675;GO:0007165
Q99969,Retinoic acid receptor responder 2,Liver,GO:0062023;GO:0031012;GO:0005576;GO:0005615;GO:0031089;GO:0005102;GO:0019732;GO:0061760;GO:0030154;GO:0006935;GO:0050829;GO:0050830;GO:0048566;GO:0006954;GO:0045087;GO:0008286;GO:0050921;GO:0045600;GO:0010759;GO:0001934;GO:0050994;GO:0001523
Q0VAM2,RasGEF domain family member 1B,Liver,GO:0005769;GO:0005770;GO:0030496;GO:0005886;GO:0005085;GO:0007265
Q9H477,Ribokinase,Liver,GO:0005829;GO:0005634;GO:0005524;GO:0042802;GO:0046872;GO:0004747;GO:0019303;GO:0006098
P82980,Retinol binding protein 5,Liver,GO:0005829;GO:0070062;GO:0005634;GO:0005504;GO:0016918;GO:0005501;GO:0019841;GO:0015908
P53805,Regulator of calcineurin 1,Liver,GO:0005737;GO:0005634;GO:0008597;GO:0042802;GO:0003676;GO:0033173;GO:0019722;GO:0031987;GO:0070885;GO:0002931;GO:0006979;GO:0007614;GO:0048741
Q9Y2P8,RNA terminal phosphate cyclase like 1,Liver,GO:0005730;GO:0005654;GO:0032040;GO:0004521;GO:0000480;GO:0000447;GO:0000479;GO:0042274
Q92781,Retinol dehydrogenase 5,Liver,GO:0044297;GO:0005788;GO:0005789;GO:0043231;GO:0106429;GO:0004745;GO:0047044;GO:0047023;GO:0042803;GO:0001523;GO:0042572;GO:0008202;GO:0007601
Q96HR9,Receptor accessory protein 6,Liver,GO:0030665;GO:0005783;GO:0005789;GO:0005634;GO:0001917;GO:0050908;GO:0007029;GO:0032386
A6NLU0,Ret finger protein like 4A,Liver,GO:0005737;GO:0005829;GO:0005654;GO:0046872;GO:0042803;GO:0019901;GO:0061630;GO:0045087;GO:0010508;GO:0043123;GO:0010468;GO:0032880;GO:0046596
O00212,Ras homolog family member D,Liver,GO:0005829;GO:0005769;GO:0010008;GO:0000139;GO:0005741;GO:0005886;GO:0005525;GO:0003924;GO:0005085;GO:0019901;GO:0051017;GO:0007015;GO:0016477;GO:0048041;GO:0030032;GO:0045785;GO:0030335;GO:0032956;GO:0051056;GO:0007266;GO:0007165
Q0D2K3,Ripply transcriptional repressor 1,Liver,GO:0005634;GO:0009880;GO:0045892;GO:0000122;GO:0032525;GO:0001757
Q92730,Rho family GTPase 1,Liver,GO:0015629;GO:0005912;GO:0005829;GO:0043231;GO:0005886;GO:0005525;GO:0003924;GO:0019901;GO:0005102;GO:0007015;GO:0016477;GO:0007162;GO:0016322;GO:0032956;GO:0007165;GO:0007264
Q8TEB7,Ring finger protein 128,Liver,GO:0005737;GO:0005856;GO:0005829;GO:0005783;GO:0005794;GO:0005770;GO:0016020;GO:0048471;GO:0046872;GO:0061630;GO:0001818;GO:1904352;GO:0061462;GO:0016567;GO:0031647;GO:0006511
P51449,RAR related orphan receptor C,Liver,GO:0000785;GO:0016604;GO:0005654;GO:0005634;GO:0003700;GO:0000981;GO:0001227;GO:0098531;GO:0004879;GO:0008142;GO:0000978;GO:1990837;GO:0008270;GO:0060612;GO:0036315;GO:0032922;GO:0048535;GO:0070244;GO:0000122;GO:0048541;GO:0042753;GO:0045893;GO:0045598;GO:0010906;GO:0019218;GO:0006357;GO:0072539;GO:0042093;GO:0006805
Q9NQG5,Regulation of nuclear pre-mRNA domain containing 1B,Liver,GO:0005654;GO:0005634;GO:0097550;GO:0042802;GO:0099122;GO:0000993;GO:0031124;GO:0008284;GO:0045944;GO:0010564;GO:0001111
Q9BST9,Rhotekin,Liver,GO:0005826;GO:0005829;GO:0005525;GO:0005095;GO:0031267;GO:0000915;GO:0006915;GO:0000281;GO:0042981;GO:0007266;GO:0031106;GO:0007165
Q96NL0,RUN domain containing 3B,Liver,
Q9NSC2,Spalt like transcription factor 1,Liver,GO:0010369;GO:0005737;GO:0000792;GO:0005654;GO:0005634;GO:0008013;GO:0000981;GO:0001227;GO:0046872;GO:0000978;GO:0030325;GO:0001658;GO:0048566;GO:0042733;GO:0008406;GO:0007507;GO:0031129;GO:0001822;GO:0072073;GO:0060173;GO:0003337;GO:0045892;GO:0000122;GO:0021889;GO:0061034;GO:0021553;GO:0021983;GO:0045893;GO:0045944;GO:0030177;GO:0006357;GO:0001657;GO:0072092;GO:0003281
O75845,Sterol-C5-desaturase,Liver,GO:0005789;GO:0016020;GO:0000248;GO:0050046;GO:0005506;GO:0033489;GO:0033490;GO:0110076
O00767,Stearoyl-CoA desaturase,Liver,GO:0005783;GO:0005789;GO:0016020;GO:0005730;GO:0005506;GO:0016491;GO:0032896;GO:0004768;GO:1903966;GO:0120162;GO:0070542;GO:0006636
Q96I15,Selenocysteine lyase,Liver,GO:1902494;GO:0005829;GO:0005794;GO:0016597;GO:0042803;GO:0009000;GO:0016740;GO:0070279;GO:0006520;GO:0016261
P22307,Sterol carrier protein 2,Liver,GO:0005737;GO:0005829;GO:0005783;GO:0016020;GO:0005739;GO:0005654;GO:0005782;GO:0005777;GO:0032991;GO:0003988;GO:0050633;GO:0015485;GO:0120020;GO:0000062;GO:0036042;GO:0070538;GO:0120019;GO:0008526;GO:0033814;GO:0050632;GO:0005102;GO:0036109;GO:0006699;GO:0008206;GO:0006635;GO:0033540;GO:0032959;GO:0032367;GO:1901373;GO:0015914;GO:0032385;GO:0045940;GO:0006701;GO:0072659;GO:0071071;GO:0006694
P18827,Syndecan 1,Liver,GO:0009986;GO:0009897;GO:0070062;GO:0005796;GO:0043202;GO:0005886;GO:0032991;GO:0038024;GO:0042802;GO:0060070;GO:0016477;GO:0048627;GO:1903543;GO:1903553;GO:0006898;GO:0051592;GO:0051591;GO:0051384;GO:0042542;GO:0009636;GO:0060009;GO:0055002;GO:0001657
P34741,Syndecan 2,Liver,GO:0009986;GO:0062023;GO:0005788;GO:0005796;GO:0043202;GO:0005886;GO:0042802;GO:0030165;GO:0016477;GO:0048813;GO:0048814
P31431,Syndecan 4,Liver,GO:0009986;GO:0043034;GO:0070062;GO:0005925;GO:0005796;GO:0043202;GO:0005886;GO:0001968;GO:0042802;GO:0005080;GO:0070053;GO:0016477;GO:0060122;GO:0042130;GO:0001843;GO:1903543;GO:1903553;GO:0051894;GO:0051496;GO:0010762;GO:0001657;GO:0042060
Q9HCN8,Stromal cell derived factor 2 like 1,Liver,GO:0005783;GO:0034663;GO:0005788;GO:0016020;GO:0101031;GO:0051117;GO:0051787;GO:0051087;GO:0071218;GO:0051085;GO:0036503;GO:0042981
Q96GA7,Serine dehydratase like,Liver,GO:0005829;GO:0008881;GO:0042802;GO:0003941;GO:0030170;GO:0004794;GO:0009097;GO:0006565;GO:0006629;GO:0006567
O76054,SEC14 like lipid binding 2,Liver,GO:0005737;GO:0005829;GO:0070062;GO:0005654;GO:0005634;GO:0005543;GO:0008431;GO:0045893;GO:0045540
Q9UDX4,SEC14 like lipid binding 3,Liver,GO:0005737;GO:0070062;GO:0008289
Q9UDX3,SEC14 like lipid binding 4,Liver,GO:0005737;GO:0008289
Q96JE7,"SEC16 homolog B, endoplasmic reticulum export factor",Liver,GO:0005829;GO:0070971;GO:0005789;GO:0012507;GO:0000139;GO:0043231;GO:0007029;GO:0006888;GO:0007030;GO:0016559;GO:0007031;GO:0010628;GO:0070863;GO:0070973;GO:0015031
Q9BVL4,Selenoprotein O,Liver,GO:0005694;GO:0005739;GO:0070733;GO:0005524;GO:0046872;GO:0018117
Q99611,Selenophosphate synthetase 2,Liver,GO:0005737;GO:0005829;GO:0005524;GO:0046872;GO:0004756;GO:0001887;GO:0016260;GO:0016259
Q9HD40,Sep (O-phosphoserine) tRNA:Sec (selenocysteine) tRNA synthase,Liver,GO:0005737;GO:0005829;GO:0005634;GO:0098621;GO:0000049;GO:0001717;GO:0001514
Q96SA4,Serine incorporator 2,Liver,GO:0070062;GO:0016020
P05154,Serpin family A member 5,Liver,GO:0002080;GO:0009897;GO:0070062;GO:0005576;GO:0005615;GO:0016020;GO:0031091;GO:0031094;GO:0097181;GO:0097182;GO:0097183;GO:0036029;GO:0036030;GO:0036026;GO:0036027;GO:0036028;GO:0036025;GO:0036024;GO:0032991;GO:0032190;GO:0005539;GO:0008201;GO:0031210;GO:0002020;GO:0001972;GO:0004867;GO:0007342;GO:0006869;GO:0051346;GO:0007283
P05155,Serpin family G member 1,Liver,GO:0072562;GO:0062023;GO:0005788;GO:0070062;GO:0005576;GO:0005615;GO:0031093;GO:0004867;GO:0008015;GO:0007596;GO:0006958;GO:0042730;GO:0045087;GO:0001869
Q9H9B4,Sideroflexin 1,Liver,GO:0005743;GO:0005739;GO:0015180;GO:0015194;GO:0015075;GO:0022857;GO:0030218;GO:0006826;GO:0015808;GO:0015825;GO:0006730;GO:0140300
Q8TD22,Sideroflexin 5,Liver,GO:0005743;GO:0005739;GO:0015137;GO:0015075;GO:0006865;GO:0015746;GO:1990542;GO:0120162
Q9HBY8,Serum/glucocorticoid regulated kinase 2,Liver,GO:0005829;GO:0005654;GO:0004676;GO:0004679;GO:0005524;GO:0004677;GO:0004694;GO:0044024;GO:0072371;GO:1990244;GO:0035979;GO:0044025;GO:0140823;GO:0035175;GO:0044022;GO:0140855;GO:0035402;GO:0072354;GO:0140857;GO:0035403;GO:0044023;GO:0015459;GO:0106310;GO:0004674;GO:0072518;GO:0004711;GO:0017080;GO:0035556;GO:0032411;GO:0006468;GO:0001558;GO:0042127;GO:0006979
Q9NUL5,Shiftless antiviral inhibitor of ribosomal frameshifting,Liver,GO:0005737;GO:0005829;GO:0005654;GO:0005634;GO:0000932;GO:0042802;GO:0043022;GO:0003723;GO:1990825;GO:0051607;GO:0045087;GO:2001125;GO:0045071;GO:0006449;GO:0035456;GO:0034340;GO:0034341;GO:0034342;GO:0075523
Q15465,Sonic hedgehog signaling molecule,Liver,GO:0009986;GO:0062023;GO:0005829;GO:0005783;GO:0005788;GO:0005789;GO:0005576;GO:0005615;GO:0005794;GO:0000139;GO:0045121;GO:0005886;GO:0005509;GO:0140853;GO:0004175;GO:0005539;GO:0043237;GO:0016015;GO:0005113;GO:0008233;GO:0008270;GO:0046632;GO:0008209;GO:0048645;GO:0097190;GO:0060840;GO:0007411;GO:0060020;GO:0007596;GO:0001569;GO:0060445;GO:0001658;GO:0048754;GO:0060447;GO:0043010;GO:0060070;GO:0043369;GO:0048468;GO:0001708;GO:0007267;GO:0071285;GO:0007417;GO:0021930;GO:0003140;GO:0071542;GO:0021904;GO:0009953;GO:0007398;GO:0048557;GO:0042733;GO:0048617;GO:0035115;GO:0035116;GO:0030326;GO:0009880;GO:0048706;GO:0006897;GO:0060767;GO:0060664;GO:0060684;GO:0090162;GO:0030900;GO:0048859;GO:0031069;GO:0007507;GO:0001947;GO:0030902;GO:0007442;GO:0048839;GO:0016539;GO:0045109;GO:0060459;GO:0060174;GO:0030324;GO:0060428;GO:0060463;GO:0060484;GO:0002320;GO:0030539;GO:0097152;GO:0060916;GO:0060783;GO:0072205;GO:0072136;GO:0001656;GO:0030901;GO:0045445;GO:0046639;GO:0043066;GO:0090090;GO:0045596;GO:0030336;GO:0090370;GO:1904339;GO:0010629;GO:2000357;GO:2001054;GO:0032435;GO:0033085;GO:0042130;GO:0000122;GO:0034244;GO:2000062;GO:0045060;GO:0001755;GO:0007405;GO:0048663;GO:0042475;GO:0014003;GO:0048709;GO:0002076;GO:0031016;GO:0007389;GO:0009949;GO:0046638;GO:0048711;GO:0051781;GO:0008284;GO:0021940;GO:0045893;GO:0060769;GO:0010628;GO:0033092;GO:2000358;GO:2000729;GO:0002052;GO:0048714;GO:0042307;GO:0061189;GO:0014858;GO:0048643;GO:0045880;GO:0051155;GO:0033089;GO:0045944;GO:2000063;GO:0030177;GO:0045059;GO:0060516;GO:0060523;GO:0030850;GO:0016540;GO:0006606;GO:0042127;GO:0010468;GO:0060251;GO:0060782;GO:1900107;GO:0042481;GO:0060685;GO:1900180;GO:0030162;GO:0072091;GO:0060458;GO:0060021;GO:0060662;GO:0097264;GO:0014856;GO:0098528;GO:0048745;GO:0007224;GO:0061053;GO:0021513;GO:0021522;GO:0048864;GO:0072089;GO:0033077;GO:0042098;GO:0021978;GO:0021794;GO:0048538;GO:0030878;GO:0060439;GO:1905327;GO:0036484;GO:0001570;GO:0007418
P34896,Serine hydroxymethyltransferase 1,Liver,GO:0005737;GO:0005829;GO:0070062;GO:0005739;GO:0005654;GO:0005634;GO:0016832;GO:0004372;GO:0042802;GO:0048027;GO:0000900;GO:0042803;GO:0030170;GO:0070905;GO:0036094;GO:0045329;GO:1990830;GO:1904482;GO:0006231;GO:0046655;GO:0019264;GO:0006544;GO:0006565;GO:0006563;GO:0017148;GO:0051289;GO:0009113;GO:0035999;GO:0046653
P34897,Serine hydroxymethyltransferase 2,Liver,GO:0070552;GO:0005737;GO:0070062;GO:0015630;GO:0005743;GO:0005759;GO:0042645;GO:0005739;GO:0005634;GO:0016597;GO:0003682;GO:0004372;GO:0042802;GO:0008732;GO:0030170;GO:0019264;GO:0006544;GO:0006564;GO:0006563;GO:0006730;GO:0008284;GO:0051289;GO:0070536;GO:0051262;GO:1903715;GO:0070129;GO:0002082;GO:0034340;GO:0035999;GO:0046653
Q2M3G4,Shroom family member 1,Liver,GO:0005912;GO:0043296;GO:0016324;GO:0030864;GO:0005874;GO:0051015;GO:0045159;GO:0051017;GO:0000902
Q99720,Sigma non-opioid intracellular receptor 1,Liver,GO:0070161;GO:0031410;GO:0005829;GO:0005783;GO:0005789;GO:0098978;GO:0030426;GO:0005811;GO:0016020;GO:0005635;GO:0005637;GO:0005640;GO:0014069;GO:0098839;GO:0004985;GO:0042802;GO:0006869;GO:0007399;GO:0070207;GO:0043523;GO:0150052
Q5PT55,Solute carrier family 10 member 5,Liver,GO:0016020;GO:0008508;GO:0015721
Q7RTY0,Solute carrier family 16 member 13,Liver,GO:0005829;GO:0005794;GO:0000139;GO:0005886;GO:0008028;GO:0015293;GO:1905039
P36021,Solute carrier family 16 member 2,Liver,GO:0016324;GO:0005886;GO:0015171;GO:0042802;GO:0008028;GO:0015349;GO:0089718;GO:0006520;GO:0015718;GO:2000178;GO:0006590;GO:0042403;GO:0070327;GO:0070460;GO:0150104
Q9BYT1,Solute carrier family 17 member 9,Liver,GO:0042584;GO:0005765;GO:0098594;GO:0030658;GO:0015217;GO:0005347;GO:0001409;GO:0160042;GO:0015866;GO:1904669;GO:0015867;GO:1903790;GO:1905146;GO:0141013
Q96BI1,Solute carrier family 22 member 18,Liver,GO:0016324;GO:0005737;GO:0016020;GO:0005635;GO:0005886;GO:0015293;GO:0031625;GO:0042910;GO:0006811;GO:0015695;GO:1990961;GO:0042908
P53007,Solute carrier family 25 member 1,Liver,GO:0070062;GO:0005743;GO:0005739;GO:0005634;GO:0015297;GO:0071913;GO:0015137;GO:0015142;GO:0006843;GO:0006811
Q9UBX3,Solute carrier family 25 member 10,Liver,GO:0005743;GO:0005739;GO:0005654;GO:0005634;GO:0015297;GO:0005310;GO:0015140;GO:0015131;GO:0005315;GO:0015141;GO:0015116;GO:0015117;GO:0006835;GO:0006094;GO:0046166;GO:0006869;GO:0071423;GO:0006811;GO:0015729;GO:0035435;GO:0071422;GO:1902358;GO:0070221;GO:0015709
Q9Y619,Solute carrier family 25 member 15,Liver,GO:0016020;GO:0005743;GO:0005739;GO:0015297;GO:0061459;GO:0015189;GO:0000064;GO:1903826;GO:1903401;GO:1990575;GO:0000050
O43772,Solute carrier family 25 member 20,Liver,GO:0005829;GO:0005740;GO:0005743;GO:0005739;GO:0015227;GO:0006853;GO:1902603;GO:0001701;GO:0006839
Q6KCM7,Solute carrier family 25 member 25,Liver,GO:0005743;GO:0005739;GO:0005347;GO:0140987;GO:0005509;GO:0060612;GO:0015866;GO:0046034;GO:0015867;GO:0070588;GO:0043010;GO:0045333;GO:0035264;GO:0014823;GO:0002021;GO:0032094
Q86VD7,Solute carrier family 25 member 42,Liver,GO:0005743;GO:0005739;GO:0005634;GO:0043262;GO:0015217;GO:0080122;GO:0005347;GO:0015228;GO:0015866;GO:0080121;GO:0015867;GO:0035349;GO:0015939
Q9H2B4,Solute carrier family 26 member 1,Liver,GO:0016323;GO:0016020;GO:0005886;GO:0015106;GO:0015108;GO:0019531;GO:0005452;GO:0015116;GO:0015383;GO:1902476;GO:0006821;GO:0019532;GO:1902358
O14975,Solute carrier family 27 member 2,Liver,GO:0005829;GO:0005788;GO:0005789;GO:0070062;GO:0005778;GO:0005886;GO:0035579;GO:0047676;GO:0005524;GO:0047747;GO:0019899;GO:0005324;GO:0004467;GO:1901480;GO:0050197;GO:0070251;GO:0031957;GO:0006699;GO:0008206;GO:0001561;GO:0006635;GO:0046949;GO:0044539;GO:0001676;GO:0097089;GO:0042760
Q9NR83,SLC2A4 regulator,Liver,GO:0005737;GO:0016607;GO:0005634;GO:0003700;GO:0046872;GO:0000978;GO:0006355;GO:0006357
Q9NRM0,Solute carrier family 2 member 9,Liver,GO:0016324;GO:0016323;GO:0016020;GO:0005886;GO:0005351;GO:0055056;GO:0005353;GO:0015149;GO:0022857;GO:0015143;GO:1904659;GO:0015755;GO:0008645;GO:0015749;GO:0046415;GO:0015747
Q9Y6M5,Solute carrier family 30 member 1,Liver,GO:0016323;GO:0005737;GO:0030659;GO:0030425;GO:0005783;GO:0005789;GO:0099573;GO:0005794;GO:0000139;GO:0016020;GO:0031965;GO:0005886;GO:0098839;GO:0099092;GO:0098685;GO:0030315;GO:0019855;GO:0046872;GO:0005385;GO:0140826;GO:0070574;GO:0070509;GO:0042742;GO:0071585;GO:0010312;GO:0001701;GO:0006874;GO:0006882;GO:0090281;GO:0046929;GO:0071584;GO:0061003;GO:1902897;GO:0140882;GO:0062111;GO:0071577;GO:0006829
O15431,Solute carrier family 31 member 1,Liver,GO:0016324;GO:0016323;GO:0031901;GO:0014704;GO:0031902;GO:0005886;GO:0055038;GO:0005507;GO:0005375;GO:0042802;GO:0015080;GO:0042910;GO:0001525;GO:0015677;GO:0006825;GO:0051649;GO:0006878;GO:0015679;GO:0051259;GO:1902601;GO:0036324;GO:0042908
Q96A29,Solute carrier family 35 member C1,Liver,GO:0005794;GO:0000139;GO:0015297;GO:0005457;GO:0036085;GO:0042350;GO:0030259;GO:0045746;GO:0036066
Q9NTN3,Solute carrier family 35 member D1,Liver,GO:0005789;GO:0005794;GO:0015297;GO:0005461;GO:0005463;GO:0005462;GO:0015780;GO:0090481
Q15043,Solute carrier family 39 member 14,Liver,GO:0016324;GO:0016323;GO:0031901;GO:0031902;GO:0005765;GO:0016020;GO:0005886;GO:0015086;GO:0015093;GO:0005381;GO:0005384;GO:0015296;GO:0140410;GO:0005385;GO:0071333;GO:0032869;GO:0002062;GO:0006094;GO:0098739;GO:0098662;GO:0008286;GO:0030003;GO:0006882;GO:0033212;GO:0034755;GO:0055071;GO:0071421;GO:0045745;GO:0010817;GO:0071578;GO:0071577
Q96JW4,Solute carrier family 41 member 2,Liver,GO:0005886;GO:0015095;GO:0006824;GO:0006826;GO:0015693;GO:0006828;GO:0015675
Q8NBI5,Solute carrier family 43 member 3,Liver,GO:0016323;GO:0015207;GO:0015245;GO:0015208;GO:0042910;GO:0035344
Q9UMX9,Solute carrier family 45 member 2,Liver,GO:0033162;GO:0016020;GO:0005356;GO:0008506;GO:0048066;GO:0035752;GO:0006583;GO:0015770;GO:0007601
Q7Z3Q1,Solute carrier family 46 member 3,Liver,GO:0070062;GO:0005765;GO:0005375;GO:0015293;GO:0022857;GO:1904613;GO:0034486
Q96FL8,Solute carrier family 47 member 1,Liver,GO:0016324;GO:0016323;GO:0016020;GO:0005886;GO:0015297;GO:0015179;GO:0061459;GO:0015101;GO:0140968;GO:0015489;GO:0015234;GO:0022857;GO:0042910;GO:0089718;GO:1902475;GO:0097638;GO:0015695;GO:0015847;GO:0055085;GO:1990961;GO:0006855;GO:0042908
Q9Y289,Solute carrier family 5 member 6,Liver,GO:0016324;GO:0009925;GO:0016323;GO:0031526;GO:0016020;GO:0005886;GO:0015225;GO:0015111;GO:0140161;GO:0015233;GO:0015498;GO:0008523;GO:0090482;GO:1905135;GO:0006768;GO:0015878;GO:1904200;GO:0015887;GO:0006814;GO:0150104
Q8N2U9,Solute carrier family 66 member 2,Liver,GO:0005829;GO:0005768;GO:0016020;GO:0005802;GO:0045332;GO:0042147
P52569,Solute carrier family 7 member 2,Liver,GO:0030054;GO:0005886;GO:0015171;GO:0015174;GO:0015179;GO:0061459;GO:0015189;GO:0000064;GO:0089718;GO:0006865;GO:1902475;GO:0015807;GO:0097638;GO:1903826;GO:1903352;GO:0150104
Q86UD5,Solute carrier family 9 member B2,Liver,GO:0016324;GO:0016323;GO:0005743;GO:0031966;GO:0005739;GO:0005886;GO:0055037;GO:0055038;GO:0097228;GO:0030672;GO:0042802;GO:0010348;GO:0015385;GO:0072583;GO:0030317;GO:0098662;GO:0010351;GO:0034220;GO:2001206;GO:0061178;GO:0055078;GO:0006814
O94956,Solute carrier organic anion transporter family member 2B1,Liver,GO:0016324;GO:0009925;GO:0016323;GO:0005886;GO:0015125;GO:0008514;GO:0015132;GO:0015347;GO:0022857;GO:0015721;GO:0042167;GO:0006811;GO:0015711;GO:0043252;GO:0055085;GO:0150104;GO:0006805
O94933,SLIT and NTRK like family member 3,Liver,GO:0009986;GO:0098982;GO:0005886;GO:0098839;GO:0099634;GO:0007409;GO:0097116;GO:0072578;GO:0051965;GO:1905606;GO:0099560;GO:0051932;GO:0072553
Q96QK8,Small integral membrane protein 14,Liver,GO:0005783;GO:0005789;GO:0001835
Q9H4F8,SPARC related modular calcium binding 1,Liver,GO:0005604;GO:0005615;GO:0005509;GO:0050840;GO:0008201;GO:0030154;GO:0030198;GO:0001654;GO:0060173;GO:0045667
Q13884,Syntrophin beta 1,Liver,GO:0005737;GO:0005856;GO:0016010;GO:0005925;GO:0032991;GO:0042383;GO:0045202;GO:0003779;GO:0005516;GO:0030165;GO:0005198;GO:0006936
Q9Y5X0,Sorting nexin 10,Liver,GO:0090651;GO:0005813;GO:0005783;GO:0005768;GO:0031313;GO:0005634;GO:0030141;GO:0005545;GO:0051117;GO:1901981;GO:0035630;GO:0045453;GO:0055074;GO:0019725;GO:1990830;GO:0060271;GO:0006897;GO:0007032;GO:0001696;GO:0006886;GO:0030316;GO:0071539;GO:0061512;GO:0097178;GO:0044691;GO:0016050
P00441,Superoxide dismutase 1,Liver,GO:1904115;GO:0005737;GO:0031410;GO:0005829;GO:0032839;GO:0070062;GO:0005576;GO:0005615;GO:0005758;GO:0005759;GO:0005739;GO:0043025;GO:0005654;GO:0005634;GO:0005777;GO:0032991;GO:0005507;GO:0042802;GO:0042803;GO:0030346;GO:0051087;GO:0031267;GO:0004784;GO:0008270;GO:0099610;GO:0008089;GO:0006915;GO:0060088;GO:0008340;GO:0035234;GO:0007566;GO:0010467;GO:0006749;GO:0060047;GO:0050665;GO:0006879;GO:0007626;GO:0046716;GO:0002262;GO:0051093;GO:0050728;GO:0043524;GO:2000242;GO:0060052;GO:0019228;GO:0001541;GO:0032287;GO:0001890;GO:0043065;GO:0001819;GO:0043410;GO:1902177;GO:0050766;GO:0032930;GO:0072593;GO:0008217;GO:0043087;GO:0051881;GO:0040014;GO:0046620;GO:0033081;GO:0060087;GO:0019430;GO:0048678;GO:0045471;GO:0009408;GO:0042542;GO:0000303;GO:0009410;GO:0001895;GO:0008090;GO:0007605;GO:0007283;GO:0042554;GO:0006801;GO:0048538;GO:0019226
Q00796,Sorbitol dehydrogenase,Liver,GO:0005829;GO:0070062;GO:0005615;GO:0016020;GO:0031966;GO:0031514;GO:0000721;GO:0030246;GO:0047833;GO:0046526;GO:0042802;GO:0003939;GO:0051287;GO:0050255;GO:0008270;GO:0019640;GO:0030317;GO:0046370;GO:0006006;GO:0006062;GO:0051160;GO:0051164
A6NEL2,Sosondowah ankyrin repeat domain family member B,Liver,
Q5BIV9,Shadow of prion protein,Liver,GO:0005829;GO:0005576;GO:0005730;GO:0005634;GO:0005886;GO:0098552;GO:0031982;GO:0003676;GO:0006606
Q8WW59,SPRY domain containing 4,Liver,GO:0005739;GO:0005634
P18405,Steroid 5 alpha-reductase 1,Liver,GO:0070852;GO:0005789;GO:0043025;GO:0048471;GO:0003865;GO:0047751;GO:0033218;GO:0009055;GO:0070402;GO:0006702;GO:0006710;GO:0060348;GO:0030154;GO:0071320;GO:0071549;GO:0071872;GO:0071392;GO:0071363;GO:0032869;GO:0009267;GO:0071394;GO:0021987;GO:0016101;GO:0030540;GO:0021766;GO:0021854;GO:0001889;GO:0030539;GO:0008584;GO:0021983;GO:0042448;GO:0043627;GO:0032354;GO:0060992;GO:0060416;GO:0014850;GO:0009410;GO:0042428;GO:0007530;GO:0021510;GO:0006694;GO:0021794;GO:0001655
Q9Y274,"ST3 beta-galactoside alpha-2,3-sialyltransferase 6",Liver,GO:0070062;GO:0000139;GO:0016020;GO:0003836;GO:0008118;GO:0008373;GO:0071354;GO:0009247;GO:0018146;GO:0009312;GO:0006486
Q9Y365,StAR related lipid transfer domain containing 10,Liver,GO:0005829;GO:0046581;GO:0016020;GO:0005902;GO:0031514;GO:0008289;GO:0006869
O95210,Starch binding domain 1,Liver,GO:0005783;GO:0005789;GO:0101003;GO:0016020;GO:0048471;GO:0034045;GO:0005886;GO:0030315;GO:0070821;GO:0038024;GO:0019899;GO:2001069;GO:0030247;GO:2001070;GO:0005980;GO:0061723;GO:0046907;GO:0061753
Q658P3,STEAP3 metalloreductase,Liver,GO:0005737;GO:0005768;GO:0010008;GO:0005771;GO:0005886;GO:0008823;GO:0071949;GO:0052851;GO:0020037;GO:0042802;GO:0046872;GO:0006915;GO:0015677;GO:0006826;GO:0009306
Q96I99,Succinate-CoA ligase GDP-forming subunit beta,Liver,GO:0005759;GO:0005739;GO:0005886;GO:0042709;GO:0045244;GO:0005524;GO:0019003;GO:0005525;GO:0000287;GO:0044877;GO:0004776;GO:0006105;GO:1901289;GO:0006104;GO:0006099
Q9HAC7,Succinyl-CoA:glutarate-CoA transferase,Liver,GO:0005739;GO:0047369
P50225,Sulfotransferase family 1A member 1,Liver,GO:0005737;GO:0005829;GO:0050656;GO:0004062;GO:0047894;GO:0050294;GO:0008146;GO:0050427;GO:0009308;GO:0006584;GO:0008210;GO:0006068;GO:0009812;GO:0051923;GO:0006805
P49888,Sulfotransferase family 1E member 1,Liver,GO:0005737;GO:0005829;GO:0031965;GO:0004062;GO:0004304;GO:0047894;GO:0005496;GO:0050294;GO:0008146;GO:0050427;GO:0006711;GO:0008210;GO:0006068;GO:0045600;GO:0008202;GO:0051923
O43581,Synaptotagmin 7,Liver,GO:0030424;GO:0005829;GO:0031045;GO:0032009;GO:0070062;GO:0098686;GO:0005765;GO:0005764;GO:0005778;GO:0005777;GO:0030670;GO:0005886;GO:0042734;GO:0045202;GO:0008021;GO:0030672;GO:0005509;GO:0061891;GO:0005544;GO:0005516;GO:0030276;GO:0005546;GO:0000149;GO:0019905;GO:1990927;GO:0048791;GO:0099502;GO:0006909;GO:0090385;GO:0001778;GO:0045956;GO:0046850;GO:0017158;GO:0070092;GO:0050796;GO:0050764;GO:1900242;GO:1990926;GO:0036465;GO:0006906;GO:0090119;GO:0016192
Q9BSH4,Translational activator of cytochrome c oxidase I,Liver,GO:0005739;GO:0097177;GO:0003729;GO:0019843;GO:0033617;GO:0061743;GO:0070129
Q96SF7,T-box transcription factor 15,Liver,GO:0000785;GO:0005634;GO:0090571;GO:0000981;GO:0001227;GO:0042803;GO:0000978;GO:1990837;GO:0001708;GO:0048701;GO:0045893;GO:0006357
Q8N3R3,"T cell activation inhibitor, mitochondrial",Liver,GO:0005739
P02787,Transferrin,Liver,GO:0016324;GO:0045178;GO:0009925;GO:0072562;GO:0009986;GO:0030669;GO:0005905;GO:0031410;GO:0005769;GO:0030139;GO:0005788;GO:0010008;GO:0070062;GO:0005576;GO:0005615;GO:1990712;GO:0005770;GO:0048471;GO:0005886;GO:0055037;GO:0034774;GO:0031982;GO:0019899;GO:0008199;GO:0008198;GO:0034986;GO:1990459;GO:0044325;GO:0007015;GO:0019731;GO:0071281;GO:0070371;GO:0006879;GO:0006826;GO:0060586;GO:0030316;GO:0045780;GO:2000147;GO:0045893;GO:0042327;GO:0032436;GO:0048260;GO:0034756;GO:0031647
P10646,Tissue factor pathway inhibitor,Liver,GO:0005901;GO:0009986;GO:0005783;GO:0005576;GO:0005615;GO:0005886;GO:0098552;GO:0004866;GO:0004867;GO:0007596;GO:0071383;GO:0030195
Q8IYQ7,Threonine synthase like 1,Liver,GO:0005737;GO:0005739
Q92748,Thyroid hormone responsive,Liver,GO:0005829;GO:0005654;GO:0042802;GO:0140678;GO:0042803;GO:0006629;GO:0046890;GO:0010866;GO:0009617
Q4W5G0,Tigger transposable element derived 2,Liver,GO:0005634;GO:0003677
Q3LXA3,Triokinase and FMN cyclase,Liver,GO:0005829;GO:0070062;GO:0005634;GO:0005524;GO:0034012;GO:0004371;GO:0046872;GO:0050354;GO:0005975;GO:0046835;GO:0061624;GO:0019563;GO:0039534;GO:0045088
P55061,Transmembrane BAX inhibitor motif containing 6,Liver,GO:0005737;GO:0005783;GO:0005789;GO:0016020;GO:0005634;GO:0005886;GO:0005262;GO:0060698;GO:0019899;GO:0031625;GO:0006914;GO:0034620;GO:0032469;GO:0043066;GO:2001234;GO:0010523;GO:1902236;GO:0060702;GO:1903298;GO:0002638;GO:0033119;GO:0036483;GO:1902065
Q96HP8,Transmembrane protein 176A,Liver,GO:0016020;GO:2001199
Q6QAJ8,Transmembrane protein 220,Liver,GO:0016020
Q8WXS4,Transmembrane protein 37,Liver,GO:0034702;GO:0005262;GO:0005244
Q6P2H8,Transmembrane protein 53,Liver,GO:0031965;GO:0005640;GO:0005634;GO:0030514;GO:0030279;GO:0045668;GO:0046822
A0PJX8,Transmembrane protein 82,Liver,GO:0016020
Q8N661,Transmembrane protein 86B,Liver,GO:0005737;GO:0005789;GO:0016020;GO:0047408;GO:0047826;GO:0016803;GO:0042802;GO:0046485;GO:0036151
Q5BJF2,Transmembrane protein 97,Liver,GO:0005783;GO:0005764;GO:0031965;GO:0005886;GO:0005791;GO:0030867;GO:0015485;GO:0008142;GO:0042632;GO:0140077;GO:0090303;GO:0001558;GO:0032383;GO:0032377
Q8WVP5,TNF alpha induced protein 8 like 1,Liver,GO:0005737;GO:0042802;GO:0032007;GO:0042981
O14788,TNF superfamily member 11,Liver,GO:0005737;GO:0005576;GO:0005615;GO:0005886;GO:0005125;GO:0042802;GO:0005164;GO:0032813;GO:0045453;GO:0055074;GO:0019722;GO:0007166;GO:1990830;GO:0019221;GO:0070371;GO:0006955;GO:0007254;GO:0060749;GO:0033598;GO:0002548;GO:0000122;GO:0001503;GO:0036035;GO:0030316;GO:0002158;GO:0038001;GO:0043491;GO:0045780;GO:0043123;GO:0051466;GO:0051091;GO:0070374;GO:2001238;GO:0071812;GO:0010628;GO:0034112;GO:1902533;GO:0046330;GO:0043406;GO:0051092;GO:2001206;GO:0045672;GO:0051897;GO:0050870;GO:0045944;GO:0044691;GO:0033209
Q96A56,Tumor protein p53 inducible nuclear protein 1,Liver,GO:0005776;GO:0031410;GO:0005829;GO:0005654;GO:0005634;GO:0016605;GO:0016209;GO:0006915;GO:0048102;GO:0000045;GO:0071361;GO:0071447;GO:0072703;GO:0034644;GO:0030336;GO:0008285;GO:0048147;GO:0010629;GO:1904761;GO:0043065;GO:0010508;GO:0045893;GO:0010628;GO:0051726;GO:0009408
P51580,Thiopurine S-methyltransferase,Liver,GO:0005829;GO:1904047;GO:0008119;GO:0032259;GO:0006139;GO:0042178;GO:0006805
Q96RU7,Tribbles pseudokinase 3,Liver,GO:0005829;GO:0005654;GO:0005634;GO:0005886;GO:0005524;GO:0031434;GO:0019901;GO:0004860;GO:0003714;GO:0031625;GO:0055106;GO:0032869;GO:0070059;GO:0045892;GO:0045599;GO:0045717;GO:0006469;GO:0000122;GO:0032436;GO:0032092;GO:0051443;GO:0010506;GO:0010827;GO:0043405;GO:0034976
Q9UDY6,Tripartite motif containing 10,Liver,GO:0005737;GO:0061630;GO:0008270;GO:0030218;GO:0045087;GO:0046597
C9J1S8,Tripartite motif containing 49D1,Liver,GO:0005737;GO:0061630;GO:0008270;GO:0045087;GO:0010468
Q8NER1,Transient receptor potential cation channel subfamily V member 1,Liver,GO:0032591;GO:0009897;GO:0098982;GO:0016020;GO:0043025;GO:0005886;GO:0045211;GO:0005524;GO:0005262;GO:0005516;GO:0017081;GO:0005231;GO:0005230;GO:0042802;GO:0015278;GO:0046872;GO:0035091;GO:0051219;GO:0097603;GO:0004888;GO:0005245;GO:0048266;GO:0098703;GO:0070588;GO:0007166;GO:0071468;GO:0071312;GO:0071318;GO:0034605;GO:1990090;GO:0071502;GO:0071356;GO:0007635;GO:0050968;GO:0050965;GO:0050960;GO:0002024;GO:0001660;GO:0014047;GO:0006629;GO:0001774;GO:0090212;GO:0010459;GO:0010917;GO:0003085;GO:0000122;GO:0002790;GO:0043065;GO:0007204;GO:0045429;GO:0051289;GO:1901594;GO:0043434;GO:0050954;GO:0050909;GO:0060083;GO:0050955
Q8WUA8,"Tsukushi, small leucine rich proteoglycan",Liver,GO:0005615;GO:0050431;GO:0021960;GO:0098868;GO:0043010;GO:0033344;GO:0042632;GO:0008203;GO:0061073;GO:0021540;GO:0097009;GO:0003431;GO:0021766;GO:0060122;GO:0021670;GO:1904761;GO:0010977;GO:0032911;GO:0030178;GO:0042635;GO:0010468;GO:0042060
Q969D9,Thymic stromal lymphopoietin,Liver,GO:0005576;GO:0005615;GO:0005125;GO:0005139;GO:0061844;GO:0007259;GO:0019221;GO:0050832;GO:0050829;GO:0038111;GO:0043066;GO:0008284;GO:0071654;GO:0032722;GO:0001961;GO:0071657;GO:0050729;GO:0032733;GO:0032736;GO:0032754;GO:0032755;GO:0033005;GO:1904894
Q16762,Thiosulfate sulfurtransferase,Liver,GO:0005615;GO:0005759;GO:0005739;GO:0016784;GO:0008097;GO:0004792;GO:0009440;GO:0030855;GO:0035928;GO:0051029;GO:0000098
Q5R3I4,Tetratricopeptide repeat domain 38,Liver,GO:0070062
Q8N584,Tetratricopeptide repeat domain 39C,Liver,GO:0060271;GO:0032474
Q9BTX7,Alpha tocopherol transfer protein like,Liver,GO:0016020;GO:1902936
Q16222,UDP-N-acetylglucosamine pyrophosphorylase 1,Liver,GO:0005829;GO:0005654;GO:0005886;GO:0042802;GO:0141090;GO:0052630;GO:0003977;GO:0140374;GO:0032481;GO:0006048
O60701,UDP-glucose 6-dehydrogenase,Liver,GO:0005829;GO:0070062;GO:0005654;GO:0005634;GO:0042802;GO:0051287;GO:0003979;GO:0030206;GO:0001702;GO:0006024;GO:0015012;GO:0048666;GO:0034214;GO:0006065
Q16851,UDP-glucose pyrophosphorylase 2,Liver,GO:0005737;GO:0005829;GO:0070062;GO:0005634;GO:0005536;GO:0042802;GO:0046872;GO:0032557;GO:0003983;GO:0007420;GO:0019255;GO:0005978;GO:0005977;GO:0006011;GO:0006065
P35504,UDP glucuronosyltransferase family 1 member A5,Liver,GO:0005783;GO:0005789;GO:0019899;GO:0015020;GO:0046982;GO:0042803;GO:0052695
Q9HAW9,UDP glucuronosyltransferase family 1 member A8,Liver,GO:0005783;GO:0005789;GO:0019899;GO:0004857;GO:0005504;GO:0015020;GO:0046982;GO:0042803;GO:0001972;GO:0005496;GO:0052695;GO:0009804;GO:0006631;GO:0051552;GO:0052696;GO:0001889;GO:2001030;GO:0045922;GO:0045939;GO:0042573;GO:0008202;GO:0052697;GO:0006805
Q9BQB6,Vitamin K epoxide reductase complex subunit 1,Liver,GO:0005783;GO:0005789;GO:0048038;GO:0047058;GO:0047057;GO:0007596;GO:0060348;GO:0017187;GO:0050820;GO:0030193;GO:0014070;GO:0042373;GO:0006805
Q96DN2,Von Willebrand factor C and EGF domains,Liver,GO:0005737;GO:0005576;GO:0005509;GO:0098586
Q3MJ13,WD repeat domain 72,Liver,GO:0005737;GO:0005768;GO:0005634;GO:0036305;GO:0070166;GO:0006897;GO:0022617;GO:0010467;GO:0046785;GO:0043491;GO:0017038;GO:0072659;GO:0006885;GO:0031529;GO:0007021;GO:0016050
O75191,Xylulokinase,Liver,GO:0005829;GO:0005524;GO:0004856;GO:0005975;GO:0019640;GO:0042732;GO:0006091;GO:0005998;GO:0005997
