Uniprot,Gene description,Organ,GO
Q9NQT6,Fascin actin-bundling protein 3,Testis,GO:0015629;GO:0031253;GO:0005737;GO:0005856;GO:0030175;GO:0030426;GO:0030027;GO:0005902;GO:0001726;GO:0051015;GO:0030674;GO:0051017;GO:0016477;GO:0007163
P02671,Fibrinogen alpha chain,Liver,GO:0072562;GO:0009986;GO:0062023;GO:0005783;GO:0005788;GO:0009897;GO:0070062;GO:0005576;GO:0005615;GO:1903561;GO:0005577;GO:0005886;GO:0031091;GO:0031093;GO:0005201;GO:0046872;GO:0030674;GO:0005102;GO:0005198;GO:0002250;GO:0072377;GO:0072378;GO:0007160;GO:0042730;GO:0043152;GO:0045087;GO:2000352;GO:1902042;GO:0031639;GO:0070527;GO:0070374;GO:0045921;GO:0034116;GO:0090277;GO:0050714;GO:1900026;GO:0045907;GO:0051258;GO:0065003;GO:0051592
Q6P047,Chromosome 8 open reading frame 74,Testis,
Q9BXA5,Succinate receptor 1,Kidney,GO:0070062;GO:0005886;GO:0004930;GO:0038023;GO:0097009;GO:0007186;GO:0042593;GO:0002281;GO:0050921;GO:0050729;GO:0060177;GO:0002001;GO:0051592
Q2TBF2,WSC domain containing 2,Brain,GO:0000139;GO:0008146
Q3SXM0,DDB1 and CUL4 associated factor 4 like 1,Testis,GO:0080008
Q6NXR0,Immunity related GTPase cinema,Testis,GO:0005811;GO:0016020;GO:0036126;GO:0097226;GO:0005525;GO:0003924;GO:1990606;GO:1902093
Q8NEL0,Coiled-coil domain containing 54,Testis,
P50549,ETS variant transcription factor 1,Brain,GO:0000785;GO:0005634;GO:0001228;GO:0003700;GO:0000981;GO:0000978;GO:1990837;GO:0007411;GO:0007638;GO:0007517;GO:0048935;GO:0045944;GO:0006357;GO:0006366
Q9HBI5,Chromosome 3 open reading frame 14,Brain,GO:0005929
O94933,SLIT and NTRK like family member 3,Liver,GO:0009986;GO:0098982;GO:0005886;GO:0098839;GO:0099634;GO:0007409;GO:0097116;GO:0072578;GO:0051965;GO:1905606;GO:0099560;GO:0051932;GO:0072553
Q86UU5,Gametogenetin,Testis,GO:0031625;GO:0030154;GO:0006302;GO:0007276;GO:0007283
Q6IMI4,Sulfotransferase family 6B member 1,Testis,GO:0005737;GO:0005829;GO:0008146;GO:0051923
P02753,Retinol binding protein 4,Liver,GO:0070062;GO:0005576;GO:0005615;GO:0016918;GO:0019841;GO:0034632;GO:0048738;GO:0048562;GO:0060059;GO:0048706;GO:0001654;GO:0048807;GO:0006094;GO:0042593;GO:0007507;GO:0060347;GO:0030324;GO:0030277;GO:0060044;GO:0002639;GO:0032024;GO:0032526;GO:0042572;GO:0034633;GO:0060157;GO:0060065;GO:0060068;GO:0007601
Q9Y462,Zinc finger protein 711,Testis,GO:0000785;GO:0005634;GO:0000981;GO:0046872;GO:0000978;GO:0043565;GO:0045893;GO:0045944;GO:0010468;GO:0006357
C9J069,Apical junction component 1 homolog,Brain,GO:0005912;GO:0043296;GO:0016324;GO:0005929;GO:0005886;GO:0045216
Q14549,Gastrulation brain homeobox 1,Testis,GO:0000785;GO:0005634;GO:0000981;GO:0000977;GO:0007628;GO:0048663;GO:0019230;GO:0051960;GO:0006357;GO:0097374;GO:0021522
A1XBS5,CBY1 interacting BAR domain containing 1,Testis,GO:0005814;GO:0036064;GO:0097546;GO:0035869;GO:0005737;GO:0030061;GO:0005743;GO:0005739;GO:0005634;GO:0005543;GO:0060271;GO:0007007;GO:0035108;GO:0061024;GO:0097749;GO:0045880
Q6UXT9,Abhydrolase domain containing 15,Liver,GO:0005576;GO:0016020;GO:0047372;GO:0034338;GO:0060612;GO:0016042
Q68CQ1,Maestro heat like repeat family member 7,Testis,GO:0005737;GO:0005615;GO:0016020
P25100,Adrenoceptor alpha 1D,Brain,GO:0005886;GO:0004937;GO:0042802;GO:0071880;GO:0007188;GO:0007267;GO:0007186;GO:0150099;GO:0007200;GO:0008284;GO:0007204;GO:0043410;GO:0045907
Q9H5X1,Cytosolic iron-sulfur assembly component 2A,Liver,GO:0005829;GO:0097361;GO:0005654;GO:0046872;GO:0007059;GO:0016226;GO:0106035;GO:0097428
Q8IZP6,Ring finger protein 113B,Testis,GO:0005684;GO:0046872;GO:0034247
P0CG37,"Cripto, FRL-1, cryptic family 1",Brain,GO:0009986;GO:0005576;GO:0005886;GO:0098552;GO:0070697;GO:0038100;GO:0009952;GO:0001568;GO:0007368;GO:0007369;GO:0007507;GO:0038092
A5YM72,Carnosine synthase 1,Brain,GO:0005829;GO:0005524;GO:0016887;GO:0047730;GO:0102102;GO:0046872;GO:0035499;GO:0006548
Q9BZX4,Rhophilin associated tail protein 1B,Testis,GO:0005737;GO:0031514;GO:0046982;GO:0030159;GO:0007340;GO:0098609;GO:0044782;GO:0061640;GO:0030317;GO:0007342;GO:0061512;GO:0001932;GO:0007266;GO:0048240;GO:0007283
Q9ULT0,Tetratricopeptide repeat domain 7A,Testis,GO:0005737;GO:0005886;GO:0030097;GO:0006879;GO:0046854;GO:0072659
Q9UHI7,Solute carrier family 23 member 1,Liver,GO:0016324;GO:0009925;GO:0005737;GO:0070062;GO:0043229;GO:0005886;GO:0033300;GO:0008520;GO:0015229;GO:0015205;GO:0015081;GO:0015143;GO:0007420;GO:0070837;GO:0019852;GO:0015882;GO:0030324;GO:0015851;GO:0009636;GO:0006814
Q9BXS0,Collagen type XXV alpha 1 chain,Testis,GO:0005581;GO:0062023;GO:0005788;GO:0005576;GO:0005615;GO:0016020;GO:0005886;GO:0001540;GO:0008201;GO:0042802
O75462,Cytokine receptor like factor 1,Brain,GO:0097058;GO:0005829;GO:0009897;GO:0005576;GO:0005615;GO:0043235;GO:0019955;GO:0004896;GO:0097696;GO:0019221;GO:2000672;GO:0043524;GO:0008284;GO:0001657
Q9Y581,Insulin like 6,Testis,GO:0005576;GO:0005179
Q86SP6,G protein-coupled receptor 149,Brain,GO:0043005;GO:0005886;GO:0004930;GO:0042923;GO:0001547;GO:0060280;GO:0007218;GO:0001546
Q9H693,Chromosome 16 open reading frame 95,Testis,
A6NI86,Golgin A6 family like 10,Testis,
P0DTF9,PTTG1IP family member 2,Testis,GO:0016020
Q9Y6N8,Cadherin 10,Brain,GO:0005912;GO:0016342;GO:0098978;GO:0005886;GO:0008013;GO:0045296;GO:0005509;GO:0034332;GO:0016339;GO:0016477;GO:0000902;GO:0098609;GO:0044331;GO:0007043;GO:0007156;GO:0099560
Q8WXQ8,Carboxypeptidase A5,Testis,GO:0005615;GO:0004181;GO:0008270;GO:0006508
Q4G163,F-box protein 43,Testis,GO:0005634;GO:0008270;GO:0051321;GO:0010948;GO:0045835;GO:0016567;GO:0007088
Q16650,T-box brain transcription factor 1,Brain,GO:0000785;GO:0005634;GO:0031490;GO:0003700;GO:0000981;GO:0019901;GO:0000978;GO:0021764;GO:0007420;GO:0001708;GO:0021987;GO:0006338;GO:0021902;GO:0001661;GO:0010467;GO:0030902;GO:0045892;GO:0045944;GO:1902667;GO:0010975;GO:0006357;GO:0010092
P35520,Cystathionine beta-synthase,Liver,GO:0005737;GO:0005829;GO:0005634;GO:0070025;GO:0004122;GO:0019899;GO:0020037;GO:0042802;GO:0046872;GO:0072341;GO:0070026;GO:0050421;GO:0019825;GO:0042803;GO:0030170;GO:1904047;GO:0031625;GO:0097746;GO:0001974;GO:0060351;GO:0071456;GO:0021587;GO:0019344;GO:0006535;GO:0019343;GO:0042262;GO:0001958;GO:0043418;GO:0050667;GO:0070814;GO:0019448;GO:0006565;GO:0006563;GO:0060135;GO:0043066;GO:0010749;GO:0051593;GO:0006801;GO:0019346
Q96PV4,PNMA family member 5,Testis,GO:0042802;GO:0043065
Q8N3F9,G protein-coupled receptor 137C,Brain,GO:0005765;GO:1904263
Q8N5R6,Coiled-coil domain containing 33,Testis,GO:0005777
Q5VWT5,FYN binding protein 2,Liver,GO:0001772;GO:0045121;GO:0005886;GO:0033627;GO:0007229;GO:0072659;GO:0050852
Q15032,R3H domain containing 1,Brain,GO:0003723
P0DP25,Calmodulin 3,Brain,GO:0034704;GO:0044305;GO:1902494;GO:0005813;GO:0005737;GO:0043209;GO:0005634;GO:0005886;GO:0099523;GO:0032991;GO:0030017;GO:0097225;GO:0005876;GO:0000922;GO:0031982;GO:0008076;GO:0010856;GO:0008179;GO:0005509;GO:0048306;GO:0019901;GO:0072542;GO:0043539;GO:0031432;GO:0044325;GO:0097720;GO:0005513;GO:0007186;GO:0000086;GO:1905913;GO:1901842;GO:0010801;GO:0060315;GO:0010800;GO:0031954;GO:0071902;GO:0060316;GO:0140238;GO:0050848;GO:0098901;GO:0055117;GO:0010881;GO:1901844;GO:0032465;GO:0002027;GO:0010880;GO:0051592;GO:0021762
Q96BY2,Modulator of apoptosis 1,Brain,GO:0005737;GO:0005829;GO:0005741;GO:0005739;GO:0031625;GO:0097190;GO:0006914;GO:0097192;GO:0008625;GO:0008630;GO:0043065;GO:2000786;GO:0090200;GO:0051204;GO:0042981
Q13526,"Peptidylprolyl cis/trans isomerase, NIMA-interacting 1",Brain,GO:0036064;GO:0005737;GO:0005829;GO:0098978;GO:0030496;GO:0016607;GO:0005654;GO:0005634;GO:0099524;GO:0008013;GO:0016859;GO:0003774;GO:0032794;GO:0031434;GO:0003755;GO:0051219;GO:0050815;GO:0050816;GO:0140839;GO:0140840;GO:0048156;GO:1990757;GO:0071456;GO:1902430;GO:2000146;GO:0070373;GO:0032091;GO:0042177;GO:0060392;GO:0030512;GO:0030182;GO:0090263;GO:0043547;GO:0032092;GO:0001934;GO:0045944;GO:0000413;GO:0050821;GO:0006626;GO:0032465;GO:0010468;GO:0007088;GO:1900180;GO:0001932;GO:0031647;GO:0001666;GO:0050808
P20916,Myelin associated glycoprotein,Brain,GO:0043218;GO:0045121;GO:0097453;GO:0043209;GO:0035749;GO:0033270;GO:0005886;GO:0043220;GO:0030246;GO:1905576;GO:0042803;GO:0019901;GO:0033691;GO:0005102;GO:0031103;GO:0007155;GO:0098742;GO:0071260;GO:0032289;GO:0030517;GO:0043524;GO:0045665;GO:0010977;GO:0048711;GO:0031643;GO:0021762;GO:0019226
P31213,Steroid 5 alpha-reductase 2,Liver,GO:0070852;GO:0005789;GO:0043025;GO:0003865;GO:0047751;GO:0033218;GO:0030283;GO:0006702;GO:0008209;GO:0018879;GO:0060348;GO:0030154;GO:0007267;GO:0018894;GO:0030540;GO:0021766;GO:0021854;GO:0030539;GO:0008584;GO:0018963;GO:1904614;GO:0032354;GO:0031667;GO:0043434;GO:0048545;GO:0033574;GO:0009410;GO:0006694;GO:0006706;GO:0061370
O15431,Solute carrier family 31 member 1,Liver,GO:0016324;GO:0016323;GO:0031901;GO:0014704;GO:0031902;GO:0005886;GO:0055038;GO:0005507;GO:0005375;GO:0042802;GO:0015080;GO:0042910;GO:0001525;GO:0015677;GO:0006825;GO:0051649;GO:0006878;GO:0015679;GO:0051259;GO:1902601;GO:0036324;GO:0042908
A0A1B0GTU1,Zinc finger CCCH-type containing 11B,Testis,GO:0046872;GO:0016973
P0C7M4,Rhox homeobox family member 2B,Testis,GO:0000785;GO:0005634;GO:0000981;GO:0000977;GO:0010628;GO:0006357
Q3V5L5,"Alpha-1,6-mannosylglycoprotein 6-beta-N-acetylglucosaminyltransferase B",Brain,GO:0005794;GO:0000139;GO:0030144;GO:0030145;GO:0006487;GO:0018242
P81172,Hepcidin antimicrobial peptide,Liver,GO:0005576;GO:0005615;GO:0005634;GO:0005507;GO:0005179;GO:0141108;GO:0007259;GO:0042742;GO:0050832;GO:0051649;GO:0006955;GO:0006954;GO:0006879;GO:0034755;GO:0031640;GO:0042116;GO:0060586;GO:0002262;GO:0045779;GO:0050728;GO:1904479;GO:1904039;GO:0034760;GO:0000122;GO:0043032;GO:0032436;GO:0045944;GO:0030163;GO:0010039;GO:0006366
P04271,S100 calcium binding protein B,Brain,GO:0005737;GO:0005829;GO:0005576;GO:0005615;GO:0043231;GO:0043025;GO:0005654;GO:0005634;GO:0048471;GO:0001726;GO:0005509;GO:0048306;GO:0042802;GO:0042803;GO:0050786;GO:0044548;GO:0048156;GO:0008270;GO:1990845;GO:0007409;GO:0007155;GO:0007417;GO:0007611;GO:0007613;GO:0043123;GO:0008284;GO:0045666;GO:0048168;GO:0097490
Q502W6,Von Willebrand factor A domain containing 3B,Testis,GO:0005829;GO:0005654
Q7Z569,BRCA1 associated protein,Testis,GO:0005737;GO:0005829;GO:0031965;GO:0005654;GO:0000151;GO:0042802;GO:0008139;GO:0003676;GO:0061630;GO:0004842;GO:0008270;GO:0000165;GO:0009968;GO:0016567;GO:0007265
P26436,Acrosomal vesicle protein 1,Testis,GO:0001669;GO:0007283
Q02156,Protein kinase C epsilon,Brain,GO:0071944;GO:0005737;GO:0005829;GO:0005783;GO:0005794;GO:0045111;GO:0043231;GO:0005739;GO:0005634;GO:0048471;GO:0005886;GO:0045202;GO:0071889;GO:0003785;GO:0005524;GO:0004698;GO:0004697;GO:0004699;GO:0008047;GO:0019899;GO:0035276;GO:0046872;GO:0004672;GO:0106310;GO:0004674;GO:0030546;GO:0006915;GO:0051301;GO:0031589;GO:0071361;GO:0071456;GO:0071380;GO:0051649;GO:0038096;GO:0030073;GO:0035556;GO:0031663;GO:0035641;GO:0002281;GO:0000165;GO:0070254;GO:0031397;GO:1902306;GO:0018105;GO:0030838;GO:0043123;GO:0010811;GO:2001031;GO:0032467;GO:0010634;GO:0010763;GO:0032024;GO:0050996;GO:0043410;GO:0070257;GO:1903078;GO:0032930;GO:0032230;GO:0090303;GO:0006468;GO:0061178;GO:0051279;GO:0043278;GO:0007165;GO:0051932;GO:0009407;GO:0035669
O75145,PTPRF interacting protein alpha 3,Brain,GO:0001669;GO:0005829;GO:0098875;GO:0098978;GO:0048786;GO:0098831;GO:0007269;GO:0048172;GO:0050808;GO:0016081
Q8N752,Casein kinase 1 alpha 1 like,Testis,GO:0005829;GO:0005634;GO:0004676;GO:0004679;GO:0005524;GO:0004677;GO:0004694;GO:0044024;GO:0072371;GO:1990244;GO:0035979;GO:0044025;GO:0140823;GO:0035175;GO:0044022;GO:0140855;GO:0035402;GO:0072354;GO:0140857;GO:0035403;GO:0044023;GO:0106310;GO:0004674;GO:0072518;GO:0004711;GO:0090090;GO:0007165;GO:0016055
O95918,Olfactory receptor family 2 subfamily H member 2,Brain,GO:0005886;GO:0004930;GO:0004984;GO:0006952;GO:0050911;GO:0007618
Q6PI25,Cornichon family AMPA receptor auxiliary protein 2,Brain,GO:0032281;GO:0030425;GO:0043198;GO:0043197;GO:0005789;GO:0033116;GO:0012507;GO:0014069;GO:0045211;GO:0045202;GO:0005102;GO:2000311;GO:0035249;GO:0016192
Q8N6W0,CUGBP Elav-like family member 5,Brain,GO:0005737;GO:0005634;GO:1990904;GO:0003729;GO:0036002;GO:0006376;GO:0000381
Q15147,Phospholipase C beta 4,Brain,GO:0005829;GO:0005886;GO:0005509;GO:0004435;GO:0004629;GO:0007186;GO:0016042;GO:0046488;GO:0048015;GO:0160135;GO:0051209
Q9HBU9,Popeye domain containing 2,Heart,GO:0016020;GO:0042383;GO:0030552;GO:0007507;GO:0002027;GO:0042391;GO:0007519;GO:0051146
A5PLN7,Family with sequence similarity 149 member A,Liver,
Q9UIG8,Solute carrier organic anion transporter family member 3A1,Brain,GO:0016324;GO:0009925;GO:0016323;GO:0005886;GO:0008514;GO:0015132;GO:0015347;GO:0006811;GO:0051092;GO:0001934;GO:0015732;GO:0043252;GO:0150104
Q9P2U7,Solute carrier family 17 member 7,Brain,GO:0034707;GO:0060203;GO:0060076;GO:0016020;GO:0043005;GO:0005886;GO:0048786;GO:0030672;GO:0005254;GO:0005313;GO:0140788;GO:0005326;GO:0140787;GO:0015386;GO:0005436;GO:0006821;GO:0015813;GO:0006820;GO:0006811;GO:0003407;GO:0098700;GO:0006836;GO:0055062;GO:0006817;GO:0006813;GO:0050803;GO:1900242;GO:0044341;GO:0035249
P61968,LIM domain only 4,Brain,GO:0031252;GO:0090575;GO:0005667;GO:0140297;GO:0046872;GO:0003714;GO:0008045;GO:0031333;GO:0000122;GO:0001843;GO:0033674;GO:0045944;GO:0050865;GO:0042659;GO:0030334;GO:0021527;GO:0021520;GO:0048538;GO:0021514;GO:0003281
Q9Y617,Phosphoserine aminotransferase 1,Liver,GO:0005737;GO:0005829;GO:0070062;GO:0042802;GO:0004648;GO:0030170;GO:0006564;GO:0008615
O95343,SIX homeobox 3,Brain,GO:0000785;GO:0005634;GO:0005667;GO:0001228;GO:0000981;GO:0000978;GO:1990837;GO:0005102;GO:0001222;GO:1902742;GO:0007420;GO:0021846;GO:0002070;GO:0001654;GO:0021798;GO:0002088;GO:1990086;GO:0070306;GO:0045892;GO:0045665;GO:0014016;GO:0097402;GO:0003404;GO:0021983;GO:0009946;GO:1901987;GO:0042127;GO:2000177;GO:0061074;GO:1902692;GO:0006357;GO:0021537;GO:0021978;GO:0007601
Q6ZQQ6,WD repeat domain 87,Testis,
P07197,Neurofilament medium chain,Brain,GO:0030424;GO:0005737;GO:0005882;GO:0045111;GO:0097418;GO:0005883;GO:0099160;GO:0008017;GO:0005200;GO:0033693
Q6PKX4,Docking protein 6,Brain,GO:0005737;GO:0005829;GO:0007169;GO:0043410;GO:0007265
Q9Y4B6,DDB1 and CUL4 associated factor 1,Testis,GO:0005813;GO:0080008;GO:0005737;GO:0001650;GO:0005654;GO:0005634;GO:0004676;GO:0004679;GO:0005524;GO:0004677;GO:0004694;GO:0044024;GO:0072371;GO:1990244;GO:0035979;GO:0044025;GO:0140823;GO:0035175;GO:0044022;GO:0140855;GO:0035402;GO:0072354;GO:0140857;GO:0035403;GO:0044023;GO:0030331;GO:0106310;GO:0072518;GO:0004711;GO:1990756;GO:0030183;GO:0035212;GO:0000122;GO:0045732;GO:0043687;GO:0043161;GO:0016567;GO:0033151
Q8NH16,Olfactory receptor family 2 subfamily L member 2,Testis,GO:0005886;GO:0004930;GO:0004984;GO:0050911
Q9GZN8,Chromosome 20 open reading frame 27,Brain,GO:0005615;GO:0008157;GO:1990845;GO:0042593;GO:1901224;GO:0010739;GO:0030511
Q96EH8,Neuralized E3 ubiquitin protein ligase 3,Kidney,GO:0005769;GO:0046872;GO:0061630;GO:0045087;GO:0016567;GO:0070086
P51172,Sodium channel epithelial 1 subunit delta,Testis,GO:0015629;GO:0016324;GO:0016020;GO:0005886;GO:0034706;GO:0015280;GO:0005272;GO:0071468;GO:1904045;GO:1904117;GO:0006883;GO:0008217;GO:0050914;GO:0050915;GO:0098719;GO:0035725
Q9NRM0,Solute carrier family 2 member 9,Liver,GO:0016324;GO:0016323;GO:0016020;GO:0005886;GO:0005351;GO:0055056;GO:0005353;GO:0015149;GO:0022857;GO:0015143;GO:1904659;GO:0015755;GO:0008645;GO:0015749;GO:0046415;GO:0015747
P01583,Interleukin 1 alpha,Testis,GO:0009986;GO:0005829;GO:0005576;GO:0005615;GO:0005634;GO:0005507;GO:0005125;GO:0005149;GO:0006915;GO:0034605;GO:0071222;GO:0002248;GO:0019221;GO:0035234;GO:0097192;GO:0001660;GO:0007507;GO:0006955;GO:0006954;GO:0006883;GO:0031424;GO:0008285;GO:1904445;GO:2001240;GO:0045766;GO:0043123;GO:0051781;GO:0001819;GO:0070374;GO:0010628;GO:0033092;GO:0032743;GO:0032755;GO:0046330;GO:0045840;GO:1902624;GO:0032308;GO:0050714;GO:0010893;GO:0032874;GO:0045944;GO:0032760;GO:0010575;GO:0032956;GO:0046688;GO:0010332;GO:0001666;GO:0033591;GO:0010193;GO:0007283
Q9H503,BANF family member 2,Testis,GO:0000793;GO:0005737;GO:0005634;GO:0003677;GO:0042802;GO:0051276
Q8N140,EP300 interacting inhibitor of differentiation 3,Testis,GO:0000781;GO:0005737;GO:0005730;GO:0005654;GO:0005634;GO:0030915;GO:0140588;GO:0006281;GO:0000724;GO:0016925;GO:0032204
P43366,MAGE family member B1,Testis,GO:0005634;GO:0000122
Q08828,Adenylate cyclase 1,Brain,GO:0005737;GO:0070062;GO:0098978;GO:0098686;GO:0045121;GO:0005886;GO:0098839;GO:0098793;GO:0098685;GO:0004016;GO:0005524;GO:0008294;GO:0005516;GO:0046872;GO:0007189;GO:0007409;GO:0006171;GO:0071277;GO:1904322;GO:0007623;GO:0035556;GO:0007616;GO:0150076;GO:0032793;GO:1900273;GO:0099171;GO:0042752;GO:0009410
A7MD48,Serine/arginine repetitive matrix 4,Brain,GO:0005634;GO:0042802;GO:0003729;GO:0030154;GO:0006397;GO:0007399;GO:0042551;GO:0000381;GO:0043484;GO:0008380;GO:0007605
Q8N7J2,APC membrane recruitment protein 2,Brain,GO:0005886;GO:0008013;GO:0005546;GO:0007398;GO:0090090;GO:0060828;GO:0016055
P00439,Phenylalanine hydroxylase,Liver,GO:0005829;GO:0005506;GO:0004505;GO:0008652;GO:0042423;GO:0006559;GO:0006571
P19113,Histidine decarboxylase,Brain,GO:0005737;GO:0005829;GO:0004398;GO:0030170;GO:0042423;GO:0001694;GO:0006548;GO:0006547
P0DMQ9,Chromosome 8 open reading frame 89,Testis,
Q8WUG5,Solute carrier family 22 member 17,Brain,GO:0031090;GO:0005886;GO:0005774;GO:0004888;GO:0022857;GO:0006879;GO:0015891
C9JQI7,Transmembrane protein 232,Testis,GO:0016020;GO:0001520;GO:0030030;GO:0030317;GO:0098544;GO:0160087;GO:0007283
Q9BWD1,Acetyl-CoA acetyltransferase 2,Liver,GO:0005737;GO:0005829;GO:0070062;GO:0005739;GO:0003985;GO:0006631;GO:0006629
Q9HAP6,"Lin-7 homolog B, crumbs cell polarity complex component",Brain,GO:0016323;GO:0005923;GO:0005911;GO:0097025;GO:0005886;GO:0098839;GO:0099092;GO:0098793;GO:0045202;GO:0030165;GO:0019904;GO:0019901;GO:0030674;GO:0006887;GO:0007269;GO:0015031;GO:0008582;GO:0048489
Q9H2A3,Neurogenin 2,Testis,GO:0000785;GO:0005634;GO:0000981;GO:0070888;GO:0046983;GO:1990837;GO:0061564;GO:0030900;GO:0051091;GO:0045944;GO:0007423
Q70EL3,Ubiquitin specific peptidase 50,Testis,GO:0005813;GO:0005737;GO:0005829;GO:0043197;GO:0030496;GO:0005634;GO:0014069;GO:0004843;GO:0019783;GO:0007032;GO:0035063;GO:2001056;GO:0032731;GO:0032741;GO:1900227;GO:0016579;GO:0007265;GO:1902749
Q96T92,INSM transcriptional repressor 2,Brain,GO:0005737;GO:0005634;GO:0017053;GO:0001227;GO:0046872;GO:0000978;GO:0000122;GO:0030182;GO:0010564
P02689,Peripheral myelin protein 2,Brain,GO:0005829;GO:0070062;GO:0043209;GO:0005634;GO:0015485;GO:0005504;GO:0015908;GO:0061024
Q05215,Early growth response 4,Brain,GO:0000785;GO:0005654;GO:0001228;GO:0003700;GO:0000981;GO:0046872;GO:0000978;GO:0043565;GO:1990837;GO:0008284;GO:0045944;GO:0006357
Q9H8M9,"Eva-1 homolog A, regulator of programmed cell death",Liver,GO:0005788;GO:0005789;GO:0043231;GO:0005765;GO:0005886;GO:0006915;GO:0006914
Q9BZA7,Protocadherin 11 X-linked,Brain,GO:0005886;GO:0005509;GO:0007155;GO:0007156
Q6Q6R5,Cysteine rich protein 3,Testis,GO:0005737;GO:0046872
Q8N1E2,Lysozyme g1,Kidney,GO:0005576;GO:0003796;GO:0050830;GO:0009253
Q14055,Collagen type IX alpha 2 chain,Brain,GO:0005594;GO:0062023;GO:0005788;GO:0005576;GO:0005615;GO:0030020;GO:0042803;GO:0030198;GO:0001501
Q6UXF7,C-type lectin domain family 18 member B,Kidney,GO:0005768;GO:0005615;GO:0005794;GO:0016529;GO:0030247
O95409,Zic family member 2,Brain,GO:0005737;GO:0016604;GO:0005654;GO:0005634;GO:0031490;GO:0003677;GO:0003700;GO:0000981;GO:0046872;GO:0000978;GO:0007420;GO:0030154;GO:0007417;GO:0045892;GO:0051091;GO:0045893;GO:0006357;GO:0007601
P0DM35,Metallothionein 1H like 1,Heart,GO:0005737;GO:0005634;GO:0046872;GO:0071276;GO:0071280;GO:0071294;GO:0010273;GO:0006882
O00321,ETS variant transcription factor 2,Testis,GO:0005634;GO:0001228;GO:0000981;GO:0000978;GO:1990837;GO:0001824;GO:0048514;GO:0030509;GO:0030218;GO:0001707;GO:0007219;GO:0001890;GO:0045603;GO:0010628;GO:2000382;GO:0006357;GO:0016055
O95447,Lebercilin LCA5 like,Testis,GO:0005930;GO:0042073
Q8NI99,Angiopoietin like 6,Liver,GO:0062023;GO:0070062;GO:0005615;GO:0030141;GO:0005102;GO:0001525;GO:0007596;GO:0030154
Q496J9,Synaptic vesicle glycoprotein 2C,Brain,GO:0098691;GO:0005886;GO:0008021;GO:0030672;GO:0022857;GO:0007268;GO:0006836;GO:2000300
P42857,Neuronal vesicle trafficking associated 1,Brain,GO:0005737;GO:0030425;GO:0031901;GO:0005783;GO:0005789;GO:0005768;GO:0098978;GO:0032580;GO:0005770;GO:0016328;GO:0043202;GO:0016020;GO:0032585;GO:0005634;GO:0098845;GO:0045211;GO:0055038;GO:0036477;GO:0032588;GO:0032051;GO:0035255;GO:0042982;GO:0006915;GO:0048268;GO:0016197;GO:0099627;GO:0098887;GO:0001921;GO:0099630;GO:0001881;GO:1900271;GO:0098814;GO:0099003
Q8N1C3,Gamma-aminobutyric acid type A receptor subunit gamma1,Brain,GO:0034707;GO:0032590;GO:1902711;GO:0043005;GO:0005886;GO:0098794;GO:0045211;GO:0045202;GO:1902495;GO:0050811;GO:0004890;GO:0022851;GO:1902476;GO:0007214;GO:1904862;GO:0060078;GO:0051932
A6NKN8,Purkinje cell protein 4 like 1,Brain,
Q8N3R3,"T cell activation inhibitor, mitochondrial",Liver,GO:0005739
Q5MJ10,SPANX family member N2,Testis,
Q3LI62,Keratin associated protein 20-4,Testis,GO:0005882
Q9BX70,BTB domain containing 2,Brain,GO:0005829;GO:0000932;GO:0022008
Q5VWW1,Complement C1q like 3,Brain,GO:0005581;GO:0098978;GO:0098686;GO:0043083;GO:0042802;GO:0099645;GO:0097107;GO:0050807
Q8IU80,Transmembrane serine protease 6,Liver,GO:0005615;GO:0005886;GO:0004222;GO:0004252;GO:0030509;GO:0030574;GO:0022617;GO:0006879;GO:0033619;GO:0060586;GO:0030514;GO:0045892;GO:0000122;GO:0045944;GO:0097264
Q9NY72,Sodium voltage-gated channel beta subunit 3,Brain,GO:0016020;GO:0005886;GO:0001518;GO:0030018;GO:0019871;GO:0017080;GO:0044325;GO:0086006;GO:0086014;GO:0086002;GO:0060048;GO:0051899;GO:0086010;GO:0086012;GO:0007399;GO:0010460;GO:0010765;GO:0072659;GO:0060371;GO:0086091;GO:0060373;GO:0086015;GO:0035725;GO:0006814;GO:0086005
P11137,Microtubule associated protein 2,Brain,GO:0150014;GO:0043203;GO:0043194;GO:0097441;GO:0005737;GO:0005829;GO:0030425;GO:0032839;GO:0044307;GO:1902737;GO:0044294;GO:0043198;GO:0150002;GO:0005874;GO:0005875;GO:0043005;GO:0043025;GO:0150001;GO:1990635;GO:1990769;GO:0005516;GO:0002162;GO:0008017;GO:0005198;GO:0048156;GO:0021954;GO:0016358;GO:0048813;GO:0000226;GO:0030517;GO:1904527;GO:0031115;GO:0031175;GO:1901953;GO:1903744;GO:0031113;GO:1902513;GO:0032880
Q96A25,Transmembrane protein 106A,Kidney,GO:0005886;GO:0035780;GO:0035781;GO:0045087;GO:0042116;GO:0043123;GO:0032731;GO:0032755;GO:0043410;GO:0045348;GO:1904407;GO:0032760
Q9H3S3,Transmembrane serine protease 5,Brain,GO:0043025;GO:0005886;GO:0008233;GO:0004252;GO:0006508
A6NMN3,Family with sequence similarity 170 member B,Testis,GO:0001669;GO:0002081;GO:0009566;GO:2000344;GO:0080154
A0PJX8,Transmembrane protein 82,Kidney,GO:0016020
Q9HAQ2,Kinesin family member 9,Testis,GO:0005737;GO:0005871;GO:0005874;GO:0002102;GO:0036126;GO:0031982;GO:0005524;GO:0016887;GO:0042802;GO:0008017;GO:0003777;GO:0022617;GO:0007018;GO:1903008;GO:1901317;GO:0071801
Q8NCU7,C2 calcium dependent domain containing 4A,Kidney,GO:0005730;GO:0005654;GO:0005634;GO:0002675;GO:0030155;GO:0002528
P0C221,Coiled-coil domain containing 175,Brain,
Q6P2H8,Transmembrane protein 53,Liver,GO:0031965;GO:0005640;GO:0005634;GO:0030514;GO:0030279;GO:0045668;GO:0046822
Q6UXB4,C-type lectin domain family 4 member G,Brain,GO:0009897;GO:0005886;GO:0030246;GO:0097367;GO:0005537;GO:0070061;GO:0140081;GO:0038187;GO:0030247;GO:0120274;GO:0001618;GO:0046633;GO:0033080;GO:0006955;GO:0046642;GO:0033088;GO:0002710;GO:1903902;GO:0046718;GO:0002456
Q14894,Crystallin mu,Heart,GO:0005737;GO:0005829;GO:0070062;GO:0005739;GO:0005634;GO:0005782;GO:0050661;GO:0042803;GO:0047127;GO:0070324;GO:0003714;GO:0006554;GO:0000122;GO:0007605;GO:0042403;GO:0070327
Q6UWW9,Transmembrane protein 207,Kidney,GO:0016020
A0A1W2PR19,Glutathione S-transferase theta 4,Testis,GO:0005737;GO:0004364;GO:0006749
B7ZBB8,Protein phosphatase 1 regulatory subunit 3G,Liver,GO:0000164;GO:2001069;GO:0008157;GO:0042593;GO:0005978;GO:0045725;GO:0005979
P19784,Casein kinase 2 alpha 2,Testis,GO:0001669;GO:0000785;GO:0005829;GO:0005654;GO:0005634;GO:0005956;GO:0004676;GO:0004679;GO:0005524;GO:0004677;GO:0004694;GO:0044024;GO:0072371;GO:1990244;GO:0035979;GO:0044025;GO:0140823;GO:0035175;GO:0044022;GO:0140855;GO:0035402;GO:0072354;GO:0140857;GO:0035403;GO:0044023;GO:0106310;GO:0004674;GO:0072518;GO:0004711;GO:0006915;GO:0021987;GO:0006974;GO:0006302;GO:0097421;GO:2001234;GO:0032435;GO:1903955;GO:1905818;GO:1901524;GO:0007283;GO:0016055
Q8WXI3,Ankyrin repeat and SOCS box containing 10,Heart,GO:0005737;GO:0005829;GO:0005634;GO:0035556;GO:0016567
Q8N3J6,Cell adhesion molecule 2,Brain,GO:0030424;GO:0032809;GO:0005886;GO:0045202;GO:0007156
Q6S8J3,POTE ankyrin domain family member E,Testis,GO:0005884;GO:0030424;GO:0072562;GO:0005737;GO:0070062;GO:0005615;GO:0016020;GO:0035267;GO:0045202;GO:0019901;GO:0098973;GO:0007409;GO:0048870;GO:0021762
P08581,"MET proto-oncogene, receptor tyrosine kinase",Liver,GO:0009925;GO:0009986;GO:0005576;GO:0016020;GO:0005886;GO:0098794;GO:0043235;GO:0005524;GO:0008288;GO:0060175;GO:0005006;GO:0005007;GO:0005004;GO:0005008;GO:0140801;GO:0035401;GO:0042802;GO:0005009;GO:0005010;GO:0005011;GO:0140677;GO:0036332;GO:0005018;GO:0005019;GO:0019903;GO:0004713;GO:0038062;GO:0017154;GO:0005020;GO:0005005;GO:0005021;GO:0048754;GO:0016477;GO:0007169;GO:0007166;GO:0001886;GO:0061436;GO:0060079;GO:0001889;GO:0010507;GO:1905098;GO:1901299;GO:0035024;GO:0051497;GO:0070495;GO:0007399;GO:0030182;GO:0031016;GO:0006909;GO:0050918;GO:2001028;GO:0031116;GO:0045944;GO:0071526;GO:0007165
Q8NA56,Tetratricopeptide repeat domain 29,Testis,GO:0005737;GO:0005856;GO:0036126;GO:0003341;GO:0044782
P35218,Carbonic anhydrase 5A,Liver,GO:0005737;GO:0005759;GO:0005739;GO:0004089;GO:0008270;GO:0006730
Q96RT6,Cutaneous T cell lymphoma-associated antigen 1,Testis,GO:0070971;GO:0005789;GO:0006888;GO:0009306;GO:0035459
Q8TC56,Golgi associated RAB2B interactor family member 3,Testis,GO:0015030;GO:0005794;GO:0005634
Q6ZV89,SH2 domain containing 5,Testis,GO:0014069
Q9Y2W6,Tudor and KH domain containing,Testis,GO:0005739;GO:0043186;GO:0071546;GO:0071547;GO:0003723;GO:0009566;GO:0007140;GO:0030719;GO:0034587;GO:0007283
Q6UWM5,GLIPR1 like 1,Testis,GO:0001669;GO:0005615;GO:0045121;GO:0005886;GO:0098635;GO:0098552;GO:0007342
Q9BXT4,Tudor domain containing 1,Testis,GO:0033391;GO:0005737;GO:0043186;GO:0071546;GO:1990904;GO:0045202;GO:0046872;GO:0007281;GO:0051321;GO:0030719;GO:0034587;GO:0007283;GO:0141196
Q9NPG2,Neuroglobin,Brain,GO:0005829;GO:0005759;GO:0005092;GO:0020037;GO:0046872;GO:0098809;GO:0019825;GO:0005344;GO:0071456;GO:0015671;GO:0001666
Q9BYH1,Seizure related 6 homolog like,Brain,GO:0005783;GO:0005789;GO:0043025;GO:0090036;GO:0060074
Q86T65,Dishevelled associated activator of morphogenesis 2,Brain,GO:0070062;GO:0003779;GO:0031267;GO:0030036;GO:0007368;GO:0021516;GO:0048715;GO:0090521;GO:0090263;GO:0030335;GO:0032956;GO:0030833;GO:0060828;GO:0051489;GO:2000050;GO:0016055
P58872,Rhomboid like 3,Brain,GO:0016020;GO:0005509;GO:0004252;GO:0006508
Q8NA75,DDB1 and CUL4 associated factor 4 like 2,Testis,GO:0080008
Q96NZ9,Proline rich acidic protein 1,Liver,GO:0005783;GO:0005576;GO:0017129;GO:0071481;GO:1902426;GO:0006974;GO:0006977;GO:0043066;GO:1904731;GO:2001140;GO:1905885
P0DMS8,Adenosine A3 receptor,Brain,GO:0030425;GO:0005886;GO:0042734;GO:0098685;GO:0045202;GO:0001609;GO:0007190;GO:0001973;GO:0006954;GO:0030336;GO:0008285;GO:0032088;GO:0099171;GO:0008016;GO:0014061;GO:0009611;GO:0007165
P54762,EPH receptor B1,Brain,GO:0030424;GO:0005829;GO:0030425;GO:0031901;GO:0005783;GO:0070062;GO:0005576;GO:0032433;GO:0098978;GO:0045121;GO:0005886;GO:0005524;GO:0008046;GO:0008288;GO:0060175;GO:0005006;GO:0005007;GO:0005004;GO:0005008;GO:0140801;GO:0035401;GO:0005009;GO:0005010;GO:0005011;GO:0036332;GO:0005018;GO:0005019;GO:0038062;GO:0044877;GO:0005020;GO:0005005;GO:0005021;GO:0001525;GO:0007411;GO:0048593;GO:0060326;GO:0031589;GO:0021952;GO:0060996;GO:0060997;GO:0050965;GO:0048013;GO:0030010;GO:0021934;GO:0001771;GO:0050804;GO:1902725;GO:1902723;GO:0061351;GO:0022008;GO:0021631;GO:0051965;GO:0046777;GO:0070372;GO:0046328;GO:0031290;GO:0014719
Q495N2,Solute carrier family 36 member 3,Testis,GO:0005774;GO:0005280;GO:0015187;GO:0015180;GO:0015193;GO:0015816;GO:0015808;GO:0035524;GO:1902600
P47871,Glucagon receptor,Kidney,GO:0005768;GO:0016020;GO:0005886;GO:0004967;GO:0005085;GO:0017046;GO:0007189;GO:0007188;GO:0007166;GO:0071377;GO:0009267;GO:0006887;GO:0006091;GO:0042593;GO:0009755;GO:0010628;GO:0008217;GO:0070873;GO:0007584;GO:0042594
Q14CZ8,Hepatic and glial cell adhesion molecule,Brain,GO:0097450;GO:0005911;GO:0005737;GO:0005886;GO:0007155;GO:0006955;GO:0150105;GO:0051726
Q8WXG6,MAP kinase activating death domain,Brain,GO:0030424;GO:0005737;GO:0005829;GO:0016020;GO:0005886;GO:0005123;GO:0005085;GO:0030295;GO:0007166;GO:0097194;GO:0043410;GO:0042981;GO:0051726;GO:2001236;GO:1902041;GO:0032483
P0DMB2,Chromosome 8 open reading frame 88,Testis,GO:0005737;GO:0008190;GO:0045947
Q8WVH0,Complexin 3,Brain,GO:0005829;GO:0098684;GO:0048787;GO:0031201;GO:0030672;GO:0043195;GO:0005326;GO:0000149;GO:0019905;GO:0030073;GO:0050804;GO:0046928;GO:0031630;GO:0016079;GO:0007601
Q9H0C2,Solute carrier family 25 member 31,Testis,GO:0016020;GO:0005743;GO:0005757;GO:0005739;GO:0031514;GO:0005634;GO:0005886;GO:0005471;GO:0030154;GO:0007141;GO:0140021;GO:1990544;GO:1901029;GO:0046902;GO:0007283
H3BUK9,POTE ankyrin domain family member B2,Testis,
P07438,Metallothionein 1B,Liver,GO:0005737;GO:0005634;GO:0046872;GO:0008270;GO:0071276;GO:0071280;GO:0071294;GO:0010273;GO:0006882;GO:0045926
P23560,Brain derived neurotrophic factor,Brain,GO:0030424;GO:0005737;GO:0030425;GO:0005788;GO:0005576;GO:0005615;GO:0048471;GO:0008021;GO:0008083;GO:0005163;GO:0007411;GO:0031547;GO:0007169;GO:0048668;GO:0050804;GO:2001234;GO:0010832;GO:0043524;GO:0021675;GO:0038180;GO:0007399;GO:0048812;GO:0031550;GO:0048672;GO:0010976;GO:1900122;GO:0051965;GO:2000008;GO:0007416
Q5EE01,Centromere protein W,Testis,GO:0000775;GO:0000939;GO:0000776;GO:0016363;GO:0005730;GO:0005654;GO:0005634;GO:0003677;GO:0046982;GO:0051301;GO:0034080;GO:0051276;GO:0007059;GO:0051382;GO:0000278
Q5U5Q3,Mex-3 RNA binding family member C,Testis,GO:0005737;GO:0005634;GO:0046872;GO:0003723;GO:0061630;GO:0003415;GO:0097009;GO:0045598
O43482,Opa interacting protein 5,Testis,GO:0015030;GO:0000785;GO:0010369;GO:0000775;GO:0043231;GO:0016607;GO:0005654;GO:0005634;GO:0042802;GO:0046872;GO:0007154;GO:0051301;GO:0034080;GO:0007059
Q96JA4,Membrane spanning 4-domains A14,Testis,GO:0005886;GO:0007166
Q9UI47,Catenin alpha 3,Brain,GO:0005912;GO:0005737;GO:0005856;GO:0030057;GO:0005916;GO:0030027;GO:0051015;GO:0008013;GO:0045296;GO:0086073;GO:0016477;GO:0098609;GO:0086091;GO:0098911
P0DMP2,SLIT-ROBO Rho GTPase activating protein 2B,Brain,GO:0098978;GO:0007399;GO:0051963
A6NLU0,Ret finger protein like 4A,Testis,GO:0005737;GO:0005829;GO:0005654;GO:0046872;GO:0042803;GO:0019901;GO:0061630;GO:0045087;GO:0010508;GO:0043123;GO:0010468;GO:0032880;GO:0046596
Q8NHS9,Spermatogenesis associated 22,Testis,GO:0005694;GO:0009566;GO:0007129;GO:0000711;GO:0051445;GO:0061458;GO:0048137
Q9ULU8,Calcium dependent secretion activator,Brain,GO:0005829;GO:0098978;GO:0099012;GO:0098793;GO:0008289;GO:0046872;GO:0019901;GO:1990504;GO:0006887;GO:0045921;GO:0015031;GO:0016079
Q96N58,Zinc finger protein 578,Testis,GO:0005634;GO:0000981;GO:0046872;GO:0000978;GO:0006357
Q7Z408,CUB and Sushi multiple domains 2,Brain,GO:0098978;GO:0098839;GO:0099562;GO:0097107
Q5FBB7,Shugoshin 1,Testis,GO:0005813;GO:0000775;GO:0000779;GO:0005829;GO:0000776;GO:0005654;GO:0000922;GO:0019900;GO:0008608;GO:0051301;GO:0010457;GO:0007059;GO:0045132;GO:0071962
Q9HAC7,Succinyl-CoA:glutarate-CoA transferase,Kidney,GO:0005739;GO:0047369
A6NN14,Zinc finger protein 729,Testis,GO:0005634;GO:0001228;GO:0046872;GO:0000978;GO:0006357
Q9NRW1,"RAB6B, member RAS oncogene family",Brain,GO:0031410;GO:0005829;GO:0012505;GO:0005793;GO:0005794;GO:0000139;GO:0098793;GO:0005525;GO:0003924;GO:0031489;GO:0007030;GO:0006891;GO:0006886;GO:0031175;GO:1903292;GO:0042147;GO:0006890
Q96BZ4,Phospholipase D family member 4,Brain,GO:0005769;GO:0005783;GO:0005789;GO:0005634;GO:0045335;GO:0032588;GO:0045145;GO:0051649;GO:0002244;GO:0006954;GO:0045087;GO:0006909;GO:1900015
P02656,Apolipoprotein C3,Liver,GO:0042627;GO:0062023;GO:0005769;GO:0070062;GO:0005576;GO:0005615;GO:0034363;GO:0034366;GO:0034361;GO:0015485;GO:0030234;GO:0070653;GO:0055102;GO:0005543;GO:0033344;GO:0042632;GO:0034382;GO:0007186;GO:0034375;GO:0042157;GO:0060621;GO:0045717;GO:0010987;GO:0050995;GO:0045833;GO:0051005;GO:0010989;GO:0048261;GO:0010897;GO:0010916;GO:0010903;GO:0033700;GO:0032489;GO:0043691;GO:0019433;GO:0070328;GO:0006641;GO:0034379
Q13507,Transient receptor potential cation channel subfamily C member 3,Brain,GO:0034703;GO:0005886;GO:0005262;GO:0005227;GO:0070679;GO:0046872;GO:0015279;GO:0070588;GO:0006816;GO:0007602;GO:0010524;GO:1903244;GO:0051480;GO:0033198;GO:0051592;GO:0007338
Q0D2K3,Ripply transcriptional repressor 1,Kidney,GO:0005634;GO:0009880;GO:0045892;GO:0000122;GO:0032525;GO:0001757
P21439,ATP binding cassette subfamily B member 4,Liver,GO:0016324;GO:0030136;GO:0005737;GO:0005829;GO:0070062;GO:0005925;GO:0046581;GO:0016020;GO:0045121;GO:0005654;GO:0005886;GO:0140359;GO:0005524;GO:0016887;GO:0042626;GO:0090554;GO:0005548;GO:0032782;GO:1903413;GO:0055088;GO:0006629;GO:0045332;GO:0032376;GO:0061092;GO:2001140;GO:1901557;GO:0055085
Q9Y5H5,Protocadherin alpha 9,Testis,GO:0005886;GO:0005509;GO:0007155;GO:0007156;GO:0007399
Q8NEA5,Chromosome 19 open reading frame 18,Testis,GO:0070062;GO:0016020
Q8NHB1,Olfactory receptor family 2 subfamily V member 1,Liver,GO:0005886;GO:0004930;GO:0004984;GO:0050911
Q86SE8,Nucleophosmin/nucleoplasmin 2,Brain,GO:0000785;GO:0005737;GO:0005730;GO:0005654;GO:0005634;GO:0003682;GO:0019899;GO:0042393;GO:0042802;GO:0003723;GO:0001824;GO:0006338;GO:0009994;GO:0045740;GO:0045836;GO:0007096;GO:0007338
Q8NFU5,Inositol polyphosphate multikinase,Liver,GO:0005737;GO:0005654;GO:0005634;GO:0046934;GO:0005524;GO:0097243;GO:0051765;GO:0102732;GO:0000825;GO:0047326;GO:0000824;GO:0008440;GO:0000823;GO:0046872;GO:0032958;GO:0043647;GO:0032957;GO:0070266;GO:0046488
Q8N2U9,Solute carrier family 66 member 2,Liver,GO:0005829;GO:0005768;GO:0016020;GO:0005802;GO:0045332;GO:0042147
P78396,Cyclin A1,Testis,GO:0097121;GO:0097123;GO:0097124;GO:0005737;GO:0005829;GO:0015630;GO:0005815;GO:0005654;GO:0005634;GO:0016538;GO:0051301;GO:0000082;GO:0007141;GO:0007283
Q96QV6,H2A clustered histone 1,Testis,GO:0000781;GO:0070062;GO:0001674;GO:0000786;GO:0005634;GO:0003677;GO:0046982;GO:0030527;GO:0031507
O15182,Centrin 3,Testis,GO:0005814;GO:0005813;GO:0036064;GO:0005737;GO:0005815;GO:0044615;GO:0005730;GO:0032391;GO:0070390;GO:0005509;GO:0031683;GO:0008017;GO:0051301;GO:0007098;GO:0000226;GO:0051028;GO:0015031
Q86X27,Ral GEF with PH domain and SH3 binding motif 2,Testis,GO:0005737;GO:0005886;GO:0005085;GO:0007265
Q96T25,Zic family member 5,Brain,GO:0005634;GO:0000981;GO:0046872;GO:0000978;GO:1990837;GO:0030154;GO:0007417;GO:0006357
Q99742,Neuronal PAS domain protein 1,Brain,GO:0000785;GO:0005634;GO:0003700;GO:0000981;GO:0046982;GO:0000977;GO:0007417;GO:0042711;GO:0045892;GO:0000122;GO:0006357;GO:0001964
Q587J8,"KH domain containing 3 like, subcortical maternal complex member",Brain,GO:0005938;GO:0005813;GO:0005694;GO:0005737;GO:0005739;GO:0005634;GO:0032991;GO:0106333;GO:0003723;GO:0007015;GO:0051656;GO:0043066;GO:1900006;GO:2000781;GO:1905168;GO:0040019;GO:0050769;GO:0032880;GO:0031297
W5XKT8,Sperm acrosome associated 6,Testis,GO:0002080;GO:0007342
Q6ZVE7,Golgi transport 1A,Liver,GO:0005829;GO:0005783;GO:0000137;GO:0000139;GO:0016020;GO:0005635;GO:0005802;GO:0006888;GO:0015031;GO:0042147
Q14765,Signal transducer and activator of transcription 4,Testis,GO:0000785;GO:0005737;GO:0005829;GO:0005654;GO:0005634;GO:0090575;GO:0003700;GO:0000981;GO:0042802;GO:0000978;GO:0007259;GO:0019221;GO:0006952;GO:0035722;GO:0045944;GO:0042127;GO:0006357;GO:0070741;GO:0043434;GO:0045063
H3BR10,Small leucine rich protein 1,Liver,GO:0016020
Q96GU1,PAGE family member 5,Testis,
Q86WS4,Chromosome 12 open reading frame 40,Testis,GO:0005694;GO:0003677;GO:0003723;GO:0051321
P98082,DAB adaptor protein 2,Kidney,GO:0005905;GO:0030136;GO:0030665;GO:0005737;GO:0005829;GO:0001650;GO:0005925;GO:0043231;GO:0005765;GO:0048471;GO:0005886;GO:0038024;GO:0035615;GO:0050750;GO:0046332;GO:0006915;GO:0071364;GO:0048268;GO:0035026;GO:0060766;GO:0043066;GO:0090090;GO:0030308;GO:0050680;GO:0070373;GO:0010977;GO:0032091;GO:1903077;GO:0000122;GO:0032349;GO:2000860;GO:0030335;GO:2000370;GO:2000643;GO:0045807;GO:0010718;GO:0032436;GO:0001934;GO:0060391;GO:1900026;GO:0045944;GO:2000096;GO:0015031;GO:0006898;GO:1902074;GO:0048545;GO:0007179;GO:0016055
Q9HB55,Cytochrome P450 family 3 subfamily A member 43,Liver,GO:0005789;GO:0101020;GO:0020037;GO:0005506;GO:0004497;GO:0016712;GO:0050649;GO:1903604;GO:0070989;GO:0008202
Q16134,Electron transfer flavoprotein dehydrogenase,Liver,GO:0005743;GO:0031966;GO:0005739;GO:0051539;GO:0009055;GO:0004174;GO:0050660;GO:0046872;GO:0016491;GO:0048038;GO:0048039;GO:0022900;GO:0033539;GO:0022904;GO:0006979
O95257,Growth arrest and DNA damage inducible gamma,Heart,GO:0005737;GO:0005634;GO:0006915;GO:0030154;GO:0043065;GO:0120162;GO:0046330;GO:1900745;GO:0051726
Q5GH77,XK related 3,Testis,GO:0005886
Q5T5N4,Chromosome 6 open reading frame 118,Testis,
Q4VC39,HIG1 hypoxia inducible domain family member 2B,Testis,GO:0016020;GO:0005739;GO:0097250
P54652,Heat shock protein family A (Hsp70) member 2,Brain,GO:0072562;GO:0036128;GO:0009986;GO:0005737;GO:0005829;GO:0070062;GO:0001673;GO:0072687;GO:0016020;GO:0005634;GO:0005886;GO:0000795;GO:0005524;GO:0016887;GO:0140662;GO:0097718;GO:0019899;GO:0051861;GO:0031072;GO:0044183;GO:0051087;GO:0048156;GO:0051082;GO:0051085;GO:0007141;GO:0007140;GO:0090084;GO:0010971;GO:0042026;GO:0009409;GO:0009408;GO:0006986;GO:0007286;GO:0007283;GO:0070194
Q6ZMQ8,Apoptosis associated tyrosine kinase,Brain,GO:0016020;GO:0048471;GO:0004676;GO:0004679;GO:0005524;GO:0004677;GO:0004694;GO:0044024;GO:0072371;GO:1990244;GO:0035979;GO:0044025;GO:0140823;GO:0035175;GO:0044022;GO:0140855;GO:0035402;GO:0072354;GO:0140857;GO:0035403;GO:0044023;GO:0106310;GO:0004713;GO:0072518;GO:0004711;GO:0007420;GO:0051402
O15442,Metallophosphoesterase domain containing 1,Brain,GO:0016787
Q96JF0,"ST6 beta-galactoside alpha-2,6-sialyltransferase 2",Brain,GO:0005794;GO:0032580;GO:0000139;GO:0003835;GO:0009311;GO:0006486;GO:0097503
P02760,Alpha-1-microglobulin/bikunin precursor,Liver,GO:0072562;GO:0009986;GO:0062023;GO:0005829;GO:0005783;GO:0070062;GO:0005576;GO:0005615;GO:0005743;GO:0031965;GO:0005886;GO:0019855;GO:0046904;GO:0030246;GO:0020037;GO:0019862;GO:0016491;GO:0042803;GO:0004867;GO:0007155;GO:0007565;GO:0042167;GO:0050777;GO:0046329
Q96A56,Tumor protein p53 inducible nuclear protein 1,Liver,GO:0005776;GO:0031410;GO:0005829;GO:0005654;GO:0005634;GO:0016605;GO:0016209;GO:0006915;GO:0048102;GO:0000045;GO:0071361;GO:0071447;GO:0072703;GO:0034644;GO:0030336;GO:0008285;GO:0048147;GO:0010629;GO:1904761;GO:0043065;GO:0010508;GO:0045893;GO:0010628;GO:0051726;GO:0009408
Q6ZQN5,Forkhead box I2,Kidney,GO:0000785;GO:0005634;GO:0000981;GO:0000978;GO:0009653;GO:0030154;GO:0006357
P45381,Aspartoacylase,Kidney,GO:0005829;GO:0005634;GO:0019807;GO:0016811;GO:0016788;GO:0042802;GO:0046872;GO:0006083;GO:0006531;GO:0022010;GO:0048714
O95954,Formimidoyltransferase cyclodeaminase,Liver,GO:0005814;GO:0005737;GO:0005829;GO:0005783;GO:0005793;GO:0070062;GO:0005794;GO:0000139;GO:0005886;GO:0030868;GO:0005542;GO:0030412;GO:0030409;GO:0008017;GO:0007010;GO:0006760;GO:0019556;GO:0019557
Q9UGQ3,Solute carrier family 2 member 6,Brain,GO:0005765;GO:0016020;GO:0005886;GO:0055056;GO:0033300;GO:0005353;GO:0022857;GO:1904659;GO:0070837;GO:0015755;GO:0008645;GO:0006110;GO:0055085
Q9UHP6,Radial spoke head 14 homolog,Testis,GO:0031514;GO:0001534
P06737,Glycogen phosphorylase L,Liver,GO:0005737;GO:0005829;GO:0070062;GO:0005576;GO:1904813;GO:0034774;GO:0016208;GO:0005524;GO:0032052;GO:0005536;GO:0008184;GO:0042802;GO:0031220;GO:0002060;GO:0030170;GO:0019842;GO:0006015;GO:0042593;GO:0005980;GO:0005977;GO:0070266;GO:0009617
Q13023,A-kinase anchoring protein 6,Heart,GO:0034704;GO:0005901;GO:0005737;GO:0014704;GO:0014701;GO:0005635;GO:0031965;GO:0048471;GO:0016529;GO:0030315;GO:0008179;GO:0060090;GO:0051018;GO:0034237;GO:0043495;GO:0044325;GO:0001508;GO:0007189;GO:0071320;GO:0071345;GO:0070886;GO:0030307;GO:0061051;GO:1902261;GO:1901381;GO:0051281;GO:0006605;GO:0141161;GO:0060306;GO:0010880
Q3LI59,Keratin associated protein 21-2,Testis,GO:0005829;GO:0005882
Q53EU6,Glycerol-3-phosphate acyltransferase 3,Kidney,GO:0005783;GO:0005789;GO:0003841;GO:0004366;GO:0016024;GO:0006072;GO:0006654;GO:0032006;GO:0019432
O60883,G protein-coupled receptor 37 like 1,Brain,GO:0060170;GO:0016020;GO:0005886;GO:0043235;GO:0008528;GO:0004930;GO:0042277;GO:0036505;GO:0007193;GO:0060020;GO:0034614;GO:0048712;GO:0045665;GO:0045879;GO:0003085;GO:0021940;GO:0043410;GO:0007224
P13224,Glycoprotein Ib platelet subunit beta,Brain,GO:1990779;GO:0005886;GO:0042802;GO:0004888;GO:0007597;GO:0007155;GO:0007166;GO:0035855;GO:0030168;GO:0010572;GO:0051209
P56211,CAMP regulated phosphoprotein 19,Brain,GO:0005737;GO:0005654;GO:0019212;GO:0015459;GO:0051721;GO:0004864;GO:0019888;GO:0005102;GO:0051301;GO:0000086;GO:0000278;GO:0046326;GO:0045722
Q6UWV7,Shisa like 2A,Brain,GO:0016020
Q8IVV8,Sodium/potassium transporting ATPase interacting 4,Brain,GO:0005886;GO:0002028
P08263,Glutathione S-transferase alpha 1,Liver,GO:0005829;GO:0070062;GO:0005504;GO:0004602;GO:0004364;GO:0004769;GO:0030855;GO:1901687;GO:0006749;GO:0043651;GO:0006693;GO:0006805
O43323,Desert hedgehog signaling molecule,Testis,GO:0005789;GO:0005615;GO:0000139;GO:0005886;GO:0005509;GO:0140853;GO:0005113;GO:0008233;GO:0008270;GO:0001708;GO:0007267;GO:0033327;GO:0030238;GO:0042552;GO:0001649;GO:0045880;GO:0016540;GO:0010468;GO:0050810;GO:0032355;GO:0043627;GO:0097264;GO:0007224;GO:0007286
Q15878,Calcium voltage-gated channel subunit alpha1 E,Brain,GO:0043025;GO:0005886;GO:0045202;GO:0005891;GO:0005509;GO:0008331;GO:0005245;GO:0022843;GO:0098703;GO:0007268
O95206,Protocadherin 8,Brain,GO:0030425;GO:0098978;GO:0005886;GO:0045211;GO:0042734;GO:0098685;GO:0005509;GO:0007155;GO:0007267;GO:0007268;GO:0007156;GO:0050804;GO:0016331;GO:0099179;GO:0001756
Q96DZ7,Transmembrane 4 L six family member 19,Testis,GO:0015629;GO:0030175;GO:0005765;GO:0016020;GO:0042803;GO:0045672
Q14524,Sodium voltage-gated channel alpha subunit 5,Heart,GO:0005901;GO:0009986;GO:0005783;GO:0014704;GO:0016328;GO:0016020;GO:0005730;GO:0005654;GO:0048471;GO:0005886;GO:0042383;GO:0030315;GO:0001518;GO:0030018;GO:0030506;GO:0005516;GO:0019899;GO:0017134;GO:0050998;GO:0019904;GO:0019901;GO:0097110;GO:0044325;GO:0031625;GO:0005248;GO:0086060;GO:0086061;GO:0086006;GO:0086062;GO:0086063;GO:0086014;GO:0086016;GO:0086067;GO:0003360;GO:0086043;GO:0003161;GO:0086002;GO:0060048;GO:0003231;GO:0071277;GO:0021549;GO:0051899;GO:0086010;GO:0098912;GO:0086045;GO:0086048;GO:0086012;GO:0086047;GO:0086046;GO:0042475;GO:0045760;GO:0050679;GO:0010765;GO:0060371;GO:0060372;GO:0086004;GO:0002027;GO:0086091;GO:1902305;GO:0060373;GO:0060307;GO:0014894;GO:0086015;GO:0035725;GO:0006814;GO:0021537;GO:0086005
P55291,Cadherin 15,Brain,GO:0005912;GO:0016342;GO:0005901;GO:0070062;GO:0005794;GO:0031594;GO:0005886;GO:0008013;GO:0045296;GO:0005509;GO:0034332;GO:0016339;GO:0007155;GO:0016477;GO:0000902;GO:0044331;GO:0007043;GO:0007156
Q9UQD0,Sodium voltage-gated channel alpha subunit 8,Brain,GO:0070161;GO:0030424;GO:0043194;GO:0030054;GO:0031410;GO:0098978;GO:0016020;GO:0033268;GO:0098688;GO:0005886;GO:0002102;GO:0098839;GO:0048787;GO:0001518;GO:0030018;GO:0031402;GO:0005248;GO:0001508;GO:0086002;GO:0042552;GO:0019228;GO:0021554;GO:0007422;GO:0035725;GO:0006814
Q8TAA3,Proteasome 20S subunit alpha 8,Testis,GO:0005829;GO:0070062;GO:0005634;GO:0019773;GO:1990111;GO:0030154;GO:0051321;GO:0010498;GO:0043161;GO:0060631;GO:0007283
P07902,Galactose-1-phosphate uridylyltransferase,Liver,GO:0005737;GO:0005829;GO:0005794;GO:0008108;GO:0008270;GO:0033499;GO:0006012;GO:0006011
O75191,Xylulokinase,Liver,GO:0005829;GO:0005524;GO:0004856;GO:0005975;GO:0019640;GO:0042732;GO:0006091;GO:0005998;GO:0005997
P20472,Parvalbumin,Brain,GO:0030424;GO:0005737;GO:0045202;GO:0005509;GO:0098976;GO:0010467;GO:0098977
O15229,Kynurenine 3-monooxygenase,Liver,GO:0005829;GO:0005615;GO:0005741;GO:0005739;GO:0071949;GO:0050660;GO:0004502;GO:0016174;GO:0034354;GO:0043420;GO:0071347;GO:0071222;GO:0034276;GO:0070189;GO:0097052;GO:0019674;GO:1903296;GO:0019805;GO:0009651;GO:0006569
Q9H222,ATP binding cassette subfamily G member 5,Liver,GO:0016324;GO:0043190;GO:0005886;GO:0043235;GO:0140359;GO:0005524;GO:0016887;GO:0042626;GO:0120020;GO:0046872;GO:0046982;GO:0033344;GO:0042632;GO:0030299;GO:0045796;GO:0010949;GO:0010212;GO:0014850;GO:0007584;GO:0009410;GO:0015918;GO:0055085;GO:0070328
P20749,BCL3 transcription coactivator,Liver,GO:0032996;GO:0033257;GO:0005737;GO:0005829;GO:0043231;GO:0030496;GO:0005654;GO:0005634;GO:0048471;GO:0005886;GO:0032991;GO:0140297;GO:0042826;GO:0030674;GO:0003713;GO:0003714;GO:0019730;GO:0007249;GO:0042742;GO:0042832;GO:0006974;GO:0030330;GO:0030198;GO:0002268;GO:0002467;GO:0002455;GO:0042771;GO:0002315;GO:0043066;GO:0045892;GO:0032717;GO:0032088;GO:0046426;GO:0070233;GO:0032720;GO:0045893;GO:0032733;GO:0045944;GO:0045727;GO:0032729;GO:0006606;GO:0042981;GO:0051101;GO:1901222;GO:0010225;GO:0009615;GO:0048536;GO:0070231;GO:0042088;GO:0045064
Q9H4B8,Dipeptidase 3,Testis,GO:0001669;GO:0016020;GO:0005886;GO:0098552;GO:0016805;GO:0006508
Q8WTU2,Scavenger receptor cysteine rich family member with 4 domains,Kidney,GO:0005576;GO:0016020
P52926,High mobility group AT-hook 2,Testis,GO:0000228;GO:0005654;GO:0005634;GO:0032993;GO:0035985;GO:0071141;GO:0051575;GO:0070742;GO:0035497;GO:0008301;GO:0003906;GO:0035501;GO:0035500;GO:0003680;GO:0003676;GO:0031492;GO:0061629;GO:0046332;GO:0000976;GO:0003712;GO:0003714;GO:0006284;GO:0051301;GO:0002062;GO:0035988;GO:0006325;GO:0030261;GO:0035987;GO:0001837;GO:0045444;GO:0031507;GO:0035556;GO:0048762;GO:0048333;GO:0003131;GO:0043922;GO:0043066;GO:2000773;GO:0043392;GO:0045892;GO:2001033;GO:0045869;GO:0000122;GO:0090402;GO:0045766;GO:0071864;GO:0045893;GO:0010628;GO:0071902;GO:2000648;GO:0045944;GO:0010564;GO:0006355;GO:2000036;GO:0009615;GO:0048863
Q5BN46,Piercer of microtubule wall 1,Testis,GO:0160111;GO:0005879;GO:0005737;GO:0005634;GO:0036126;GO:0035082;GO:0071494;GO:0003341;GO:0007368;GO:0006974;GO:0061966;GO:0030317;GO:0010468
Q9HBJ8,"Collectrin, amino acid transport regulator",Kidney,GO:0031526;GO:0005737;GO:0070062;GO:0005886;GO:0042803;GO:0017156;GO:0035773;GO:0051957;GO:1905737;GO:0022898;GO:0035493
Q03060,CAMP responsive element modulator,Testis,GO:1990589;GO:0000785;GO:0005737;GO:0016020;GO:0005634;GO:0008140;GO:0003677;GO:0000981;GO:0001227;GO:0000978;GO:0000977;GO:1990837;GO:0030154;GO:0006687;GO:0000122;GO:0045944;GO:0006355;GO:0006357;GO:0048511;GO:0007165;GO:0007283
Q6MZT1,Regulator of G protein signaling 7 binding protein,Brain,GO:0030424;GO:0005737;GO:0043198;GO:0044327;GO:0098978;GO:0043005;GO:0005634;GO:0043204;GO:0098794;GO:0098839;GO:0042734;GO:0007186;GO:0009968;GO:0060078
Q15818,Neuronal pentraxin 1,Brain,GO:0005783;GO:0098978;GO:0043083;GO:0030133;GO:0046872;GO:0060385;GO:0071333;GO:0035865;GO:0007417;GO:0007268;GO:0043653;GO:0006839;GO:0099645;GO:0097107
Q8NFJ8,Basic helix-loop-helix family member e22,Brain,GO:0000785;GO:0005634;GO:0003700;GO:0000981;GO:0070888;GO:0046983;GO:1990837;GO:0061564;GO:0048663;GO:0045944;GO:0007423
P43365,MAGE family member A12,Testis,GO:0005634;GO:0042826;GO:0000122
Q6PIL6,Potassium voltage-gated channel interacting protein 4,Brain,GO:0005737;GO:0005829;GO:0030425;GO:0005783;GO:0043025;GO:0005777;GO:0005886;GO:0008076;GO:0005509;GO:0005267;GO:0015459;GO:0072659;GO:1901379;GO:0009966
Q96AQ9,Family with sequence similarity 131 member C,Brain,
Q16760,Diacylglycerol kinase delta,Brain,GO:0005905;GO:0005737;GO:0031410;GO:0005829;GO:0005634;GO:0005886;GO:0005524;GO:0004143;GO:0019992;GO:0042802;GO:0019900;GO:0046872;GO:0046982;GO:0042803;GO:0046340;GO:0046339;GO:0006897;GO:0035556;GO:0046834;GO:0160195;GO:0006654;GO:0007200;GO:0030168;GO:2000370;GO:0045742;GO:0015031;GO:0007165
Q9H426,Regulating synaptic membrane exocytosis 4,Brain,GO:0048786;GO:0098831;GO:0042734;GO:0097060;GO:0031267;GO:0098882;GO:0044325;GO:0042391;GO:2000300;GO:0016081;GO:0016082
Q9Y2S2,Crystallin lambda 1,Kidney,GO:0005829;GO:0070062;GO:0050104;GO:0070403;GO:0042803;GO:0019640;GO:0006631
Q8N3J3,Homologous recombination factor with OB-fold,Testis,GO:0005634;GO:0090734;GO:0003697;GO:0006974;GO:0000731;GO:0007292;GO:0036297;GO:0048232;GO:0000725
Q9Y231,Fucosyltransferase 9,Brain,GO:0005794;GO:0000139;GO:0005802;GO:0032588;GO:0017083;GO:0046920;GO:0008417;GO:0042803;GO:0005975;GO:0036065;GO:0006688;GO:0042355;GO:0106402;GO:0036071;GO:0030182;GO:0036445;GO:0009312;GO:0000271;GO:0010976;GO:0006486;GO:0006487;GO:0006493;GO:1903037;GO:1903236
P19827,Inter-alpha-trypsin inhibitor heavy chain 1,Liver,GO:0072562;GO:0062023;GO:0070062;GO:0005576;GO:0005509;GO:0030246;GO:0005540;GO:0004867;GO:0030212
A0A0U1RRN3,SPTY2D1 opposite strand,Testis,GO:0005741
Q5VWK5,Interleukin 23 receptor,Testis,GO:0009986;GO:0009897;GO:0072536;GO:0005886;GO:0043235;GO:0019955;GO:0004896;GO:0007259;GO:0097696;GO:0019221;GO:0050829;GO:0006954;GO:0038155;GO:0032693;GO:0042104;GO:0008284;GO:0002230;GO:0032725;GO:0032735;GO:0032740;GO:0043382;GO:0032819;GO:0051135;GO:0045672;GO:0001916;GO:0042102;GO:0002827;GO:2000330;GO:2000318;GO:0032729;GO:0032496;GO:0034341
Q9BZW7,Testis specific 10,Testis,GO:0005814;GO:0005737;GO:0031514;GO:0007283
Q9BX93,Phospholipase A2 group XIIB,Kidney,GO:0005576;GO:0005509;GO:0004623;GO:0050482;GO:0042632;GO:0016042;GO:0006644;GO:0070328
P03951,Coagulation factor XI,Liver,GO:0070062;GO:0005576;GO:0005615;GO:0016020;GO:0005886;GO:0008201;GO:0042802;GO:0070009;GO:0004252;GO:0007596;GO:0031639;GO:0051919
Q9NY65,Tubulin alpha 8,Heart,GO:0001669;GO:0005737;GO:0005874;GO:0015630;GO:0005525;GO:0016787;GO:0046872;GO:0005200;GO:0000226;GO:0000278;GO:0007286
P06133,UDP glucuronosyltransferase family 2 member B4,Liver,GO:0005789;GO:0015020;GO:0052695;GO:0008210
P53794,Solute carrier family 5 member 3,Kidney,GO:0016324;GO:0016323;GO:0016020;GO:0048471;GO:0005886;GO:0005412;GO:0015150;GO:0005365;GO:0005367;GO:0015146;GO:0015166;GO:0015459;GO:0044325;GO:1904659;GO:0015756;GO:0006020;GO:1904679;GO:0015798;GO:0015750;GO:0015791;GO:0043085;GO:1905477;GO:1903428;GO:0150104
Q9NZ72,Stathmin 3,Brain,GO:0005737;GO:0005829;GO:0005794;GO:0030426;GO:0043005;GO:0019904;GO:0015631;GO:0001835;GO:0031122;GO:0007019;GO:0035021;GO:0007399;GO:0031175;GO:0051493;GO:0031110
Q9BQI6,SMC5-SMC6 complex localization factor 1,Testis,GO:0005813;GO:0000781;GO:0005737;GO:0042405;GO:0005654;GO:0000786;GO:0005634;GO:0035861;GO:0030915;GO:0044877;GO:0031625;GO:0140588;GO:0006974;GO:0000724;GO:2000781;GO:0034184;GO:0031334;GO:1990166;GO:0016925;GO:0032204
A1L162,Glutamate rich 2,Testis,
Q9NPH6,Odorant binding protein 2B,Testis,GO:0005615;GO:0005549;GO:0036094;GO:0007635;GO:0007608
P40261,Nicotinamide N-methyltransferase,Liver,GO:0005829;GO:0008112;GO:0030760;GO:0031100;GO:0032259;GO:0034356;GO:0006769;GO:0045722;GO:0090312;GO:0009410
Q8IZS8,Calcium voltage-gated channel auxiliary subunit alpha2delta 3,Brain,GO:0098982;GO:0048787;GO:0005891;GO:0046872;GO:0005245;GO:0099174
P59646,FXYD domain containing ion transport regulator 4,Kidney,GO:0016323;GO:0005886;GO:0005890;GO:0005267;GO:0017080;GO:1903278;GO:0006814
Q8WXF7,Atlastin GTPase 1,Brain,GO:0030424;GO:0005783;GO:0005789;GO:0071782;GO:0098826;GO:0005794;GO:0000137;GO:0000139;GO:0016020;GO:0005525;GO:0003924;GO:0042802;GO:0007409;GO:0007029;GO:1990809;GO:0051260
Q96M98,Parkin coregulated,Testis,GO:0160112;GO:0005879;GO:0044297;GO:0005829;GO:0002177;GO:0043005;GO:0005634;GO:0097225;GO:0031982;GO:0003779;GO:0043014;GO:0048487;GO:0001664;GO:0031072;GO:0030544;GO:0051879;GO:0051087;GO:0031625;GO:0034620;GO:0030317;GO:0008104;GO:0007286
Q7Z2W7,Transient receptor potential cation channel subfamily M member 8,Liver,GO:0005789;GO:0009897;GO:0005886;GO:0044853;GO:0005262;GO:0042802;GO:0099604;GO:0046872;GO:0070588;GO:0006874;GO:0120162;GO:0009409;GO:0050955
P20337,"RAB3B, member RAS oncogene family",Brain,GO:0005737;GO:0098691;GO:0005768;GO:0070062;GO:0005794;GO:0048471;GO:0005886;GO:0008021;GO:0030672;GO:0031982;GO:0019003;GO:0005525;GO:0003924;GO:0031489;GO:0019882;GO:0006887;GO:0051586;GO:0015031;GO:0098693;GO:0097494
Q8N8Y2,ATPase H+ transporting V0 subunit d2,Kidney,GO:0016324;GO:0005769;GO:0010008;GO:0070062;GO:0005765;GO:0016020;GO:0030670;GO:0033181;GO:0033179;GO:0016471;GO:0046961;GO:0016241;GO:0007035;GO:0007034
Q8IZT8,Heparan sulfate-glucosamine 3-sulfotransferase 5,Brain,GO:0000139;GO:0016020;GO:0050656;GO:0008467;GO:0015015;GO:0050819;GO:0006477;GO:0046596
Q06190,Protein phosphatase 2 regulatory subunit B''alpha,Heart,GO:0000159;GO:0005509;GO:0019888;GO:0030674;GO:0001754;GO:0090090;GO:0090263;GO:0045732;GO:0006470;GO:0060828;GO:0090249;GO:0007525;GO:0061053;GO:0001756
Q92539,Lipin 2,Liver,GO:0005829;GO:0005789;GO:0005634;GO:0008195;GO:0003713;GO:0032869;GO:0009062;GO:0006629;GO:0045944;GO:0019432
Q15256,Protein tyrosine phosphatase receptor type R,Brain,GO:0030054;GO:0005829;GO:0005615;GO:0048471;GO:0005886;GO:0140793;GO:0004726;GO:0019901;GO:0004725;GO:0030946;GO:0005001;GO:0038128;GO:0001701;GO:0010633;GO:0070373;GO:0006470;GO:0007165
P25189,Myelin protein zero,Brain,GO:0043209;GO:0005886;GO:0045202;GO:0005198;GO:0098743;GO:0098742;GO:0007268;GO:0042552
Q03721,Potassium voltage-gated channel subfamily C member 4,Brain,GO:0043679;GO:0032590;GO:0032809;GO:0005886;GO:0045211;GO:0042734;GO:0008076;GO:0005251;GO:0046872;GO:0005267;GO:0005249;GO:0001508;GO:0007268;GO:0071805;GO:0006813;GO:0051260
O96004,Heart and neural crest derivatives expressed 1,Heart,GO:0000785;GO:0005737;GO:0005730;GO:0005654;GO:0005634;GO:0090575;GO:0043425;GO:0001228;GO:0000981;GO:0001227;GO:0019899;GO:0042802;GO:0042803;GO:0000978;GO:0000977;GO:0061629;GO:0001221;GO:0001525;GO:0001824;GO:0003218;GO:0003219;GO:0060411;GO:0060536;GO:0035050;GO:0003144;GO:0007507;GO:0001947;GO:0060485;GO:0001707;GO:0043433;GO:0045892;GO:1903026;GO:0000122;GO:0042475;GO:0045944;GO:0006357;GO:0001829;GO:0060707;GO:0055010
Q86VS3,IQ motif containing H,Testis,
O94818,Nucleolar protein 4,Brain,GO:0005730;GO:0003723
O75711,Stimulator of chondrogenesis 1,Brain,GO:0005615;GO:0005794;GO:0044306;GO:0007399
B7ZAP0,RAB GTPase activating protein 1 like,Heart,
O43581,Synaptotagmin 7,Brain,GO:0030424;GO:0005829;GO:0031045;GO:0032009;GO:0070062;GO:0098686;GO:0005765;GO:0005764;GO:0005778;GO:0005777;GO:0030670;GO:0005886;GO:0042734;GO:0045202;GO:0008021;GO:0030672;GO:0005509;GO:0061891;GO:0005544;GO:0005516;GO:0030276;GO:0005546;GO:0000149;GO:0019905;GO:1990927;GO:0048791;GO:0099502;GO:0006909;GO:0090385;GO:0001778;GO:0045956;GO:0046850;GO:0017158;GO:0070092;GO:0050796;GO:0050764;GO:1900242;GO:1990926;GO:0036465;GO:0006906;GO:0090119;GO:0016192
Q8IYR0,Cilia and flagella associated protein 206,Testis,GO:0005930;GO:0036064;GO:0031514;GO:0001534;GO:0035082;GO:0003341;GO:0003356;GO:1901317;GO:0007288
P48201,ATP synthase membrane subunit c locus 3,Heart,GO:0005743;GO:0005739;GO:0045263;GO:0008289;GO:0015078;GO:0015986
P15735,Phosphorylase kinase catalytic subunit gamma 2,Testis,GO:0005737;GO:0005829;GO:0005964;GO:0005524;GO:0005516;GO:0019899;GO:0004689;GO:0004674;GO:0050321;GO:0006091;GO:0005980;GO:0005977;GO:0045819;GO:0006468;GO:0007165
Q14896,Myosin binding protein C3,Heart,GO:0031672;GO:0014705;GO:0097512;GO:0005829;GO:0031430;GO:0030017;GO:0005863;GO:0003779;GO:0001671;GO:0042802;GO:0046872;GO:0017022;GO:0032036;GO:0008307;GO:0031432;GO:0060048;GO:0007155;GO:0003007;GO:0032781;GO:0032971;GO:0006942;GO:0045214;GO:0055010
A8MXT2,MAGE family member B17,Testis,GO:0005634;GO:0000122
Q9BZE7,Chromosome 22 open reading frame 23,Testis,
O60739,Eukaryotic translation initiation factor 1B,Heart,GO:0016282;GO:0043024;GO:0003723;GO:0003743;GO:0006446
Q13639,5-hydroxytryptamine receptor 4,Brain,GO:0005737;GO:0030425;GO:0010008;GO:0098978;GO:0016020;GO:0005886;GO:0098794;GO:0004993;GO:0030594;GO:0099589;GO:0007189;GO:0007192;GO:0007188;GO:0007268;GO:0007186;GO:0007187;GO:0120056;GO:0030277;GO:0070254;GO:0032098;GO:0150052
Q8NI77,Kinesin family member 18A,Testis,GO:0005901;GO:0005813;GO:0005737;GO:0005829;GO:0005871;GO:0000776;GO:0005828;GO:0015630;GO:0061673;GO:1990023;GO:0005634;GO:0001726;GO:0003779;GO:0005524;GO:0016887;GO:0008017;GO:0051010;GO:0008574;GO:0070463;GO:0071392;GO:0007140;GO:0007019;GO:0007018;GO:0007080;GO:0000070;GO:0015031;GO:0070507;GO:0072520
Q9BW60,ELOVL fatty acid elongase 1,Brain,GO:0005783;GO:0005789;GO:0016020;GO:0009922;GO:0036109;GO:0046513;GO:0061436;GO:0034625;GO:0034626;GO:0019367;GO:0043651;GO:0035338;GO:0030148;GO:0006636;GO:0042761
Q6IB77,Glycine-N-acyltransferase,Liver,GO:0005759;GO:0005739;GO:0016746;GO:0047961;GO:0047962;GO:0006637;GO:1901787;GO:0006544;GO:0032787;GO:0009636;GO:0006805
O14529,Cut like homeobox 2,Liver,GO:0000785;GO:0070062;GO:0005634;GO:0000981;GO:0001227;GO:0000978;GO:0000977;GO:0043565;GO:1990837;GO:0050890;GO:0000122;GO:0050775;GO:0061003;GO:2000463;GO:0010628;GO:0051965;GO:0006357;GO:0007614
P02489,Crystallin alpha A,Kidney,GO:0005737;GO:0005829;GO:0005654;GO:0005634;GO:0032991;GO:0042802;GO:0046872;GO:0005212;GO:0005198;GO:0051082;GO:0002088;GO:0043066;GO:0032387;GO:0042026;GO:0050821;GO:0009408;GO:0007601
Q8IYW2,Cilia and flagella associated protein 46,Testis,GO:0005930;GO:0035082;GO:0060294
P36021,Solute carrier family 16 member 2,Liver,GO:0016324;GO:0005886;GO:0015171;GO:0042802;GO:0008028;GO:0015349;GO:0089718;GO:0006520;GO:0015718;GO:2000178;GO:0006590;GO:0042403;GO:0070327;GO:0070460;GO:0150104
P42261,Glutamate ionotropic receptor AMPA type subunit 1,Brain,GO:0032281;GO:0044308;GO:0009986;GO:0005911;GO:0005829;GO:0030425;GO:0043198;GO:0043197;GO:0032591;GO:0031901;GO:0030666;GO:0005789;GO:0033116;GO:0012507;GO:0060076;GO:0009897;GO:0098978;GO:0031594;GO:0044309;GO:0043025;GO:0032809;GO:0099544;GO:0005886;GO:0014069;GO:0098839;GO:0099092;GO:0045211;GO:0098793;GO:0048787;GO:1990635;GO:0055037;GO:0055038;GO:0097060;GO:0030672;GO:0008179;GO:0004971;GO:0001540;GO:0031698;GO:0001965;GO:0031681;GO:0035254;GO:0022849;GO:0042802;GO:0019865;GO:0099507;GO:0031489;GO:0099583;GO:0030165;GO:0051428;GO:0051018;GO:0019901;GO:0097110;GO:0031267;GO:1904315;GO:0048266;GO:0071418;GO:0071242;GO:1990416;GO:0071359;GO:1905232;GO:0071375;GO:0021987;GO:0007268;GO:1990708;GO:0007616;GO:0060292;GO:0060291;GO:0050804;GO:0019228;GO:2000463;GO:0010628;GO:0090326;GO:0045838;GO:0031623;GO:0034765;GO:0001919;GO:0046685;GO:0042220;GO:0051602;GO:0032355;GO:0045471;GO:0060992;GO:0010226;GO:0043278;GO:0031667;GO:1990911;GO:0009744;GO:0009410;GO:0007165;GO:0021510;GO:0007416;GO:0035249
P25054,APC regulator of WNT signaling pathway,Brain,GO:0005912;GO:0030877;GO:0005923;GO:0016342;GO:0005813;GO:0005737;GO:0005829;GO:0005794;GO:0000776;GO:0030027;GO:0016328;GO:0005874;GO:0005654;GO:0005634;GO:0048471;GO:0005886;GO:0032587;GO:1990909;GO:0008013;GO:0070840;GO:0045295;GO:0008017;GO:0051010;GO:0019901;GO:0019887;GO:0031625;GO:0070830;GO:0007155;GO:0001708;GO:0016477;GO:0006974;GO:0003203;GO:0003170;GO:0008286;GO:0000281;GO:0007094;GO:0090090;GO:1902807;GO:0008285;GO:0045736;GO:2000134;GO:0007026;GO:0007399;GO:0007389;GO:0043065;GO:0030335;GO:0120162;GO:0045732;GO:1904781;GO:0031274;GO:0043161;GO:0065003;GO:0051988;GO:0060632;GO:0032886;GO:0016055
P00568,Adenylate kinase 1,Heart,GO:0005737;GO:0005829;GO:0070062;GO:0001520;GO:0047506;GO:0004017;GO:0005524;GO:0004550;GO:0006172;GO:0046033;GO:0046034;GO:0015949;GO:0009142
Q96E17,"RAB3C, member RAS oncogene family",Brain,GO:0005768;GO:0048471;GO:0005886;GO:0008021;GO:0030672;GO:0031982;GO:0005525;GO:0030742;GO:0003924;GO:0031489;GO:0019882;GO:0006887;GO:0015031;GO:0017157
Q96M89,Coiled-coil domain containing 138,Testis,
P54868,3-hydroxy-3-methylglutaryl-CoA synthase 2,Liver,GO:0005759;GO:0005739;GO:0004421;GO:0042802;GO:0006084;GO:0060612;GO:0071230;GO:0071398;GO:0071385;GO:0032869;GO:0071222;GO:0006695;GO:0010142;GO:0046951;GO:0001822;GO:0001889;GO:0030324;GO:0007494;GO:0033555;GO:0051591;GO:0045471;GO:0033762;GO:0060416;GO:0070543;GO:0010038;GO:0034284;GO:0007584;GO:0034696;GO:0042594;GO:0009266;GO:0033574;GO:0034014;GO:0009410
O95971,CD160 molecule,Liver,GO:0005576;GO:0005886;GO:0098552;GO:0032397;GO:0019900;GO:0023024;GO:0032393;GO:0032394;GO:0005102;GO:0002250;GO:0001525;GO:0050829;GO:0045087;GO:0002385;GO:1905675;GO:0016525;GO:1900280;GO:0050860;GO:0043491;GO:2000353;GO:0002729;GO:0043323;GO:0045954;GO:0002857;GO:0032729;GO:0031295
Q5SQS8,Chromosome 10 open reading frame 120,Testis,
Q9Y2T6,G protein-coupled receptor 55,Testis,GO:0005886;GO:0004949;GO:0004930;GO:0045453;GO:0007186;GO:0045671;GO:0007200;GO:0070374;GO:0035025
O75874,Isocitrate dehydrogenase (NADP(+)) 1,Liver,GO:0005737;GO:0005829;GO:0070062;GO:0005576;GO:1904813;GO:0005739;GO:0005782;GO:0005777;GO:0034774;GO:1904724;GO:0045296;GO:0042802;GO:0004450;GO:0000287;GO:0051287;GO:0050661;GO:0042803;GO:0006103;GO:0008585;GO:0006749;GO:0006097;GO:0006102;GO:0006739;GO:0071071;GO:0060696;GO:0006979;GO:0048545;GO:0006099
Q96G61,Nudix hydrolase 11,Testis,GO:0005737;GO:0005829;GO:0005634;GO:0034431;GO:0034432;GO:0008486;GO:0000298;GO:0046872;GO:1901911;GO:1901909;GO:1901907;GO:0071543
Q9UBI4,Stomatin like 1,Brain,GO:0031902;GO:0045121;GO:0005886;GO:0006869
O15056,Synaptojanin 2,Brain,GO:0042995;GO:0005737;GO:0005856;GO:0005829;GO:0016020;GO:0045121;GO:0048471;GO:0005886;GO:0098793;GO:0052658;GO:0034596;GO:0052629;GO:0043813;GO:0004438;GO:0004439;GO:0003723;GO:0061024;GO:0006661;GO:0046856;GO:0048488
Q8NE62,Choline dehydrogenase,Liver,GO:0005743;GO:0005739;GO:0008812;GO:0050660;GO:0042426;GO:0019285
Q8N414,PiggyBac transposable element derived 5,Brain,GO:0005654;GO:0005634;GO:0004519;GO:0004803;GO:0098038
Q6ZWL3,Cytochrome P450 family 4 subfamily V member 2,Liver,GO:0005789;GO:0020037;GO:0005506;GO:0102033;GO:0016709;GO:0010430;GO:0001523;GO:0016125;GO:0007601
Q8IZU1,Family with sequence similarity 9 member A,Testis,GO:0005730;GO:0000795;GO:0051321;GO:0007286
P38117,Electron transfer flavoprotein subunit beta,Liver,GO:0045251;GO:0005759;GO:0005739;GO:0009055;GO:0009063;GO:0033539;GO:0022904
Q8N7X4,MAGE family member B6,Testis,GO:0005634;GO:0000122
Q8TAE6,Protein phosphatase 1 regulatory inhibitor subunit 14C,Heart,GO:0005737;GO:0016020;GO:0004865
C9J3I9,Chromosome 5 open reading frame 58,Testis,
P0CG32,Zinc finger CCHC-type containing 18,Brain,GO:0005634;GO:0046872
Q8IZU9,Kirre like nephrin family adhesion molecule 3,Brain,GO:0030424;GO:0005911;GO:0030425;GO:0043198;GO:0005576;GO:0016020;GO:0005886;GO:0008021;GO:0050839;GO:0098609;GO:0072102;GO:0030097;GO:0021766;GO:0007156;GO:0002121;GO:0001764;GO:0048812;GO:0021740;GO:0007416
Q9H313,Tweety family member 1,Brain,GO:0034707;GO:0031527;GO:0032433;GO:0016020;GO:0005886;GO:0030868;GO:0045202;GO:0005509;GO:0005254;GO:0005229;GO:0005381;GO:0072320;GO:0098609;GO:0031589;GO:0006821;GO:0046847;GO:0006826;GO:0015813;GO:0000278;GO:0034220
P05543,Serpin family A member 7,Liver,GO:0070062;GO:0005576;GO:0005615;GO:0004867;GO:0070327
Q9H7P6,Multivesicular body subunit 12B,Brain,GO:0005829;GO:0005769;GO:0010008;GO:0000813;GO:0070062;GO:0005770;GO:0031902;GO:0005634;GO:0005886;GO:0031982;GO:0008289;GO:0090148;GO:0036258;GO:0015031;GO:0043328;GO:0042058;GO:0043162;GO:0046755;GO:0019075
Q86YS3,RAB11 family interacting protein 4,Brain,GO:0005813;GO:0032154;GO:0030139;GO:0005768;GO:0005615;GO:0030496;GO:0048471;GO:0055038;GO:0005819;GO:0005509;GO:0042803;GO:0031267;GO:0032456;GO:0003407;GO:1903452;GO:0032465
O95832,Claudin 1,Liver,GO:0016324;GO:0016323;GO:0005923;GO:0016328;GO:0016020;GO:0005886;GO:0032991;GO:0070160;GO:0042802;GO:0005198;GO:0001618;GO:0070830;GO:0016338;GO:0007155;GO:0034331;GO:0045216;GO:1903545;GO:0071284;GO:0071560;GO:0071356;GO:0071346;GO:0008065;GO:0090557;GO:0061436;GO:0097421;GO:0035633;GO:1903348;GO:0030335;GO:0060054;GO:0090303;GO:0051259;GO:0071548;GO:0045471;GO:0070673;GO:0032496;GO:0009636;GO:0061772
Q8NHV9,Rhox homeobox family member 1,Brain,GO:0000785;GO:0005829;GO:0005654;GO:0005634;GO:0003677;GO:0003700;GO:0000981;GO:0000977;GO:1990837;GO:0030521;GO:0010628;GO:0006355;GO:0006357
P25021,Histamine receptor H2,Heart,GO:0030425;GO:0005886;GO:0045202;GO:0004969;GO:0030594;GO:0007268;GO:0007187;GO:0001696;GO:0006955;GO:0045907
Q8NAT2,Tudor domain containing 5,Testis,GO:0033391;GO:0043186;GO:0071546;GO:0045202;GO:0030719;GO:0034587;GO:0007286;GO:0007283;GO:0141196
Q9H091,Zinc finger MYND-type containing 15,Testis,GO:0005737;GO:0001673;GO:0042826;GO:0046872;GO:0045892;GO:0007286
Q9HAT0,Rhophilin associated tail protein 1,Testis,GO:0005737;GO:0031514;GO:0005634;GO:0042802;GO:0044782;GO:0030317;GO:0061512;GO:0001932;GO:0048240
Q6ZST4,Lipocalin like 1,Testis,GO:0036094
Q8IVA1,Purkinje cell protein 2,Brain,GO:0043025;GO:0005085
Q9H2R5,Kallikrein related peptidase 15,Testis,GO:0005615;GO:0030141;GO:0004252;GO:0008236;GO:0051604;GO:0006508
Q8IVF5,TIAM Rac1 associated GEF 2,Testis,GO:0005829;GO:0070062;GO:0030175;GO:0030426;GO:0030027;GO:0016020;GO:0043204;GO:0045202;GO:0005096;GO:0005085;GO:0050772;GO:0051056;GO:0007264
P27539,Growth differentiation factor 1,Brain,GO:0005615;GO:0005125;GO:0008083;GO:0010614
O75081,CBFA2/RUNX1 partner transcriptional co-repressor 3,Brain,GO:0000139;GO:0005730;GO:0005654;GO:0005634;GO:0046872;GO:0003714;GO:0006351;GO:0030851;GO:0008285;GO:0045892;GO:0045820;GO:0032436;GO:1903715;GO:0001666
Q9BTA0,Family with sequence similarity 167 member B,Kidney,
Q8NDM7,Cilia and flagella associated protein 43,Testis,GO:0097729;GO:0005930;GO:0005576;GO:0007420;GO:0000902;GO:0090660;GO:0060271;GO:0051649;GO:0120197;GO:0006997;GO:0003356;GO:0007288
P20962,Parathymosin,Liver,GO:0005634;GO:0042393;GO:0006260;GO:0002376;GO:0043066;GO:0045944
Q8N7E2,Cbl proto-oncogene like 2,Testis,GO:0005737;GO:0046872;GO:0061630;GO:0016567;GO:0030155
A2RUT3,Transmembrane protein 89,Testis,GO:0016020;GO:0005634
Q5VVY1,N-terminal Xaa-Pro-Lys N-methyltransferase 2,Heart,GO:0005737;GO:0005634;GO:0071885;GO:0006480
P28335,5-hydroxytryptamine receptor 2C,Brain,GO:0030425;GO:0098666;GO:0005886;GO:0045202;GO:0071886;GO:0004993;GO:0001587;GO:0042802;GO:0030594;GO:0051378;GO:0099589;GO:0001662;GO:0019934;GO:0007268;GO:0007631;GO:0007187;GO:0098664;GO:0006874;GO:0007626;GO:0007200;GO:0007208;GO:0050850;GO:0070374;GO:0045600;GO:0010513;GO:0032098;GO:0043397;GO:0031644;GO:0051209;GO:0007210
Q16695,"H3.4 histone, cluster member",Testis,GO:0000781;GO:0070062;GO:0005654;GO:0000786;GO:0005634;GO:0003677;GO:0046982;GO:0030527;GO:0006325;GO:0006334
O95158,Neurexophilin 4,Brain,GO:0005576;GO:0098982;GO:0005102;GO:0050804;GO:0007218
Q9BY07,Solute carrier family 4 member 5,Testis,GO:0016324;GO:0016323;GO:0016020;GO:0005886;GO:0008509;GO:0008510;GO:0005452;GO:0015701;GO:0033326;GO:0002064;GO:0048311;GO:0010468;GO:0051453;GO:0003073;GO:0003014;GO:0060041;GO:0055085
Q5SW24,Dishevelled binding antagonist of beta catenin 2,Brain,GO:0005737;GO:0008013;GO:0070097;GO:0051018;GO:0005080;GO:0008134;GO:0003382;GO:0002244;GO:0072061;GO:0007162;GO:1900108;GO:0043588
P18507,Gamma-aminobutyric acid type A receptor subunit gamma2,Brain,GO:0030424;GO:0034707;GO:0030659;GO:0032590;GO:0043197;GO:1902711;GO:0098982;GO:0043005;GO:0005886;GO:0098794;GO:0045211;GO:0099634;GO:0045202;GO:1902495;GO:0008503;GO:0005254;GO:0004890;GO:0022851;GO:1904315;GO:0030534;GO:0071420;GO:1902476;GO:0007214;GO:1904862;GO:0009791;GO:0060078;GO:0051932
Q86UP9,LHFPL tetraspan subfamily member 3,Brain,GO:0005886;GO:0007605
Q96PQ0,Sortilin related VPS10 domain containing receptor 2,Brain,GO:0005829;GO:0043197;GO:0031901;GO:0043231;GO:0016020;GO:0043204;GO:0098839;GO:0055038;GO:0008188;GO:0006886;GO:0060292;GO:0007218
O00192,ARVCF delta catenin family member,Brain,GO:0005912;GO:0005737;GO:0005634;GO:0005886;GO:0045296;GO:0007155;GO:0098609;GO:0006397;GO:0008380
P31277,Homeobox D11,Kidney,GO:0000785;GO:0005654;GO:0005634;GO:0000981;GO:0000978;GO:1990837;GO:0001658;GO:0009953;GO:0060272;GO:0006357
Q702N8,Xin actin binding repeat containing 1,Heart,GO:0005912;GO:0030057;GO:0051015;GO:0003723;GO:0007015;GO:0014835;GO:0032091;GO:0008104;GO:0014901
P58417,Neurexophilin 1,Brain,GO:0098982;GO:0098978;GO:0043083;GO:0005102;GO:0050804
Q9UBB6,Neurochondrin,Brain,GO:0005829;GO:0030425;GO:0010008;GO:0098978;GO:0016020;GO:0043025;GO:0043204;GO:0098794;GO:0045453;GO:0031175;GO:0048168;GO:0099149
Q587J7,Tudor domain containing 12,Testis,GO:1990923;GO:0005524;GO:0016887;GO:0140849;GO:0140665;GO:0140584;GO:0061775;GO:0003689;GO:0003676;GO:0003724;GO:0009566;GO:0042078;GO:0007140;GO:0034587;GO:0007283;GO:0141196
Q96A70,Antizyme inhibitor 2,Brain,GO:0030424;GO:0005801;GO:0005737;GO:0031410;GO:0005829;GO:0030425;GO:0033116;GO:1990005;GO:0005739;GO:0005634;GO:0043204;GO:0048471;GO:0005802;GO:0030133;GO:0008792;GO:0042978;GO:0097055;GO:0042177;GO:0043085;GO:1902269;GO:0033387;GO:0007283;GO:0098629
Q76KP1,"Beta-1,4-N-acetyl-galactosaminyltransferase 4",Brain,GO:0032580;GO:0008376;GO:0033842
P02652,Apolipoprotein A2,Liver,GO:0072562;GO:0042627;GO:0005829;GO:0005769;GO:0005788;GO:0070062;GO:0005576;GO:0005615;GO:0034364;GO:0034366;GO:0034361;GO:0034190;GO:0015485;GO:0120020;GO:0019899;GO:0031072;GO:0008035;GO:0070653;GO:0055102;GO:0008289;GO:0005319;GO:0031210;GO:0060228;GO:0005543;GO:0046982;GO:0042803;GO:0048018;GO:0005102;GO:0031100;GO:0071402;GO:0033344;GO:0042632;GO:0008203;GO:0030301;GO:0046340;GO:0034380;GO:0034384;GO:0034375;GO:0042157;GO:0034374;GO:0060621;GO:0032375;GO:0060695;GO:0002719;GO:0060192;GO:0050995;GO:0010903;GO:0018206;GO:0006656;GO:0009395;GO:0033700;GO:1905920;GO:0032757;GO:0050996;GO:0050766;GO:0018158;GO:0050821;GO:0030300;GO:0031647;GO:0043627;GO:0051384;GO:0009749;GO:0009410;GO:0043691;GO:0006641;GO:0034370
Q96MM7,Heparan sulfate 6-O-sulfotransferase 2,Kidney,GO:0000139;GO:0017095;GO:0015015
Q9NU63,ZFP57 zinc finger protein,Brain,GO:0005634;GO:0003682;GO:0000981;GO:0046872;GO:0000977;GO:0141068;GO:0006357
O95153,TSPO associated protein 1,Brain,GO:0044305;GO:0005737;GO:0005829;GO:0098978;GO:0005739;GO:0030156;GO:0099626;GO:0046928
Q86U10,Asparaginase,Liver,GO:0005829;GO:0003847;GO:0016747;GO:0004067;GO:0004622;GO:0009066;GO:0016042
Q96KN7,RPGR interacting protein 1,Testis,GO:0005930;GO:0035253;GO:0032391;GO:0120206;GO:0031870;GO:0061351;GO:1905515;GO:0046548;GO:0007601
Q13153,P21 (RAC1) activated kinase 1,Brain,GO:0005884;GO:0030424;GO:0005911;GO:0005813;GO:0005694;GO:0005737;GO:0005829;GO:0030425;GO:0005925;GO:0014704;GO:0030027;GO:0031965;GO:0005654;GO:0005886;GO:0032991;GO:0001726;GO:0032587;GO:0030018;GO:0004676;GO:0004679;GO:0005524;GO:0005518;GO:0004677;GO:0004694;GO:0043015;GO:0044024;GO:0072371;GO:1990244;GO:0035979;GO:0044025;GO:0140823;GO:0035175;GO:0044022;GO:0140855;GO:0035402;GO:0072354;GO:0140857;GO:0035403;GO:0044023;GO:0042802;GO:0004672;GO:0106310;GO:0004674;GO:0072518;GO:0004711;GO:0030036;GO:0006915;GO:0048754;GO:0016477;GO:0009267;GO:0006338;GO:0006974;GO:0048013;GO:0006887;GO:0038096;GO:0048012;GO:0035556;GO:0060244;GO:0048812;GO:0016310;GO:0030335;GO:0008284;GO:0033148;GO:0043507;GO:0090063;GO:0031116;GO:0033138;GO:0001934;GO:0051496;GO:0046777;GO:1903608;GO:0006468;GO:0032956;GO:0050770;GO:0043408;GO:0002223;GO:0042060
A6NLP5,Tetratricopeptide repeat domain 36,Liver,GO:0021954;GO:0007613;GO:0032435;GO:1902915;GO:0006570;GO:0008542
Q92772,Cyclin dependent kinase like 2,Testis,GO:0005813;GO:0005737;GO:0005654;GO:0005634;GO:0005524;GO:0004693;GO:0004672;GO:0106310;GO:0004674;GO:0007548;GO:0007165
Q8IYK2,Coiled-coil domain containing 105,Testis,GO:0160112;GO:0070062;GO:0036126;GO:0030317
Q12798,Centrin 1,Testis,GO:0005814;GO:0005813;GO:0005829;GO:0005634;GO:0032391;GO:0000922;GO:0005509;GO:0031683;GO:0032795;GO:0008017;GO:0051301;GO:0034605;GO:0007099;GO:0000226
Q96A00,Protein phosphatase 1 regulatory inhibitor subunit 14A,Brain,GO:0005829;GO:0004865
O00337,Solute carrier family 28 member 1,Kidney,GO:0016324;GO:0031526;GO:0005829;GO:0016607;GO:0005886;GO:1901474;GO:0015212;GO:0005415;GO:0005345;GO:0015389;GO:0015213;GO:0045117;GO:0015861;GO:0180015;GO:1901642;GO:1904823;GO:0015855;GO:0072531;GO:0015862
Q8NG31,Kinetochore scaffold 1,Testis,GO:0001669;GO:0005829;GO:0000776;GO:0180019;GO:0016604;GO:0005654;GO:0005634;GO:0000940;GO:0008017;GO:0001675;GO:0008608;GO:0051301;GO:0031619;GO:0000070;GO:1905326;GO:0034501;GO:0090266
Q06520,Sulfotransferase family 2A member 1,Liver,GO:0005737;GO:0005829;GO:0050656;GO:0004027;GO:0047704;GO:0050294;GO:0008146;GO:0050427;GO:0030573;GO:0008203;GO:0006068;GO:0016042;GO:0008202;GO:0051923;GO:0042403;GO:0006805
Q9H1X1,Radial spoke head component 9,Testis,GO:0097729;GO:0005930;GO:0060091;GO:0031514;GO:0001535;GO:0120336;GO:0120338;GO:0036126;GO:1904158;GO:0035082;GO:0003341;GO:0060294;GO:0044458;GO:0062177
Q71RH2,TLC domain containing 3B,Testis,GO:0005783;GO:0005789;GO:0000139;GO:0050291;GO:0046513;GO:0055088;GO:0045599
P02679,Fibrinogen gamma chain,Liver,GO:0072562;GO:0009986;GO:0062023;GO:0005788;GO:0009897;GO:0070062;GO:0005576;GO:0005615;GO:0005577;GO:0005886;GO:0031091;GO:0031093;GO:0050839;GO:0005201;GO:0042802;GO:0046872;GO:0005102;GO:0005198;GO:0072378;GO:0007160;GO:0071347;GO:0071354;GO:0042730;GO:2000352;GO:1902042;GO:0031639;GO:0070527;GO:0036345;GO:0070374;GO:0045921;GO:0034116;GO:0090277;GO:0050714;GO:1900026;GO:0045907;GO:0051258;GO:0009306;GO:0065003;GO:0051592
P30531,Solute carrier family 6 member 1,Liver,GO:0030424;GO:0009986;GO:0098982;GO:0016020;GO:0043025;GO:0005886;GO:0045211;GO:0042734;GO:0015185;GO:0005332;GO:0042802;GO:0046872;GO:0015378;GO:0006865;GO:0008306;GO:0007268;GO:1902476;GO:0051939;GO:0051936;GO:0098658;GO:0007613;GO:0032229;GO:0014054;GO:0051592;GO:0042220;GO:0032355;GO:0010288;GO:1904313;GO:0014074;GO:0009744;GO:0009636;GO:0098719;GO:0035725;GO:0050808;GO:0150104
P05160,Coagulation factor XIII B chain,Liver,GO:0005576;GO:0005615;GO:1990234;GO:0007596;GO:0072378
Q9NR82,Potassium voltage-gated channel subfamily Q member 5,Brain,GO:0030118;GO:0005886;GO:0008076;GO:0005249;GO:0071805
Q8IWA6,Coiled-coil domain containing 60,Testis,
Q8IWF9,Coiled-coil domain containing 83,Testis,
A6NKP2,"Short chain dehydrogenase/reductase family 42E, member 2",Testis,GO:0016616;GO:0006694
Q05952,Transition protein 2,Testis,GO:0005730;GO:0000786;GO:0003677;GO:0008270;GO:0007340;GO:0007341;GO:0010954;GO:0035092;GO:0007283
P61764,Syntaxin binding protein 1,Brain,GO:0030424;GO:0005737;GO:0005829;GO:0070062;GO:0098888;GO:0098978;GO:0005739;GO:0005654;GO:0098688;GO:0048471;GO:0045335;GO:0005886;GO:0031091;GO:0098794;GO:0098831;GO:0099523;GO:0032991;GO:0030141;GO:0042802;GO:0043274;GO:0019904;GO:0019901;GO:0003723;GO:0000149;GO:0019905;GO:0017075;GO:0007412;GO:0071346;GO:0003006;GO:0006886;GO:0060292;GO:0043524;GO:0031333;GO:0032229;GO:0007274;GO:0051402;GO:0070527;GO:0002576;GO:0045956;GO:1903296;GO:0043306;GO:0106022;GO:0099525;GO:0072659;GO:0050821;GO:2000367;GO:0035542;GO:0031630;GO:0010807;GO:0032355;GO:0035493;GO:0016188;GO:0016082;GO:0006904
Q7Z5V6,Protein phosphatase 1 regulatory subunit 32,Testis,GO:0160111;GO:0036064;GO:0005737;GO:0036126;GO:0019902;GO:0030317
P05981,Hepsin,Kidney,GO:0016324;GO:0009986;GO:0005911;GO:0005789;GO:0070062;GO:0016020;GO:0043025;GO:0005886;GO:0008233;GO:0004252;GO:0070008;GO:0008236;GO:0034769;GO:0090103;GO:0050910;GO:0043066;GO:0050680;GO:0010719;GO:0097195;GO:0043923;GO:0030307;GO:0010628;GO:2000347;GO:0010756;GO:2000611;GO:0071805;GO:0006508;GO:0008360;GO:0097066
P09871,Complement C1s,Liver,GO:0072562;GO:0005576;GO:0005615;GO:0005509;GO:0042802;GO:0004252;GO:0006958;GO:0045087;GO:0006508
Q8IWZ5,Tripartite motif containing 42,Testis,GO:0061630;GO:0008270;GO:0016567
Q05901,Cholinergic receptor nicotinic beta 3 subunit,Testis,GO:0005892;GO:0098691;GO:0016020;GO:0043005;GO:0005886;GO:0045211;GO:0098793;GO:0045202;GO:0042166;GO:0022848;GO:0015267;GO:1901363;GO:0004888;GO:0095500;GO:0051899;GO:0099171;GO:0035094;GO:0007165;GO:0007271
P48051,Potassium inwardly rectifying channel subfamily J member 6,Brain,GO:0005794;GO:0005886;GO:0008076;GO:0015467;GO:0005242;GO:1990573;GO:0006813;GO:0034765
Q14691,GINS complex subunit 1,Testis,GO:0071162;GO:0005737;GO:0000811;GO:0005654;GO:0005634;GO:1902983;GO:0006268;GO:0001833
Q6YFQ2,Cytochrome c oxidase subunit 6B2,Testis,GO:0030061;GO:0005743;GO:0005739;GO:0045277;GO:0006119
Q6NUN7,Junctional cadherin complex regulator,Testis,GO:0005576;GO:0035082;GO:0007420;GO:0030154;GO:0090660;GO:0051649;GO:0044458;GO:0090175
Q9UJW3,DNA methyltransferase 3 like,Liver,GO:1902494;GO:0000794;GO:0005829;GO:0035098;GO:0000792;GO:0005634;GO:0051718;GO:0003677;GO:0008047;GO:0019899;GO:0046872;GO:0141068;GO:0060718;GO:0006346;GO:0044726;GO:0071514;GO:0007141;GO:0032259;GO:0090310;GO:0045814;GO:0000122;GO:0001890;GO:0007283;GO:0048863;GO:0141005;GO:0141196
A6NK53,Zinc finger protein 233,Testis,GO:0005634;GO:0003677;GO:0003700;GO:0046872
Q9H6B1,Zinc finger protein 385D,Brain,GO:0005634;GO:1990837;GO:0008270
Q9UL49,Transcription factor like 5,Testis,GO:0000785;GO:0001673;GO:0005634;GO:0003677;GO:0003700;GO:0000981;GO:0001227;GO:0046983;GO:0000978;GO:1990837;GO:0030154;GO:0000122;GO:0045595;GO:0042127;GO:0006355;GO:0007283;GO:0006366
Q8TCG2,Phosphatidylinositol 4-kinase type 2 beta,Liver,GO:0005829;GO:0031901;GO:0005789;GO:0005768;GO:0000139;GO:0016020;GO:0005886;GO:0005802;GO:0004430;GO:0005524;GO:0007032;GO:0007030;GO:0006661;GO:0046854
Q9GZV9,Fibroblast growth factor 23,Liver,GO:0005737;GO:0005788;GO:0005576;GO:0005615;GO:0005796;GO:0008083;GO:0005105;GO:0055074;GO:0071354;GO:0044320;GO:0071374;GO:0071305;GO:0070371;GO:0008543;GO:0030643;GO:0030502;GO:0046888;GO:0045668;GO:0022008;GO:0055062;GO:0008284;GO:0045893;GO:0070374;GO:0043410;GO:0090080;GO:0010980;GO:0030334;GO:0010966;GO:0032026;GO:1904383;GO:0042369
Q9HC98,NIMA related kinase 6,Liver,GO:0034451;GO:0005737;GO:0005829;GO:0005874;GO:0016607;GO:0005654;GO:0005634;GO:0032991;GO:0000922;GO:0004676;GO:0004679;GO:0005524;GO:0140297;GO:0004677;GO:0004694;GO:0044024;GO:0072371;GO:1990244;GO:0035979;GO:0044025;GO:0140823;GO:0035175;GO:0044022;GO:0140855;GO:0035402;GO:0072354;GO:0140857;GO:0035403;GO:0044023;GO:0019894;GO:0000287;GO:0019901;GO:0106310;GO:0004674;GO:0072518;GO:0004711;GO:0001222;GO:0031625;GO:0006915;GO:0051301;GO:0007059;GO:0007077;GO:0007052;GO:0018105;GO:0043123;GO:0046777;GO:0006468;GO:2000772;GO:0007346;GO:0030071;GO:0051225
Q9BQI9,Nuclear receptor interacting protein 2,Brain,GO:0005737;GO:0005634;GO:0004190;GO:0000122;GO:0007219;GO:0006508
Q16143,Synuclein beta,Brain,GO:0043679;GO:0005737;GO:0005829;GO:0016234;GO:0043025;GO:0005509;GO:1903136;GO:0004859;GO:0046914;GO:0007268;GO:0042417;GO:0043524;GO:0051402;GO:0050808;GO:0048488
Q93088,Betaine--homocysteine S-methyltransferase,Kidney,GO:0005829;GO:0070062;GO:0005634;GO:0047150;GO:0008270;GO:0071266;GO:0006579;GO:0006577;GO:0071267;GO:0006479;GO:0050666
Q9H0B6,Kinesin light chain 2,Brain,GO:0005737;GO:0005829;GO:0005871;GO:0016938;GO:0005765;GO:0016020;GO:0005874;GO:0005739;GO:0005654;GO:0005886;GO:0032991;GO:0045296;GO:0019894;GO:0032418;GO:0007018
Q3MJ13,WD repeat domain 72,Kidney,GO:0005737;GO:0005768;GO:0005634;GO:0036305;GO:0070166;GO:0006897;GO:0022617;GO:0010467;GO:0046785;GO:0043491;GO:0017038;GO:0072659;GO:0006885;GO:0031529;GO:0007021;GO:0016050
Q75VX8,GRB2 associated regulator of MAPK1 subtype 2,Brain,
A0A1B0GTK5,Family with sequence similarity 236 member D,Testis,
P17174,Glutamic-oxaloacetic transaminase 1,Heart,GO:0005737;GO:0005829;GO:0070062;GO:0005634;GO:0004069;GO:0047801;GO:0004609;GO:0030170;GO:0006103;GO:0006532;GO:0006533;GO:0006531;GO:0032869;GO:0055089;GO:0006094;GO:0019550;GO:0006536;GO:0006114;GO:0043490;GO:0007219;GO:0006107;GO:0051384
Q9P2W6,Chromosome 11 open reading frame 21,Heart,GO:0005737
Q8IVU9,Ciliary associated calcium binding coiled-coil 1,Brain,GO:0005813;GO:0005737;GO:0036126;GO:0005509
P22612,Protein kinase cAMP-activated catalytic subunit gamma,Testis,GO:0005952;GO:0097546;GO:0005829;GO:0005654;GO:0005634;GO:0005524;GO:0004691;GO:0034237;GO:0106310;GO:0004674;GO:0034380;GO:0008584;GO:0003091;GO:0007165;GO:0007283
Q8NBS3,Solute carrier family 4 member 11,Kidney,GO:0016324;GO:0016323;GO:0005886;GO:0012506;GO:0046715;GO:0015106;GO:0046983;GO:0015252;GO:0015078;GO:0005272;GO:0005452;GO:0015293;GO:0022857;GO:0005372;GO:0015701;GO:0046713;GO:0071476;GO:0034599;GO:0042044;GO:0030003;GO:0006820;GO:0050801;GO:1902600;GO:2000739;GO:0051881;GO:0006814;GO:0055085
Q9BZJ8,G protein-coupled receptor 61,Brain,GO:0005768;GO:0010008;GO:0005886;GO:0043235;GO:1990763;GO:0004930;GO:0007186;GO:0038035
Q13156,Replication protein A4,Testis,GO:0000781;GO:0005662;GO:0005654;GO:0005634;GO:0035861;GO:0003697;GO:0042162;GO:0000077;GO:0006281;GO:0006260;GO:0006270;GO:0000724;GO:0006289
A1KZ92,Peroxidasin like,Heart,GO:0005783;GO:0005615;GO:0005886;GO:0004519;GO:0020037;GO:0140825;GO:0046872;GO:0004601;GO:0042744;GO:0006979
Q96AN5,Transmembrane protein 143,Heart,GO:0016020;GO:0005739
P07199,Centromere protein B,Brain,GO:0005694;GO:0000775;GO:0000779;GO:0016604;GO:0005654;GO:0005634;GO:0005721;GO:0019237;GO:0003682;GO:0003677;GO:0003696;GO:0043565
Q8IV13,Cyclin J like,Brain,GO:0000307;GO:0005737;GO:0005815;GO:0005634;GO:0016538;GO:0000082
Q9BWT6,Meiotic nuclear divisions 1,Testis,GO:0005634;GO:0003690;GO:0007129;GO:0007131
Q02338,3-hydroxybutyrate dehydrogenase 1,Liver,GO:0043231;GO:0099617;GO:0005759;GO:0005739;GO:0003858;GO:0008202
Q8NEE6,F-box and leucine rich repeat protein 13,Testis,GO:0005813;GO:0005829;GO:0031514;GO:0019005;GO:0031146
Q96QS1,Tetraspanin 32,Heart,GO:0009986;GO:0070442;GO:0005886;GO:0007267;GO:0007010;GO:0042832;GO:0007229;GO:0030886;GO:0042130;GO:0070527;GO:0050688;GO:0042098
Q5VXU9,Shortage in chiasmata 1,Testis,GO:0005694;GO:0000794;GO:0016887;GO:0003697;GO:0007131;GO:0000712;GO:0007130
O75593,Forkhead box H1,Brain,GO:0032444;GO:0000785;GO:0005634;GO:0005667;GO:0043425;GO:0000987;GO:0070410;GO:0001228;GO:0000981;GO:0140297;GO:0050681;GO:0019904;GO:0070412;GO:0043565;GO:0046332;GO:0000976;GO:0035909;GO:0048318;GO:0003215;GO:0071345;GO:0003140;GO:0035054;GO:0001947;GO:0070365;GO:0060766;GO:0043433;GO:0033147;GO:0000122;GO:0038092;GO:0003151;GO:0045893;GO:0045944;GO:0003139;GO:0007179;GO:0003222
Q8IWQ3,BR serine/threonine kinase 2,Brain,GO:0005813;GO:0005737;GO:0150034;GO:0005783;GO:0048471;GO:0004676;GO:0004679;GO:0005524;GO:0051117;GO:0060590;GO:0004677;GO:0004694;GO:0044024;GO:0072371;GO:1990244;GO:0035979;GO:0044025;GO:0140823;GO:0035175;GO:0044022;GO:0140855;GO:0035402;GO:0072354;GO:0140857;GO:0035403;GO:0044023;GO:0000287;GO:0019901;GO:0106310;GO:0004674;GO:0072518;GO:0004711;GO:0048156;GO:0050321;GO:0030036;GO:0007409;GO:0051301;GO:0036503;GO:0030010;GO:0006887;GO:0000086;GO:0070059;GO:0090176;GO:0030182;GO:0006468;GO:0043462;GO:0050770;GO:0061178;GO:0010975;GO:1904152;GO:2000807
Q6IQ55,Tau tubulin kinase 2,Testis,GO:0005814;GO:0036064;GO:0035869;GO:0005829;GO:0005615;GO:0005634;GO:0004676;GO:0004679;GO:0005524;GO:0004677;GO:0004694;GO:0044024;GO:0072371;GO:1990244;GO:0035979;GO:0044025;GO:0140823;GO:0035175;GO:0044022;GO:0140855;GO:0035402;GO:0072354;GO:0140857;GO:0035403;GO:0044023;GO:0019894;GO:0051010;GO:0004672;GO:0106310;GO:0004674;GO:0072518;GO:0004711;GO:0048156;GO:0050321;GO:0021681;GO:0021935;GO:0021549;GO:0060271;GO:0000226;GO:1904527;GO:0007026;GO:1902817;GO:0018105;GO:0030334;GO:0007165;GO:0007224
Q9NUQ2,1-acylglycerol-3-phosphate O-acyltransferase 5,Brain,GO:0012505;GO:0005783;GO:0005789;GO:0005741;GO:0005739;GO:0005635;GO:0005730;GO:0003841;GO:0016746;GO:0006639;GO:0016024;GO:0002244;GO:0006654;GO:0036149;GO:0008654
O15335,Chondroadherin,Brain,GO:0031012;GO:0005615;GO:0060348;GO:1900155
Q8WZA2,Rap guanine nucleotide exchange factor 4,Brain,GO:0005829;GO:0098686;GO:0016020;GO:0005886;GO:0030552;GO:0005085;GO:0030674;GO:0031267;GO:0002250;GO:0007189;GO:0017156;GO:0007186;GO:0030073;GO:0032024;GO:0007265;GO:0017157;GO:0050796;GO:0098693
P58872,Rhomboid like 3,Heart,GO:0016020;GO:0005509;GO:0004252;GO:0006508
Q5H9I0,Transcription factor Dp family member 3,Testis,GO:0000785;GO:0005737;GO:0005634;GO:0005667;GO:0003677;GO:0140297;GO:0061629;GO:0140416;GO:0006974;GO:0043433;GO:2000134;GO:0006357
Q15274,Quinolinate phosphoribosyltransferase,Liver,GO:1902494;GO:0005737;GO:0005829;GO:0070062;GO:0042802;GO:0004514;GO:0009435;GO:0019674;GO:0034213
A0A1B0GWH4,"Heat shock transcription factor family, X-linked member 3",Testis,GO:0000785;GO:0005634;GO:0003700;GO:0000981;GO:0000978;GO:0006357
Q9UQ03,Coronin 2B,Brain,GO:0015629;GO:0005737;GO:0005925;GO:0016020;GO:0003779;GO:0051015;GO:1990147;GO:0017166;GO:0030036;GO:0048041;GO:0010812;GO:1904950;GO:0051497;GO:1904951;GO:0032956;GO:0080135;GO:0003093
P13591,Neural cell adhesion molecule 1,Brain,GO:0009986;GO:0062023;GO:0005829;GO:0009897;GO:0005576;GO:0000139;GO:0016020;GO:0005886;GO:0001618;GO:0007155;GO:0071679;GO:0001837;GO:2001260
Q8NE62,Choline dehydrogenase,Kidney,GO:0005743;GO:0005739;GO:0008812;GO:0050660;GO:0042426;GO:0019285
Q9UI40,Solute carrier family 24 member 2,Brain,GO:0001917;GO:0005886;GO:0098794;GO:0098793;GO:0005262;GO:0008273;GO:0015293;GO:0070509;GO:0098703;GO:0070588;GO:0071486;GO:0036368;GO:0051649;GO:0006874;GO:0007612;GO:0060292;GO:0060291;GO:0007613;GO:0034220;GO:0006811;GO:0070050;GO:0007602;GO:0071805;GO:0035725
Q13394,Mab-21 like 1,Brain,GO:0005634;GO:0005524;GO:0005525;GO:0046872;GO:0016779;GO:0009653;GO:0043010;GO:0008283;GO:0001654;GO:0008284
P61018,"RAB4B, member RAS oncogene family",Brain,GO:0005829;GO:0031901;GO:0032593;GO:0048471;GO:0005886;GO:0055037;GO:0030667;GO:0003925;GO:0005525;GO:0003924;GO:0046323;GO:0034498;GO:0034058;GO:0015031;GO:0032482;GO:0030100;GO:0016192
Q5VWK0,NBPF member 6,Liver,GO:0005737
P37059,Hydroxysteroid 17-beta dehydrogenase 2,Liver,GO:0005789;GO:0043231;GO:0047006;GO:0004303;GO:0047035;GO:0008209;GO:0006703;GO:0001701;GO:0001890;GO:0032526;GO:0008202
P08912,Cholinergic receptor muscarinic 5,Brain,GO:0030425;GO:0005886;GO:0045211;GO:0045202;GO:0016907;GO:0004435;GO:0007197;GO:0007268;GO:0015872;GO:0007213;GO:0007187;GO:0001696;GO:0060304;GO:0019226
Q7Z442,Polycystin 1 like 2 (gene/pseudogene),Heart,GO:0016020;GO:0005262;GO:0005509;GO:0030246;GO:0050982
Q9Y4J8,Dystrobrevin alpha,Heart,GO:0030424;GO:0030054;GO:0005737;GO:0031234;GO:0045111;GO:0005654;GO:0005886;GO:0032991;GO:0042383;GO:0045202;GO:0030165;GO:0008270;GO:0007268;GO:0007274;GO:0007165;GO:0006941;GO:0099536
P39060,Collagen type XVIII alpha 1 chain,Liver,GO:0005604;GO:0005581;GO:0062023;GO:0005788;GO:0070062;GO:0005576;GO:0005615;GO:0030020;GO:0046872;GO:0001525;GO:0009887;GO:0007155;GO:0030199;GO:0001886;GO:0008285;GO:0030903;GO:0051599;GO:0009410;GO:0001501;GO:0007601
P0CW27,Coiled-coil domain containing 166,Testis,
O60383,Growth differentiation factor 9,Testis,GO:0005737;GO:0005615;GO:0005125;GO:0008083;GO:0007292;GO:0030308;GO:0001555;GO:0008284;GO:2000870;GO:0007179
Q9C0B2,Cilia and flagella associated protein 74,Testis,GO:0005930;GO:0005737;GO:0005634;GO:0036126;GO:0035082
Q9NP85,"NPHS2 stomatin family member, podocin",Kidney,GO:0005911;GO:0009898;GO:0005783;GO:0070062;GO:0045121;GO:0005886;GO:0032991;GO:0036057;GO:0030036;GO:0010467;GO:0003094;GO:0072249
Q99259,Glutamate decarboxylase 1,Brain,GO:0043679;GO:0005938;GO:0061202;GO:0005737;GO:0098982;GO:0060077;GO:0048471;GO:0005886;GO:0048786;GO:0012506;GO:0004351;GO:0042802;GO:0030170;GO:0007268;GO:0006540;GO:0009449;GO:0006538;GO:0035641;GO:0035176
Q9UPP2,IQ motif and Sec7 domain ArfGEF 3,Brain,GO:0005829;GO:0098982;GO:0098690;GO:0060077;GO:0005654;GO:0014069;GO:0045211;GO:0099629;GO:0005085;GO:0030036;GO:0032012
P30926,Cholinergic receptor nicotinic beta 4 subunit,Testis,GO:0005892;GO:0098981;GO:0016020;GO:0043005;GO:0005886;GO:0099634;GO:0035579;GO:0045202;GO:0070821;GO:0015464;GO:0022848;GO:0015276;GO:0095500;GO:0035095;GO:0007626;GO:0051899;GO:0006811;GO:0019228;GO:0051971;GO:0046928;GO:0006940;GO:0007165;GO:0006939;GO:0060084;GO:0007271
P33908,Mannosidase alpha class 1A member 1,Liver,GO:0031410;GO:0005829;GO:0005783;GO:0005793;GO:0070062;GO:0005794;GO:0000139;GO:0016020;GO:0005509;GO:0015923;GO:0004571;GO:0005975;GO:0036503;GO:1904381;GO:1904382;GO:0006486;GO:0045047
Q8N5S1,Solute carrier family 25 member 41,Testis,GO:0005743;GO:0005739;GO:0015217;GO:0005347;GO:0015866;GO:0015867;GO:0140021;GO:1990544
Q8TF17,SH3 domain and tetratricopeptide repeats 2,Testis,GO:0031410;GO:0005886;GO:0032287;GO:1901184;GO:0033157
Q8IVL0,Neuron navigator 3,Brain,GO:0005640;GO:0005524;GO:0016887;GO:0008017;GO:0030336;GO:0032703;GO:0007026;GO:0022008;GO:0031116
Q9UH77,Kelch like family member 3,Brain,GO:0031463;GO:0005737;GO:0005856;GO:0005829;GO:0003779;GO:0097602;GO:0005198;GO:1990756;GO:0072156;GO:0010467;GO:0016236;GO:0050801;GO:0055075;GO:0043161;GO:0070936;GO:0016567;GO:0070294;GO:0006511
P23416,Glycine receptor alpha 2,Brain,GO:0034707;GO:0098982;GO:0098690;GO:0043231;GO:0043005;GO:0005886;GO:0099634;GO:0045202;GO:1902495;GO:0016934;GO:0016594;GO:0022852;GO:0046872;GO:0030594;GO:0004888;GO:1904315;GO:0071230;GO:0071361;GO:0071294;GO:1902476;GO:0050804;GO:0034220;GO:0007218
Q75N90,Fibrillin 3,Kidney,GO:0031012;GO:0005576;GO:0001527;GO:0005509;GO:0005201;GO:0009653
O94923,Glucuronic acid epimerase,Brain,GO:0005794;GO:0000139;GO:0005509;GO:0047464;GO:0042803;GO:0016857;GO:0015012;GO:0030210;GO:0031345;GO:0008284;GO:0060391
O75636,Ficolin 3,Liver,GO:0072562;GO:0005581;GO:0062023;GO:0009897;GO:0005576;GO:0005615;GO:1905370;GO:0003823;GO:0030246;GO:0097367;GO:0046872;GO:0005102;GO:0002752;GO:0006956;GO:0001867;GO:0051607;GO:1902679;GO:0046597;GO:1903028;GO:0006508;GO:0043654
Q9H598,Solute carrier family 32 member 1,Brain,GO:0009986;GO:0051286;GO:0061202;GO:0044316;GO:0030425;GO:0044292;GO:0098982;GO:0060077;GO:0043005;GO:0044306;GO:0005886;GO:0098793;GO:0048786;GO:0008021;GO:0030672;GO:0015171;GO:0015185;GO:0140800;GO:0015495;GO:0015187;GO:0140799;GO:0001762;GO:0051939;GO:0015812;GO:0015816;GO:0021766;GO:0006811;GO:0098700;GO:0007269
P0C2W7,Cancer/testis antigen family 47 member B1,Testis,
Q9Y577,Tripartite motif containing 17,Brain,GO:0005737;GO:0005829;GO:0005764;GO:0030674;GO:0061630;GO:0004842;GO:0008270;GO:0006914;GO:0045087;GO:0051865;GO:0010468;GO:0032880
Q8IWW8,Alcohol dehydrogenase iron containing 1,Liver,GO:0005759;GO:0005739;GO:0004022;GO:0047988;GO:0046872;GO:0006103;GO:0019552;GO:0006629
P35575,Glucose-6-phosphatase catalytic subunit 1,Liver,GO:0005789;GO:0016020;GO:0004346;GO:0042301;GO:0016773;GO:0042632;GO:0006094;GO:0051156;GO:0042593;GO:0015760;GO:0005980;GO:0005977;GO:0035264;GO:0010468;GO:0008202;GO:0006641;GO:0046415
Q569K6,Coiled-coil domain containing 157,Testis,
Q9UKY4,Protein O-mannosyltransferase 2,Testis,GO:0005829;GO:0005783;GO:0005789;GO:0005730;GO:0005654;GO:0004169;GO:0000030;GO:0046872;GO:0071711;GO:0021542;GO:1904100;GO:0035269;GO:0150103
Q9Y6E2,Basic leucine zipper and W2 domains 2,Heart,GO:0005737;GO:0016020;GO:0045296;GO:0006446
Q9UK55,Serpin family A member 10,Liver,GO:0005788;GO:0070062;GO:0005615;GO:0008201;GO:0004867;GO:0007596;GO:0097421
Q9H0D2,Zinc finger protein 541,Testis,GO:0000118;GO:0005634;GO:0005667;GO:0046872;GO:0003714;GO:0030154;GO:0007140;GO:0045892;GO:0045893;GO:0006355;GO:0006357;GO:0007283
P35711,SRY-box transcription factor 5,Testis,GO:0000785;GO:0005634;GO:0003700;GO:0000981;GO:0000978;GO:0000976;GO:0055059;GO:0001502;GO:0051216;GO:0045165;GO:0071560;GO:0002062;GO:0061036;GO:0032332;GO:2000741;GO:0006357;GO:0006366
Q5JR59,Microtubule associated scaffold protein 2,Heart,GO:0005737;GO:0045171;GO:0005874;GO:0015630;GO:0005634;GO:0008017;GO:0042803
A7E2U8,Chromosome 4 open reading frame 47,Testis,GO:0097731;GO:0005813;GO:0005881
Q9BSF0,Chromosome 2 open reading frame 88,Testis,GO:0005886;GO:0034237
P62955,Calcium voltage-gated channel auxiliary subunit gamma 7,Brain,GO:0032281;GO:0044300;GO:0005769;GO:0098978;GO:1990454;GO:0043025;GO:0005886;GO:0098839;GO:0005891;GO:0005246;GO:0016247;GO:0005245;GO:0006816;GO:0099590;GO:0099645;GO:0098943;GO:1903861;GO:0051968;GO:0098970;GO:2000311;GO:0043488;GO:0019226
Q99490,"ArfGAP with GTPase domain, ankyrin repeat and PH domain 2",Brain,GO:0005737;GO:0005829;GO:0005768;GO:0070062;GO:0090543;GO:0016020;GO:0005654;GO:0005634;GO:0005524;GO:0005525;GO:0005096;GO:0003924;GO:0046872;GO:0141038;GO:0035014;GO:0030295;GO:0019901;GO:0030036;GO:0016197;GO:0043524;GO:0042177;GO:0045860;GO:0015031
P04004,Vitronectin,Liver,GO:0071062;GO:0005604;GO:0072562;GO:0062023;GO:0005783;GO:0070062;GO:0005576;GO:0005615;GO:0005796;GO:0043231;GO:1904090;GO:0098637;GO:0048237;GO:0005518;GO:0050840;GO:0005201;GO:0008201;GO:0042802;GO:0005178;GO:0030247;GO:0005044;GO:0007155;GO:0033627;GO:0016477;GO:0007160;GO:0035987;GO:0030198;GO:0006955;GO:0097421;GO:0030195;GO:0010951;GO:0051918;GO:0048709;GO:0010811;GO:0050731;GO:0032092;GO:0048260;GO:0014911;GO:0030949;GO:0090303;GO:0051258;GO:0030155;GO:0061302
O43781,Dual specificity tyrosine phosphorylation regulated kinase 3,Testis,GO:0005737;GO:0010494;GO:0005856;GO:0005829;GO:0043231;GO:0016607;GO:0005654;GO:0005634;GO:0000242;GO:0005524;GO:0140801;GO:0035401;GO:0000287;GO:0004672;GO:0106310;GO:0004674;GO:0004712;GO:0051301;GO:0030218;GO:0043066;GO:0043518;GO:0035063;GO:1903008;GO:1902751;GO:0006468;GO:0080135;GO:1903432;GO:0035617
A0A075B759,Peptidylprolyl isomerase A like 4E,Brain,GO:0005737;GO:0016018;GO:0003755;GO:0140839;GO:0140840;GO:0006457
Q5HYW3,Retrotransposon Gag like 5,Brain,
A6NGH8,Ankyrin repeat domain 61,Testis,GO:0005654
Q86VQ3,Thioredoxin domain containing 2,Testis,GO:0005737;GO:0004791;GO:0030154;GO:0045454;GO:0007283
Q6P5Q4,Leiomodin 2,Heart,GO:0005884;GO:0005856;GO:0031430;GO:0030016;GO:0030017;GO:0005865;GO:0003779;GO:0003785;GO:0005523;GO:0007015;GO:0030041;GO:0045010;GO:0006936;GO:0030239;GO:0051694;GO:0030838;GO:0045214
A6NNE9,Membrane associated ring-CH-type finger 11,Testis,GO:0030659;GO:0004842;GO:0008270;GO:0016567
Q14088,"RAB33A, member RAS oncogene family",Heart,GO:0005768;GO:0005794;GO:0000139;GO:0005886;GO:0005525;GO:0003924;GO:0019882;GO:0000045;GO:0032482
P32929,Cystathionine gamma-lyase,Liver,GO:0005737;GO:0005829;GO:0070062;GO:0005516;GO:0004123;GO:0047982;GO:0042802;GO:0080146;GO:0044540;GO:0030170;GO:0098606;GO:1990830;GO:0019344;GO:0019343;GO:0006534;GO:0030968;GO:0070814;GO:0006629;GO:2001234;GO:1904831;GO:0043123;GO:0051289;GO:0044524;GO:0018272;GO:0019346
B3KS81,Serine/arginine repetitive matrix 5,Testis,
P48426,Phosphatidylinositol-5-phosphate 4-kinase type 2 alpha,Brain,GO:0005776;GO:0005829;GO:0005764;GO:0005654;GO:0001917;GO:0001750;GO:0005886;GO:0016308;GO:0016309;GO:0005524;GO:0042803;GO:1902635;GO:0061909;GO:0035855;GO:0046627;GO:0046854;GO:2000786;GO:0010506;GO:0090119
Q5R3F8,Extracellular leucine rich repeat and fibronectin type III domain containing 2,Brain,GO:0031012;GO:0005615;GO:0098839;GO:0004864;GO:0099560
O95948,One cut homeobox 2,Liver,GO:0015629;GO:0000785;GO:0005654;GO:0005634;GO:0001228;GO:0000981;GO:0000978;GO:1990837;GO:0009887;GO:0045165;GO:0060271;GO:0031018;GO:0002064;GO:0001889;GO:1905319;GO:0030512;GO:0048935;GO:1905322;GO:0045944;GO:0001952;GO:0006357;GO:0007179
Q4G112,Heat shock transcription factor 5,Testis,GO:0005634;GO:0001741;GO:0001216;GO:0003700;GO:0001217;GO:0000978;GO:1990837;GO:0030154;GO:0007140;GO:0006357;GO:0007283
A6NFA0,Family with sequence similarity 205 member C,Testis,GO:0016020
Q9H4M9,EH domain containing 1,Testis,GO:0020018;GO:0005737;GO:0005769;GO:0031901;GO:0030139;GO:0010008;GO:0070062;GO:0098978;GO:0005811;GO:0016020;GO:0048471;GO:0005886;GO:0031095;GO:0048786;GO:0055038;GO:0005524;GO:0045296;GO:0005509;GO:0005525;GO:0042802;GO:0031267;GO:1990090;GO:0042632;GO:0060271;GO:0032456;GO:0006897;GO:0006886;GO:0034383;GO:0031175;GO:0010886;GO:2001137;GO:1901741;GO:0010976;GO:0051260;GO:0061512;GO:0072659
Q3B7I2,Canopy FGF signaling regulator 1,Brain,
P09488,Glutathione S-transferase mu 1,Liver,GO:0005737;GO:0005829;GO:0045171;GO:0019899;GO:0043295;GO:0004364;GO:0042803;GO:0070458;GO:1901687;GO:0006749;GO:0051122;GO:0018916;GO:0006693;GO:0042178
P57771,Regulator of G protein signaling 8,Brain,GO:0009898;GO:0030425;GO:0032809;GO:0005634;GO:0043204;GO:0005886;GO:0045202;GO:0005096;GO:0003924;GO:0007213;GO:0007186;GO:0009968;GO:0043547;GO:0060159
Q9NR77,Peroxisomal membrane protein 2,Liver,GO:0005737;GO:0005829;GO:0016020;GO:0005778;GO:0032991
Q8NA03,Fibrous sheath interacting protein 1,Testis,
Q6P9F5,Tripartite motif containing 40,Liver,GO:0005737;GO:0008385;GO:0061630;GO:0008270;GO:0045087;GO:0030308;GO:0032088;GO:1901223;GO:0042177;GO:1900181;GO:0045116;GO:0010468
P60763,Rac family small GTPase 3,Brain,GO:0071944;GO:0031410;GO:0005856;GO:0005829;GO:0012505;GO:0005789;GO:0070062;GO:0031941;GO:0098978;GO:0030426;GO:0030027;GO:0043020;GO:0043005;GO:0043025;GO:0048471;GO:0005886;GO:0098794;GO:0048306;GO:0003925;GO:0005525;GO:0003924;GO:1990606;GO:0019901;GO:0030036;GO:0007015;GO:0060326;GO:0030031;GO:0021894;GO:0030865;GO:0007163;GO:0048873;GO:0035556;GO:0008045;GO:0050885;GO:0033630;GO:1900026;GO:0098974;GO:0016601;GO:0032956;GO:0008360;GO:0014041;GO:1902622;GO:0150052;GO:0045730;GO:0051932;GO:0016055
Q9BXY8,Brain expressed X-linked 2,Brain,GO:0005737;GO:0005634;GO:0046872;GO:0140678;GO:0005102;GO:0006915;GO:0031397;GO:0042981;GO:0051726;GO:0007165
Q00G26,Perilipin 5,Liver,GO:0005737;GO:0005829;GO:0043231;GO:0005811;GO:0005739;GO:0042802;GO:0035473;GO:0034389;GO:0019915;GO:0051646;GO:0031999;GO:0060192;GO:0035359;GO:2000378;GO:0010897;GO:0032000;GO:0060193;GO:0010884;GO:0010890;GO:0010867
Q8WWI1,LIM domain 7,Heart,GO:0016324;GO:0009986;GO:0005737;GO:0005829;GO:0005925;GO:0005739;GO:0005635;GO:0005634;GO:0000151;GO:0046872;GO:0004842;GO:0045944;GO:0016567;GO:0030155;GO:0023051
Q5FWE3,Proline rich transmembrane protein 3,Brain,GO:0016020
P22460,Potassium voltage-gated channel subfamily A member 5,Heart,GO:0009986;GO:0005794;GO:0014704;GO:0046691;GO:0016020;GO:0045121;GO:0048471;GO:0005886;GO:0034705;GO:0008076;GO:0030018;GO:0051393;GO:0005251;GO:0015271;GO:0019901;GO:0097110;GO:0005102;GO:0005249;GO:0086089;GO:0086087;GO:0086090;GO:0001508;GO:0086014;GO:0060081;GO:0098914;GO:0086050;GO:0086052;GO:0051481;GO:0007219;GO:1900087;GO:2000288;GO:0097623;GO:0055075;GO:0071805;GO:0006813;GO:0051260;GO:0060372;GO:0086091;GO:0050796;GO:0042391;GO:0043266;GO:0019229;GO:0042542;GO:0055093;GO:0001666;GO:0009612
Q6P9F5,Tripartite motif containing 40,Testis,GO:0005737;GO:0008385;GO:0061630;GO:0008270;GO:0045087;GO:0030308;GO:0032088;GO:1901223;GO:0042177;GO:1900181;GO:0045116;GO:0010468
Q63HM9,Phosphatidylinositol specific phospholipase C X domain containing 3,Heart,GO:0005737;GO:0045202;GO:0008081;GO:0016042;GO:0007165
Q96HA9,Peroxisomal biogenesis factor 11 gamma,Liver,GO:0005778;GO:0005777;GO:0032991;GO:0016559;GO:0044375
Q14003,Potassium voltage-gated channel subfamily C member 3,Brain,GO:0043679;GO:0005938;GO:0005856;GO:0030425;GO:0032590;GO:0032591;GO:0032809;GO:0043204;GO:0005886;GO:0045211;GO:0042734;GO:0008076;GO:0005251;GO:0046872;GO:0005249;GO:0001508;GO:0030866;GO:0071805;GO:0006813;GO:0051260;GO:0051262
Q5TBA9,FRY microtubule binding protein,Heart,GO:0005938;GO:0005813;GO:0030427;GO:0000922;GO:0004857;GO:0000902;GO:1904428;GO:0031175
P0C7U3,Zinc finger DHHC-type containing 11B,Brain,GO:0005783;GO:0005794;GO:0016020;GO:0019706;GO:0140374;GO:0006612
P06746,DNA polymerase beta,Brain,GO:0005737;GO:0005874;GO:0005654;GO:0005634;GO:0032991;GO:0005876;GO:0051575;GO:0140078;GO:0003684;GO:0003906;GO:0003887;GO:0019899;GO:0016829;GO:0046872;GO:0008017;GO:0006284;GO:0006287;GO:0006974;GO:0006281;GO:0006261;GO:0006303;GO:0048872;GO:0071707;GO:0001701;GO:0006954;GO:0008630;GO:0048535;GO:0051402;GO:0006290;GO:0045471;GO:0010332;GO:0055093;GO:0007435;GO:0016446;GO:0048536
P17482,Homeobox B9,Kidney,GO:0000785;GO:0005654;GO:0005634;GO:0090575;GO:0003700;GO:0000981;GO:0000978;GO:1990837;GO:0009952;GO:0060326;GO:0006351;GO:0048704;GO:0030879;GO:0045944;GO:0009954;GO:0006357
P51793,Chloride voltage-gated channel 4,Brain,GO:0097546;GO:0005769;GO:0031901;GO:0005789;GO:0010008;GO:0005794;GO:0043231;GO:0031902;GO:0005765;GO:0005886;GO:0055037;GO:0055038;GO:0008021;GO:0015297;GO:0005524;GO:0005254;GO:0005247;GO:0006821;GO:0034220;GO:1905515
P47775,G protein-coupled receptor 12,Brain,GO:0005737;GO:0005886;GO:0004930;GO:0031210;GO:0007189;GO:0007186;GO:0006874;GO:0019222
Q9BYV6,Tripartite motif containing 55,Liver,GO:0005737;GO:0005874;GO:0005634;GO:0042802;GO:0030674;GO:0061630;GO:0008270;GO:0050904;GO:0045087;GO:0002523;GO:1905517;GO:1901224;GO:0070936;GO:0007165
Q6IPX3,Transcription elongation factor A like 6,Testis,GO:0005634
Q9GZQ6,Neuropeptide FF receptor 1,Brain,GO:0005929;GO:0005886;GO:0004930;GO:0008188;GO:0032870;GO:0007186;GO:0007218
P00751,Complement factor B,Liver,GO:0072562;GO:0070062;GO:0005576;GO:0005615;GO:0005886;GO:0001848;GO:0004252;GO:0006956;GO:0006957;GO:0006508;GO:0009617
Q03431,Parathyroid hormone 1 receptor,Kidney,GO:0016324;GO:0016323;GO:0005737;GO:0005634;GO:0005886;GO:0043235;GO:0008528;GO:0004991;GO:0017046;GO:0042803;GO:0007189;GO:0007188;GO:0030282;GO:0045453;GO:0048469;GO:0008283;GO:0007166;GO:0002062;GO:0007186;GO:0007187;GO:0001701;GO:0006874;GO:0008285;GO:0002076;GO:0007200;GO:0008284;GO:0060732;GO:0001501
P28222,5-hydroxytryptamine receptor 1B,Brain,GO:0044305;GO:0030425;GO:0005783;GO:0098666;GO:0005886;GO:0042734;GO:0099154;GO:0004993;GO:0001586;GO:0030594;GO:0051378;GO:0099589;GO:0099626;GO:0007193;GO:0007198;GO:0046849;GO:0071312;GO:0071466;GO:0007268;GO:0042756;GO:0007187;GO:0014053;GO:0014063;GO:0032229;GO:0051967;GO:0007208;GO:1904707;GO:0099171;GO:0050795;GO:0014059;GO:2000300;GO:0042220;GO:0045471;GO:0051385;GO:0042310
P01588,Erythropoietin,Liver,GO:0044297;GO:0009986;GO:0005576;GO:0005615;GO:0005125;GO:0005128;GO:0005179;GO:0030295;GO:0006953;GO:0008015;GO:0097696;GO:0071474;GO:0007566;GO:0030218;GO:0043249;GO:0038162;GO:0042541;GO:0033028;GO:0010523;GO:2001258;GO:1902251;GO:1902219;GO:0000122;GO:0042104;GO:0008284;GO:0045893;GO:0070374;GO:0045666;GO:0010976;GO:0046579;GO:0048678;GO:0071548;GO:0051602;GO:0043627;GO:0055093;GO:0001666;GO:0070555;GO:0032496;GO:0009651;GO:0033574;GO:0033189;GO:0007165
Q8N9L9,Acyl-CoA thioesterase 4,Liver,GO:0005829;GO:0005782;GO:0005777;GO:0052689;GO:0047617;GO:0004778;GO:0006637;GO:0043649;GO:0043648;GO:0006633;GO:0006631;GO:0001676;GO:0032788;GO:0046459;GO:0006104;GO:0032789;GO:0000038
Q8NEQ6,Steroid receptor associated and regulated protein,Brain,GO:0005737;GO:0005634;GO:0030331;GO:0033148
Q68EA5,Zinc finger protein 57,Testis,GO:0005634;GO:0000981;GO:0046872;GO:0000977;GO:0006357
Q9Y2H9,Microtubule associated serine/threonine kinase 1,Brain,GO:0030424;GO:0005737;GO:0005856;GO:0030425;GO:0043005;GO:0043025;GO:0005886;GO:0004676;GO:0004679;GO:0005524;GO:0004677;GO:0004694;GO:0044024;GO:0072371;GO:1990244;GO:0035979;GO:0044025;GO:0140823;GO:0035175;GO:0044022;GO:0140855;GO:0035402;GO:0072354;GO:0140857;GO:0035403;GO:0044023;GO:0000287;GO:0008017;GO:0106310;GO:0004674;GO:0072518;GO:0004711;GO:0007420;GO:0007010;GO:0035556;GO:0006468
P0C7U0,Extracellular leucine rich repeat and fibronectin type III domain containing 1,Liver,GO:0043679;GO:0030425;GO:0060076;GO:0031012;GO:0005615;GO:0098978;GO:0098839;GO:0004864;GO:0007268;GO:0045184;GO:0007416;GO:0050808;GO:0099560;GO:0007601
Q9UKF2,ADAM metallopeptidase domain 30,Testis,GO:0009897;GO:0031902;GO:0016020;GO:0005886;GO:1990913;GO:0004222;GO:0008237;GO:0008270;GO:0008584;GO:0006508
Q16774,Guanylate kinase 1,Brain,GO:0005829;GO:0005739;GO:0001917;GO:0005524;GO:0004385;GO:0046060;GO:0006185;GO:0046054;GO:0046711;GO:0019673;GO:0034436;GO:0015949;GO:0006163;GO:0006805
Q86TH1,ADAMTS like 2,Heart,GO:0031012;GO:0005576;GO:0050436;GO:0030198;GO:0060481;GO:0030512
Q92904,Deleted in azoospermia like,Testis,GO:0005737;GO:0005634;GO:0032991;GO:0003730;GO:0003723;GO:0008494;GO:0070935;GO:0007281;GO:0045948;GO:0007283
P01286,Growth hormone releasing hormone,Brain,GO:0005576;GO:0005615;GO:0043204;GO:0043195;GO:0016608;GO:0031770;GO:0005184;GO:0051428;GO:0021984;GO:0007189;GO:0007267;GO:0030252;GO:0035264;GO:0008284;GO:0046005;GO:0060124;GO:0043568;GO:0040018;GO:0032880;GO:0032094
Q8NCT3,Microtubule associated tyrosine carboxypeptidase 2,Testis,GO:0004180;GO:0046872;GO:0008237;GO:0006508
Q9H2E6,Semaphorin 6A,Brain,GO:0030424;GO:0016020;GO:0005886;GO:0045499;GO:0038191;GO:0030215;GO:0009887;GO:0006915;GO:0007411;GO:0007166;GO:0035924;GO:0007010;GO:0050919;GO:0016525;GO:0106089;GO:0070373;GO:1903671;GO:1900747;GO:0007399;GO:0001755;GO:2001224;GO:0071526
Q14565,DNA meiotic recombinase 1,Testis,GO:0005694;GO:0000781;GO:0000794;GO:0000800;GO:0005654;GO:0005634;GO:0035861;GO:0005524;GO:0016887;GO:0008094;GO:0140664;GO:0003677;GO:0000150;GO:0003690;GO:0042802;GO:0003697;GO:0070192;GO:0000730;GO:0042148;GO:1990918;GO:0007292;GO:0007129;GO:0007141;GO:0051321;GO:0006312;GO:0001556;GO:0001541;GO:0007131;GO:0007286;GO:0007283
Q06495,Solute carrier family 34 member 1,Kidney,GO:0016324;GO:0005903;GO:0031526;GO:0009986;GO:0005829;GO:0005768;GO:0072686;GO:0016607;GO:0005654;GO:0048471;GO:0005886;GO:0031982;GO:0042802;GO:0030165;GO:0044877;GO:0005436;GO:1901684;GO:0071248;GO:0071374;GO:0016036;GO:0072734;GO:0097187;GO:1901128;GO:0009100;GO:0042431;GO:0030643;GO:0001822;GO:0001503;GO:0055062;GO:0035435;GO:0006817;GO:0045838;GO:2000187;GO:2000120;GO:0046686;GO:0032355;GO:0060416;GO:0010288;GO:0032026;GO:0046689;GO:1901652;GO:0035864;GO:0097066;GO:0033189;GO:0009410;GO:0098719;GO:0044341;GO:0072350
Q53SZ7,Proline rich 30,Testis,
A6NF83,"Nuclear protein 2, transcriptional regulator",Testis,GO:0005634;GO:0009267;GO:0006974;GO:0045786;GO:0008285;GO:0000122;GO:0051726;GO:0006357
A1L429,G antigen 12C,Testis,
Q96RI1,Nuclear receptor subfamily 1 group H member 4,Liver,GO:0000785;GO:0000791;GO:0005654;GO:0005634;GO:0043235;GO:0090575;GO:0032052;GO:0038186;GO:1902122;GO:0001228;GO:0003700;GO:0000981;GO:0004879;GO:0016922;GO:0046965;GO:0000978;GO:0000977;GO:0043565;GO:0000976;GO:0001221;GO:0008270;GO:0008206;GO:0030154;GO:0007043;GO:1903413;GO:0071398;GO:0071222;GO:0042632;GO:0042742;GO:0055089;GO:0006954;GO:0045087;GO:0001678;GO:0035356;GO:0043066;GO:0043124;GO:0050728;GO:0032692;GO:0032703;GO:0032715;GO:0071638;GO:0000122;GO:0032720;GO:0010804;GO:0032689;GO:0010903;GO:0007219;GO:0038185;GO:1904179;GO:2001250;GO:0045893;GO:2000213;GO:0046628;GO:0035774;GO:0032740;GO:1905695;GO:0045944;GO:0070857;GO:0090181;GO:0006355;GO:0061178;GO:0010988;GO:0006357;GO:0034255;GO:0034162;GO:0006366
Q9UIK5,Transmembrane protein with EGF like and two follistatin like domains 2,Brain,GO:0005576;GO:0016020;GO:0030154;GO:0030336;GO:0045720;GO:0051497;GO:0044319
Q6UXB0,Family with sequence similarity 131 member A,Brain,
P54829,Protein tyrosine phosphatase non-receptor type 5,Brain,GO:0030054;GO:0005829;GO:0005789;GO:0016020;GO:0005654;GO:0005886;GO:0140793;GO:0004726;GO:0001784;GO:0019901;GO:0004725;GO:0030946;GO:0006470;GO:0007165
Q7Z553,MAM domain containing glycosylphosphatidylinositol anchor 2,Brain,GO:0005576;GO:0005886;GO:0098552;GO:0007399;GO:0021522
Q6P582,Mitotic spindle organizing protein 2A,Heart,GO:0005813;GO:0005829;GO:0000931;GO:0005654;GO:0005819
Q8WYQ3,Coiled-coil-helix-coiled-coil-helix domain containing 10,Heart,GO:0061617;GO:0005758;GO:0005739;GO:0005634;GO:0051457;GO:0099558;GO:0031930;GO:0090144;GO:0007005;GO:0006119;GO:1903852;GO:1901030;GO:1903109;GO:0065003;GO:0030322
P09110,Acetyl-CoA acyltransferase 1,Liver,GO:0005829;GO:0005576;GO:0016020;GO:0005782;GO:0005777;GO:0035580;GO:0008775;GO:0003985;GO:0003988;GO:0050633;GO:0016401;GO:0036109;GO:0008206;GO:0006635;GO:0033540;GO:0010124;GO:0000038
Q7Z402,Transmembrane channel like 7,Testis,GO:0043025;GO:0005886;GO:0008200;GO:0008381;GO:0050954
Q92786,Prospero homeobox 1,Liver,GO:0000785;GO:0005737;GO:0005829;GO:0005654;GO:0005634;GO:0003677;GO:0050692;GO:0003700;GO:0000981;GO:0001227;GO:0050693;GO:0016922;GO:0000978;GO:1990837;GO:0000976;GO:0090425;GO:0060414;GO:0055009;GO:0060837;GO:0007420;GO:0061114;GO:0021707;GO:0007623;GO:0021542;GO:0021516;GO:0060059;GO:0060214;GO:0010631;GO:0002194;GO:0070365;GO:0072574;GO:0001822;GO:0002088;GO:0070309;GO:0046619;GO:0001889;GO:0030324;GO:0001946;GO:0060836;GO:0060838;GO:0070858;GO:0008285;GO:0043433;GO:0045892;GO:0007406;GO:0000122;GO:0045071;GO:0021915;GO:0007405;GO:0048664;GO:0097150;GO:0030910;GO:0043049;GO:0031016;GO:0045787;GO:1901978;GO:0008284;GO:0045737;GO:0010595;GO:0001938;GO:2000979;GO:0060421;GO:2000179;GO:0060298;GO:0045944;GO:0042752;GO:0010468;GO:0006357;GO:0031667;GO:0060042;GO:0030240;GO:0006366;GO:0048845;GO:0055010;GO:0055005;GO:0060412
P24001,Interleukin 32,Liver,GO:0005829;GO:0005615;GO:0016020;GO:0005125;GO:0007155;GO:0006952;GO:0006955;GO:1903901;GO:0010628;GO:1905636;GO:0034346
Q14183,Double C2 domain alpha,Testis,GO:0030054;GO:0098850;GO:0098978;GO:0005764;GO:0043005;GO:0005730;GO:0005654;GO:0045202;GO:0005544;GO:0046872;GO:0099502;GO:0007268;GO:0007399;GO:0045956;GO:0017158;GO:0061669
Q96DZ5,CAP-Gly domain containing linker protein 3,Brain,GO:0005938;GO:0005829;GO:0031901;GO:0005795;GO:0045121;GO:0035371;GO:0005634;GO:0005886;GO:0055038;GO:0005802;GO:0032588;GO:0035594;GO:0008017;GO:0051010;GO:0031122;GO:0045444;GO:0044091;GO:0031115;GO:0018230;GO:0043065;GO:0010828;GO:0045807;GO:1903078;GO:0001934;GO:0098840
Q15165,Paraoxonase 2,Brain,GO:0005576;GO:0005886;GO:0102007;GO:0004064;GO:0046872;GO:0042803;GO:1901335;GO:0009636
P03952,Kallikrein B1,Liver,GO:0070062;GO:0005576;GO:0005615;GO:0005886;GO:0004252;GO:0007596;GO:0002542;GO:0042730;GO:0031639;GO:0051919;GO:0006508;GO:0031638
P49895,Iodothyronine deiodinase 1,Liver,GO:0005789;GO:0005886;GO:0008430;GO:0004800;GO:0006520;GO:0042446;GO:0006590;GO:0042403
P35713,SRY-box transcription factor 18,Heart,GO:0000785;GO:0005634;GO:0005667;GO:0001228;GO:0000981;GO:0000978;GO:1990837;GO:0000976;GO:0001525;GO:0043534;GO:0048469;GO:0035050;GO:0060956;GO:0060214;GO:0061028;GO:0022405;GO:0001942;GO:0001947;GO:0001701;GO:0001946;GO:0060836;GO:0045892;GO:0000122;GO:0003151;GO:0045893;GO:0045944;GO:0072091;GO:0048866;GO:0001944;GO:0001570
C9J6K1,Chromosome 19 open reading frame 81,Testis,
P33552,CDC28 protein kinase regulatory subunit 2,Testis,GO:0000307;GO:0019005;GO:0003682;GO:0061575;GO:0042393;GO:0019901;GO:0043130;GO:0051301;GO:0048144;GO:0007127;GO:0044772;GO:0007346;GO:0006357
Q9ULX5,Ring finger protein 112,Brain,GO:0044297;GO:0005737;GO:0005768;GO:0016020;GO:0043005;GO:0016604;GO:0005654;GO:0005634;GO:0043204;GO:0014069;GO:0008021;GO:0005525;GO:0003924;GO:0061630;GO:0008270;GO:1990403;GO:0007029;GO:0070315;GO:0030182;GO:0045687;GO:0045666;GO:0051865;GO:0051260;GO:0051726;GO:0033194
O95665,Neurotensin receptor 2,Brain,GO:0005886;GO:0016492;GO:0004930;GO:0007166;GO:0007218;GO:0007200;GO:0042391;GO:0007600
Q96IW2,Src homology 2 domain containing transforming protein D,Brain,GO:0001784
Q8NEF3,Coiled-coil domain containing 112,Testis,GO:0034451;GO:0005737
Q969E1,Liver enriched antimicrobial peptide 2,Liver,GO:0005576;GO:0042742
Q9Y5E1,Protocadherin beta 9,Brain,GO:0016020;GO:0005886;GO:0045202;GO:0005509;GO:0016339;GO:0007155;GO:0007268;GO:0007156;GO:0007416
O95359,Transforming acidic coiled-coil containing protein 2,Heart,GO:0005813;GO:0005737;GO:0005829;GO:0005654;GO:0005886;GO:0016922;GO:0021987;GO:0000226;GO:0007052;GO:0007097
Q8N5Q1,Golgi associated RAB2 interactor family member 5B,Testis,
Q8N4L1,Transmembrane protein 151A,Brain,GO:0030424;GO:0030425;GO:0005783;GO:0005789;GO:0016020
Q5T7P8,Synaptotagmin 6,Brain,GO:0009898;GO:0005829;GO:0070382;GO:0016020;GO:0097038;GO:0005886;GO:0030672;GO:0061891;GO:0030276;GO:0046872;GO:0042803;GO:0000149;GO:0019905;GO:0060478;GO:0007268;GO:0017158;GO:0016192
Q2VIQ3,Kinesin family member 4B,Testis,GO:0005829;GO:0005874;GO:0005875;GO:0016363;GO:0005654;GO:0005524;GO:0003677;GO:0051536;GO:0046872;GO:0008017;GO:0003777;GO:0007018;GO:0000281;GO:0051256;GO:0007052;GO:0051231
P22492,"H1.6 linker histone, cluster member",Testis,GO:0000786;GO:0005634;GO:0003690;GO:0031492;GO:0030527;GO:0030154;GO:0030261;GO:0045910;GO:0006334;GO:0007283
P01133,Epidermal growth factor,Kidney,GO:0030669;GO:0070062;GO:0005576;GO:0005615;GO:0005765;GO:0005886;GO:0031093;GO:0005509;GO:0005154;GO:0008083;GO:0005085;GO:0048018;GO:0030297;GO:0001525;GO:0048754;GO:0021930;GO:0007173;GO:0050673;GO:0038134;GO:0070371;GO:0060749;GO:0090370;GO:0051048;GO:0090263;GO:0030335;GO:0008284;GO:0021940;GO:0043388;GO:0045893;GO:0010595;GO:0001938;GO:1905278;GO:0010628;GO:1900127;GO:0043410;GO:0045840;GO:0010800;GO:0050731;GO:0051897;GO:0042327;GO:1902966;GO:0002092;GO:2000060;GO:0090279;GO:2000008;GO:0046425
P12829,Myosin light chain 4,Heart,GO:0031672;GO:0005829;GO:0016460;GO:0051015;GO:0003785;GO:0005509;GO:0032038;GO:0060048;GO:0032781;GO:0002026
Q8IXN7,Ribosomal modification protein rimK like family member A,Brain,GO:0005737;GO:0005829;GO:0005524;GO:0046872;GO:0072590;GO:0009064;GO:0036211
Q15699,ALX homeobox 1,Kidney,GO:0000785;GO:0005794;GO:0016604;GO:0005654;GO:0005634;GO:0001228;GO:0000981;GO:0000977;GO:1990837;GO:0048704;GO:0045892;GO:0000122;GO:0045893;GO:0010718;GO:0045944
O75969,A-kinase anchoring protein 3,Testis,GO:0001669;GO:0005737;GO:0005634;GO:0035686;GO:0097225;GO:0097228;GO:0051018;GO:0007340;GO:0001835;GO:0007178;GO:0045184;GO:0030317;GO:0008104;GO:0007338
Q9UK00,Chromosome 3 open reading frame 18,Brain,GO:0016020
A0A0B4J1U6,T cell receptor beta variable 9,Testis,GO:0005886;GO:0042101;GO:0002250;GO:0007166
P30307,Cell division cycle 25C,Testis,GO:0005737;GO:0005829;GO:0005758;GO:0005654;GO:0005634;GO:0048471;GO:0140793;GO:0004726;GO:0004721;GO:0019901;GO:0004725;GO:0030946;GO:0050699;GO:0051301;GO:0008283;GO:0000086;GO:0010971;GO:0110032;GO:0000079;GO:0007088;GO:0007283
Q9NSD5,Solute carrier family 6 member 13,Kidney,GO:0016323;GO:0042995;GO:0070062;GO:0005886;GO:0098793;GO:0015171;GO:0005283;GO:0005308;GO:0015185;GO:0005332;GO:0008028;GO:0005368;GO:0005369;GO:0089718;GO:0006865;GO:0015881;GO:0051939;GO:0051936;GO:0015718;GO:0071705;GO:0035725;GO:0015734;GO:0150104
Q9Y6K8,Adenylate kinase 5,Brain,GO:0034451;GO:0005737;GO:0005829;GO:0004017;GO:0005524;GO:0004550;GO:0006172;GO:0046034;GO:0006173;GO:0009220
O60284,ST18 C2H2C-type zinc finger transcription factor,Brain,GO:0000785;GO:0005634;GO:0032993;GO:0000981;GO:0000978;GO:0008270;GO:0070498;GO:0070102;GO:0008285;GO:2001056;GO:0045944;GO:0010468;GO:0033209
P02750,Leucine rich alpha-2-glycoprotein 1,Liver,GO:0070062;GO:0005576;GO:0005615;GO:1904813;GO:0043231;GO:0016020;GO:0035580;GO:1904724;GO:0034713;GO:0005114;GO:0050873;GO:0051546;GO:0061756;GO:0045766;GO:0001938;GO:0060054;GO:0010718;GO:0010838;GO:0030511;GO:0009617;GO:0035313
Q8N5A5,Zinc finger CCCH-type and G-patch domain containing,Liver,GO:0000785;GO:0005654;GO:0005634;GO:0005886;GO:0003700;GO:0000981;GO:0001227;GO:0046872;GO:0000978;GO:0043565;GO:0045892;GO:0007175;GO:0000122
P56179,Distal-less homeobox 6,Testis,GO:0000785;GO:0005634;GO:0003700;GO:0000981;GO:0000978;GO:1990837;GO:0048646;GO:0030154;GO:0030326;GO:0048706;GO:0030855;GO:0060322;GO:0042472;GO:0007399;GO:0050679;GO:0006357;GO:0060021;GO:0001501
Q8WYK1,Contactin associated protein family member 5,Brain,GO:0016020;GO:0007155
P32418,Solute carrier family 8 member A1,Heart,GO:0030424;GO:0043679;GO:0071944;GO:0030425;GO:0014704;GO:0043025;GO:0005654;GO:0005886;GO:0098794;GO:0014069;GO:0042383;GO:0045202;GO:0030315;GO:0030018;GO:0030506;GO:0005509;GO:0005432;GO:0005516;GO:0008092;GO:0044325;GO:1901660;GO:0055074;GO:0070509;GO:0098703;GO:0097553;GO:0070588;GO:0060402;GO:0055013;GO:0060048;GO:0086064;GO:0071313;GO:0034614;GO:0006874;GO:0006883;GO:0086012;GO:0006811;GO:0006936;GO:0051481;GO:0071901;GO:0030501;GO:0098735;GO:1903779;GO:0010882;GO:0010881;GO:0010649;GO:0010468;GO:0002027;GO:0002026;GO:0055119;GO:0044557;GO:0035994;GO:0036376;GO:0098719;GO:0035725;GO:0014829
Q8IVM8,Solute carrier family 22 member 9,Liver,GO:0016323;GO:0008514;GO:0015636;GO:0015347;GO:0009914;GO:0015711;GO:0015913;GO:0043252
A0A1W2PQL4,Zinc finger protein 722,Testis,GO:0005634;GO:0000981;GO:0046872;GO:0000978;GO:0006355
Q16352,Internexin neuronal intermediate filament protein alpha,Brain,GO:0005737;GO:0036464;GO:0005615;GO:0005882;GO:0005883;GO:0099160;GO:0098685;GO:0005200;GO:0099184;GO:0030154;GO:1990830;GO:0045109;GO:0060052;GO:0099170;GO:0021762
Q86UD1,Out at first homolog,Liver,
Q6PIY5,Armadillo like helical domain containing 1,Testis,
Q6X4T0,Chromosome 12 open reading frame 54,Testis,
Q9NQS3,Nectin cell adhesion molecule 3,Testis,GO:0005912;GO:0043296;GO:0030424;GO:0044291;GO:0005911;GO:0030425;GO:0098686;GO:0005886;GO:0098839;GO:0098631;GO:0050839;GO:0042802;GO:0042803;GO:0090103;GO:0061951;GO:0009566;GO:0007157;GO:0007156;GO:0002089;GO:1902414;GO:0150052;GO:0060042;GO:0046718
Q8N539,Fibrinogen C domain containing 1,Brain,GO:0062023;GO:0005615;GO:0016020;GO:0008061;GO:0046872
Q9NQA5,Transient receptor potential cation channel subfamily V member 5,Kidney,GO:0016324;GO:0034704;GO:0005886;GO:0005262;GO:0005516;GO:0046872;GO:0055074;GO:0098703;GO:0070588;GO:0006816;GO:0060402;GO:0051289;GO:0035809
Q6UWB4,Serine protease 55,Testis,GO:0001669;GO:0005829;GO:0005886;GO:0098552;GO:0004252;GO:0007339;GO:0030317;GO:0006508
Q71F23,Centromere protein U,Testis,GO:0034451;GO:0005829;GO:0000939;GO:0005654;GO:0005634;GO:0043009;GO:0007059
Q8NE63,Homeodomain interacting protein kinase 4,Brain,GO:0005737;GO:0005634;GO:0004676;GO:0004679;GO:0005524;GO:0004677;GO:0004694;GO:0044024;GO:0072371;GO:1990244;GO:0035979;GO:0044025;GO:0140823;GO:0035175;GO:0044022;GO:0140855;GO:0035402;GO:0072354;GO:0140857;GO:0035403;GO:0044023;GO:0106310;GO:0004674;GO:0004713;GO:0072518;GO:0004711;GO:1901796
Q6GV28,Transmembrane protein 225,Testis,GO:0002080
O75795,UDP glucuronosyltransferase family 2 member B17,Liver,GO:0005789;GO:0016020;GO:0015020;GO:0052695;GO:0008210;GO:0008202;GO:0006805
A6NFZ4,Family with sequence similarity 24 member A,Testis,GO:0005576
O60258,Fibroblast growth factor 17,Brain,GO:0005737;GO:0005576;GO:0005615;GO:0008083;GO:0005105;GO:0005111;GO:0007267;GO:0008543;GO:0007399;GO:0022008;GO:0008284;GO:0043410;GO:0030334;GO:0007165
P24752,Acetyl-CoA acetyltransferase 1,Liver,GO:0005783;GO:0070062;GO:0005759;GO:0005739;GO:0003985;GO:0016453;GO:0034736;GO:0120225;GO:0019899;GO:0042802;GO:0030955;GO:0006085;GO:0046356;GO:0060612;GO:0015937;GO:0015936;GO:0006635;GO:0006550;GO:0046952;GO:1902224;GO:0001889;GO:0072229;GO:1902860;GO:0009725;GO:0014070;GO:0042594
Q9Y6H3,ATP23 metallopeptidase and ATP synthase assembly factor homolog,Testis,GO:0030054;GO:0005829;GO:0005958;GO:0043231;GO:0005739;GO:0005886;GO:0004677;GO:0046872;GO:0004222;GO:0006303;GO:0034982;GO:0033615
Q8TA94,Zinc finger protein 563,Testis,GO:0005634;GO:0000981;GO:0046872;GO:0000977;GO:0006357
P16662,UDP glucuronosyltransferase family 2 member B7,Kidney,GO:0005789;GO:0016020;GO:0015020;GO:0008209;GO:0052695;GO:0008210;GO:0006629;GO:0006805
Q8N5S9,Calcium/calmodulin dependent protein kinase kinase 1,Brain,GO:0005737;GO:0005829;GO:0005654;GO:0005524;GO:0004683;GO:0005516;GO:0106310;GO:0035556
Q969Z3,Mitochondrial amidoxime reducing component 2,Kidney,GO:0005741;GO:0005739;GO:0005777;GO:0030151;GO:0043546;GO:0008940;GO:0098809;GO:0016661;GO:0030170;GO:0070458;GO:0051410;GO:0042126;GO:0006809
Q86W47,Potassium calcium-activated channel subfamily M regulatory beta subunit 4,Brain,GO:0005886;GO:0045202;GO:0008076;GO:0015269;GO:0015459;GO:0099508;GO:0001508;GO:0007268;GO:0005513;GO:0019228;GO:0006813;GO:0046928;GO:0019229
Q8IZX4,TATA-box binding protein associated factor 1 like,Testis,GO:0005654;GO:0005669;GO:0003677;GO:0004402;GO:0070577;GO:0004674;GO:0016251;GO:0017025;GO:0007140;GO:0045893;GO:0006357;GO:0051123
Q5VYM1,Chromosome 9 open reading frame 131,Testis,
Q93096,Protein tyrosine phosphatase 4A1,Liver,GO:0005737;GO:0009898;GO:0005769;GO:0005783;GO:0005634;GO:0005819;GO:0140793;GO:0004726;GO:0004725;GO:0030946;GO:0030335
P30613,Pyruvate kinase L/R,Kidney,GO:0005737;GO:0005829;GO:0070062;GO:1902912;GO:0005524;GO:0016301;GO:0000287;GO:0048029;GO:0030955;GO:0004743;GO:0071872;GO:0032869;GO:0006096;GO:0042866;GO:0033198;GO:0051591;GO:0009749;GO:0001666;GO:0010038;GO:0007584
P49238,C-X3-C motif chemokine receptor 1,Brain,GO:0009986;GO:0097447;GO:0009897;GO:0160056;GO:0043005;GO:0032809;GO:0048471;GO:0005886;GO:0019957;GO:0016493;GO:0019960;GO:0016495;GO:0004950;GO:0031737;GO:0008528;GO:0004930;GO:0002250;GO:0061760;GO:0035425;GO:0007420;GO:0019722;GO:0007155;GO:0060326;GO:0007267;GO:0006968;GO:0071222;GO:0071560;GO:0071356;GO:0021626;GO:0006935;GO:0007186;GO:0048874;GO:0006955;GO:0045087;GO:0030595;GO:0050901;GO:0007613;GO:0002282;GO:0050804;GO:0150090;GO:0016525;GO:2001234;GO:0030336;GO:0110091;GO:0032691;GO:1900272;GO:1904150;GO:0007200;GO:0045766;GO:0043123;GO:0007204;GO:1904141;GO:0090026;GO:0002052;GO:0050769;GO:0051897;GO:1904139;GO:0050767;GO:0045428;GO:0048167;GO:0032680;GO:0002931;GO:0009611;GO:0035176;GO:0060074;GO:0098883
P48357,Leptin receptor,Liver,GO:0016323;GO:0009897;GO:0005576;GO:0043235;GO:0019955;GO:0004896;GO:0042802;GO:0038021;GO:0004888;GO:0001525;GO:0098868;GO:0007166;GO:0008203;GO:0019221;GO:0097009;GO:0006112;GO:0014009;GO:0006094;GO:0042593;GO:0005977;GO:0033210;GO:0007275;GO:0010507;GO:0045721;GO:0006909;GO:0008284;GO:0120162;GO:0001934;GO:0046850;GO:0060259;GO:0051049;GO:0044321;GO:0019953;GO:0030217;GO:0150104
P20711,Dopa decarboxylase,Kidney,GO:0005737;GO:0005829;GO:0070062;GO:0036467;GO:0004058;GO:0019899;GO:0036468;GO:0030170;GO:0006520;GO:0019752;GO:0006584;GO:0042416;GO:0010467;GO:0001822;GO:0009636;GO:0042427
A6NKU9,Speedy/RINGO cell cycle regulator family member E3,Testis,GO:0019901
Q96GW7,Brevican,Brain,GO:0005576;GO:0005615;GO:0098978;GO:0005796;GO:0043202;GO:0072534;GO:0098552;GO:0045202;GO:0030246;GO:0005540;GO:0007155;GO:0007417;GO:0010001;GO:0021766;GO:0002052;GO:0001501;GO:0060074
Q8WW52,Family with sequence similarity 151 member A,Kidney,GO:0070062;GO:0005615;GO:0016020
Q14894,Crystallin mu,Brain,GO:0005737;GO:0005829;GO:0070062;GO:0005739;GO:0005634;GO:0005782;GO:0050661;GO:0042803;GO:0047127;GO:0070324;GO:0003714;GO:0006554;GO:0000122;GO:0007605;GO:0042403;GO:0070327
P17600,Synapsin I,Brain,GO:0030424;GO:0044297;GO:0005856;GO:0030425;GO:0098850;GO:0005794;GO:0014069;GO:0098793;GO:0048786;GO:0098685;GO:0008021;GO:0030672;GO:0000795;GO:0003779;GO:0005524;GO:0048306;GO:0106006;GO:0042802;GO:0019901;GO:0007268;GO:0048666;GO:0007269;GO:0046928;GO:0098693;GO:2000300;GO:0050808;GO:0097091
P35520,Cystathionine beta-synthase,Brain,GO:0005737;GO:0005829;GO:0005634;GO:0070025;GO:0004122;GO:0019899;GO:0020037;GO:0042802;GO:0046872;GO:0072341;GO:0070026;GO:0050421;GO:0019825;GO:0042803;GO:0030170;GO:1904047;GO:0031625;GO:0097746;GO:0001974;GO:0060351;GO:0071456;GO:0021587;GO:0019344;GO:0006535;GO:0019343;GO:0042262;GO:0001958;GO:0043418;GO:0050667;GO:0070814;GO:0019448;GO:0006565;GO:0006563;GO:0060135;GO:0043066;GO:0010749;GO:0051593;GO:0006801;GO:0019346
Q03426,Mevalonate kinase,Liver,GO:0005829;GO:0043231;GO:0005777;GO:0005524;GO:0042802;GO:0000287;GO:0004496;GO:0006695;GO:0019287;GO:0008299;GO:0050728
Q9ULL0,KIAA1210,Testis,GO:0001669
O75356,Ectonucleoside triphosphate diphosphohydrolase 5 (inactive),Liver,GO:0005783;GO:0005576;GO:0005615;GO:0016020;GO:0043262;GO:0036384;GO:0004382;GO:1990003;GO:0017111;GO:0045134;GO:0051084;GO:0009134;GO:0006487;GO:0006256;GO:0006011
O95156,Neurexophilin 2,Brain,GO:0005576;GO:0005102;GO:0007218
Q0P6D2,Divergent protein kinase domain 1C,Brain,GO:0005789
O75112,LIM domain binding 3,Heart,GO:0005912;GO:0005856;GO:0031941;GO:0048471;GO:0031143;GO:0001725;GO:0030018;GO:0003779;GO:0008092;GO:0046872;GO:0051371;GO:0005080;GO:0030036;GO:0007507;GO:0061061;GO:0045214
Q6ZSY5,Protein phosphatase 1 regulatory subunit 3F,Brain,GO:0016020;GO:0000164;GO:2001069;GO:0008157;GO:0019903;GO:2000465;GO:0005979
O43916,Carbohydrate sulfotransferase 1,Brain,GO:0000139;GO:0016020;GO:0005802;GO:0045130;GO:0001517;GO:0008146;GO:0006012;GO:0006954;GO:0018146;GO:0042339;GO:0006044;GO:0005976;GO:0006790
Q96LI9,Chromosome X open reading frame 58,Testis,
Q15915,Zic family member 1,Brain,GO:0005737;GO:0005654;GO:0005634;GO:0001228;GO:0003700;GO:0000981;GO:0046872;GO:0000978;GO:1990837;GO:0007628;GO:0007420;GO:0030154;GO:0007417;GO:0010467;GO:0021766;GO:0042472;GO:0098727;GO:0021772;GO:0007389;GO:0045893;GO:0042307;GO:0008589;GO:0006357;GO:0021510
Q8IV01,Synaptotagmin 12,Brain,GO:0070382;GO:0098686;GO:0005886;GO:0030672;GO:0061891;GO:0005544;GO:0000149;GO:0060291;GO:0099171;GO:0017158;GO:0048792;GO:0016192
Q86UW8,Hyaluronan and proteoglycan link protein 4,Liver,GO:0005615;GO:0072534;GO:0045202;GO:0005540;GO:0150043;GO:0007155;GO:0007417;GO:0010001;GO:1904862;GO:0002052;GO:0001501;GO:0051932
Q7Z444,ES cell expressed Ras,Brain,GO:0005886;GO:0003925;GO:0019003;GO:0005525;GO:0003924;GO:0007265
Q5SVS4,Solute carrier family 25 member 30,Heart,GO:0005743;GO:0005739;GO:0005452;GO:0022857;GO:0015698
P49908,Selenoprotein P,Liver,GO:0070062;GO:0005576;GO:0031089;GO:0008430;GO:0007420;GO:0007626;GO:0009791;GO:0040008;GO:0006979;GO:0001887;GO:0019953
O95859,Tetraspanin 12,Kidney,GO:0016020;GO:0005886;GO:0001525;GO:0007166;GO:0035633;GO:0110135;GO:0045765;GO:0010842
Q5JTD7,Leucine rich repeat containing 73,Testis,
Q9NS61,Potassium voltage-gated channel interacting protein 2,Brain,GO:0005737;GO:0030425;GO:0071193;GO:0005886;GO:0045202;GO:0008076;GO:0005509;GO:0046923;GO:0042802;GO:0005267;GO:0015459;GO:0044877;GO:0044325;GO:0001508;GO:0007268;GO:0045163;GO:0005513;GO:0086009;GO:0086013;GO:0006936;GO:1903766;GO:0006813;GO:0008016;GO:0060306;GO:1903764;GO:1901379;GO:0009966;GO:0007165
Q658P3,STEAP3 metalloreductase,Liver,GO:0005737;GO:0005768;GO:0010008;GO:0005771;GO:0005886;GO:0008823;GO:0071949;GO:0052851;GO:0020037;GO:0042802;GO:0046872;GO:0006915;GO:0015677;GO:0006826;GO:0009306
Q9NT99,Leucine rich repeat containing 4B,Brain,GO:0044300;GO:0098978;GO:0005886;GO:0098839;GO:0042734;GO:0005102;GO:0051965;GO:0099151;GO:1905606;GO:0099560
O14975,Solute carrier family 27 member 2,Kidney,GO:0005829;GO:0005788;GO:0005789;GO:0070062;GO:0005778;GO:0005886;GO:0035579;GO:0047676;GO:0005524;GO:0047747;GO:0019899;GO:0005324;GO:0004467;GO:1901480;GO:0050197;GO:0070251;GO:0031957;GO:0006699;GO:0008206;GO:0001561;GO:0006635;GO:0046949;GO:0044539;GO:0001676;GO:0097089;GO:0042760
Q9NQX7,Integral membrane protein 2C,Brain,GO:0070062;GO:0005794;GO:0005765;GO:0005764;GO:0048471;GO:0005886;GO:0001540;GO:0005524;GO:0042985;GO:0010977;GO:0030182;GO:2001238
P68032,Actin alpha cardiac muscle 1,Heart,GO:0005884;GO:0072562;GO:0044297;GO:0005737;GO:0005829;GO:0070062;GO:0005615;GO:0030175;GO:0005925;GO:0098978;GO:0031674;GO:0030027;GO:0016020;GO:0030017;GO:0005524;GO:0016787;GO:0000146;GO:0017022;GO:0007015;GO:0030048;GO:0033275;GO:0031032;GO:0055008;GO:0055003;GO:0060047;GO:0090131;GO:0043066;GO:0010628;GO:0030240
Q9UDY6,Tripartite motif containing 10,Kidney,GO:0005737;GO:0061630;GO:0008270;GO:0030218;GO:0045087;GO:0046597
P23297,S100 calcium binding protein A1,Heart,GO:0005737;GO:0005829;GO:0005576;GO:0005794;GO:0005739;GO:0005654;GO:0005634;GO:0032991;GO:0016529;GO:0051117;GO:0005509;GO:0048306;GO:0042802;GO:0042803;GO:0044548;GO:0035556;GO:0051000;GO:1903672;GO:0008016;GO:0021762
Q8IYX4,DND microRNA-mediated repression inhibitor 1,Brain,GO:0005737;GO:0005654;GO:0005634;GO:0003730;GO:0003729;GO:0061158;GO:0007281;GO:0048255;GO:0060965
Q86TZ1,Tetratricopeptide repeat domain 6,Testis,
Q86TB3,Alpha kinase 2,Heart,GO:0016323;GO:0004676;GO:0004679;GO:0005524;GO:0004677;GO:0004694;GO:0044024;GO:0072371;GO:1990244;GO:0035979;GO:0044025;GO:0140823;GO:0035175;GO:0044022;GO:0140855;GO:0035402;GO:0072354;GO:0140857;GO:0035403;GO:0044023;GO:0106310;GO:0072518;GO:0004711;GO:0055013;GO:1905223;GO:0030010;GO:0003007;GO:0003308;GO:0042981;GO:0010468
P12235,Solute carrier family 25 member 4,Heart,GO:0016020;GO:0005743;GO:0031966;GO:0005757;GO:0005739;GO:0005886;GO:0015207;GO:0005471;GO:0017077;GO:0015078;GO:1990845;GO:0015866;GO:0008637;GO:0006091;GO:0140021;GO:1990544;GO:0000002;GO:1901029;GO:0060546;GO:1901526;GO:0046902
Q8TAK6,Oligodendrocyte transcription factor 1,Brain,GO:0000785;GO:0005634;GO:0000981;GO:0070888;GO:0046983;GO:0061564;GO:0048663;GO:0014003;GO:0045944;GO:0007423
Q86XD5,Family with sequence similarity 131 member B,Brain,GO:0005829;GO:0005654
O95255,ATP binding cassette subfamily C member 6,Liver,GO:0009925;GO:0016323;GO:0005789;GO:0005576;GO:0016020;GO:0005654;GO:0005886;GO:0015431;GO:0005524;GO:0016887;GO:0043225;GO:0042626;GO:0046034;GO:0015867;GO:0055074;GO:0010467;GO:0140928;GO:0030505;GO:0030643;GO:0071716;GO:0055062;GO:0032026;GO:1904383;GO:0009410;GO:0055085;GO:0007601
Q8WW33,Gametocyte specific factor 1,Testis,GO:0005737;GO:0046872;GO:0000049;GO:0030154;GO:0007283
Q9BWW7,Scratch family transcriptional repressor 1,Brain,GO:0016604;GO:0003700;GO:0000981;GO:0001227;GO:0046872;GO:0000978;GO:0000977;GO:0043565;GO:1990837;GO:0000122;GO:0006355;GO:2001222
P04070,"Protein C, inactivator of coagulation factors Va and VIIIa",Liver,GO:0005783;GO:0005788;GO:0005576;GO:0005615;GO:0005794;GO:0005796;GO:0005509;GO:0004252;GO:0007596;GO:0043066;GO:0030195;GO:0050819;GO:0050728;GO:1903142;GO:0006508
Q6Q0C1,Solute carrier family 25 member 47,Liver,GO:0005743;GO:0005741;GO:0005739;GO:0008521;GO:0051724;GO:0022857
O43379,WD repeat domain 62,Testis,GO:0034451;GO:0005814;GO:0005813;GO:0005829;GO:0072686;GO:0005634;GO:0000922;GO:0007099;GO:0021987;GO:0007052;GO:0022008;GO:0002052;GO:2001224;GO:0046605;GO:0045664
P60022,Defensin beta 1,Kidney,GO:0070062;GO:0005576;GO:0005615;GO:0005796;GO:0016020;GO:1990742;GO:0097225;GO:0031731;GO:0042802;GO:0019731;GO:0061844;GO:0019722;GO:0006935;GO:0042742;GO:0050829;GO:0050830;GO:0007186;GO:0006955;GO:0045087;GO:0002227;GO:0060474;GO:0009617
Q9UPV7,PHD finger protein 24,Brain,GO:0005737;GO:0098978;GO:0005634;GO:0030672;GO:0046872;GO:0003714;GO:0050966;GO:0007214;GO:0008277;GO:0032228
P55809,3-oxoacid CoA-transferase 1,Heart,GO:0005759;GO:0005739;GO:0008260;GO:0046950;GO:0046952;GO:0042182
O75521,Enoyl-CoA delta isomerase 2,Liver,GO:0005829;GO:0043231;GO:0016020;GO:0005739;GO:0005782;GO:0005777;GO:0004165;GO:0000062;GO:0006635;GO:0009062
O14520,Aquaporin 7,Heart,GO:0016323;GO:0005911;GO:0005737;GO:0030659;GO:0005811;GO:0005886;GO:0015254;GO:0015204;GO:0015250;GO:0015793;GO:0006833
Q2TAC6,Kinesin family member 19,Brain,GO:0005930;GO:0005929;GO:0005737;GO:0005871;GO:0005874;GO:0005524;GO:0016887;GO:0008017;GO:0008574;GO:0060404;GO:0007018;GO:0070462
O14782,Kinesin family member 3C,Brain,GO:0097542;GO:0005929;GO:0005737;GO:0005829;GO:0005871;GO:0005874;GO:0005524;GO:0016887;GO:0003774;GO:0008017;GO:0003777;GO:0007018
Q86YF9,DAZ interacting zinc finger protein 1,Brain,GO:0034451;GO:0005814;GO:0005813;GO:0036064;GO:0097546;GO:0097539;GO:0005737;GO:0043231;GO:0016607;GO:0005654;GO:0005634;GO:0062063;GO:0046872;GO:0060090;GO:0032053;GO:0060271;GO:0051220;GO:0051649;GO:0045184;GO:0007281;GO:0007507;GO:0032507;GO:0045724;GO:1903566;GO:0061512;GO:0140706;GO:0007224;GO:0120316;GO:0007283
O75264,Small integral membrane protein 24,Kidney,GO:0016020
Q2NKQ1,Small G protein signaling modulator 1,Heart,GO:0005737;GO:0030659;GO:0005829;GO:0005794;GO:0005096;GO:0031267
Q8NBD8,Transmembrane protein 229B,Brain,GO:0016020;GO:0042116;GO:0009617
Q5H9T9,Fibrous sheath CABYR binding protein,Testis,GO:0035686;GO:0097228;GO:0005509;GO:0033234
P48378,Regulatory factor X2,Testis,GO:0000785;GO:0005737;GO:0005634;GO:0003677;GO:0001228;GO:0003700;GO:0000981;GO:0000978;GO:1990837;GO:0001675;GO:1990830;GO:0060271;GO:0006357;GO:0007286
A6ND91,Aspartate dehydrogenase domain containing,Kidney,GO:0033735;GO:0050661;GO:0009435
Q8NA69,Testis expressed 45,Testis,
Q7L8C5,Synaptotagmin 13,Brain,GO:0070382;GO:0043231;GO:0005886;GO:0045202;GO:0030133;GO:0061891;GO:0005544;GO:0000149;GO:0007268;GO:0017158;GO:0016192
Q7Z407,CUB and Sushi multiple domains 3,Brain,GO:0005886;GO:0050773
A6NM11,Leucine rich repeat containing 37 member A2,Testis,GO:0016020
Q6ZMV8,Zinc finger protein 730,Testis,GO:0005634;GO:0000981;GO:0046872;GO:0000978;GO:0006355
A6NNN8,Solute carrier family 38 member 8,Brain,GO:0030424;GO:0005938;GO:0016020;GO:0015179;GO:0003333;GO:0031175;GO:0021554;GO:0003406;GO:0007601
Q9GZQ4,Neuromedin U receptor 2,Testis,GO:0016020;GO:0005886;GO:0004930;GO:0005525;GO:0005229;GO:0042924;GO:0001607;GO:0008188;GO:0050482;GO:0007267;GO:0007417;GO:0007631;GO:0007625;GO:0007218;GO:0007200;GO:0050850;GO:0002023;GO:0006940;GO:0048265
Q96KB5,PDZ binding kinase,Testis,GO:0005634;GO:0005524;GO:0140801;GO:0035401;GO:0008545;GO:0106310;GO:0004674;GO:0034644;GO:0000278;GO:0050728;GO:0032435;GO:0032873;GO:0043161;GO:0051403
B8ZZ34,Shisa family member 8,Brain,GO:0032281;GO:0032591;GO:0014069;GO:0045211;GO:0048172
Q9NTN3,Solute carrier family 35 member D1,Liver,GO:0005789;GO:0005794;GO:0015297;GO:0005461;GO:0005463;GO:0005462;GO:0015780;GO:0090481
Q8WWM1,X antigen family member 5,Testis,
O14960,Leukocyte cell derived chemotaxin 2,Liver,GO:0005737;GO:0005615;GO:0042802;GO:0046872;GO:0006935;GO:0001501
Q8ND61,Chromosome 3 open reading frame 20,Testis,GO:0005737;GO:0016020
Q9BXU0,Testis expressed 12,Testis,GO:0000801;GO:0005694;GO:0000711;GO:0007130
Q8IY92,SLX4 structure-specific endonuclease subunit,Brain,GO:0030054;GO:0000785;GO:0000781;GO:0005829;GO:0005654;GO:0033557;GO:0003677;GO:0008047;GO:0046872;GO:0010792;GO:0006281;GO:0006260;GO:0000724;GO:1904357;GO:0006289;GO:1904431;GO:0032206;GO:0000712;GO:0072429;GO:0090656;GO:0061820
Q9BZG2,Acid phosphatase 4,Testis,GO:0098978;GO:0005764;GO:0045211;GO:0003993;GO:0004725;GO:0030971;GO:0120154;GO:0010977;GO:0010955;GO:0042476;GO:1990264;GO:0048168
O95257,Growth arrest and DNA damage inducible gamma,Liver,GO:0005737;GO:0005634;GO:0006915;GO:0030154;GO:0043065;GO:0120162;GO:0046330;GO:1900745;GO:0051726
P58166,Inhibin subunit beta E,Liver,GO:0062023;GO:0005615;GO:0005125;GO:0008083;GO:0005179
Q9UNG2,TNF superfamily member 18,Brain,GO:0009986;GO:0005615;GO:0005886;GO:0005125;GO:0042802;GO:0005102;GO:0032813;GO:0002250;GO:0007267;GO:0043066;GO:2000329;GO:0045785;GO:0050729;GO:0002687;GO:0010759;GO:0090026;GO:0051092;GO:0042531;GO:2000508;GO:0043254;GO:0042129;GO:0007165;GO:0002309;GO:0033209
P0C263,SH3 domain binding kinase family member 2,Heart,GO:0004676;GO:0004679;GO:0005524;GO:0004677;GO:0004694;GO:0044024;GO:0072371;GO:1990244;GO:0035979;GO:0044025;GO:0140823;GO:0035175;GO:0044022;GO:0140855;GO:0035402;GO:0072354;GO:0140857;GO:0035403;GO:0044023;GO:0004708;GO:0106310;GO:0072518;GO:0004711;GO:0000165
P54296,Myomesin 2,Heart,GO:0031430;GO:0005739;GO:0032982;GO:0019900;GO:0008307;GO:0002074;GO:0006936;GO:0045214
Q5SQQ9,Ventral anterior homeobox 1,Brain,GO:0000785;GO:0005634;GO:0031490;GO:0000981;GO:0001227;GO:0000978;GO:0001162;GO:1990837;GO:0048708;GO:0007411;GO:0007420;GO:0043010;GO:0007417;GO:0007406;GO:0007405;GO:0060563;GO:0030182;GO:0001764;GO:0006357;GO:0060021;GO:0035914
Q08830,Fibrinogen like 1,Liver,GO:0062023;GO:0005576;GO:0005615;GO:0005577;GO:0005102;GO:0002250;GO:0007160;GO:0072574;GO:0050868;GO:0070527;GO:0050776
P0CG20,Proline rich 35,Brain,
P11310,Acyl-CoA dehydrogenase medium chain,Liver,GO:0030424;GO:0005737;GO:0005759;GO:0031966;GO:0005739;GO:0005634;GO:0003995;GO:0050660;GO:0042802;GO:0070991;GO:0055007;GO:0045329;GO:0019254;GO:0006635;GO:0033539;GO:0005978;GO:0001889;GO:0051793;GO:0051791;GO:0009791;GO:0006111;GO:0009409;GO:0042594
P35348,Adrenoceptor alpha 1A,Liver,GO:0005901;GO:0005737;GO:0005829;GO:0043231;GO:0031965;GO:0005654;GO:0005634;GO:0005886;GO:0004937;GO:0046982;GO:0071880;GO:0007512;GO:0006915;GO:0061049;GO:0007267;GO:0007186;GO:0035556;GO:0000165;GO:0010507;GO:0008285;GO:0001985;GO:0150099;GO:0001994;GO:0071882;GO:0007200;GO:0097195;GO:0045760;GO:0060452;GO:0010613;GO:0007204;GO:0070374;GO:0001996;GO:0043410;GO:0045987;GO:0032230;GO:0001997;GO:0045907;GO:0009725;GO:0009410;GO:0007165;GO:0006939
Q5VZQ5,Testis expressed 36,Testis,
P08034,Gap junction protein beta 1,Brain,GO:0005922;GO:0005789;GO:0016328;GO:0005243;GO:0042802;GO:0007267;GO:1905867;GO:0016264;GO:0007399;GO:0015868
Q8IV61,RAS guanyl releasing protein 3,Brain,GO:0032045;GO:0048471;GO:0005886;GO:0005509;GO:0019992;GO:0005096;GO:0005085;GO:0019900;GO:0031267;GO:0000165;GO:0007265;GO:0007264
P0DPB3,Schwannomin interacting protein 1,Heart,GO:0030054;GO:0005737;GO:0005886;GO:0042802;GO:0035332
Q9BQT9,Calsyntenin 3,Brain,GO:0009986;GO:0030425;GO:0005789;GO:0098982;GO:0098978;GO:0000139;GO:0005811;GO:0044232;GO:0098839;GO:0045211;GO:0032991;GO:0005509;GO:0098632;GO:0004857;GO:0042043;GO:1990845;GO:0106106;GO:1904861;GO:0007156;GO:1904862;GO:0019852;GO:1904890;GO:0160078;GO:0010888;GO:1905704;GO:0050996;GO:1902474;GO:0051965;GO:0050806;GO:0009306;GO:0001558;GO:1904889;GO:1905606;GO:0051963;GO:0097490;GO:0007416;GO:0051932;GO:0035249
Q12882,Dihydropyrimidine dehydrogenase,Liver,GO:0005737;GO:0005829;GO:0051539;GO:0017113;GO:0050660;GO:0046872;GO:0050661;GO:0042803;GO:0002058;GO:0019483;GO:0006248;GO:0006249;GO:0046079;GO:0006145;GO:0006208;GO:0006214;GO:0006210;GO:0046050;GO:0006212
Q8N6L7,Transmembrane protein 252,Kidney,GO:0016020
Q86UN3,Reticulon 4 receptor like 2,Liver,GO:0030424;GO:0009986;GO:0030425;GO:0009897;GO:0070062;GO:0031012;GO:0005576;GO:0005615;GO:0045121;GO:0043005;GO:0043204;GO:0005886;GO:0038023;GO:0031103;GO:0007166;GO:0010977
Q99853,Forkhead box B1,Brain,GO:0000785;GO:0005634;GO:0000981;GO:0000978;GO:0043565;GO:1990837;GO:0009653;GO:0007412;GO:0030154;GO:0061381;GO:0061030;GO:0033504;GO:0021855;GO:0061379;GO:0007595;GO:0061377;GO:0021767;GO:0061374;GO:0030901;GO:0043524;GO:0006357;GO:0001756;GO:0021510;GO:0022029;GO:0021794;GO:0001655;GO:0008542
P05546,Serpin family D member 1,Liver,GO:0005788;GO:0070062;GO:0005576;GO:0005615;GO:0004866;GO:0008201;GO:0004867;GO:0007596;GO:0006935
Q6F5E8,Capping protein regulator and myosin 1 linker 2,Brain,GO:0015629;GO:0031252;GO:0005737;GO:0031234;GO:0045111;GO:0030027;GO:0044354;GO:0016020;GO:0005886;GO:0001726;GO:0005543;GO:0044877;GO:0051639;GO:0016477;GO:0007163;GO:0061339;GO:2000813;GO:0030335;GO:0090091;GO:0010592;GO:1902745;GO:1900029;GO:0034315;GO:0044319
O95264,5-hydroxytryptamine receptor 3B,Brain,GO:0009986;GO:0043005;GO:0005886;GO:0045211;GO:1904602;GO:0045202;GO:1902495;GO:0005231;GO:0022850;GO:1904315;GO:0098662;GO:0007210;GO:0140227
Q8NCQ5,F-box protein 15,Testis,GO:0005829;GO:0019005
P0C7P1,RNA binding motif protein Y-linked family 1 member D,Testis,GO:0005730;GO:0005654;GO:0005681;GO:0003723;GO:0006397;GO:0048026;GO:0008380
Q9BXK1,KLF transcription factor 16,Brain,GO:0000785;GO:0005634;GO:0000981;GO:0001227;GO:0046872;GO:0000978;GO:1990837;GO:0007212;GO:0006357
Q96G30,Melanocortin 2 receptor accessory protein 2,Brain,GO:0005783;GO:0005789;GO:0005886;GO:0031780;GO:0042802;GO:0030545;GO:0070996;GO:0031781;GO:0031782;GO:0031783;GO:0097009;GO:0006112;GO:0007631;GO:0106072;GO:1903077;GO:0106071;GO:0072659;GO:0106070
Q9Y698,Calcium voltage-gated channel auxiliary subunit gamma 2,Brain,GO:0032281;GO:0009986;GO:0044300;GO:0030666;GO:0098978;GO:0098686;GO:0005886;GO:0098839;GO:0098685;GO:0036477;GO:0005891;GO:0016247;GO:0035255;GO:0005245;GO:0060082;GO:0051899;GO:0060081;GO:0007528;GO:0099590;GO:0099645;GO:0098943;GO:1904510;GO:0051968;GO:0098970;GO:0006612;GO:2000311;GO:0051592;GO:0019226
Q9NQR7,Coiled-coil domain containing 177,Brain,
A6NKL6,Transmembrane protein 200C,Brain,GO:0016020
Q14982,Opioid binding protein/cell adhesion molecule like,Brain,GO:0005576;GO:0005886;GO:0098552;GO:0007155;GO:0008038
O60333,Kinesin family member 1B,Brain,GO:0030424;GO:1904115;GO:0005737;GO:0031410;GO:0030425;GO:0005871;GO:0005874;GO:0005739;GO:0043005;GO:0030672;GO:0005524;GO:0016887;GO:0016853;GO:0019894;GO:0008017;GO:0008574;GO:0048490;GO:0006915;GO:1902742;GO:0047497;GO:0007274;GO:0007270;GO:1990049;GO:0016192
P04798,Cytochrome P450 family 1 subfamily A member 1,Liver,GO:0005789;GO:0043231;GO:0005743;GO:0005739;GO:0008391;GO:0032451;GO:0019899;GO:0101020;GO:0101021;GO:0016711;GO:0020037;GO:0030544;GO:0051879;GO:0106256;GO:0005506;GO:0120319;GO:0102033;GO:0004497;GO:0016491;GO:0016679;GO:0019825;GO:0070576;GO:0042904;GO:0009308;GO:0043010;GO:0071280;GO:0071407;GO:0009804;GO:0019341;GO:0048565;GO:0019373;GO:0008210;GO:0009692;GO:0006631;GO:0009812;GO:0070365;GO:0050665;GO:0017143;GO:0002933;GO:0042759;GO:0001676;GO:0060137;GO:0046209;GO:0097267;GO:0018958;GO:0006778;GO:1900087;GO:1904612;GO:1904681;GO:1904010;GO:0046685;GO:1901497;GO:0032094;GO:0033595;GO:0009635;GO:0055093;GO:0001666;GO:0035902;GO:0010041;GO:0032496;GO:0009624;GO:0033189;GO:0042572;GO:0006694;GO:0008202;GO:0048771;GO:0042359;GO:0006805
Q8WWV6,Fc alpha and mu receptor,Kidney,GO:0005886;GO:0002250;GO:0007165
Q96NJ5,Kelch like family member 32,Brain,
Q93050,ATPase H+ transporting V0 subunit a1,Brain,GO:0030665;GO:0005829;GO:0010008;GO:0070062;GO:0101003;GO:0005794;GO:0043231;GO:0005765;GO:0042470;GO:0016020;GO:0016607;GO:0048471;GO:0030670;GO:0005886;GO:0033176;GO:0030667;GO:0030672;GO:0016471;GO:0000220;GO:0051117;GO:0046961;GO:0048388;GO:0007042;GO:1902600;GO:0016241;GO:0097401;GO:0007035
Q3ZCN5,Otogelin like,Heart,GO:0031012;GO:0005615;GO:0046556;GO:0060122;GO:0046373;GO:0008104;GO:0055127
Q9NRH3,Tubulin gamma 2,Brain,GO:0005813;GO:0005737;GO:0005881;GO:0005829;GO:0000930;GO:0005874;GO:0015630;GO:0005634;GO:0000242;GO:0005819;GO:0005876;GO:0005525;GO:0005200;GO:0005198;GO:0031122;GO:0000212;GO:0007020;GO:0000278;GO:0000070;GO:0007052
Q9P244,Leucine rich repeat and fibronectin type III domain containing 1,Brain,GO:0009986;GO:0005886;GO:0098839;GO:0048787;GO:0099151
A0A1B0GVV1,Small integral membrane protein 35,Kidney,GO:0016020
Q16538,G protein-coupled receptor 162,Brain,GO:0005886;GO:0004930
A8MZA4,Golgin A6 family like 6,Testis,
Q496M5,Polo like kinase 5 (inactive),Brain,GO:0005737;GO:0005730;GO:0005524;GO:0004672;GO:0030154;GO:0051301;GO:0071363;GO:0002357;GO:0010976;GO:0042981;GO:2000045
O15442,Metallophosphoesterase domain containing 1,Liver,GO:0016787
Q8N5Z5,Potassium channel tetramerization domain containing 17,Brain,GO:0031463;GO:0005737;GO:0005783;GO:0097602;GO:0042802;GO:1990756;GO:0030030;GO:0032469;GO:0045724;GO:0043161;GO:0051260
Q05BV3,EMAP like 5,Brain,GO:0005737;GO:0070062;GO:0005874;GO:0008017
Q6NXS1,PPP1R2 family member B,Testis,GO:0004864;GO:0005977;GO:0035556;GO:0009966
Q8IYJ0,PILR alpha associated neural protein,Brain,GO:0016323;GO:0016020;GO:0005886;GO:0098793;GO:0019904;GO:0021549;GO:0021542;GO:0007214;GO:0010467;GO:0014047;GO:0048872;GO:0050776;GO:0006950;GO:0035176;GO:0008542
Q96NG3,Outer dynein arm docking complex subunit 4,Testis,GO:0097728;GO:0097729;GO:0005930;GO:0005737;GO:0005576;GO:0120228;GO:0007420;GO:0090660;GO:0003341;GO:0060287;GO:0007507;GO:0030324;GO:0120197;GO:0036158;GO:0120229
P51993,Fucosyltransferase 6,Kidney,GO:0070062;GO:0005576;GO:0005794;GO:0032580;GO:0000139;GO:0034709;GO:0017083;GO:0046920;GO:0008417;GO:0006672;GO:0006688;GO:0042355;GO:0036071;GO:0009312;GO:0007309;GO:0006486;GO:0006487;GO:0006493
P17661,Desmin,Heart,GO:0097512;GO:0051286;GO:0005911;GO:0005829;GO:0070062;GO:0005916;GO:0014704;GO:0005882;GO:0045111;GO:0031594;GO:0005635;GO:0005634;GO:0042383;GO:0030018;GO:0008092;GO:0042802;GO:0005200;GO:0007010;GO:0045109;GO:0006936;GO:0006998;GO:0008016;GO:0060538
P11086,Phenylethanolamine N-methyltransferase,Brain,GO:0005829;GO:0004603;GO:0042423;GO:0042418;GO:0032259
O75838,Calcium and integrin binding family member 2,Heart,GO:0072562;GO:0071944;GO:0032437;GO:0005737;GO:0005927;GO:0031594;GO:0001917;GO:0001750;GO:0042383;GO:0032420;GO:0005509;GO:0005178;GO:0000287;GO:0042803;GO:0055074;GO:0071318;GO:0045494;GO:0007204
Q8IV45,Unc-5 family C-terminal like,Kidney,GO:0005737;GO:0016020;GO:0005042;GO:0008233;GO:0043123;GO:0046330
P32239,Cholecystokinin B receptor,Brain,GO:0043231;GO:0005886;GO:0046935;GO:0004951;GO:0015054;GO:0017046;GO:0031741;GO:0007166;GO:0038188;GO:0048565;GO:0001696;GO:0048732;GO:0045851;GO:0007200;GO:0008284;GO:0007204
Q9BPW8,Nipsnap homolog 1,Liver,GO:0005759;GO:0005739;GO:0097060;GO:0030674;GO:0000423;GO:0019233
P01138,Nerve growth factor,Heart,GO:0030424;GO:0005829;GO:0030425;GO:0031904;GO:0005576;GO:0005615;GO:0005796;GO:0008021;GO:0008083;GO:0008289;GO:0008191;GO:0005163;GO:0007169;GO:0008625;GO:0050804;GO:0008285;GO:0043524;GO:0021675;GO:0038180;GO:0048812;GO:0043388;GO:0010628;GO:0045666;GO:0046579
Q99447,"Phosphate cytidylyltransferase 2, ethanolamine",Testis,GO:0005737;GO:0005789;GO:0004306;GO:0006646;GO:0008654
Q02252,Aldehyde dehydrogenase 6 family member A1,Kidney,GO:0005759;GO:0005739;GO:0005654;GO:0018478;GO:0004491;GO:0003723;GO:0009083;GO:0050873;GO:0006210;GO:0019859;GO:0006574;GO:0006573
Q8NDL9,AGBL carboxypeptidase 5,Testis,GO:0005737;GO:0005829;GO:0045171;GO:0015630;GO:0030496;GO:0072686;GO:0005634;GO:0004181;GO:0015631;GO:0008270;GO:0035609;GO:0051607;GO:0035611;GO:0035608;GO:0035610;GO:0006508
P48742,LIM homeobox 1,Kidney,GO:0000785;GO:0005634;GO:0032991;GO:0005667;GO:0000987;GO:0003700;GO:0000981;GO:0000977;GO:1990837;GO:0008270;GO:0048646;GO:0009653;GO:0009887;GO:0009948;GO:0009952;GO:0001658;GO:0007267;GO:0044344;GO:0021702;GO:0021937;GO:0021549;GO:0060067;GO:0072049;GO:0097379;GO:0009953;GO:0001705;GO:0009880;GO:0060059;GO:0048703;GO:0001706;GO:0060429;GO:0021871;GO:0001702;GO:0060322;GO:0001822;GO:0097477;GO:0048382;GO:0072177;GO:0072278;GO:0072224;GO:0035502;GO:0072283;GO:0072284;GO:0008045;GO:0045892;GO:0035849;GO:0072178;GO:0007399;GO:0030182;GO:0060066;GO:0035846;GO:0061205;GO:0007389;GO:2000744;GO:0090190;GO:0045893;GO:0040019;GO:2000543;GO:2000768;GO:0009791;GO:0090009;GO:0048793;GO:0010468;GO:0006357;GO:0072077;GO:0010842;GO:0072050;GO:0032525;GO:0021527;GO:0021537;GO:0006366;GO:0072197;GO:0001657;GO:0001655;GO:0035847;GO:0060065;GO:0060068;GO:0021517
Q9UL42,PNMA family member 2,Brain,GO:0005730;GO:0043065
Q9H008,Phospholysine phosphohistidine inorganic pyrophosphate phosphatase,Brain,GO:0005737;GO:0005829;GO:0016607;GO:0005634;GO:0004427;GO:0046872;GO:0016791;GO:0042803;GO:0006796
P47870,Gamma-aminobutyric acid type A receptor subunit beta2,Brain,GO:0034707;GO:0030659;GO:0043197;GO:0070062;GO:1902711;GO:0098982;GO:0043005;GO:0005886;GO:0045211;GO:0099634;GO:0045202;GO:1902495;GO:0005254;GO:0004890;GO:0022851;GO:0030594;GO:1904315;GO:0071420;GO:0007268;GO:1902476;GO:0090102;GO:0007214;GO:1904862;GO:0060119;GO:0060384;GO:0051932
Q9HDC9,Adipocyte plasma membrane associated protein,Liver,GO:0009986;GO:0016020;GO:0004064;GO:0016844;GO:0009058
Q6IPX3,Transcription elongation factor A like 6,Brain,GO:0005634
Q8N6M5,Allantoicase,Testis,GO:0004037;GO:0000256
O15120,1-acylglycerol-3-phosphate O-acyltransferase 2,Liver,GO:0005783;GO:0005789;GO:0005886;GO:0035579;GO:0003841;GO:0016024;GO:0008544;GO:0006654;GO:0006644;GO:0001819;GO:0001961;GO:0009410;GO:0019432
H3BS89,Transmembrane protein 178B,Heart,GO:0016020
Q9BUG6,Zinc finger and SCAN domain containing 5A,Testis,GO:0005634;GO:0000981;GO:0046872;GO:0000978;GO:1990837;GO:0006357
O14512,Suppressor of cytokine signaling 7,Brain,GO:0031466;GO:0005737;GO:0005829;GO:0005634;GO:0005886;GO:0140031;GO:0017124;GO:0035591;GO:1990756;GO:0008286;GO:0035556;GO:0021819;GO:0009968;GO:0043161;GO:0016567;GO:2001222
Q99640,"Protein kinase, membrane associated tyrosine/threonine 1",Testis,GO:0005737;GO:0005829;GO:0005783;GO:0005789;GO:0005794;GO:0000139;GO:0016020;GO:0005730;GO:0005654;GO:0005634;GO:0004676;GO:0004679;GO:0005524;GO:0004677;GO:0004694;GO:0044024;GO:0072371;GO:1990244;GO:0035979;GO:0044025;GO:0140823;GO:0035175;GO:0044022;GO:0140855;GO:0035402;GO:0072354;GO:0140857;GO:0035403;GO:0044023;GO:0016301;GO:0046872;GO:0004672;GO:0106310;GO:0004674;GO:0072518;GO:0004711;GO:0000086;GO:0051321;GO:0000278;GO:0010972;GO:0110031;GO:0000079;GO:0007088
Q8IXQ5,Kelch like family member 7,Heart,GO:0031463;GO:0005737;GO:0005829;GO:0005730;GO:0005654;GO:0048471;GO:0005886;GO:0042802;GO:0042803;GO:1990756;GO:0043161;GO:0016567
Q8TBJ4,Phospholipid phosphatase related 1,Brain,GO:0043005;GO:0005654;GO:0005886;GO:0008195;GO:0007399;GO:0046839;GO:0006644;GO:0007165
P49914,Methenyltetrahydrofolate synthetase,Liver,GO:0005737;GO:0005829;GO:0005759;GO:0005739;GO:0030272;GO:0005524;GO:0005542;GO:0046872;GO:0046657;GO:0046655;GO:0009396;GO:0015942;GO:0006536;GO:0035999;GO:0046653
Q96PN6,Adenylate cyclase 10,Liver,GO:0016324;GO:0097450;GO:0045178;GO:0090724;GO:0005929;GO:0005737;GO:0005856;GO:0005829;GO:0030425;GO:0005576;GO:0005739;GO:0043025;GO:0005634;GO:0048471;GO:0004016;GO:0005524;GO:0051117;GO:0071890;GO:0000287;GO:0030145;GO:0006171;GO:0003351;GO:0006007;GO:0035556;GO:1990544;GO:0106135;GO:0010917;GO:1903427;GO:1990138;GO:1990535;GO:0106028;GO:2001171;GO:0045773;GO:0010666;GO:0010613;GO:0045819;GO:0051901;GO:0045778;GO:1903378;GO:1903955;GO:1903428;GO:1905461;GO:0060306;GO:1901524;GO:0007286
O95342,ATP binding cassette subfamily B member 11,Liver,GO:0016324;GO:0009986;GO:0005768;GO:0070062;GO:0000139;GO:0046581;GO:0046691;GO:0005886;GO:0055037;GO:0055038;GO:0015432;GO:0008559;GO:0005524;GO:0016887;GO:0015125;GO:0015126;GO:0015144;GO:0015721;GO:0006699;GO:0008206;GO:0015722;GO:0042632;GO:0006631;GO:0055088;GO:0055091;GO:0120189;GO:0016567;GO:1904251;GO:0031998;GO:0043627;GO:0045471;GO:0014070;GO:0006979;GO:0055085;GO:0046618;GO:0006805;GO:0006855
P82932,Mitochondrial ribosomal protein S6,Kidney,GO:0005743;GO:0005763;GO:0005739;GO:0015935;GO:0070181;GO:0003735;GO:0032543;GO:0006412
Q96JE9,Microtubule associated protein 6,Brain,GO:0030424;GO:0005801;GO:0030425;GO:0005798;GO:0005874;GO:0048471;GO:0030658;GO:0005516;GO:0008017;GO:0030705;GO:0048813;GO:0032418;GO:0000226;GO:0050772;GO:0070507
P0DJJ0,SLIT-ROBO Rho GTPase activating protein 2C,Brain,GO:0098978;GO:0046982;GO:0042803;GO:0021987;GO:1904861;GO:0021816;GO:1904862;GO:0061000;GO:0051490;GO:2001224;GO:0051963
Q8N427,NME/NM23 family member 8,Testis,GO:0005930;GO:0005737;GO:0005829;GO:0016607;GO:0005634;GO:0036157;GO:0097598;GO:0097225;GO:0097228;GO:0008408;GO:0008017;GO:0030154;GO:0034614;GO:0060271;GO:0030317;GO:0007283
Q14749,Glycine N-methyltransferase,Liver,GO:0005829;GO:0005542;GO:0016594;GO:0017174;GO:0042802;GO:1904047;GO:0005977;GO:0006555;GO:0032259;GO:0006730;GO:0051289;GO:0036211;GO:0006111;GO:0046498;GO:0046500;GO:1901052
Q8N7M0,Dynein light chain Tctex-type family member 5,Brain,GO:0005737;GO:0005868;GO:0045505;GO:0007018
Q6PIF2,Synaptonemal complex central element protein 2,Testis,GO:0000801;GO:0005694;GO:0005654;GO:0051301;GO:0007130
O43854,EGF like repeats and discoidin domains 3,Brain,GO:0062023;GO:0070062;GO:1903561;GO:0005509;GO:0005178;GO:0007155;GO:0010811
Q9UN72,Protocadherin alpha 7,Brain,GO:0005886;GO:0005509;GO:0042802;GO:0007155;GO:0009988;GO:0007156;GO:0007399
O95156,Neurexophilin 2,Kidney,GO:0005576;GO:0005102;GO:0007218
A1L429,G antigen 12E,Testis,
Q8TB69,Zinc finger protein 519,Brain,GO:0005634;GO:0000981;GO:0046872;GO:0000978;GO:0006355
Q9BQB4,Sclerostin,Kidney,GO:0005576;GO:0005615;GO:0005794;GO:0032991;GO:0036122;GO:0030246;GO:0140297;GO:0008201;GO:0140678;GO:0030509;GO:0060070;GO:0071374;GO:0030514;GO:0090090;GO:0030279;GO:0031333;GO:0030178;GO:0001503;GO:0045893;GO:0009612
Q96LK8,Spermatogenesis associated 32,Testis,GO:0048471;GO:0003779;GO:0007283
P0DPB3,Schwannomin interacting protein 1,Brain,GO:0030054;GO:0005737;GO:0005886;GO:0042802;GO:0035332
Q6PF05,Tetratricopeptide repeat domain 23 like,Testis,GO:0005813;GO:0005737;GO:0030496;GO:0005819;GO:0034976
P28356,Homeobox D9,Kidney,GO:0000785;GO:0005730;GO:0005654;GO:0005634;GO:0003700;GO:0000981;GO:0001227;GO:0000978;GO:0000977;GO:1990837;GO:0008344;GO:0009952;GO:0006351;GO:0035115;GO:0048704;GO:0035137;GO:0030879;GO:0000122;GO:0048935;GO:0045944;GO:0009954;GO:0006357;GO:0007338;GO:0007519
Q5EBL4,Rab interacting lysosomal protein like 1,Heart,GO:0005814;GO:0005813;GO:0036064;GO:0005929;GO:0005737;GO:0005829;GO:0005654;GO:0005886;GO:0051959;GO:0046983;GO:0031267;GO:0060271;GO:0003382;GO:0007263;GO:1903445
Q9NPB6,Par-6 family cell polarity regulator alpha,Testis,GO:0016324;GO:0005923;GO:0005938;GO:0034451;GO:0005813;GO:0005829;GO:0005634;GO:0120157;GO:0005886;GO:0001726;GO:0070160;GO:0030742;GO:0031267;GO:0051301;GO:0045217;GO:0007098;GO:0007163;GO:0045197;GO:1904781;GO:0050714;GO:0060341;GO:0016032
P12259,Coagulation factor V,Liver,GO:0030134;GO:0005788;GO:0033116;GO:0005576;GO:0005615;GO:1903561;GO:0016020;GO:0005886;GO:0031091;GO:0031093;GO:0005507;GO:0008015;GO:0007596;GO:0032571
Q6UY18,Leucine rich repeat and Ig domain containing 4,Brain,GO:0031012;GO:0005615;GO:0016020;GO:0051965
Q9UJA2,Cardiolipin synthase 1,Liver,GO:0005743;GO:0005739;GO:0003841;GO:0047144;GO:0043337;GO:0032049;GO:0036148;GO:1905711;GO:0097068
A0A1B0GVM6,Chromosome 11 open reading frame 97,Brain,GO:0036064;GO:0097546;GO:0005737
Q9NY87,SPANX family member C,Testis,GO:0005737;GO:0005634
Q6ZUS5,Coiled-coil domain containing 121,Testis,
Q969E8,TSR2 ribosome maturation factor,Brain,GO:0005634;GO:0000462
O43593,HR lysine demethylase and nuclear receptor corepressor,Brain,GO:0000785;GO:0000118;GO:0005654;GO:0031490;GO:0140685;GO:0032454;GO:0140683;GO:0046872;GO:0003712;GO:0006357
Q9H2Y7,Zinc finger protein 106,Heart,GO:0005829;GO:0016020;GO:0016607;GO:0005730;GO:0046872;GO:0003723;GO:0008286
P08173,Cholinergic receptor muscarinic 4,Brain,GO:0030425;GO:0005886;GO:0045211;GO:0045202;GO:0016907;GO:0007197;GO:0007166;GO:0007268;GO:0007213;GO:0007187;GO:0040012;GO:0007165
Q9H0W9,Chromosome 11 open reading frame 54,Kidney,GO:0070062;GO:0016604;GO:0005654;GO:0005634;GO:0016788;GO:0008270
Q5VVP1,SPATA31 subfamily A member 6,Testis,GO:0016020;GO:0030154;GO:0007283
A6NNP5,Coiled-coil domain containing 169,Testis,
Q9UBP5,Hes related family bHLH transcription factor with YRPW motif 2,Heart,GO:0000785;GO:0005737;GO:0005654;GO:0005634;GO:0017053;GO:0000987;GO:0003700;GO:0000981;GO:0001227;GO:0042826;GO:0042802;GO:0046983;GO:0000978;GO:0061629;GO:0043565;GO:1990837;GO:0009948;GO:0009952;GO:0003180;GO:0060842;GO:0035910;GO:0060413;GO:0003161;GO:0060317;GO:0003214;GO:0010659;GO:0060038;GO:0014898;GO:0003215;GO:0060411;GO:0060948;GO:0003208;GO:0045165;GO:0072359;GO:0090102;GO:0060977;GO:0035912;GO:0003199;GO:0003198;GO:0060347;GO:0060716;GO:0014031;GO:0003150;GO:0070168;GO:0010667;GO:2000723;GO:0045892;GO:0010629;GO:0045746;GO:0051151;GO:0000122;GO:0060633;GO:2000678;GO:0007219;GO:0003151;GO:0060045;GO:0010460;GO:0045944;GO:0065004;GO:0061156;GO:0003184;GO:0045607;GO:0050767;GO:0006357;GO:2001212;GO:0051145;GO:0003195;GO:0003186;GO:0036304;GO:0097084;GO:0001570;GO:0055015;GO:0060412;GO:0003222
Q8IZU2,WD repeat domain 17,Brain,
A6NES4,Maestro heat like repeat family member 2A,Testis,GO:0005737
A0A1B0GV22,Family with sequence similarity 236 member B,Testis,
Q8WXE1,ATR interacting protein,Testis,GO:0070310;GO:0005654;GO:0005634;GO:0070530;GO:0000077;GO:0006281;GO:0006139;GO:2000779
A6NH52,Trans-golgi network vesicle protein 23 homolog A,Brain,GO:0000139;GO:0009306;GO:0016192
Q5JUK9,PAGE family member 3,Testis,
Q75WM6,H1.7 linker histone,Testis,GO:0000785;GO:0005634;GO:0005524;GO:0003690;GO:0031492;GO:0030261;GO:0045910;GO:0035092;GO:0007290
P60323,Nanos C2HC-type zinc finger 3,Brain,GO:0005737;GO:0010494;GO:0005829;GO:0005654;GO:0005634;GO:0000932;GO:0048471;GO:0008047;GO:0003729;GO:0003723;GO:0008270;GO:0097190;GO:0007281;GO:0061157;GO:2001234;GO:0017148;GO:0048477;GO:0051726;GO:0006417;GO:0007283
Q96C11,FGGY carbohydrate kinase domain containing,Liver,GO:0005737;GO:0019150;GO:0046835;GO:0070050;GO:0019321
P15814,Immunoglobulin lambda like polypeptide 1,Testis,GO:0005783;GO:0005576;GO:0071735;GO:0016020;GO:0003823;GO:0006955;GO:0016064
Q9GZY0,Nuclear RNA export factor 2,Testis,GO:0005737;GO:0005829;GO:0042272;GO:0005654;GO:0005634;GO:0003723;GO:0006406;GO:0016973;GO:0050658
Q8N9V6,Ankyrin repeat domain 53,Testis,GO:0005737;GO:0005819;GO:0000922;GO:0051301;GO:0007080;GO:0031116;GO:1902412;GO:0060236
Q8NE09,Regulator of G protein signaling 22,Testis,GO:0015629;GO:0005737;GO:0005829;GO:0001650;GO:0005634;GO:0001965;GO:0009968
Q9H8Y1,Vertebrae development associated,Testis,GO:0000785;GO:0005634;GO:0043565;GO:0006357
Q96LZ2,MAGE family member B10,Testis,GO:0005634;GO:0000122
P61204,ADP ribosylation factor 3,Brain,GO:0070062;GO:0000139;GO:0048471;GO:0005886;GO:0005525;GO:0003924;GO:0006886;GO:0006890;GO:0016192
Q9HD36,BCL2 like 10,Liver,GO:0005829;GO:0005783;GO:0016020;GO:0044233;GO:0005741;GO:0005739;GO:0031965;GO:0005819;GO:0005509;GO:0089720;GO:0015267;GO:0006915;GO:0097192;GO:0007292;GO:0008630;GO:0031023;GO:0043066;GO:0043065;GO:0001836;GO:0007283
Q7Z4J2,Glycosyltransferase 6 domain containing 1,Testis,GO:0005794;GO:0016020;GO:0031982;GO:0016757;GO:0016758;GO:0005975;GO:0030259
Q8NEP3,Dynein axonemal assembly factor 1,Testis,GO:0005930;GO:0005737;GO:0005829;GO:0005576;GO:0016607;GO:0005886;GO:0000922;GO:0070840;GO:0070286;GO:0035082;GO:0060271;GO:0003341;GO:0071907;GO:0071910;GO:0035469;GO:0060287;GO:0001947;GO:0036159;GO:0060972;GO:0030324;GO:0044458;GO:0036158;GO:0003356
Q9H2J7,Solute carrier family 6 member 15,Brain,GO:0016020;GO:0005886;GO:0015171;GO:0015657;GO:0005326;GO:0005295;GO:0005298;GO:0006865;GO:0015820;GO:0006836;GO:0015804;GO:0015824;GO:0035725
O94993,SRY-box transcription factor 30,Testis,GO:0000785;GO:0010369;GO:0005737;GO:0005829;GO:0043231;GO:0005654;GO:0005634;GO:0008013;GO:0001228;GO:0000981;GO:0001227;GO:0000978;GO:1990837;GO:0000122;GO:0030178;GO:0045944;GO:0120211;GO:0006357;GO:0031960;GO:0007286
O14807,Muscle RAS oncogene homolog,Brain,GO:0005886;GO:0000164;GO:0003925;GO:0019003;GO:0005525;GO:0030742;GO:0003924;GO:0030036;GO:1990830;GO:0007265
Q8NCR6,Chromosome 9 open reading frame 24,Testis,GO:0160111;GO:0005829;GO:0002177;GO:0005739;GO:0005654;GO:0005634;GO:0048471;GO:0097225;GO:0043014;GO:0030154;GO:0030317;GO:0065003;GO:0007283
Q86WI0,LHFPL tetraspan subfamily member 1,Brain,GO:0016020
Q14206,Regulator of calcineurin 2,Heart,GO:0005737;GO:0005634;GO:0008597;GO:0003676;GO:0019722
Q9UM19,Hippocalcin like 4,Brain,GO:0005246;GO:0005509;GO:0019904;GO:0007417;GO:0009966
P31513,Flavin containing dimethylaniline monoxygenase 3,Liver,GO:0005789;GO:0043231;GO:0047638;GO:0050660;GO:0047822;GO:0004499;GO:0050661;GO:0034899;GO:0042412
Q13202,Dual specificity phosphatase 8,Brain,GO:0005737;GO:0005634;GO:0033192;GO:0140791;GO:0140793;GO:1990439;GO:0033550;GO:0017017;GO:0017018;GO:0004726;GO:0016791;GO:0030946;GO:0008330;GO:0180006;GO:0180007;GO:0180008;GO:0180005;GO:0180004;GO:0016311;GO:0043409;GO:0007165
Q8IW50,Family with sequence similarity 219 member A,Brain,
Q4U2R8,Solute carrier family 22 member 6,Kidney,GO:0009925;GO:0016323;GO:0005901;GO:0070062;GO:0005886;GO:0032991;GO:0015139;GO:0015297;GO:0031404;GO:0042802;GO:0008514;GO:0015132;GO:0015347;GO:0005452;GO:0022857;GO:0042910;GO:0015742;GO:0072237;GO:0006820;GO:0015711;GO:0015732;GO:0097254;GO:0014070;GO:0043252
Q9BQI0,Allograft inflammatory factor 1 like,Brain,GO:0015629;GO:0005737;GO:0070062;GO:0005925;GO:0032587;GO:0051015;GO:0005509;GO:0051017;GO:0097178
A6NIV6,Leucine rich repeats and IQ motif containing 4,Testis,GO:0005737
A6BM72,Multiple EGF like domains 11,Kidney,GO:0016323;GO:0034109;GO:0010842
P52198,Rho family GTPase 2,Brain,GO:0002080;GO:0005829;GO:0005769;GO:0005886;GO:0005525;GO:0003924;GO:0019901;GO:0007015;GO:0016477;GO:0048668;GO:0048672;GO:0032956;GO:0007165;GO:0007264
Q6UWF9,Family with sequence similarity 180 member A,Heart,GO:0005576
P04733,Metallothionein 1F,Kidney,GO:0005737;GO:0005634;GO:0046872;GO:0008270;GO:0071276;GO:0071280;GO:0071294;GO:0010273;GO:0006882;GO:0045926
Q86WG3,ATCAY kinesin light chain interacting caytaxin,Brain,GO:0030424;GO:0005737;GO:0030425;GO:0030426;GO:0031966;GO:0043005;GO:0098793;GO:0045202;GO:0019894;GO:0006915;GO:0048311;GO:2000212;GO:0031175;GO:0032880
Q9UJQ1,Lysosomal associated membrane protein family member 5,Brain,GO:0030659;GO:0032590;GO:0031901;GO:0033116;GO:0010008;GO:0098982;GO:0032584;GO:0031902;GO:0005765;GO:0005886;GO:0055038;GO:0030672;GO:0072594;GO:0099171
Q6WRX3,"Zyg-11 family member A, cell cycle regulator",Testis,GO:0031462
Q8IYW4,ENTH domain containing 1,Testis,GO:0030125;GO:0005768;GO:0005886;GO:0030276;GO:0005543;GO:0006897
Q96L21,Ribosomal protein L10 like,Testis,GO:0005829;GO:0022625;GO:0005783;GO:0016020;GO:0005634;GO:0005840;GO:0003735;GO:0030154;GO:0007141;GO:0000027;GO:0007283;GO:0006412
Q9UQF2,Mitogen-activated protein kinase 8 interacting protein 1,Brain,GO:0005737;GO:0005829;GO:0030425;GO:0044302;GO:0005789;GO:0031966;GO:0043025;GO:0005634;GO:0048471;GO:0005886;GO:0045202;GO:0008432;GO:0019894;GO:0005078;GO:0004860;GO:0007254;GO:2001243;GO:0043508;GO:0046330;GO:2000564;GO:0006355;GO:0046328;GO:0016192
Q8TAG6,Vexin,Brain,GO:0005634;GO:0005886;GO:0022008;GO:0030182
Q9H902,Receptor accessory protein 1,Testis,GO:0005737;GO:0005881;GO:0005783;GO:0005789;GO:0071782;GO:0016020;GO:0031966;GO:0008017;GO:0031849;GO:0071786;GO:0051205
Q9BTK6,PAXIP1 associated glutamate rich protein 1,Brain,GO:0035097;GO:0044666;GO:0005654;GO:0005634;GO:0030331;GO:0006310;GO:0006281;GO:1902808;GO:0033148;GO:0045944
Q8TF42,Ubiquitin associated and SH3 domain containing B,Brain,GO:0005737;GO:0005634;GO:0140793;GO:0042802;GO:0004726;GO:0051219;GO:0004725;GO:0030946;GO:0031625;GO:0038063;GO:0045779;GO:0045671;GO:0090331;GO:0009968;GO:0070527;GO:0045670;GO:0051279
Q8TBZ2,MYCBP associated protein,Testis,GO:0030125;GO:0005737;GO:0005768;GO:0005886;GO:0045202;GO:0030276;GO:0005543;GO:0030154;GO:0007268;GO:0006897;GO:0007283
Q9NZU0,Fibronectin leucine rich transmembrane protein 3,Kidney,GO:0043679;GO:0044295;GO:0030054;GO:0005911;GO:0005829;GO:0005789;GO:0031012;GO:0005615;GO:0005925;GO:0098978;GO:0032584;GO:0005886;GO:0045211;GO:0097060;GO:0045499;GO:0005104;GO:0042803;GO:0030674;GO:0007411;GO:0098742;GO:0048598;GO:0008543;GO:0060322;GO:0007507;GO:0031175;GO:1990138;GO:0051965;GO:0003345;GO:0048678;GO:0007416;GO:0099560
Q9UK85,Dickkopf like acrosomal protein 1,Testis,GO:0001669;GO:0005615;GO:0039706;GO:0048019;GO:0009653;GO:0060070;GO:0090090;GO:2000225;GO:0007341;GO:0043065;GO:0045600
Q9H400,Lck interacting transmembrane adaptor 1,Liver,GO:0019815;GO:0005615;GO:0019901;GO:0002250;GO:0050853;GO:0043122;GO:1901222;GO:0051896;GO:0051279;GO:0006357;GO:0050852
Q53H82,Lactamase beta 2,Liver,GO:0005759;GO:0005739;GO:0004521;GO:0003727;GO:0008270
Q8NEB7,Acrosin binding protein,Testis,GO:0002080;GO:0001669;GO:0005576;GO:0005634;GO:0001675;GO:0009566;GO:0007286
O60566,BUB1 mitotic checkpoint serine/threonine kinase B,Testis,GO:0005680;GO:0005813;GO:0005737;GO:0005829;GO:0000776;GO:0033597;GO:0005634;GO:0000940;GO:0048471;GO:0005819;GO:0004676;GO:0004679;GO:0005524;GO:0004677;GO:0004694;GO:0044024;GO:0072371;GO:1990244;GO:0035979;GO:0044025;GO:0140823;GO:0035175;GO:0044022;GO:0140855;GO:0035402;GO:0072354;GO:0140857;GO:0035403;GO:0044023;GO:0004672;GO:0106310;GO:0072518;GO:0004711;GO:0006915;GO:0051301;GO:0051754;GO:0007091;GO:0007094;GO:0071459
Q96C86,"Decapping enzyme, scavenger",Liver,GO:0005737;GO:0005829;GO:0005739;GO:0005654;GO:0005634;GO:0000932;GO:0140932;GO:0042802;GO:0000340;GO:0004532;GO:0000290;GO:0045292;GO:0110156;GO:0000288
P13716,Aminolevulinate dehydratase,Liver,GO:0005829;GO:0070062;GO:0005576;GO:1904813;GO:0005634;GO:0034774;GO:0003824;GO:0042802;GO:0004655;GO:1904854;GO:0008270;GO:0071353;GO:0071284;GO:0006784;GO:0006785;GO:0006783;GO:0048034;GO:1901799;GO:0051260;GO:0006782;GO:0014823;GO:0010044;GO:0043200;GO:0046685;GO:0046686;GO:0032025;GO:0045471;GO:0070542;GO:0051384;GO:0009635;GO:0001666;GO:0010212;GO:0010039;GO:0032496;GO:0046689;GO:0051597;GO:0006979;GO:0070541;GO:0010269;GO:0010266;GO:0033197;GO:0009410;GO:0010043
Q9UPV9,Trafficking kinesin protein 1,Heart,GO:1904115;GO:0044295;GO:0005938;GO:0005737;GO:0031410;GO:0005829;GO:0030425;GO:0005769;GO:0031966;GO:0005739;GO:0005634;GO:0048471;GO:0050811;GO:0017022;GO:0030911;GO:0098957;GO:0048813;GO:0008333;GO:0048311;GO:0022008;GO:0050772;GO:0006493;GO:0006605;GO:0006357;GO:0047496
Q96GD0,Pyridoxal phosphatase,Brain,GO:0005911;GO:0005737;GO:0005856;GO:0005829;GO:0098978;GO:0031258;GO:0098794;GO:0032587;GO:0033192;GO:0031072;GO:0140791;GO:0000287;GO:1990439;GO:0017018;GO:0004721;GO:0042803;GO:0033883;GO:0180006;GO:0180007;GO:0180008;GO:0180005;GO:0180004;GO:0031247;GO:0071318;GO:0016311;GO:0030836;GO:0006470;GO:0032361;GO:0032465;GO:0007088;GO:0099159
O95045,Uridine phosphorylase 2,Liver,GO:0005829;GO:0045098;GO:0047847;GO:0042802;GO:0004850;GO:0006249;GO:0009116;GO:0044206;GO:0006218;GO:0046108
Q9H0I9,Transketolase like 2,Testis,GO:0005737;GO:0046872;GO:0030976;GO:0004802
P00326,"Alcohol dehydrogenase 1C (class I), gamma polypeptide",Liver,GO:0005829;GO:0005654;GO:0005886;GO:0004022;GO:0004745;GO:0008270;GO:0042573;GO:0042572
P36888,Fms related receptor tyrosine kinase 3,Brain,GO:0005783;GO:0005788;GO:0010008;GO:0005886;GO:0043235;GO:0005524;GO:0008288;GO:0060175;GO:0004896;GO:0005006;GO:0005007;GO:0005004;GO:0019838;GO:0005008;GO:0140801;GO:0035401;GO:0005009;GO:0005010;GO:0005011;GO:0035259;GO:0141038;GO:0036332;GO:0005018;GO:0005019;GO:0004713;GO:0038062;GO:0044877;GO:0005020;GO:0004714;GO:0005005;GO:0005021;GO:0031100;GO:0030183;GO:0007169;GO:0071345;GO:0071385;GO:0035726;GO:0019221;GO:0097028;GO:0030097;GO:0001776;GO:0046651;GO:0002318;GO:0018108;GO:0008284;GO:0043406;GO:0043410;GO:0051897;GO:0042531;GO:0002328;GO:0046777;GO:0042981
Q96K83,Zinc finger protein 521,Brain,GO:0005654;GO:0005634;GO:0001228;GO:0046872;GO:0019904;GO:0000978;GO:0048663;GO:0006357
O75920,Small EDRK-rich factor 1B,Testis,GO:0005829;GO:0005634;GO:0032991;GO:1990000;GO:0007399;GO:0031648
Q5JU00,T-complex-associated-testis-expressed 1,Brain,GO:0005737;GO:0005856;GO:0036126;GO:0030317;GO:0007018
Q86U10,Asparaginase,Heart,GO:0005829;GO:0003847;GO:0016747;GO:0004067;GO:0004622;GO:0009066;GO:0016042
Q96M02,Chromosome 10 open reading frame 90,Brain,GO:0015629;GO:0005814;GO:0005813;GO:0005737;GO:0005829;GO:0005886;GO:0008017;GO:0061630;GO:0000209;GO:0050821;GO:0016567;GO:0046599
Q96MK3,FAM20A golgi associated secretory pathway pseudokinase,Liver,GO:0005737;GO:0005783;GO:0070062;GO:0005615;GO:0005794;GO:0043539;GO:0031214;GO:0055074;GO:0070166;GO:0001934;GO:0009617;GO:0044691
Q6Q8B3,CD200 receptor 1 like,Testis,GO:0009897;GO:0038023;GO:0150077
P12034,Fibroblast growth factor 5,Brain,GO:0005737;GO:0005576;GO:0005615;GO:0005104;GO:0008083;GO:0007267;GO:0008543;GO:0010001;GO:0007399;GO:0022008;GO:0051781;GO:0008284;GO:0043410;GO:0030334;GO:0023019
P51957,NIMA related kinase 4,Testis,GO:0036064;GO:0097014;GO:0035253;GO:0035869;GO:0005737;GO:0005829;GO:0004676;GO:0004679;GO:0005524;GO:0004677;GO:0004694;GO:0044024;GO:0072371;GO:1990244;GO:0035979;GO:0044025;GO:0140823;GO:0035175;GO:0044022;GO:0140855;GO:0035402;GO:0072354;GO:0140857;GO:0035403;GO:0044023;GO:0030145;GO:0106310;GO:0004674;GO:0072518;GO:0004711;GO:0051301;GO:0006974;GO:0000278;GO:0045893;GO:0006468;GO:2000772
P05062,"Aldolase, fructose-bisphosphate B",Liver,GO:0034451;GO:0005829;GO:0070062;GO:0005815;GO:0051117;GO:0008092;GO:0070061;GO:0061609;GO:0004332;GO:0042802;GO:0060090;GO:0030388;GO:0061624;GO:0006000;GO:0006094;GO:0006096;GO:0006116;GO:1905856;GO:0032781;GO:0070072
A0A087WXS9,TBC1 domain family member 3I,Testis,GO:0005886;GO:0005096
Q9BYG7,Maestro,Brain,GO:0005730
Q93070,ADP-ribosyltransferase 4 (inactive) (Dombrock blood group),Liver,GO:0005576;GO:0005886;GO:0098552;GO:0003950;GO:0106274;GO:0016779;GO:0006525
P80365,Hydroxysteroid 11-beta dehydrogenase 2,Kidney,GO:0005789;GO:0043231;GO:0070523;GO:0051287;GO:0005496;GO:0034650;GO:0007565;GO:0008211;GO:0002017;GO:0032094;GO:0051384;GO:0001666;GO:0032868;GO:0009410
Q6A555,Thioredoxin domain containing 8,Testis,GO:0001669;GO:0005737;GO:0070062;GO:0005794;GO:0030154;GO:0007283
P32245,Melanocortin 4 receptor,Brain,GO:0005737;GO:0016020;GO:0005886;GO:0004977;GO:0004980;GO:0042923;GO:0017046;GO:0031625;GO:0007189;GO:0007188;GO:0002024;GO:0006112;GO:0007631;GO:0030073;GO:2000252;GO:0045780;GO:1903998;GO:2000821;GO:0019222;GO:1903925;GO:0032094;GO:0032868;GO:1990680
Q2TAA8,Translin associated factor X interacting protein 1,Testis,GO:0005737;GO:0048471;GO:0030154;GO:0007283
Q9Y2W7,Potassium voltage-gated channel interacting protein 3,Brain,GO:0005829;GO:0005783;GO:0005794;GO:0005634;GO:0005886;GO:0008076;GO:0005509;GO:0001227;GO:0005267;GO:0015459;GO:0000978;GO:0006915;GO:0000122;GO:0072659;GO:1901379;GO:0009966;GO:0007165
Q8IVH4,Metabolism of cobalamin associated A,Liver,GO:0005737;GO:0005829;GO:0005759;GO:0005739;GO:0005525;GO:0003924;GO:0042802;GO:1990606;GO:0042803;GO:0009235
Q5JQC9,A-kinase anchoring protein 4,Testis,GO:0005952;GO:0005737;GO:0005856;GO:0031514;GO:0005634;GO:0048471;GO:0097229;GO:0035686;GO:0036126;GO:0120212;GO:0097225;GO:0097228;GO:0030018;GO:0051018;GO:0007178;GO:0051649;GO:0045184;GO:0030317;GO:0008104;GO:0007165;GO:0007338;GO:0120316;GO:0007283
P61278,Somatostatin,Brain,GO:0005829;GO:0005576;GO:0005615;GO:0098982;GO:0043025;GO:0098992;GO:0005179;GO:0007166;GO:0007267;GO:0007268;GO:0007586;GO:0007186;GO:0008628;GO:0006972;GO:0008285;GO:0030334;GO:0099072;GO:0010447;GO:0043200;GO:0007584;GO:0048545;GO:0009410;GO:0038170
P22304,Iduronate 2-sulfatase,Brain,GO:0005737;GO:0043202;GO:0005764;GO:0005509;GO:0004423;GO:0030209;GO:0006027;GO:0030200
Q9NQX3,Gephyrin,Brain,GO:0005737;GO:0005856;GO:0005829;GO:0030425;GO:0043197;GO:0005886;GO:0014069;GO:0045211;GO:0099572;GO:0099634;GO:0097060;GO:0005524;GO:0042802;GO:0046872;GO:0061598;GO:0043546;GO:0061599;GO:0008940;GO:0030674;GO:0007529;GO:0097112;GO:0072579;GO:0006777;GO:0032324;GO:0098970;GO:0010038
Q96MR6,Cilia and flagella associated protein 57,Testis,GO:0005737;GO:0005856;GO:0036126;GO:0070286;GO:0007338;GO:0120316
P30556,Angiotensin II receptor type 1,Liver,GO:0016020;GO:0005886;GO:0001596;GO:0004945;GO:0031711;GO:0046982;GO:0038166;GO:0097746;GO:0019722;GO:0060326;GO:0007186;GO:0006954;GO:0001822;GO:0034374;GO:0002034;GO:0086097;GO:0007200;GO:1903589;GO:1905920;GO:0007204;GO:0050729;GO:0010744;GO:0032430;GO:0051247;GO:2000379;GO:0001558;GO:0042127;GO:0050727;GO:0035813;GO:0003081;GO:0019229;GO:0002018;GO:0007266;GO:0046718
Q0ZGT2,Nexilin F-actin binding protein,Heart,GO:0015629;GO:0005912;GO:0030424;GO:0005925;GO:0005886;GO:0030018;GO:0051015;GO:0098632;GO:0008307;GO:0007411;GO:0070593;GO:0007156;GO:0030334;GO:0051493
Q13936,Calcium voltage-gated channel subunit alpha1 C,Heart,GO:0005737;GO:0030425;GO:1990454;GO:0016020;GO:0043204;GO:0005886;GO:0014069;GO:0098839;GO:0005891;GO:0030018;GO:0051393;GO:0005516;GO:0008331;GO:0046872;GO:0005245;GO:0086056;GO:0086007;GO:0098703;GO:0070588;GO:0061577;GO:0060402;GO:0043010;GO:0061337;GO:0086002;GO:0086064;GO:0035115;GO:0007507;GO:0002520;GO:0098912;GO:0086045;GO:0086012;GO:0045762;GO:0007204;GO:0045933;GO:0010881;GO:0086091;GO:0098911
Q9BQP9,BPI fold containing family A member 3,Testis,GO:0005576;GO:0008289
P78358,Cancer/testis antigen 1A,Testis,GO:0005737;GO:0042802;GO:0070525
P05113,Interleukin 5,Testis,GO:0005576;GO:0005615;GO:0005125;GO:0008083;GO:0005137;GO:0006955;GO:0006954;GO:0038043;GO:0030890;GO:0045893;GO:0045645;GO:0002639;GO:0050731;GO:0071803;GO:0046427
Q14624,Inter-alpha-trypsin inhibitor heavy chain 4,Liver,GO:0072562;GO:0062023;GO:0070062;GO:0005576;GO:0005886;GO:0031089;GO:0004866;GO:0004867;GO:0006953;GO:0030212;GO:0034097
Q9NVV5,Androgen induced 1,Liver,GO:0012505;GO:0016020;GO:0005886;GO:0016787;GO:0042758
Q9Y5I2,Protocadherin alpha 10,Brain,GO:0044291;GO:0005576;GO:0005886;GO:0005509;GO:0035904;GO:0003176;GO:0007155;GO:0010467;GO:0007156;GO:0007399
Q86UD0,Suppressor APC domain containing 2,Brain,GO:0045179;GO:0043296;GO:0016324;GO:0005923;GO:0005829;GO:0005730;GO:0005654;GO:0000132;GO:1904777;GO:0008284;GO:0090175;GO:0098725
Q9BY11,Protein kinase C and casein kinase substrate in neurons 1,Brain,GO:0043679;GO:0030137;GO:0005737;GO:0030659;GO:0005829;GO:0005768;GO:0048471;GO:0098684;GO:0005886;GO:0098833;GO:0032587;GO:0045202;GO:0008092;GO:0042802;GO:0005543;GO:0007015;GO:0007010;GO:0045806;GO:0048812;GO:0097320;GO:1900006;GO:0072657;GO:0072659;GO:0030100;GO:0048488
Q6PIV7,Solute carrier family 25 member 34,Heart,GO:0005743;GO:0001835
Q8NG50,RAD52 motif containing 1,Testis,GO:0015030;GO:0005829;GO:0005730;GO:0016605;GO:0003677;GO:0003723
P23468,Protein tyrosine phosphatase receptor type D,Brain,GO:0070062;GO:0098978;GO:0098686;GO:0005886;GO:0042734;GO:0098685;GO:0050839;GO:0140793;GO:0004726;GO:0004725;GO:0030946;GO:0005102;GO:0005001;GO:0007185;GO:0071456;GO:0036120;GO:0007157;GO:0050804;GO:0046426;GO:0007399;GO:0030182;GO:0006796;GO:0061003;GO:0051965;GO:0099054;GO:0097105;GO:0050776;GO:0099151;GO:0007165;GO:0099560;GO:0099545
Q9NZV6,Methionine sulfoxide reductase B1,Liver,GO:0015629;GO:0005829;GO:0005634;GO:0003779;GO:0033745;GO:0033743;GO:0008270;GO:0030041;GO:0045087;GO:0030091
O76090,Bestrophin 1,Brain,GO:0009925;GO:0016323;GO:0034707;GO:0005829;GO:0016020;GO:0098857;GO:0005886;GO:0098793;GO:0160133;GO:0015106;GO:0005254;GO:0042802;GO:0005229;GO:0022834;GO:0006821;GO:0050908;GO:0061534;GO:0014047;GO:0034220;GO:0051259;GO:0051924;GO:0048167;GO:0030321;GO:0007601
O94772,Lymphocyte antigen 6 family member H,Brain,GO:0005576;GO:0005886;GO:0098552;GO:0045202;GO:0033130;GO:0030550;GO:0095500;GO:0009887;GO:0007399
P01019,Angiotensinogen,Liver,GO:0072562;GO:0062023;GO:0070062;GO:0005576;GO:0005615;GO:0008083;GO:0005179;GO:0004867;GO:0031702;GO:0031703;GO:0038166;GO:0001974;GO:0007267;GO:0007186;GO:0007199;GO:0001822;GO:0034374;GO:0002034;GO:0043407;GO:0051387;GO:0038060;GO:0007200;GO:0090190;GO:0010613;GO:1905920;GO:0001819;GO:0045893;GO:0010595;GO:0045742;GO:0010718;GO:1901203;GO:2001238;GO:0048146;GO:1903598;GO:0050729;GO:0010744;GO:1902895;GO:0051092;GO:0051897;GO:0051247;GO:2000379;GO:0042981;GO:0008217;GO:0002016;GO:1903779;GO:0001558;GO:0042127;GO:1901201;GO:0002019;GO:0035813;GO:0019229;GO:0003014;GO:0002018;GO:1990776;GO:0014873;GO:0042310
O95402,Mediator complex subunit 26,Testis,GO:0070847;GO:0016592;GO:0005654;GO:0005634;GO:0003713;GO:0003712;GO:0010628;GO:0032968;GO:0060261;GO:0006357;GO:0051123;GO:0006367
Q13884,Syntrophin beta 1,Liver,GO:0005737;GO:0005856;GO:0016010;GO:0005925;GO:0032991;GO:0042383;GO:0045202;GO:0003779;GO:0005516;GO:0030165;GO:0005198;GO:0006936
Q9Y666,Solute carrier family 12 member 7,Heart,GO:0005886;GO:0032991;GO:0045202;GO:0015379;GO:0019901;GO:0006884;GO:0071333;GO:0007268;GO:0055064;GO:1902476;GO:0006811;GO:0055075;GO:1990573;GO:0071805
Q9NUI1,"2,4-dienoyl-CoA reductase 2",Liver,GO:0005829;GO:0005778;GO:0005777;GO:0008670;GO:0019166;GO:0033540;GO:0006631;GO:0006636
Q674X7,"Kazrin, periplakin interacting protein",Brain,GO:0001533;GO:0005856;GO:0005829;GO:0030057;GO:0016607;GO:0005654;GO:0031424
O43424,Glutamate ionotropic receptor delta type subunit 2,Brain,GO:0043197;GO:0098978;GO:0008328;GO:0098688;GO:0005886;GO:0098839;GO:0045202;GO:0008066;GO:0042802;GO:0046872;GO:0030165;GO:0097110;GO:1904315;GO:0021707;GO:0060079;GO:1904861;GO:0007215;GO:0007157;GO:0050804;GO:1900454;GO:0051965;GO:0060134;GO:0008104;GO:0043523;GO:0010975;GO:0099151;GO:0099072;GO:1905606;GO:0099538;GO:0035249
Q6ZSG2,Inhibitory synaptic factor 2A,Brain,GO:0014069;GO:0060080
P51570,Galactokinase 1,Liver,GO:0005737;GO:0005829;GO:0070062;GO:0016020;GO:0005524;GO:0004335;GO:0005534;GO:0019402;GO:0033499;GO:0006012;GO:0061623
P0CL80,G antigen 12F,Testis,
A0A0J9YWL9,TEX13 family member C,Testis,GO:0046872;GO:0003729
Q3KP44,Ankyrin repeat domain 55,Testis,
Q86V25,Vasohibin 2,Testis,GO:0005737;GO:0005856;GO:0005829;GO:0005576;GO:0003779;GO:0004181;GO:0008017;GO:0106423;GO:0061564;GO:0140253;GO:0060716;GO:0045766;GO:0001938;GO:0006508;GO:0045765;GO:0000768
P20807,Calpain 3,Brain,GO:0005737;GO:0005829;GO:0030016;GO:0005730;GO:0005634;GO:0005886;GO:0032991;GO:0030315;GO:0030018;GO:0005509;GO:0004198;GO:0003824;GO:0008234;GO:0042802;GO:0055103;GO:0060090;GO:0008233;GO:0031402;GO:0008307;GO:0031432;GO:0006915;GO:1990092;GO:0071277;GO:0071472;GO:0070315;GO:0046716;GO:0007517;GO:0061061;GO:0030239;GO:0043066;GO:0045892;GO:0033234;GO:0045893;GO:0051092;GO:0045862;GO:0051281;GO:0014718;GO:0030163;GO:0031648;GO:0072657;GO:0065003;GO:0006508;GO:0043122;GO:0050790;GO:0045661;GO:0051592;GO:0014850;GO:0045214;GO:0097264
Q5VTH9,Dynein axonemal intermediate chain 4,Testis,GO:0005858;GO:0005930;GO:0120293;GO:0031514;GO:0045504;GO:0045503;GO:0070286;GO:0003341;GO:0002244
P49419,Aldehyde dehydrogenase 7 family member A1,Liver,GO:0005829;GO:0070062;GO:0005759;GO:0005739;GO:0005634;GO:0004029;GO:0008802;GO:0042802;GO:0004043;GO:0006081;GO:0042426;GO:0019285;GO:0007605
Q5JU00,T-complex-associated-testis-expressed 1,Testis,GO:0005737;GO:0005856;GO:0036126;GO:0030317;GO:0007018
Q8WU08,Serine/threonine kinase 32A,Brain,GO:0005886;GO:0004676;GO:0004679;GO:0005524;GO:0004677;GO:0004694;GO:0044024;GO:0072371;GO:1990244;GO:0035979;GO:0044025;GO:0140823;GO:0035175;GO:0044022;GO:0140855;GO:0035402;GO:0072354;GO:0140857;GO:0035403;GO:0044023;GO:0046872;GO:0106310;GO:0004674;GO:0072518;GO:0004711;GO:0035556
P22033,Methylmalonyl-CoA mutase,Liver,GO:0005737;GO:0005759;GO:0005739;GO:0031419;GO:0003924;GO:0042802;GO:0046872;GO:0004494;GO:0072341;GO:0042803;GO:0050667;GO:0043547;GO:0009791;GO:0019678;GO:1901290
Q8NGC6,Olfactory receptor family 4 subfamily K member 17,Liver,GO:0005886;GO:0004930;GO:0004984
Q96QD5,DEP domain containing 7,Liver,GO:0035556
O95741,Copine 6,Brain,GO:0030424;GO:0045334;GO:0030425;GO:0005768;GO:0070062;GO:0016020;GO:0043204;GO:0005886;GO:0005509;GO:0005544;GO:0001786;GO:0030154;GO:0071277;GO:1903861;GO:0098974
O00533,Cell adhesion molecule L1 like,Brain,GO:0045177;GO:0030425;GO:0070062;GO:0016020;GO:0005886;GO:0002020;GO:0008344;GO:0007411;GO:0007155;GO:0050890;GO:0035640;GO:0043524;GO:0001764;GO:0007165
Q6L8G8,Keratin associated protein 5-7,Testis,GO:0005829;GO:0005882
Q14416,Glutamate metabotropic receptor 2,Brain,GO:0097449;GO:0030424;GO:0030425;GO:0098978;GO:0005886;GO:0045211;GO:0042734;GO:0005246;GO:0004930;GO:0008066;GO:0001641;GO:0097110;GO:0035095;GO:0033554;GO:0007268;GO:0007216;GO:0010467;GO:0014047;GO:0090461;GO:0060292;GO:0007194;GO:0051897;GO:0099171;GO:0014059;GO:0014048;GO:2001023;GO:0051966;GO:0042220
A6NFC5,Transmembrane protein 235,Brain,GO:0016324;GO:0005783
Q9NQ11,ATPase cation transporting 13A2,Brain,GO:0005776;GO:0000421;GO:0005770;GO:0031902;GO:0043202;GO:0005765;GO:0005764;GO:0016020;GO:0005771;GO:0032585;GO:0043005;GO:0043025;GO:0030133;GO:0031982;GO:0015417;GO:0005524;GO:0016887;GO:0019829;GO:1903135;GO:0030145;GO:0015662;GO:0070300;GO:0080025;GO:0015203;GO:0008270;GO:1905037;GO:0061909;GO:0006914;GO:0071287;GO:0034599;GO:0071294;GO:0097734;GO:0006874;GO:0006879;GO:0030003;GO:0006882;GO:0055088;GO:0007041;GO:0034220;GO:1905166;GO:1990938;GO:1902047;GO:1903543;GO:0010628;GO:0050714;GO:0046777;GO:0061462;GO:0016243;GO:1903146;GO:1904714;GO:0052548;GO:0033157;GO:1905165;GO:0016241;GO:0010821;GO:0043523;GO:1900180;GO:2000152;GO:1903710;GO:0055085
Q5TCH4,Cytochrome P450 family 4 subfamily A member 22,Liver,GO:0005789;GO:0005615;GO:0043231;GO:0103002;GO:0018685;GO:0008391;GO:0020037;GO:0005506;GO:0102033;GO:0140981;GO:0019369;GO:0046456;GO:0001822;GO:0048252;GO:0043651;GO:0002933
Q9GZY0,Nuclear RNA export factor 2B,Testis,GO:0005737;GO:0005829;GO:0042272;GO:0005654;GO:0005634;GO:0003723;GO:0006406;GO:0016973;GO:0050658
Q9Y2Y4,Zinc finger and BTB domain containing 32,Testis,GO:0000785;GO:0005654;GO:0005634;GO:0003677;GO:0000981;GO:0001227;GO:0000978;GO:1990837;GO:0008270;GO:0000122;GO:0001817;GO:0002682
Q9Y6V0,Piccolo presynaptic cytomatrix protein,Brain,GO:0030424;GO:0005856;GO:0048788;GO:0070062;GO:0098982;GO:0098978;GO:0014069;GO:0045202;GO:0005509;GO:0005544;GO:0005522;GO:0098882;GO:0007010;GO:0030073;GO:0099140;GO:1904071;GO:0035418;GO:0017157;GO:0097091;GO:0016079
O14807,Muscle RAS oncogene homolog,Heart,GO:0005886;GO:0000164;GO:0003925;GO:0019003;GO:0005525;GO:0030742;GO:0003924;GO:0030036;GO:1990830;GO:0007265
A6NNT2,Chromosome 16 open reading frame 96,Testis,
O95803,N-deacetylase and N-sulfotransferase 3,Brain,GO:0005794;GO:0000139;GO:0015016;GO:0019213;GO:0102140;GO:0015012;GO:0015014;GO:0030210
O95259,Potassium voltage-gated channel subfamily H member 1,Brain,GO:0030424;GO:0030425;GO:0031901;GO:0043231;GO:0005637;GO:0043204;GO:0005886;GO:0098839;GO:0042734;GO:0008076;GO:0005516;GO:0005251;GO:1902936;GO:0071277;GO:0007520;GO:0071805;GO:0006813;GO:0042127;GO:0042391
O15090,Zinc finger protein 536,Brain,GO:0005634;GO:0000981;GO:0001227;GO:0046872;GO:0044323;GO:0000978;GO:0045665;GO:0048387;GO:0000122;GO:0006355
Q96SF2,Chaperonin containing TCP1 subunit 8 like 2,Testis,GO:0005832;GO:0005524;GO:0140662;GO:0015269;GO:0005253;GO:0051082;GO:0006457
Q5T601,Adhesion G protein-coupled receptor F1,Kidney,GO:0031410;GO:0005576;GO:0016020;GO:0005886;GO:0004930;GO:0007189;GO:0007166;GO:0006112;GO:0045444;GO:0007186;GO:0007613;GO:0031175;GO:0019216;GO:0007416
Q9H0B3,IQ motif containing N,Testis,GO:0005739;GO:0005634;GO:0007286
Q96KS0,Egl-9 family hypoxia inducible factor 2,Testis,GO:0005737;GO:0005654;GO:0005634;GO:0016706;GO:0008198;GO:0160082;GO:0031418;GO:0019826;GO:0031545;GO:0045454;GO:0071456;GO:0030520;GO:0018401;GO:0045732;GO:0001558;GO:0043523;GO:0001666
Q4VXA5,KH domain containing 1,Brain,GO:0005737;GO:0016020;GO:0003723
Q96M29,Tektin 5,Testis,GO:0160111;GO:0015630;GO:0005634;GO:0036126;GO:0060271;GO:0060294;GO:0030317
P00505,Glutamic-oxaloacetic transaminase 2,Heart,GO:0070062;GO:0005759;GO:0005739;GO:0005886;GO:0016212;GO:0004069;GO:0030170;GO:0003723;GO:0006103;GO:0019470;GO:0006532;GO:0006533;GO:0006531;GO:0015908;GO:0019550;GO:0006536;GO:0043490;GO:0006107;GO:0045471
Q9H898,Zinc finger matrin-type 4,Brain,GO:0005634;GO:0003677;GO:0042802;GO:0008270
Q5SV97,"PPARGC1 and ESRR induced regulator, muscle 1",Heart,GO:0005737;GO:0005634;GO:0006355;GO:0014850
Q9BUT9,MAPK regulated corepressor interacting protein 2,Liver,GO:0005737;GO:0010494;GO:0005634
Q8N4E7,Ferritin mitochondrial,Testis,GO:0005737;GO:0005759;GO:0005739;GO:0005634;GO:0008199;GO:0008198;GO:0004322;GO:0005506;GO:0006879;GO:0006826;GO:1904234;GO:0008284;GO:0051349;GO:1904231
Q96L94,Sorting nexin 22,Brain,GO:0030659;GO:1901981;GO:0015031
A5PL33,KRAB-A domain containing 1,Heart,
Q9NZC2,Triggering receptor expressed on myeloid cells 2,Brain,GO:0005576;GO:0016020;GO:0005886;GO:0044853;GO:0002116;GO:0001540;GO:0034186;GO:0034185;GO:0008013;GO:0008035;GO:0019209;GO:0008289;GO:0001530;GO:0071813;GO:0070891;GO:0030169;GO:0042834;GO:0008429;GO:0001786;GO:0005543;GO:1990782;GO:0044877;GO:0097110;GO:0017154;GO:0030215;GO:0038023;GO:0120146;GO:0004888;GO:0034189;GO:0097242;GO:0150094;GO:0043277;GO:0048143;GO:1904646;GO:0071333;GO:0071456;GO:0071396;GO:0071402;GO:0071223;GO:0140052;GO:0071224;GO:0150062;GO:0038160;GO:0050829;GO:0097028;GO:0097062;GO:0032497;GO:0070392;GO:0032499;GO:1905805;GO:0006959;GO:0098657;GO:0055088;GO:0007613;GO:0001774;GO:0002282;GO:0061518;GO:1905907;GO:0061889;GO:1904093;GO:0010507;GO:0043124;GO:0050866;GO:0010887;GO:1900016;GO:0070345;GO:0034351;GO:0002862;GO:0032691;GO:1902227;GO:0150079;GO:1900226;GO:1903753;GO:0051898;GO:0010891;GO:0034136;GO:0034144;GO:0032720;GO:0030316;GO:0006911;GO:0006910;GO:1900223;GO:0002588;GO:2001171;GO:1903082;GO:0050850;GO:1905291;GO:2000350;GO:0050921;GO:0010875;GO:0045960;GO:1901076;GO:0070374;GO:1904951;GO:0010628;GO:0010983;GO:0032733;GO:1901980;GO:0033674;GO:1905581;GO:0034241;GO:1903980;GO:1904141;GO:1901224;GO:0045672;GO:0050731;GO:0050766;GO:0060100;GO:0051897;GO:1901800;GO:1903078;GO:0001934;GO:0050714;GO:1905808;GO:0032008;GO:0070269;GO:1900015;GO:0010468;GO:0110089;GO:0045088;GO:0032675;GO:1902531;GO:0019216;GO:0071640;GO:1903376;GO:0050730;GO:0120035;GO:0060075;GO:0034151;GO:0032006;GO:0045728;GO:0048678;GO:0002931;GO:0007165;GO:0035176;GO:0002291
P80297,Metallothionein 1X,Liver,GO:0005737;GO:0005634;GO:0046872;GO:0008270;GO:0071276;GO:0071280;GO:0036018;GO:0071294;GO:0010273;GO:0006882;GO:0045926;GO:0010038
P50553,Achaete-scute family bHLH transcription factor 1,Brain,GO:0000785;GO:0043025;GO:0005634;GO:0090575;GO:0043425;GO:0003682;GO:0003700;GO:0000981;GO:0001227;GO:0070888;GO:0042802;GO:0003676;GO:0046983;GO:0000978;GO:0000977;GO:1990837;GO:0061104;GO:0061103;GO:0048469;GO:0071259;GO:0021954;GO:0021987;GO:0021892;GO:0021902;GO:0007507;GO:0060487;GO:0061100;GO:0097475;GO:0050883;GO:0043066;GO:0045892;GO:0045665;GO:0000122;GO:0007400;GO:0007405;GO:0022008;GO:0048666;GO:0030182;GO:0048663;GO:0048665;GO:0003358;GO:0003359;GO:0007219;GO:0060166;GO:0014003;GO:0048935;GO:0045787;GO:2000179;GO:0050769;GO:0043525;GO:0045666;GO:0045747;GO:0045944;GO:0030856;GO:0010468;GO:0007346;GO:0050767;GO:0060165;GO:0070849;GO:0051593;GO:0032526;GO:0007423;GO:0021527;GO:0021530;GO:0061102;GO:0060163;GO:0061549;GO:0048485;GO:0060579;GO:0021750
Q8N5V2,Neuronal guanine nucleotide exchange factor,Brain,GO:0005829;GO:0030426;GO:0016020;GO:0005085;GO:0030154;GO:0048013;GO:0061002;GO:0007399;GO:0032956;GO:0043087;GO:0051056
Q9BRQ4,Cilia and flagella associated protein 300,Testis,GO:0005737;GO:0005856;GO:0031514
Q8IUG5,Myosin XVIIIB,Heart,GO:0005737;GO:0031941;GO:0032982;GO:0016460;GO:0005634;GO:0016461;GO:0030018;GO:0051015;GO:0005524;GO:0003774;GO:0031032;GO:0055013;GO:0001701;GO:0001570
Q9Y2J8,Peptidyl arginine deiminase 2,Brain,GO:0035578;GO:0005737;GO:0005829;GO:0000791;GO:0070062;GO:0005576;GO:0005634;GO:0005509;GO:0140794;GO:0140810;GO:0140811;GO:0140797;GO:0140795;GO:0140798;GO:0140796;GO:0140809;GO:0030331;GO:0042803;GO:0004668;GO:1990830;GO:0006338;GO:0030520;GO:0070100;GO:1901624;GO:0021762;GO:0045815
Q9BXU1,Serine/threonine kinase 31,Testis,GO:0001669;GO:0004676;GO:0004679;GO:0005524;GO:0004677;GO:0004694;GO:0044024;GO:0072371;GO:1990244;GO:0035979;GO:0044025;GO:0140823;GO:0035175;GO:0044022;GO:0140855;GO:0035402;GO:0072354;GO:0140857;GO:0035403;GO:0044023;GO:0106310;GO:0072518;GO:0004711
Q9GZV1,Ankyrin repeat domain 2,Heart,GO:0005829;GO:0000791;GO:0031674;GO:0043231;GO:0005634;GO:0016605;GO:0043422;GO:0061629;GO:0008307;GO:0006936;GO:0007517;GO:0045662;GO:0000122;GO:0006357
Q9UKR8,Tetraspanin 16,Testis,GO:0016020;GO:0005886
Q96A98,Parathyroid hormone 2,Brain,GO:0005576;GO:0007218
Q9GZV9,Fibroblast growth factor 23,Heart,GO:0005737;GO:0005788;GO:0005576;GO:0005615;GO:0005796;GO:0008083;GO:0005105;GO:0055074;GO:0071354;GO:0044320;GO:0071374;GO:0071305;GO:0070371;GO:0008543;GO:0030643;GO:0030502;GO:0046888;GO:0045668;GO:0022008;GO:0055062;GO:0008284;GO:0045893;GO:0070374;GO:0043410;GO:0090080;GO:0010980;GO:0030334;GO:0010966;GO:0032026;GO:1904383;GO:0042369
Q96P65,Pyroglutamylated RFamide peptide receptor,Brain,GO:0016020;GO:0005886;GO:0004930;GO:0004983;GO:0032870;GO:0007186
Q8NEG0,Golgi associated RAB2 interactor family member 6,Testis,
O15240,VGF nerve growth factor inducible,Brain,GO:0031410;GO:0005788;GO:0005615;GO:0098978;GO:0005794;GO:0043231;GO:0043025;GO:0030133;GO:0008083;GO:0005179;GO:0005184;GO:0033500;GO:0042742;GO:0006091;GO:0042593;GO:0030073;GO:0001541;GO:0048168;GO:0048167;GO:0051591;GO:0009409;GO:0002021;GO:0032868;GO:0019953;GO:0099538
Q9Y5X0,Sorting nexin 10,Brain,GO:0090651;GO:0005813;GO:0005783;GO:0005768;GO:0031313;GO:0005634;GO:0030141;GO:0005545;GO:0051117;GO:1901981;GO:0035630;GO:0045453;GO:0055074;GO:0019725;GO:1990830;GO:0060271;GO:0006897;GO:0007032;GO:0001696;GO:0006886;GO:0030316;GO:0071539;GO:0061512;GO:0097178;GO:0044691;GO:0016050
Q99965,ADAM metallopeptidase domain 2,Testis,GO:0009986;GO:0005886;GO:0032991;GO:0005178;GO:0004222;GO:0008237;GO:0030534;GO:0007339;GO:0007155;GO:0007342;GO:0010467;GO:0008584;GO:0010628;GO:0006508;GO:0008542
Q9H9P2,Chondrolectin,Testis,GO:0005813;GO:0005737;GO:0005829;GO:0005789;GO:0048471;GO:0030246;GO:0007517;GO:0007399;GO:0050772
P00738,Haptoglobin,Liver,GO:0072562;GO:0071682;GO:0070062;GO:0005576;GO:0005615;GO:0031838;GO:0035580;GO:1904724;GO:0016209;GO:0030492;GO:0004252;GO:0006953;GO:0006952;GO:0042742;GO:0002376;GO:2000296;GO:0051354;GO:0042542
Q08629,"SPARC (osteonectin), cwcv and kazal like domains proteoglycan 1",Brain,GO:0062023;GO:0005737;GO:0031012;GO:0005615;GO:0031594;GO:0033268;GO:0014069;GO:0016528;GO:0005509;GO:0004869;GO:0005201;GO:0008191;GO:0004867;GO:0007155;GO:0021953;GO:0010812;GO:0010951;GO:0010977;GO:0007399;GO:0022008;GO:0001764;GO:0001558
P55197,MLLT10 histone lysine methyltransferase DOT1L cofactor,Testis,GO:0005654;GO:0005634;GO:0032991;GO:0003682;GO:0003677;GO:0042393;GO:0046872;GO:0031491;GO:0045944;GO:0006357
Q6P656,Cilia and flagella associated protein 161,Testis,GO:0160111;GO:0005879;GO:0031514;GO:0036126;GO:0060271;GO:0030317
Q01064,Phosphodiesterase 1B,Brain,GO:0005829;GO:0043025;GO:0004119;GO:0004118;GO:0004115;GO:0047555;GO:0005516;GO:0048101;GO:0004117;GO:0046872;GO:0019933;GO:0097011;GO:0036006;GO:0042420;GO:0007626;GO:0030224;GO:0001975;GO:0042428;GO:0008542
Q9Y6L7,Tolloid like 2,Brain,GO:0005576;GO:0005615;GO:0005509;GO:0004222;GO:0004252;GO:0008270;GO:0030154;GO:0030199;GO:0009953;GO:0048632;GO:0016485
Q8N7Z2,Golgin A6 family like 1,Testis,
Q8N9E0,Family with sequence similarity 133 member A,Testis,
Q3KNS6,Zinc finger protein 829,Testis,GO:0005634;GO:0000981;GO:0046872;GO:0000978;GO:0006357
Q96LM6,Testis expressed 37,Testis,GO:0160111;GO:0005737;GO:0005829;GO:0005634;GO:0036126;GO:0030317
O95897,Olfactomedin 2,Brain,GO:0032281;GO:0005737;GO:0005576;GO:0005615;GO:0005654;GO:0005634;GO:0045202;GO:0051152;GO:0009306;GO:1905174;GO:0007165
Q9UHC9,NPC1 like intracellular cholesterol transporter 1,Liver,GO:0016324;GO:0030659;GO:0005886;GO:0015485;GO:0031489;GO:0042803;GO:0031267;GO:0008431;GO:0071501;GO:0006695;GO:0042632;GO:0030301;GO:0030299;GO:0042157;GO:0015918;GO:0042360;GO:0051180
Q76KX8,Zinc finger protein 534,Brain,GO:0005634;GO:0000981;GO:0046872;GO:0000978;GO:0006357
Q9Y216,Myotubularin related protein 7,Brain,GO:0005737;GO:0005829;GO:0012505;GO:0016020;GO:0016312;GO:0052629;GO:0106018;GO:0004438;GO:0004725;GO:0006661;GO:0046856;GO:0006470
Q01101,INSM transcriptional repressor 1,Brain,GO:0005654;GO:0005634;GO:0017053;GO:0031490;GO:0030332;GO:0003700;GO:0001227;GO:0042826;GO:0046872;GO:0060090;GO:0000978;GO:0061104;GO:0016477;GO:0008283;GO:0008285;GO:0001933;GO:0000122;GO:0030182;GO:0003358;GO:0042421;GO:0003310;GO:0045597;GO:0030335;GO:2000179;GO:0051726;GO:0010564;GO:0010468;GO:0043254;GO:0061549;GO:0060290;GO:0003323;GO:0003309
Q9H0A9,Spermatogenesis and centriole associated 1 like,Testis,GO:0005813;GO:0120212;GO:0042802;GO:0034237;GO:0008154;GO:0141163;GO:0007283
Q9HBG4,ATPase H+ transporting V0 subunit a4,Kidney,GO:0045177;GO:0016324;GO:0016323;GO:0031526;GO:0005768;GO:0010008;GO:0070062;GO:0005765;GO:0030670;GO:0005886;GO:0033176;GO:0030672;GO:0016471;GO:0000220;GO:0051117;GO:0046961;GO:0051452;GO:0001503;GO:1902600;GO:0006885;GO:0097254;GO:0007605;GO:0097401;GO:0007035
Q9UGI6,Potassium calcium-activated channel subfamily N member 3,Brain,GO:0043005;GO:0043025;GO:0005886;GO:0030018;GO:0005516;GO:0005242;GO:0016286;GO:0071805
Q16880,UDP glycosyltransferase 8,Brain,GO:0005783;GO:0005789;GO:0003851;GO:0008489;GO:0007417;GO:0007010;GO:0006682;GO:0006688;GO:0048812;GO:0030913;GO:0007422;GO:0002175;GO:0035902
Q5TID7,Coiled-coil domain containing 181,Testis,GO:0005737;GO:0002177;GO:0005874;GO:0036126;GO:0008017
Q9Y5N1,Histamine receptor H3,Brain,GO:0030425;GO:0005886;GO:0098793;GO:0045202;GO:0004969;GO:0030594;GO:0007197;GO:0007268;GO:0007187;GO:0007269
Q9UBM8,MGAT4 family member C,Testis,GO:0000139;GO:0008375;GO:0008454;GO:0046872;GO:0006487;GO:0019082
Q92777,Synapsin II,Brain,GO:0098978;GO:0005886;GO:0014069;GO:0098685;GO:0031201;GO:0045202;GO:0030672;GO:0005524;GO:0042802;GO:0017156;GO:0007268;GO:0007269;GO:0050808;GO:0097091
P49888,Sulfotransferase family 1E member 1,Liver,GO:0005737;GO:0005829;GO:0031965;GO:0004062;GO:0004304;GO:0047894;GO:0005496;GO:0050294;GO:0008146;GO:0050427;GO:0006711;GO:0008210;GO:0006068;GO:0045600;GO:0008202;GO:0051923
Q9UJM8,Hydroxyacid oxidase 1,Liver,GO:0005829;GO:0043231;GO:0005782;GO:0003973;GO:0010181;GO:0047969;GO:0001561;GO:0006545;GO:0046296;GO:0006979
P55103,Inhibin subunit beta C,Liver,GO:0005576;GO:0005615;GO:0005125;GO:0008083;GO:0005179;GO:0005160
Q9BYV8,Centrosomal protein 41,Testis,GO:0005814;GO:0005813;GO:0036064;GO:0005929;GO:0005829;GO:0016020;GO:0060271;GO:0018095;GO:0015031
Q71DI3,H3 clustered histone 14,Brain,GO:0070062;GO:0005576;GO:0005654;GO:0000786;GO:0005634;GO:0003677;GO:0046982;GO:0030527;GO:0006325;GO:0006334
Q8TC57,Meiosis 1 associated protein,Testis,GO:0005737;GO:0016020;GO:0042802;GO:0030154;GO:0006325;GO:0007292;GO:0051308;GO:0007127;GO:0006396;GO:0007283
P42765,Acetyl-CoA acyltransferase 2,Liver,GO:0005759;GO:0005739;GO:0003985;GO:0003988;GO:0003986;GO:0047617;GO:0003723;GO:0071456;GO:0006695;GO:0006635;GO:1902109;GO:1901029
O95925,Epididymal peptidase inhibitor,Testis,GO:0001669;GO:0009986;GO:0005615;GO:0032991;GO:0097524;GO:0004867;GO:0042742;GO:0090281;GO:1901318;GO:0010466
P07327,"Alcohol dehydrogenase 1A (class I), alpha polypeptide",Liver,GO:0005829;GO:0005654;GO:0005886;GO:0004022;GO:0004745;GO:1990362;GO:0008270;GO:0006066;GO:0042573;GO:0042572
A6NHP3,Speedy/RINGO cell cycle regulator family member E2B,Testis,GO:0019901
O95416,SRY-box transcription factor 14,Brain,GO:0000785;GO:0005634;GO:0005667;GO:0003682;GO:0001228;GO:0000981;GO:0000978;GO:0043565;GO:1990837;GO:0007420;GO:0009649;GO:0045892;GO:0000122;GO:0007399;GO:0030182;GO:0045944;GO:2001222;GO:0007601
Q9UQ10,Dihydrodiol dehydrogenase,Kidney,GO:0047837;GO:0000166;GO:0047115;GO:0042843
Q9NR64,Kelch like family member 1,Brain,GO:0031463;GO:0005737;GO:0005856;GO:0030425;GO:0043025;GO:0003779;GO:1990756;GO:0030036;GO:0007628;GO:0021680;GO:0016358;GO:0043161
Q8NB12,SET and MYND domain containing 1,Heart,GO:0005737;GO:0005634;GO:0003677;GO:0140999;GO:0046872;GO:0003714;GO:0007507;GO:0032259;GO:0045663;GO:0010831;GO:0035914
Q8ND82,Zinc finger protein 280C,Testis,GO:0005634;GO:0000981;GO:0046872;GO:0000978;GO:0006355
Q9UN36,NDRG family member 2,Brain,GO:0005737;GO:0005829;GO:0070062;GO:0005794;GO:0030426;GO:0005634;GO:0048471;GO:0030154;GO:0001818;GO:0070373;GO:1904706;GO:0090361;GO:0010574;GO:0007165;GO:0021762;GO:1990874;GO:0016055
Q695T7,Solute carrier family 6 member 19,Kidney,GO:0016324;GO:0031526;GO:0070062;GO:0005886;GO:0015171;GO:0015175;GO:0015293;GO:0006865;GO:0015804;GO:0007584;GO:0035725;GO:0019058
A1L453,Serine protease 38,Testis,GO:0005576;GO:0004252;GO:0006508
Q8IYA6,Cytoskeleton associated protein 2 like,Testis,GO:0005813;GO:0005829;GO:0015630;GO:0072686;GO:0000922
Q6ZU67,BEN domain containing 4,Testis,GO:0003677
Q9BVL4,Selenoprotein O,Liver,GO:0005694;GO:0005739;GO:0070733;GO:0005524;GO:0046872;GO:0018117
Q15653,NFKB inhibitor beta,Testis,GO:0005829;GO:0005634;GO:0003713;GO:0071222;GO:0006351;GO:0006954;GO:0043122;GO:0007165
Q9UKJ8,ADAM metallopeptidase domain 21,Testis,GO:0030424;GO:0009897;GO:0043025;GO:0005886;GO:1990913;GO:0046872;GO:0004222;GO:0008237;GO:0008584;GO:0006508;GO:0007338
Q12988,Heat shock protein family B (small) member 3,Heart,GO:0005737;GO:0016607;GO:0005634;GO:0006986
Q8N7G0,"POU domain class 5, transcription factor 2",Testis,GO:0000785;GO:0005634;GO:0000981;GO:0000978;GO:0006357
Q96T49,Protein phosphatase 1 regulatory subunit 16B,Brain,GO:0042995;GO:0005737;GO:0016607;GO:0005634;GO:0048471;GO:0005886;GO:0004857;GO:0017020;GO:0019888;GO:0061028;GO:1903589;GO:0001938;GO:0051489;GO:0051896;GO:1903670
P21802,Fibroblast growth factor receptor 2,Brain,GO:0005938;GO:0009986;GO:0005737;GO:0031410;GO:0060076;GO:0005576;GO:0005794;GO:0016020;GO:0005634;GO:0005886;GO:0043235;GO:0005524;GO:0008288;GO:0060175;GO:0005006;GO:0017134;GO:0005007;GO:0005004;GO:0008201;GO:0005008;GO:0140801;GO:0035401;GO:0042802;GO:0005009;GO:0005010;GO:0005011;GO:0036332;GO:0005018;GO:0005019;GO:0042803;GO:0004713;GO:0038062;GO:0005020;GO:0005005;GO:0005021;GO:0001525;GO:0009887;GO:0006915;GO:0007409;GO:0060348;GO:0030282;GO:0060349;GO:0060667;GO:0060670;GO:0060442;GO:0060445;GO:0048755;GO:0060449;GO:0045165;GO:0007169;GO:0007267;GO:0071456;GO:0071300;GO:0071560;GO:0048565;GO:0048701;GO:0048557;GO:0048568;GO:0048562;GO:0009880;GO:0003416;GO:0048730;GO:0030855;GO:0060664;GO:0001837;GO:0008543;GO:0035603;GO:0060595;GO:0035602;GO:0035607;GO:0035604;GO:0022612;GO:0031069;GO:0001701;GO:0042472;GO:0032808;GO:0060601;GO:0060174;GO:0048286;GO:0030324;GO:0060463;GO:0060484;GO:0060615;GO:0003149;GO:0048762;GO:0060915;GO:0060916;GO:0048333;GO:0030901;GO:0016331;GO:0010839;GO:0000122;GO:0042476;GO:0021769;GO:0035265;GO:0030916;GO:0003148;GO:0018108;GO:0090263;GO:0060045;GO:0045787;GO:0051781;GO:0008284;GO:0050679;GO:0060501;GO:0070374;GO:0043410;GO:0002053;GO:0010518;GO:0045944;GO:1904707;GO:0030177;GO:0009791;GO:0060527;GO:0060523;GO:0060512;GO:0046777;GO:0021860;GO:0070372;GO:0060688;GO:0045667;GO:0033688;GO:0051150;GO:0008589;GO:0048608;GO:0045471;GO:0032496;GO:0048705;GO:0060529;GO:0001657;GO:0055010;GO:0021847
Q8N693,ESX homeobox 1,Testis,GO:0000785;GO:0005737;GO:0016607;GO:0005634;GO:0000981;GO:0001227;GO:0000977;GO:0043565;GO:1990837;GO:0045892;GO:0000122;GO:0051726;GO:0006357
Q9H7V2,Synapse differentiation inducing 1,Heart,GO:0044297;GO:0043198;GO:0043197;GO:0031901;GO:0060076;GO:0098978;GO:0043231;GO:0005886;GO:0014069;GO:0098839;GO:0030672;GO:0035254;GO:0042803;GO:0006886;GO:0051965;GO:0150052;GO:0097091
Q9UKL6,Phosphatidylcholine transfer protein,Liver,GO:0005829;GO:0031210;GO:0008525;GO:0006869;GO:0120163;GO:0015914
Q9BRK0,Receptor accessory protein 2,Brain,GO:0005881;GO:0005783;GO:0005789;GO:0071782;GO:0005886;GO:0008017;GO:0031883;GO:0071786;GO:0032596;GO:0032386;GO:0050913;GO:0050916
Q8WWZ8,Oncoprotein induced transcript 3,Liver,GO:0005635;GO:0005509;GO:0003014
Q96LR4,TAFA chemokine like family member 4,Brain,GO:0005615;GO:0098978;GO:0030672;GO:0048018;GO:0048246;GO:0006909;GO:0042391;GO:0051930;GO:0010469;GO:0042554
Q6ZTA4,Tripartite motif containing 67,Brain,GO:0005737;GO:0005856;GO:0008270;GO:0046580;GO:0010976;GO:2000060;GO:0032880
O14990,PPP1R2C family member C,Testis,GO:0004864;GO:0035556;GO:0009966
Q6UXN7,Translocase of outer mitochondrial membrane 20 like,Testis,GO:0005742;GO:0030943;GO:0006886;GO:0030150;GO:0016031
P13640,Metallothionein 1G,Liver,GO:0005737;GO:0005634;GO:0046872;GO:0008270;GO:0071276;GO:0071280;GO:0035924;GO:0071294;GO:0010273;GO:0006882;GO:0042117;GO:0030224;GO:0045926
P28331,NADH:ubiquinone oxidoreductase core subunit S1,Heart,GO:0005743;GO:0005758;GO:0005759;GO:0005739;GO:0045271;GO:0051537;GO:0051539;GO:0009055;GO:0046872;GO:0008137;GO:0009060;GO:0045333;GO:0006120;GO:0032981;GO:0042776
P51649,Aldehyde dehydrogenase 5 family member A1,Liver,GO:0005759;GO:0005739;GO:0045202;GO:0042802;GO:0004777;GO:0007417;GO:0009450;GO:0006536;GO:0009791;GO:0006105;GO:0051932
Q9BYC2,3-oxoacid CoA-transferase 2,Testis,GO:0005759;GO:0005739;GO:0031514;GO:0008260;GO:0046950;GO:0046952
Q9NPJ3,Acyl-CoA thioesterase 13,Liver,GO:0005829;GO:0005759;GO:0005739;GO:0005634;GO:0005819;GO:0047617;GO:0046872;GO:0006629;GO:0120163;GO:0051289
Q9HC56,Protocadherin 9,Brain,GO:0044291;GO:0098978;GO:0030426;GO:0005886;GO:0097060;GO:0005509;GO:0007155;GO:0030900;GO:0007156
O15540,Fatty acid binding protein 7,Brain,GO:0005829;GO:0005634;GO:0005504;GO:0008289;GO:0050673;GO:0015908;GO:0008285;GO:0007399
Q13790,Apolipoprotein F,Liver,GO:0005615;GO:0034364;GO:0034362;GO:0015485;GO:0005319;GO:0005102;GO:0008203;GO:0006629;GO:0006869
Q7Z443,"Polycystin 1 like 3, transient receptor potential channel interacting",Liver,GO:0034703;GO:0070062;GO:0016020;GO:0005886;GO:0043235;GO:0005262;GO:0005227;GO:0030246;GO:0160128;GO:0070588;GO:0071468;GO:0001581;GO:0050982;GO:0098655;GO:0006812;GO:0050915
Q96KX2,Capping actin protein of muscle Z-line subunit alpha 3,Testis,GO:0030863;GO:0005829;GO:0008290;GO:0016020;GO:0005634;GO:0061827;GO:0051015;GO:0030036;GO:0007015;GO:0051016;GO:0007028;GO:0007286
Q9BXF9,Tektin 3,Testis,GO:0002080;GO:0001669;GO:0160111;GO:0005879;GO:0070062;GO:0015630;GO:0005634;GO:0002081;GO:0036126;GO:0060271;GO:0060294;GO:0030317;GO:0060378
Q9BYV1,Alanine--glyoxylate aminotransferase 2,Liver,GO:0005759;GO:0005739;GO:0047305;GO:0008453;GO:0016223;GO:0030170;GO:0019265;GO:0009436;GO:0019481;GO:2001299;GO:0045429
Q9H4S2,GS homeobox 1,Brain,GO:0000785;GO:0005634;GO:0001228;GO:0000981;GO:0000978;GO:0043565;GO:1990837;GO:0021984;GO:0007417;GO:0021854;GO:0030182;GO:0048663;GO:0045944;GO:0021527;GO:0006366
Q9GZN0,G protein-coupled receptor 88,Brain,GO:0060170;GO:0005929;GO:0005737;GO:0005634;GO:0005886;GO:0004941;GO:0003774;GO:0008020;GO:0007188;GO:0071482;GO:0007186;GO:0007626;GO:0061743;GO:0050885;GO:0019228;GO:0007602
Q8N966,Zinc finger DHHC-type palmitoyltransferase 22,Brain,GO:0005783;GO:0005789;GO:0005794;GO:0000139;GO:0005886;GO:0019706;GO:0072659;GO:0018345;GO:0006612
B7Z1M9,C2 calcium dependent domain containing 4D,Brain,
Q8NCR3,Chromosome 11 open reading frame 65,Testis,GO:0005829;GO:0005741;GO:0090258;GO:1903215
P43356,MAGE family member A2B,Testis,GO:0005634;GO:0016605;GO:0140297;GO:0042826;GO:0031625;GO:0090398;GO:1901984;GO:0033234;GO:0000122;GO:0051443;GO:0030163;GO:0072331
Q2M3G4,Shroom family member 1,Liver,GO:0005912;GO:0043296;GO:0016324;GO:0030864;GO:0005874;GO:0051015;GO:0045159;GO:0051017;GO:0000902
P18405,Steroid 5 alpha-reductase 1,Liver,GO:0070852;GO:0005789;GO:0043025;GO:0048471;GO:0003865;GO:0047751;GO:0033218;GO:0009055;GO:0070402;GO:0006702;GO:0006710;GO:0060348;GO:0030154;GO:0071320;GO:0071549;GO:0071872;GO:0071392;GO:0071363;GO:0032869;GO:0009267;GO:0071394;GO:0021987;GO:0016101;GO:0030540;GO:0021766;GO:0021854;GO:0001889;GO:0030539;GO:0008584;GO:0021983;GO:0042448;GO:0043627;GO:0032354;GO:0060992;GO:0060416;GO:0014850;GO:0009410;GO:0042428;GO:0007530;GO:0021510;GO:0006694;GO:0021794;GO:0001655
A0A3B3IU63,H2A.L variant histone 3,Testis,GO:0000786;GO:0005634;GO:0003677;GO:0046982;GO:0030527;GO:0031507
P20813,Cytochrome P450 family 2 subfamily B member 6,Liver,GO:0005737;GO:0005789;GO:0043231;GO:0062188;GO:0062189;GO:0062187;GO:0008392;GO:0101021;GO:0020037;GO:0005506;GO:0004497;GO:0016712;GO:0008390;GO:0062184;GO:0019373;GO:0042180;GO:0008202;GO:0042178;GO:0006805
Q9UKB3,DnaJ heat shock protein family (Hsp40) member C12,Brain,GO:0005737
Q13061,Triadin,Heart,GO:0005829;GO:0005783;GO:0030314;GO:0014701;GO:0016020;GO:0005654;GO:0005886;GO:0016529;GO:0033018;GO:0033017;GO:0030674;GO:0005102;GO:0044325;GO:0031122;GO:0090158;GO:0051649;GO:0060047;GO:0006874;GO:0006936;GO:0060315;GO:1901846;GO:0060316;GO:0086036;GO:0010649;GO:0051279;GO:0010880;GO:0014808;GO:0009617
Q9BU89,Deoxyhypusine hydroxylase,Brain,GO:0005829;GO:0019135;GO:0005506;GO:0008612
Q8NHQ8,Ras association domain family member 8,Testis,GO:0007165
Q9UPR5,Solute carrier family 8 member A2,Brain,GO:0030424;GO:0043679;GO:0016323;GO:0030425;GO:0043197;GO:0043025;GO:0043204;GO:0005886;GO:0098794;GO:0014069;GO:0098793;GO:0042383;GO:0045202;GO:0015085;GO:1905060;GO:0005432;GO:0005516;GO:0046872;GO:0015081;GO:1990034;GO:0098703;GO:0070588;GO:0007154;GO:0050890;GO:0006874;GO:0007612;GO:0007611;GO:0060291;GO:0007613;GO:0098815;GO:0006811;GO:0070050;GO:0071902;GO:0099608;GO:0106056;GO:1903779;GO:0051480;GO:0010468;GO:0048172;GO:0002931;GO:0035725;GO:0050808;GO:0150104
P13637,ATPase Na+/K+ transporting subunit alpha 3,Heart,GO:0030424;GO:0005783;GO:1903561;GO:0005794;GO:0016020;GO:0098984;GO:0043025;GO:0032809;GO:0031090;GO:0001917;GO:0060342;GO:0005886;GO:0005890;GO:0045202;GO:0001540;GO:0005524;GO:0016887;GO:0046872;GO:0005391;GO:0051087;GO:1990239;GO:0086064;GO:1904646;GO:0071383;GO:0030007;GO:0006883;GO:1990535;GO:1990573;GO:1902600;GO:0060075;GO:1903416;GO:0036376
Q5VX71,Sushi domain containing 4,Brain,GO:0005576;GO:0098688;GO:0045211;GO:0006958;GO:0045087;GO:0045957;GO:0045959;GO:0030449;GO:0099149
Q8N8U2,Chromodomain Y like 2,Brain,GO:0005634;GO:0035064;GO:0003714
F2Z333,Fibronectin type III domain containing 10,Brain,GO:0016020
P34969,5-hydroxytryptamine receptor 7,Testis,GO:0030425;GO:0005886;GO:0045202;GO:0032588;GO:0004993;GO:0030594;GO:0099589;GO:0007192;GO:0008015;GO:0007268;GO:0007623;GO:0007187;GO:0006939;GO:0042310
Q8IV16,Glycosylphosphatidylinositol anchored high density lipoprotein binding protein 1,Brain,GO:0016324;GO:0016323;GO:1902494;GO:0009897;GO:0005576;GO:0005886;GO:0035478;GO:0035473;GO:0008289;GO:0060230;GO:0071813;GO:0140318;GO:0042632;GO:0006886;GO:0090321;GO:0051006;GO:0017038;GO:0034394;GO:0050821;GO:0071503;GO:0045056;GO:0019433;GO:0070328
Q9UBF1,MAGE family member C2,Testis,GO:0005829;GO:0005654;GO:0005634;GO:0031625;GO:0000122;GO:0051443;GO:0030163
Q9NTI2,ATPase phospholipid transporting 8A2,Brain,GO:0042995;GO:0010008;GO:0005794;GO:0000139;GO:0005654;GO:1990531;GO:0005886;GO:0005524;GO:0016887;GO:0140326;GO:0000287;GO:0090555;GO:0140346;GO:0090556;GO:0140331;GO:0007409;GO:0050908;GO:0008340;GO:0042755;GO:0042472;GO:0003011;GO:0008285;GO:0060052;GO:0050884;GO:0048666;GO:0045332;GO:0040018;GO:0010976;GO:0061092;GO:0010996;GO:0010842;GO:0043588
Q14289,Protein tyrosine kinase 2 beta,Brain,GO:0097440;GO:0044297;GO:0005938;GO:0005737;GO:0005856;GO:0005829;GO:0030425;GO:0043197;GO:0005925;GO:0098978;GO:0030426;GO:0030027;GO:0043025;GO:0017146;GO:0005634;GO:0048471;GO:0005886;GO:0014069;GO:0099092;GO:0098793;GO:0098685;GO:0043423;GO:0005524;GO:0004683;GO:0035254;GO:0140801;GO:0035401;GO:0099602;GO:0004715;GO:0004713;GO:0044877;GO:0031625;GO:0042976;GO:0002250;GO:0006915;GO:0043534;GO:0045453;GO:0007166;GO:0006968;GO:0071498;GO:0071300;GO:0070098;GO:0030865;GO:0086100;GO:0007173;GO:0048041;GO:0014009;GO:0007229;GO:0035235;GO:0060292;GO:0060291;GO:0000165;GO:0002315;GO:0043066;GO:0030502;GO:0008285;GO:0010656;GO:0045638;GO:0043524;GO:0043267;GO:0031175;GO:0001556;GO:0038083;GO:0018108;GO:0030838;GO:0045766;GO:2000538;GO:0030307;GO:0030335;GO:0008284;GO:0001954;GO:0007204;GO:2000573;GO:0010595;GO:0070374;GO:2000463;GO:0046330;GO:0010976;GO:0045429;GO:0051897;GO:0045860;GO:2000379;GO:0051968;GO:0045727;GO:2000060;GO:0099170;GO:0046777;GO:0006468;GO:0065003;GO:0032956;GO:0030155;GO:0008360;GO:0010758;GO:0099151;GO:0051279;GO:0048167;GO:2000058;GO:0051592;GO:0051591;GO:0043157;GO:0042220;GO:0045471;GO:0009749;GO:0009725;GO:0042542;GO:0001666;GO:0035902;GO:0002931;GO:0009612;GO:0009410;GO:0007172;GO:0007165;GO:0002040;GO:0043149;GO:0033209;GO:0048010
O14957,"Ubiquinol-cytochrome c reductase, complex III subunit XI",Heart,GO:0005743;GO:0005739;GO:0045275;GO:0009055;GO:0045333;GO:0006091;GO:0006122
Q96M86,Dynein heavy chain domain 1,Testis,GO:0070062;GO:0036156;GO:0036126;GO:0005524;GO:0045505;GO:0051959;GO:0008569;GO:0030317;GO:0120316
O94991,SLIT and NTRK like family member 5,Brain,GO:0098978;GO:0005886;GO:0098839;GO:0043235;GO:0030534;GO:0007409;GO:0007268;GO:0072359;GO:0048813;GO:0007625;GO:0051965;GO:0150035;GO:0009410;GO:0043588;GO:0021756;GO:0099560
Q5TGL8,PX domain containing 1,Liver,GO:0035091
A8MT70,Zinc finger B-box domain containing,Testis,GO:0046872
Q96HH4,Transmembrane protein 169,Brain,GO:0016020
Q9NRU3,Cyclin and CBS domain divalent metal cation transport mediator 1,Brain,GO:0005886;GO:0022857;GO:0010960;GO:0006811
H0YM25,Golgin A6 family like 22,Testis,
O43759,Synaptogyrin 1,Brain,GO:0035577;GO:0042470;GO:0016020;GO:0031594;GO:0005886;GO:0098685;GO:0030672;GO:1990830;GO:0006605;GO:0045055;GO:0048169;GO:0048172;GO:0048499
Q14088,"RAB33A, member RAS oncogene family",Brain,GO:0005768;GO:0005794;GO:0000139;GO:0005886;GO:0005525;GO:0003924;GO:0019882;GO:0000045;GO:0032482
Q9BVA1,Tubulin beta 2B class IIb,Brain,GO:0005737;GO:0045171;GO:0005874;GO:0015630;GO:0072686;GO:0005634;GO:0098685;GO:0005525;GO:0003924;GO:0046872;GO:0046982;GO:0005200;GO:0021987;GO:1990403;GO:0000226;GO:0007017;GO:0000278;GO:0050804;GO:0001764;GO:1902669
P0C672,Tetraspanin 19,Testis,GO:0005886
A6NNA5,Dorsal root ganglia homeobox,Brain,GO:0000785;GO:0005634;GO:0000981;GO:0000977;GO:1990837;GO:0007411;GO:0009593;GO:0016048;GO:0021516;GO:0001764;GO:0006357;GO:0050954;GO:0021559
Q96CB9,NOP2/Sun RNA methyltransferase 4,Testis,GO:0005762;GO:0005759;GO:0005739;GO:0008168;GO:0062152;GO:0008173;GO:0009383;GO:0019843;GO:0008649;GO:0016428;GO:0000957;GO:1900864;GO:0031167
Q8N2Q7,Neuroligin 1,Brain,GO:0098985;GO:0009986;GO:0030425;GO:0043197;GO:0060076;GO:0032433;GO:0098982;GO:0098978;GO:0005794;GO:0016020;GO:0031594;GO:0005886;GO:0098794;GO:0014069;GO:0045211;GO:0099634;GO:0098793;GO:0098635;GO:0043235;GO:0045202;GO:0043083;GO:0001540;GO:0050839;GO:0042802;GO:0042043;GO:0030165;GO:0097110;GO:0038023;GO:0097113;GO:0016339;GO:0071277;GO:0007268;GO:0048789;GO:0045184;GO:1904861;GO:0007157;GO:0050804;GO:0061002;GO:0007399;GO:0097115;GO:0007158;GO:0140058;GO:0031175;GO:0048812;GO:0023041;GO:0097114;GO:0010841;GO:0060999;GO:2000463;GO:0051491;GO:1902533;GO:1900075;GO:1900029;GO:0051965;GO:0032230;GO:0051968;GO:1900244;GO:2000302;GO:0097119;GO:0097104;GO:0099054;GO:0097105;GO:0035418;GO:0006605;GO:0097120;GO:2000311;GO:0045664;GO:2000310;GO:0048511;GO:0007416;GO:0097091;GO:0048488;GO:0016080;GO:0072553
Q96N87,Solute carrier family 6 member 18,Kidney,GO:0016324;GO:0031526;GO:0005886;GO:0015171;GO:0140931;GO:0006865;GO:0006836;GO:0015804;GO:1990297;GO:0035725
Q15415,RNA binding motif protein Y-linked family 1 member J,Testis,GO:0005730;GO:0005654;GO:0005681;GO:0042802;GO:0003723;GO:0006397;GO:0048026;GO:0008380
Q9BZD7,Proline rich and Gla domain 3,Brain,GO:0005615;GO:0016020;GO:0005509;GO:0004252;GO:0007596
O75541,Zinc finger protein 821,Testis,GO:0005634;GO:0003700;GO:0046872;GO:0000978;GO:1990837;GO:0006357
Q9NQ03,Scratch family transcriptional repressor 2,Brain,GO:0000785;GO:0005634;GO:0000981;GO:0001227;GO:0070888;GO:0046872;GO:0000978;GO:1990837;GO:1902042;GO:0000122;GO:0006355;GO:2001222
Q9BZR6,Reticulon 4 receptor,Brain,GO:0044295;GO:0009986;GO:0043198;GO:0005783;GO:0009897;GO:0070062;GO:0098978;GO:0045121;GO:0043005;GO:0043025;GO:0043204;GO:0005886;GO:0098793;GO:0035374;GO:1905573;GO:1905576;GO:0008201;GO:0038131;GO:0044877;GO:0038023;GO:0007409;GO:0007166;GO:0022038;GO:0030517;GO:0048681;GO:0010977;GO:0023041;GO:0043547;GO:0035025;GO:0150052
Q2M3V2,Sosondowah ankyrin repeat domain family member A,Brain,
Q8N398,Von Willebrand factor A domain containing 5B2,Brain,
Q8TD47,Ribosomal protein S4 Y-linked 2,Testis,GO:0022627;GO:0003723;GO:0019843;GO:0003735;GO:0006412
Q8TEB7,Ring finger protein 128,Liver,GO:0005737;GO:0005856;GO:0005829;GO:0005783;GO:0005794;GO:0005770;GO:0016020;GO:0048471;GO:0046872;GO:0061630;GO:0001818;GO:1904352;GO:0061462;GO:0016567;GO:0031647;GO:0006511
P63215,G protein subunit gamma 3,Brain,GO:0044297;GO:0030425;GO:0005834;GO:0005886;GO:0014069;GO:0031681;GO:0003924;GO:0007186;GO:0007204
P28288,ATP binding cassette subfamily D member 3,Liver,GO:0005829;GO:0043231;GO:0016020;GO:0005739;GO:0005782;GO:0005778;GO:0005777;GO:0140359;GO:0005524;GO:0016887;GO:0042626;GO:0047617;GO:0005324;GO:0042803;GO:0015721;GO:0006699;GO:0006635;GO:0006633;GO:0015910;GO:0007031;GO:1903512;GO:0014070;GO:0009410;GO:0042760;GO:0000038
O00305,Calcium voltage-gated channel auxiliary subunit beta 4,Brain,GO:0009898;GO:0005829;GO:0098978;GO:0016607;GO:0005886;GO:0098793;GO:0045202;GO:0005891;GO:0019901;GO:0099626;GO:0007628;GO:0006816;GO:0046058;GO:1990830;GO:0007268;GO:0050908;GO:0014051;GO:0007214;GO:0055001;GO:0008285;GO:2000134;GO:0007528;GO:0019227;GO:0048541;GO:1904751;GO:2000300;GO:1901385;GO:0048536;GO:0035249;GO:0050852;GO:0048538
Q6IC83,Chromosome 22 open reading frame 42,Brain,
O15229,Kynurenine 3-monooxygenase,Kidney,GO:0005829;GO:0005615;GO:0005741;GO:0005739;GO:0071949;GO:0050660;GO:0004502;GO:0016174;GO:0034354;GO:0043420;GO:0071347;GO:0071222;GO:0034276;GO:0070189;GO:0097052;GO:0019674;GO:1903296;GO:0019805;GO:0009651;GO:0006569
Q8WXS4,Transmembrane protein 37,Liver,GO:0034702;GO:0005262;GO:0005244
Q96LB4,ATPase H+ transporting V1 subunit G3,Kidney,GO:0005829;GO:0005886;GO:0030672;GO:0000221;GO:0016887;GO:0051117;GO:0046961;GO:0097401
P0DMS9,Transmembrane and immunoglobulin domain containing 3,Testis,GO:0016020;GO:0005886;GO:0007190;GO:0006954;GO:0030336;GO:0008285;GO:0032088;GO:0008016;GO:0045088;GO:0009611;GO:0007165
O60641,Synaptosome associated protein 91,Brain,GO:0005905;GO:0030136;GO:0098894;GO:0008021;GO:0005545;GO:0032050;GO:0005546;GO:0019901;GO:0000149;GO:0048268;GO:0072583;GO:0015031;GO:2000369;GO:0016185
Q9H310,Rh family B glycoprotein,Brain,GO:0016323;GO:0005886;GO:0014731;GO:0008519;GO:0030506;GO:0035379;GO:0097272;GO:0072488;GO:0070634
Q4LDG9,Dynein axonemal light chain 1,Testis,GO:0005737;GO:0005874;GO:0036157;GO:0043014;GO:0045504;GO:0036158
O15528,Cytochrome P450 family 27 subfamily B member 1,Kidney,GO:0005737;GO:0005741;GO:0005739;GO:0004498;GO:0020037;GO:0005506;GO:0062185;GO:0030282;GO:0036378;GO:0055074;GO:0006816;GO:0046697;GO:0070314;GO:0010956;GO:0030308;GO:0008285;GO:0045618;GO:0010980;GO:0070564;GO:0030500;GO:0043627;GO:0032496;GO:0034341;GO:0033280;GO:0042369;GO:0042359;GO:0006766
Q8N815,Cyclin N-terminal domain containing 1,Testis,GO:0005694;GO:0005737;GO:0005634;GO:0035861;GO:0007131;GO:0051445;GO:0007283
Q16222,UDP-N-acetylglucosamine pyrophosphorylase 1,Liver,GO:0005829;GO:0005654;GO:0005886;GO:0042802;GO:0141090;GO:0052630;GO:0003977;GO:0140374;GO:0032481;GO:0006048
Q8N944,APC membrane recruitment protein 3,Brain,GO:0005886;GO:0008013;GO:0005546;GO:0060828;GO:0016055
Q709F0,Acyl-CoA dehydrogenase family member 11,Kidney,GO:0005737;GO:0005743;GO:0031966;GO:0005739;GO:0005634;GO:0005777;GO:0003995;GO:0050660;GO:0004466;GO:0070991;GO:0017099;GO:0006635;GO:0033539
Q02985,Complement factor H related 3,Liver,GO:0072562;GO:0070062;GO:0005615;GO:0001851;GO:0006956
Q9H1H1,Gametocyte specific factor 1 like,Testis,GO:0046872
P24588,A-kinase anchoring protein 5,Brain,GO:0009898;GO:0005829;GO:0030425;GO:0032590;GO:0043197;GO:0060076;GO:0045121;GO:0005886;GO:0014069;GO:0045211;GO:0098837;GO:0098944;GO:0008287;GO:0008179;GO:0031698;GO:0005516;GO:0050811;GO:0035254;GO:0060090;GO:0051018;GO:0034237;GO:0030346;GO:0097110;GO:0017124;GO:0007193;GO:0033173;GO:0007268;GO:0007194;GO:0070886;GO:1905665;GO:1905751;GO:1900273;GO:1903078;GO:0010738;GO:0007165
Q96EK6,Glucosamine-phosphate N-acetyltransferase 1,Liver,GO:0005829;GO:0010008;GO:0000139;GO:0004343;GO:0042802;GO:0006048
A0A1B0GUQ0,Family with sequence similarity 235 member A,Testis,
Q537H7,Spermatogenesis associated 45,Testis,
Q8NDV3,Structural maintenance of chromosomes 1B,Testis,GO:0000775;GO:0005829;GO:0000800;GO:0030893;GO:0005654;GO:0005634;GO:0005524;GO:0016887;GO:0003677;GO:0051321;GO:0007062
Q86Y26,NUT midline carcinoma family member 1,Testis,GO:0005737;GO:0005634
Q16288,Neurotrophic receptor tyrosine kinase 3,Brain,GO:0030424;GO:0005886;GO:0043235;GO:0005524;GO:0008288;GO:0060175;GO:0005006;GO:0005007;GO:0005004;GO:0005008;GO:0140801;GO:0035401;GO:0005009;GO:0005010;GO:0005011;GO:0043121;GO:0005030;GO:0002039;GO:0036332;GO:0005018;GO:0005019;GO:0038062;GO:0005020;GO:0004714;GO:0005005;GO:0005021;GO:0090630;GO:0032148;GO:0030154;GO:0007169;GO:1990090;GO:0007507;GO:0001933;GO:0007399;GO:0030335;GO:0008284;GO:0010628;GO:0043406;GO:0010976;GO:0033138;GO:0051897;GO:0050927;GO:0001934
P12036,Neurofilament heavy chain,Brain,GO:0030424;GO:0005737;GO:0005856;GO:0097418;GO:0005883;GO:0014069;GO:0099160;GO:0098685;GO:0070840;GO:0019894;GO:0008017;GO:0019901;GO:0030674;GO:0005200;GO:0099184;GO:0061564;GO:0007409;GO:0030031;GO:1990830;GO:0045110;GO:0000226;GO:0033693;GO:0060052;GO:0048936;GO:0099170;GO:1902513
O76041,Nebulette,Heart,GO:0070062;GO:0031674;GO:0001725;GO:0030018;GO:0051015;GO:0008092;GO:0031005;GO:0008307;GO:0005523;GO:0071691
O96024,"Beta-1,3-galactosyltransferase 4",Testis,GO:0000139;GO:0047915;GO:0008499;GO:0001574;GO:0006688;GO:0009312;GO:0006493
Q8TAX9,Gasdermin B,Liver,GO:0005737;GO:0005886;GO:1901612;GO:0005546;GO:0070273;GO:0001786;GO:0005543;GO:0022829;GO:1902483;GO:0042742;GO:0050829;GO:0051873;GO:0031640;GO:0012501;GO:0070269
P01023,Alpha-2-macroglobulin,Liver,GO:0072562;GO:0062023;GO:0070062;GO:0005576;GO:0005615;GO:0031093;GO:0048403;GO:0048306;GO:0004866;GO:0019899;GO:0019838;GO:0042802;GO:0019966;GO:0019959;GO:0048406;GO:0002020;GO:0004867;GO:0005102;GO:0043120;GO:0002438;GO:0006953;GO:1990402;GO:0001553;GO:0001869;GO:0010037;GO:0051384;GO:0007584;GO:0034695;GO:0048863
Q9BXI2,Solute carrier family 25 member 2,Testis,GO:0005743;GO:0005739;GO:0015297;GO:0061459;GO:0015189;GO:0000064;GO:1903826;GO:1903401;GO:1903352;GO:1990575;GO:0006591;GO:0000050
Q06455,RUNX1 partner transcriptional co-repressor 1,Brain,GO:0016363;GO:0005654;GO:0005634;GO:0003677;GO:0140297;GO:0046872;GO:0003714;GO:0006351;GO:0045892;GO:0045599
Q6UWU2,Galactosidase beta 1 like,Testis,GO:0005576;GO:0005773;GO:0004565;GO:0019388
P78362,SRSF protein kinase 2,Testis,GO:0000785;GO:0005737;GO:0005829;GO:0016607;GO:0005730;GO:0005654;GO:0005634;GO:0098793;GO:0071889;GO:0004676;GO:0004679;GO:0005524;GO:0004677;GO:0004694;GO:0044024;GO:0072371;GO:1990244;GO:0035979;GO:0044025;GO:0140823;GO:0035175;GO:0044022;GO:0140855;GO:0035402;GO:0072354;GO:0140857;GO:0035403;GO:0044023;GO:0000287;GO:0106310;GO:0004674;GO:0072518;GO:0004711;GO:0003723;GO:0001525;GO:0030154;GO:0045087;GO:0035556;GO:0045071;GO:0035063;GO:0018105;GO:0045787;GO:0008284;GO:0010628;GO:0043525;GO:0045070;GO:0006468;GO:0062176;GO:0050684;GO:0048024;GO:0008380;GO:0000245
Q9P227,Rho GTPase activating protein 23,Brain,GO:0005829;GO:0070062;GO:0005096;GO:0051056;GO:0007165
Q7RTU0,Transcription factor 24,Testis,GO:0005634;GO:0000981;GO:0046983;GO:0000977;GO:0032502;GO:0006357
P22307,Sterol carrier protein 2,Liver,GO:0005737;GO:0005829;GO:0005783;GO:0016020;GO:0005739;GO:0005654;GO:0005782;GO:0005777;GO:0032991;GO:0003988;GO:0050633;GO:0015485;GO:0120020;GO:0000062;GO:0036042;GO:0070538;GO:0120019;GO:0008526;GO:0033814;GO:0050632;GO:0005102;GO:0036109;GO:0006699;GO:0008206;GO:0006635;GO:0033540;GO:0032959;GO:0032367;GO:1901373;GO:0015914;GO:0032385;GO:0045940;GO:0006701;GO:0072659;GO:0071071;GO:0006694
Q96M93,Adenosine deaminase domain containing 1,Testis,GO:0005737;GO:0001673;GO:0005730;GO:0004000;GO:0003726;GO:0003725;GO:0008251;GO:0006382;GO:0006396;GO:0007286
Q2VYF4,Leucine zipper and EF-hand containing transmembrane protein 2,Testis,GO:0005743;GO:0005739;GO:0043022;GO:0022857;GO:0006851;GO:0007005
Q6B8I1,Dual specificity phosphatase 13,Testis,GO:0005737;GO:0033192;GO:0140791;GO:0140793;GO:1990439;GO:0017018;GO:0004726;GO:0016791;GO:0030946;GO:0008138;GO:0180006;GO:0180007;GO:0180008;GO:0180005;GO:0180004;GO:0016311
Q96DB2,Histone deacetylase 11,Brain,GO:0000118;GO:0005634;GO:0005886;GO:0140297;GO:0004407;GO:0031078;GO:1990162;GO:0032129;GO:0140937;GO:0034739;GO:0180032;GO:0180033;GO:0006325;GO:0040029;GO:0014003
Q14957,Glutamate ionotropic receptor NMDA type subunit 2C,Brain,GO:0005789;GO:0098978;GO:0017146;GO:0005886;GO:0098839;GO:0045211;GO:0005261;GO:0004972;GO:1904315;GO:0007420;GO:0097553;GO:0033058;GO:0098976;GO:0060079;GO:0007215;GO:0035235;GO:0060291;GO:0098655;GO:0042177;GO:0050885;GO:2000463;GO:0051968;GO:1903539;GO:1904062;GO:0048168;GO:0048167;GO:0009611;GO:0035249
Q9HBY8,Serum/glucocorticoid regulated kinase 2,Liver,GO:0005829;GO:0005654;GO:0004676;GO:0004679;GO:0005524;GO:0004677;GO:0004694;GO:0044024;GO:0072371;GO:1990244;GO:0035979;GO:0044025;GO:0140823;GO:0035175;GO:0044022;GO:0140855;GO:0035402;GO:0072354;GO:0140857;GO:0035403;GO:0044023;GO:0015459;GO:0106310;GO:0004674;GO:0072518;GO:0004711;GO:0017080;GO:0035556;GO:0032411;GO:0006468;GO:0001558;GO:0042127;GO:0006979
Q13939,Calicin,Testis,GO:0031463;GO:0005737;GO:0033150;GO:0005634;GO:1990756;GO:0030154;GO:0043161;GO:0007283
Q96AY2,Essential meiotic structure-specific endonuclease 1,Testis,GO:1905347;GO:0000792;GO:0048476;GO:0043596;GO:0005730;GO:0005654;GO:0003677;GO:0004519;GO:0046872;GO:0006302;GO:0031573;GO:0031297;GO:0000712;GO:0072429
Q2WGN9,GRB2 associated binding protein family member 4,Testis,GO:0005737;GO:0005068;GO:0007165
Q9NQL9,Doublesex and mab-3 related transcription factor 3,Testis,GO:0000785;GO:0005634;GO:0000981;GO:0046872;GO:0000978;GO:1990837;GO:0007628;GO:0046661;GO:0042487;GO:0006357;GO:0007548;GO:0019226;GO:0021521
A6NKB5,Pecanex 2,Brain,GO:0016020
Q6ZSA7,Leucine rich repeat containing 55,Brain,GO:0005886;GO:0008076;GO:0099104;GO:0044325;GO:0005249;GO:1903818;GO:0071805
Q86WU2,Lactate dehydrogenase D,Liver,GO:0005743;GO:0005739;GO:0004458;GO:0008720;GO:0071949;GO:0050660;GO:1903457
Q15274,Quinolinate phosphoribosyltransferase,Kidney,GO:1902494;GO:0005737;GO:0005829;GO:0070062;GO:0042802;GO:0004514;GO:0009435;GO:0019674;GO:0034213
Q5JUR7,Testis expressed 30,Testis,
Q9H1X3,DnaJ heat shock protein family (Hsp40) member C25,Liver,GO:0005789;GO:0006457
Q9UM01,Solute carrier family 7 member 7,Kidney,GO:0016323;GO:0005886;GO:0015174;GO:0015179;GO:0061459;GO:0003333;GO:1990822;GO:1903826;GO:0015820;GO:0000821
Q9BUP0,EF-hand domain family member D1,Kidney,GO:0005743;GO:0005739;GO:0005509;GO:0061891;GO:0031175;GO:1900069
Q9Y4I1,Myosin VA,Brain,GO:0015629;GO:0005737;GO:0005829;GO:0070062;GO:0032433;GO:0030426;GO:0032593;GO:0042470;GO:0016020;GO:0016459;GO:0043005;GO:0001726;GO:0051015;GO:0005524;GO:0005516;GO:0000146;GO:0003723;GO:0031267;GO:0007015;GO:0030048;GO:0032869;GO:0032402;GO:0006892;GO:0072659;GO:0015031;GO:0030050;GO:0016192
Q6ZNF0,"Acid phosphatase 7, tartrate resistant (putative)",Brain,GO:0005576;GO:0003993;GO:0046872
P51970,NADH:ubiquinone oxidoreductase subunit A8,Heart,GO:0005743;GO:0005758;GO:0005739;GO:0045271;GO:0008137;GO:0044877;GO:0009060;GO:0006120;GO:0032981;GO:0042776
P0CG36,"Cripto, FRL-1, cryptic family 1B",Brain,GO:0009986;GO:0005576;GO:0070697;GO:0038100;GO:0009952;GO:0001568;GO:0007368;GO:0007369;GO:0007507;GO:0038092
Q9UII4,HECT and RLD domain containing E3 ubiquitin protein ligase 5,Testis,GO:0005737;GO:0005829;GO:0048471;GO:0042296;GO:0003723;GO:0061630;GO:0004842;GO:0051607;GO:0045087;GO:0032020;GO:0039585;GO:0016567;GO:0000079;GO:0050688;GO:0006511
Q7RTX1,Taste 1 receptor member 1,Testis,GO:0016020;GO:0005886;GO:0004930;GO:0008527;GO:0050917
P0C6C1,Ankyrin repeat domain 34C,Brain,GO:0071546
Q9H900,Zwilch kinetochore protein,Testis,GO:0005829;GO:0000776;GO:0005828;GO:1990423;GO:0051301;GO:0007094;GO:0034501;GO:0051988
Q4G0N4,"NAD kinase 2, mitochondrial",Liver,GO:0005759;GO:0005739;GO:0005524;GO:0003951;GO:0042803;GO:0019674;GO:0006741
P12821,Angiotensin I converting enzyme,Testis,GO:0009925;GO:0031526;GO:0005768;GO:0009897;GO:0070062;GO:0005576;GO:0005615;GO:0005764;GO:0005886;GO:0097225;GO:0003779;GO:0031711;GO:0005516;GO:0004180;GO:0031404;GO:0004175;GO:0008238;GO:1901363;GO:0070573;GO:0004222;GO:0008237;GO:0051019;GO:0031434;GO:0008233;GO:0008241;GO:0008240;GO:0008270;GO:0050435;GO:0060978;GO:0002003;GO:0038166;GO:0031100;GO:0002474;GO:0050482;GO:0097746;GO:0001974;GO:0010815;GO:0071838;GO:1904045;GO:0071333;GO:0042755;GO:0009792;GO:0007565;GO:0060047;GO:0060218;GO:0042447;GO:0042445;GO:0001822;GO:0048286;GO:0008584;GO:0032943;GO:0090281;GO:0046325;GO:1903597;GO:0010629;GO:0002446;GO:0043171;GO:0043065;GO:0050769;GO:2000170;GO:0003084;GO:0045907;GO:0010608;GO:0006508;GO:0060177;GO:0008217;GO:0086091;GO:1902033;GO:0002019;GO:0014910;GO:0048167;GO:0003081;GO:0019229;GO:0071548;GO:0001666;GO:0034616;GO:0032496;GO:0031667;GO:0097066;GO:0009410;GO:0007283;GO:0010814;GO:0042310
Q6ZN44,Unc-5 netrin receptor A,Brain,GO:0045121;GO:0032589;GO:0032809;GO:0005886;GO:0005042;GO:0033564;GO:0006915;GO:0038007;GO:0031175
Q9H5I1,SUV39H2 histone lysine methyltransferase,Testis,GO:0000785;GO:0000775;GO:0005654;GO:0005634;GO:0140938;GO:0046974;GO:0140949;GO:1904047;GO:0000976;GO:1990756;GO:0008270;GO:0030154;GO:0071456;GO:0006325;GO:0006338;GO:0007623;GO:0044725;GO:0032259;GO:0045892;GO:0045814;GO:0000122
Q93088,Betaine--homocysteine S-methyltransferase,Liver,GO:0005829;GO:0070062;GO:0005634;GO:0047150;GO:0008270;GO:0071266;GO:0006579;GO:0006577;GO:0071267;GO:0006479;GO:0050666
P00439,Phenylalanine hydroxylase,Kidney,GO:0005829;GO:0005506;GO:0004505;GO:0008652;GO:0042423;GO:0006559;GO:0006571
O43272,Proline dehydrogenase 1,Brain,GO:0043231;GO:0005743;GO:0005759;GO:0005739;GO:0005654;GO:0071949;GO:0004657;GO:0019470;GO:0008631;GO:0006562;GO:0010133;GO:0006560;GO:1903376
P26371,Keratin associated protein 5-9,Testis,GO:0005829;GO:0005882;GO:0042802;GO:0008544
O95140,Mitofusin 2,Heart,GO:0005829;GO:0015630;GO:0005741;GO:0005739;GO:0005525;GO:0003924;GO:1990606;GO:0031625;GO:0009060;GO:0006915;GO:0001825;GO:0048593;GO:0008053;GO:0007006;GO:0051646;GO:0046580;GO:0048662;GO:0120162;GO:1905461;GO:1904707;GO:0034497;GO:0006626;GO:0006986;GO:0061734
Q86X45,Dynein axonemal assembly factor 11,Testis,GO:0090651;GO:0005929;GO:0005737;GO:0005829;GO:0120293;GO:0005576;GO:0031514;GO:0070286;GO:0090660;GO:0003341;GO:0060287;GO:0003351;GO:0051649;GO:0030317;GO:0036159;GO:0008584;GO:0044458;GO:0036158;GO:0061512;GO:0120229;GO:0061458
Q14CN4,Keratin 72,Testis,GO:0005829;GO:0070062;GO:0045095;GO:0030280;GO:0045109;GO:0031424
Q96EX2,"Ring finger protein, transmembrane 2",Brain,GO:0016020;GO:0046872;GO:0061630;GO:1904294
Q86V59,PNMA family member 8A,Brain,
A6NC57,Ankyrin repeat domain 62,Testis,
P00367,Glutamate dehydrogenase 1,Brain,GO:0005737;GO:0005783;GO:0005759;GO:0005739;GO:0043531;GO:0005524;GO:0004352;GO:0004354;GO:0004353;GO:0005525;GO:0070728;GO:0070403;GO:0042803;GO:0006537;GO:0006538;GO:0006541;GO:0032024;GO:0021762;GO:0072350
Q8NF91,Spectrin repeat containing nuclear envelope protein 1,Brain,GO:0005737;GO:0044327;GO:0098978;GO:0005794;GO:0034993;GO:0016020;GO:0030496;GO:0005635;GO:0031965;GO:0005640;GO:0005730;GO:0005654;GO:0005634;GO:0000932;GO:0048471;GO:0098871;GO:0098843;GO:0045211;GO:0030017;GO:0003779;GO:0051015;GO:0140444;GO:0019899;GO:0042802;GO:0005521;GO:0042803;GO:0003723;GO:0005102;GO:0055007;GO:0007030;GO:0042692;GO:2001054;GO:0061886;GO:0090292;GO:0006997;GO:0002053;GO:0048260;GO:0048814;GO:1903353;GO:0099149;GO:0009416;GO:0007283
Q9UIL4,Kinesin family member 25,Brain,GO:0005813;GO:0005737;GO:0005871;GO:0005874;GO:0005524;GO:0016887;GO:0008017;GO:0003777;GO:0008569;GO:0051294;GO:0007018;GO:0000070;GO:0010507;GO:0046603;GO:0051647;GO:0006996;GO:0051289
P24462,Cytochrome P450 family 3 subfamily A member 7,Liver,GO:0005789;GO:0062183;GO:0101020;GO:0101021;GO:0020037;GO:0005506;GO:0004497;GO:0016712;GO:0019825;GO:0008401;GO:0008395;GO:0050649;GO:0008210;GO:0002933;GO:0070989;GO:0042573;GO:0042572;GO:0006694;GO:0008202;GO:0006805
Q2I0M5,R-spondin 4,Brain,GO:0005576;GO:0005615;GO:0008201;GO:0005102;GO:0035878;GO:0090263;GO:0030177;GO:0016055
P10916,Myosin light chain 2,Heart,GO:0031672;GO:0097512;GO:0005737;GO:0005856;GO:0005829;GO:0030016;GO:0016459;GO:0030017;GO:0003785;GO:0005509;GO:0032036;GO:0008307;GO:0060048;GO:0055003;GO:0060047;GO:0007507;GO:0042694;GO:0030308;GO:0098735;GO:0006942;GO:0002026;GO:0055010
Q96RQ9,Interleukin 4 induced 1,Testis,GO:0001669;GO:0005737;GO:0005576;GO:0001772;GO:0005764;GO:0097225;GO:0001716;GO:0106329;GO:0046592;GO:0002250;GO:0009063;GO:0006559;GO:0050868;GO:0002841;GO:0042130;GO:0045591;GO:0045944;GO:0002819;GO:0045577;GO:0006569;GO:0019440;GO:0006572
Q14576,ELAV like RNA binding protein 3,Brain,GO:1990904;GO:0035925;GO:0030154;GO:0007399
C9JSJ3,Meiosis initiator,Testis,GO:0005634;GO:0003677;GO:0046983;GO:0090427;GO:0071300;GO:0051321;GO:0048477;GO:0006357;GO:0007283
Q86SH2,Zygote arrest 1,Testis,GO:0005737;GO:0036464;GO:0043232;GO:0046872;GO:0140693;GO:0003730;GO:0140610;GO:0048255;GO:0017148;GO:0140694;GO:0001556;GO:0006412
P0DMW5,Small integral membrane protein 10 like 2B,Brain,
Q6SA08,Testis specific serine kinase 4,Testis,GO:0001669;GO:0036126;GO:0004676;GO:0004679;GO:0005524;GO:0004677;GO:0004694;GO:0044024;GO:0072371;GO:1990244;GO:0035979;GO:0044025;GO:0140823;GO:0035175;GO:0044022;GO:0140855;GO:0035402;GO:0072354;GO:0140857;GO:0035403;GO:0044023;GO:0000287;GO:0042803;GO:0106310;GO:0004674;GO:0044877;GO:0072518;GO:0004711;GO:0009566;GO:0030317;GO:0035556;GO:0032793;GO:0006468;GO:0007286
P26678,Phospholamban,Heart,GO:0090534;GO:0005783;GO:0005789;GO:0016020;GO:0031966;GO:0005739;GO:0048471;GO:0016529;GO:0033017;GO:0051117;GO:0042030;GO:0004857;GO:0042802;GO:0042803;GO:0001675;GO:0086023;GO:0008015;GO:0048738;GO:0050802;GO:0006874;GO:0045475;GO:0046716;GO:0032780;GO:1901895;GO:1901877;GO:0090281;GO:1902081;GO:1901020;GO:0051926;GO:0043086;GO:0010459;GO:0007219;GO:1901894;GO:0051924;GO:0086004;GO:0086036;GO:0010881;GO:0051480;GO:0008016;GO:1901897;GO:0002026;GO:0086092;GO:0055119;GO:0008542
Q9NYJ7,Delta like canonical Notch ligand 3,Brain,GO:0016020;GO:0005886;GO:0005509;GO:0005112;GO:0030154;GO:0007386;GO:0050768;GO:0045746;GO:0007219;GO:0048339;GO:0001501;GO:0001756
Q9GZZ0,Homeobox D1,Brain,GO:0000785;GO:0005654;GO:0005634;GO:0000981;GO:0000978;GO:1990837;GO:0048706;GO:0030182;GO:0006357;GO:0019233
Q9H2X6,Homeodomain interacting protein kinase 2,Brain,GO:0005737;GO:0010494;GO:0016604;GO:0005654;GO:0005634;GO:0016605;GO:0090575;GO:0004676;GO:0004679;GO:0005524;GO:0004677;GO:0004694;GO:0044024;GO:0072371;GO:1990244;GO:0035979;GO:0044025;GO:0140823;GO:0035175;GO:0044022;GO:0140855;GO:0035402;GO:0072354;GO:0140857;GO:0035403;GO:0044023;GO:0004672;GO:0106310;GO:0004674;GO:0004713;GO:0072518;GO:0004711;GO:0061629;GO:0046332;GO:0003713;GO:0003714;GO:0046790;GO:0007628;GO:0009952;GO:0008283;GO:0071456;GO:0030330;GO:0048596;GO:0060059;GO:0040029;GO:0030218;GO:0001654;GO:0010467;GO:0097193;GO:0042771;GO:0061072;GO:0060235;GO:0060425;GO:0030514;GO:0043524;GO:0000122;GO:2000059;GO:0051402;GO:0030182;GO:0018105;GO:0018107;GO:0030578;GO:0045766;GO:0008284;GO:0051091;GO:0046330;GO:0032092;GO:0045944;GO:0030511;GO:0006468;GO:0051726;GO:1901796;GO:0003016;GO:0010842;GO:0060395;GO:0007224;GO:0030878;GO:0007179;GO:0050882
O60224,SSX family member 4,Testis,GO:0005634;GO:0006355
Q96MF6,Coenzyme Q10A,Heart,GO:0005743;GO:0005739;GO:0048039;GO:0045333
Q9BXJ7,Amnion associated transmembrane protein,Liver,GO:0016324;GO:0031526;GO:0005905;GO:0030139;GO:0010008;GO:0070062;GO:0005615;GO:0016020;GO:0031528;GO:0005886;GO:0043235;GO:0038024;GO:0005102;GO:0009235;GO:0015889;GO:0043001;GO:0008104;GO:0006898;GO:0097017
O15503,Insulin induced gene 1,Liver,GO:0005783;GO:0005789;GO:0032937;GO:0008142;GO:0140311;GO:0032869;GO:0036315;GO:0006695;GO:0042632;GO:0060363;GO:0042472;GO:0042474;GO:1901303;GO:0045541;GO:0045599;GO:0045717;GO:0070862;GO:0060021;GO:0032933;GO:0036316;GO:0006641
O95997,"PTTG1 regulator of sister chromatid separation, securin",Testis,GO:0005737;GO:0005829;GO:0005634;GO:0004869;GO:0140677;GO:0017124;GO:0051301;GO:0051276;GO:0006281;GO:0045143;GO:0007283
Q9C099,Leucine rich repeat and coiled-coil centrosomal protein 1,Testis,GO:0005814;GO:0005813;GO:0005737;GO:0051301
Q9ULC5,Acyl-CoA synthetase long chain family member 5,Liver,GO:0005783;GO:0005789;GO:0016020;GO:0005741;GO:0005739;GO:0005730;GO:0005654;GO:0005886;GO:0047676;GO:0005524;GO:0004467;GO:0090434;GO:0001676;GO:0035338;GO:0010747;GO:2001236
Q13557,Calcium/calmodulin dependent protein kinase II delta,Heart,GO:0005954;GO:0005737;GO:0005829;GO:0030666;GO:0016020;GO:0043005;GO:0005654;GO:0005634;GO:0014069;GO:0042383;GO:0033017;GO:0005524;GO:0004683;GO:0005516;GO:0042802;GO:0042803;GO:0106310;GO:0004674;GO:0019871;GO:0031432;GO:0044325;GO:0086003;GO:0071277;GO:0032469;GO:1902306;GO:2000650;GO:0018105;GO:0018107;GO:0010666;GO:0010613;GO:0046777;GO:0006468;GO:1902514;GO:0098901;GO:0098909;GO:0010881;GO:0010649;GO:1901844;GO:0001558;GO:0060341;GO:0008016;GO:0086091;GO:0003254;GO:0048168;GO:1903076;GO:1901897;GO:0010880;GO:0060314;GO:0002026;GO:0006357;GO:0055119;GO:0007165
P00352,Aldehyde dehydrogenase 1 family member A1,Liver,GO:0030424;GO:0005737;GO:0005829;GO:0070062;GO:0045202;GO:0106373;GO:0004029;GO:0019145;GO:0005497;GO:0018479;GO:0005096;GO:0051287;GO:0001758;GO:0006081;GO:0110095;GO:0030392;GO:0009449;GO:0036438;GO:0120163;GO:0001523;GO:0042572
Q8IZS6,Dynein light chain Tctex-type 2,Testis,GO:0005737;GO:0005868;GO:0016020;GO:0005874;GO:0045505;GO:0007018
Q9UBK2,PPARG coactivator 1 alpha,Liver,GO:0000785;GO:0005829;GO:0005654;GO:0005634;GO:0016605;GO:0031490;GO:0003677;GO:0140297;GO:0106222;GO:0016922;GO:0030374;GO:0003723;GO:0061629;GO:0043565;GO:0003713;GO:0003712;GO:0031625;GO:0060612;GO:0050873;GO:0045333;GO:0034599;GO:0032922;GO:0007586;GO:0097009;GO:0019395;GO:0006094;GO:0001678;GO:0007005;GO:0006397;GO:0043524;GO:0048662;GO:0051402;GO:0120162;GO:0051091;GO:0045893;GO:0046321;GO:0010628;GO:0045722;GO:0045944;GO:0050821;GO:0065003;GO:0042752;GO:0006355;GO:0022904;GO:0002021;GO:0014850;GO:0042594;GO:0008380;GO:0001659;GO:0006367
Q92737,RAS like family 10 member A,Brain,GO:0005730;GO:0005886;GO:0003925;GO:0005525;GO:0003924;GO:0007264
Q8IYS4,Dynein axonemal assembly factor 8,Testis,GO:0120293;GO:0070840;GO:0036158
O60656,UDP glucuronosyltransferase family 1 member A9,Liver,GO:0005783;GO:0005789;GO:0019899;GO:0004857;GO:0015020;GO:0042802;GO:0046982;GO:0042803;GO:0001972;GO:0052695;GO:0051552;GO:0052696;GO:0001889;GO:2001030;GO:0045922;GO:0042573;GO:0052697;GO:0006805
A0A0U1RR11,Centromere protein V like 1,Brain,GO:0016846;GO:0046872
Q8IUB2,WAP four-disulfide core domain 3,Testis,GO:0005615;GO:0004867;GO:0019731;GO:0045087
Q9UN75,Protocadherin alpha 12,Brain,GO:0005886;GO:0005509;GO:0007155;GO:0007156;GO:0007399
Q99578,Ras like without CAAX 2,Brain,GO:0044297;GO:0005737;GO:0005829;GO:0097447;GO:0005794;GO:0045121;GO:0043005;GO:0005654;GO:0005634;GO:0005886;GO:0045202;GO:0005516;GO:0003682;GO:0003925;GO:0019003;GO:0005525;GO:0003924;GO:0030215;GO:0007189;GO:0007268;GO:0035556;GO:0032507;GO:0010977;GO:0043410;GO:0010976;GO:0045944;GO:0007265;GO:0050848;GO:0032489;GO:0030100;GO:0007264
Q9H568,Actin like 8,Testis,GO:0005884;GO:0001725;GO:0005865;GO:0030855;GO:0030240
O94973,Adaptor related protein complex 2 subunit alpha 2,Brain,GO:0030122;GO:0045334;GO:0030669;GO:0009898;GO:0031410;GO:0005829;GO:0030666;GO:0036020;GO:0101003;GO:0005886;GO:0098794;GO:0098793;GO:0030667;GO:0035615;GO:0097718;GO:0008289;GO:0019901;GO:0072583;GO:0006886;GO:0098884;GO:0048488;GO:0016192
Q99726,Solute carrier family 30 member 3,Testis,GO:0005737;GO:0098978;GO:0097457;GO:0098686;GO:0005770;GO:0031902;GO:0005765;GO:1990742;GO:0043005;GO:0005886;GO:0008021;GO:0030672;GO:0015297;GO:0046872;GO:0005385;GO:0051050;GO:0010043;GO:0140916;GO:0099180;GO:0071577
O95157,Neurexophilin 3,Brain,GO:0005576;GO:0005102;GO:0007218
Q96DA2,"RAB39B, member RAS oncogene family",Brain,GO:0030659;GO:0005794;GO:0043005;GO:0005886;GO:0031982;GO:0005525;GO:0003924;GO:0031489;GO:0006914;GO:0015031;GO:0032482;GO:0010506;GO:0050808;GO:0016192
P50150,G protein subunit gamma 4,Brain,GO:0070062;GO:0005834;GO:0005886;GO:0045202;GO:0031681;GO:0007186;GO:0030308;GO:0008277
P13385,Teratocarcinoma-derived growth factor 1,Kidney,GO:0016324;GO:0009986;GO:0005576;GO:0005615;GO:0019897;GO:0045121;GO:0005886;GO:0098552;GO:0070697;GO:0008083;GO:0038100;GO:0005102;GO:0008595;GO:0009952;GO:0001568;GO:0030154;GO:0002042;GO:0071364;GO:0044344;GO:0035729;GO:0071354;GO:0071356;GO:0071346;GO:0007368;GO:0009792;GO:0007507;GO:0030879;GO:0001763;GO:0043066;GO:0038092;GO:0018105;GO:0030335;GO:0008284;GO:0010595;GO:0043406;GO:0043410;GO:0050731;GO:0009966
P14920,D-amino acid oxidase,Brain,GO:0042995;GO:0005737;GO:0005829;GO:0005576;GO:0005782;GO:0048786;GO:0003884;GO:0071949;GO:0043799;GO:0042802;GO:0055130;GO:0019478;GO:0036088;GO:0070178;GO:0007586;GO:0042416;GO:0070945;GO:0006562
Q9NZ94,Neuroligin 3,Brain,GO:0098985;GO:0009986;GO:0030139;GO:0060076;GO:0016020;GO:0005886;GO:0045211;GO:0099634;GO:0098793;GO:0098983;GO:0045202;GO:0050839;GO:0042043;GO:0097110;GO:0038023;GO:0030534;GO:0048675;GO:0007268;GO:0060080;GO:0007612;GO:0050804;GO:0007158;GO:2000463;GO:1900451;GO:0051965;GO:0051968;GO:0097104;GO:0099054;GO:0097105;GO:0006898;GO:0002087;GO:0060024;GO:0035176;GO:0007416;GO:0050808;GO:0048488;GO:0071625
Q9Y4C5,Carbohydrate sulfotransferase 2,Brain,GO:0005829;GO:0005794;GO:0000139;GO:0005654;GO:0005802;GO:0001517;GO:0008146;GO:0005975;GO:0006954;GO:0018146;GO:0006044;GO:1903238;GO:0006790
Q00597,FA complementation group C,Liver,GO:0000785;GO:0005737;GO:0005829;GO:0043240;GO:0005654;GO:0005634;GO:0048854;GO:0034599;GO:0006281;GO:0007281;GO:0036297;GO:0002262;GO:0097150;GO:0006289;GO:0065003;GO:0019430
Q9NZN3,EH domain containing 3,Brain,GO:0020018;GO:0005737;GO:0005829;GO:0005769;GO:0030139;GO:0010008;GO:0005925;GO:0005634;GO:0048471;GO:0005886;GO:0055038;GO:0005524;GO:0005509;GO:0005525;GO:0003676;GO:0060271;GO:0034498;GO:0032456;GO:0006897;GO:0090160;GO:0051260;GO:0072659;GO:0015031;GO:0001881;GO:1903779;GO:0086036;GO:0055117;GO:1903358
Q8N126,Cell adhesion molecule 3,Brain,GO:0005911;GO:0005886;GO:0042734;GO:0042803;GO:0007157;GO:0007156
Q07837,Solute carrier family 3 member 1,Kidney,GO:0016324;GO:0031526;GO:0070062;GO:0016020;GO:0005886;GO:0005774;GO:0015171;GO:0015174;GO:0015184;GO:0046982;GO:0044877;GO:0006865;GO:0015810;GO:0015802;GO:0005975;GO:0010467;GO:0015811;GO:0015813
Q9UKY0,Prion like protein doppel,Testis,GO:0009897;GO:0005576;GO:0005886;GO:0005507;GO:0007340;GO:0006878;GO:0051260
Q9UHE5,N-acetyltransferase 8 (putative),Kidney,GO:0005789;GO:0005793;GO:0033116;GO:0016020;GO:0047198;GO:0004468;GO:0008080;GO:1990000;GO:0006749;GO:0018003;GO:0010628
Q8WY21,Sortilin related VPS10 domain containing receptor 1,Brain,GO:0005794;GO:0016020;GO:0008188;GO:0007218;GO:0006892
Q04725,"TLE family member 2, transcriptional corepressor",Brain,GO:0005615;GO:0005925;GO:0016604;GO:0005654;GO:0005634;GO:0005667;GO:0003714;GO:0009887;GO:0090090;GO:0045892;GO:0007165;GO:0016055
Q6ZRF8,Ring finger protein 207,Heart,GO:0048471;GO:0030544;GO:0051087;GO:0044325;GO:0008270;GO:0010628;GO:1905033;GO:1905026;GO:0055117;GO:1901207
P13671,Complement C6,Liver,GO:0070062;GO:0005576;GO:0005615;GO:0005579;GO:0005886;GO:0006956;GO:0006958;GO:0001701;GO:0045087;GO:0031640;GO:0050778
P23378,Glycine decarboxylase,Liver,GO:0005960;GO:0005759;GO:0005739;GO:0005654;GO:0005886;GO:0009055;GO:0016594;GO:0004375;GO:0016829;GO:0042803;GO:0070280;GO:0030170;GO:1990830;GO:0006546;GO:0019464;GO:1903442;GO:0036255
Q96I15,Selenocysteine lyase,Liver,GO:1902494;GO:0005829;GO:0005794;GO:0016597;GO:0042803;GO:0009000;GO:0016740;GO:0070279;GO:0006520;GO:0016261
Q8N6N7,Acyl-CoA binding domain containing 7,Brain,GO:0000062;GO:0006631
Q9BSE5,Agmatinase,Liver,GO:0005739;GO:0008783;GO:0004053;GO:0047971;GO:0047972;GO:0046872;GO:0097055;GO:0033389;GO:0000050
O95399,Urotensin 2,Brain,GO:0005576;GO:0005615;GO:0045202;GO:0005179;GO:0005102;GO:0097746;GO:0007268;GO:0006936;GO:0008217
P29274,Adenosine A2a receptor,Brain,GO:0032279;GO:0030673;GO:0030425;GO:0098978;GO:0005882;GO:0016020;GO:0043025;GO:0005886;GO:0045211;GO:0048786;GO:0042734;GO:0051393;GO:0005516;GO:0019899;GO:0001609;GO:0042802;GO:0008289;GO:0044877;GO:0031802;GO:0007189;GO:0007188;GO:0006915;GO:0097190;GO:0048143;GO:0008015;GO:0007596;GO:0007267;GO:0006968;GO:0007417;GO:0042755;GO:0060079;GO:0001973;GO:0006954;GO:0060080;GO:0007626;GO:0051899;GO:0046636;GO:0008285;GO:0050728;GO:0043524;GO:0043116;GO:0048812;GO:0006909;GO:0014057;GO:2001235;GO:0045938;GO:0014049;GO:1900273;GO:0050714;GO:0032230;GO:0051968;GO:0035810;GO:0060134;GO:0099171;GO:0051924;GO:0006355;GO:0051881;GO:0014061;GO:0001975;GO:0031000;GO:0014074;GO:0009410;GO:0007600;GO:0007271;GO:0001963;GO:0035249;GO:0042311
Q4LDR2,Cortexin 3,Kidney,GO:0016020
Q15760,G protein-coupled receptor 19,Testis,GO:0005929;GO:0005886;GO:0004930;GO:0007186
Q9C0D0,Phosphatase and actin regulator 1,Brain,GO:0005829;GO:0005634;GO:0045202;GO:0003779;GO:0004864;GO:0030036;GO:0031032;GO:0048870;GO:0021987;GO:0140059;GO:2001222;GO:0043149
O14948,Transcription factor EC,Kidney,GO:0000785;GO:0005829;GO:0005654;GO:0005634;GO:0001228;GO:0000981;GO:0001227;GO:0046983;GO:0000978;GO:1990837;GO:0034605;GO:0000122;GO:0045944;GO:0006357
Q8TCU3,Solute carrier family 7 member 13,Kidney,GO:0016324;GO:0015297;GO:0015179;GO:0046982;GO:0003333;GO:0015810;GO:0015811;GO:0015813
O75363,Brain enriched myelin associated protein 1,Brain,GO:0005737;GO:0070062;GO:0042552
Q8IY45,Antagonist of mitotic exit network 1 homolog,Testis,GO:0031528;GO:0019005;GO:0031146
Q13099,Intraflagellar transport 88,Testis,GO:0005814;GO:0005813;GO:0036064;GO:0097546;GO:0097542;GO:0005929;GO:0005829;GO:0030992;GO:0002177;GO:0031514;GO:0097730;GO:0036126;GO:0120212;GO:0019894;GO:0060271;GO:0060122;GO:0035720;GO:0042073;GO:0001822;GO:1905515;GO:0045724;GO:2000785;GO:1902017;GO:0034021
Q5VWK0,NBPF member 6,Testis,GO:0005737
Q86UE6,Leucine rich repeat transmembrane neuronal 1,Brain,GO:0030424;GO:0005783;GO:0060076;GO:0031012;GO:0005615;GO:0098982;GO:0098978;GO:0030426;GO:0099634;GO:0051649;GO:0035640;GO:0007626;GO:0060291;GO:0002091;GO:0051965;GO:0035418;GO:0031623;GO:0099151;GO:1905606;GO:0050808
Q5T6J7,IDNK gluconokinase,Liver,GO:0005524;GO:0046316;GO:0046177
Q5KSL6,Diacylglycerol kinase kappa,Brain,GO:0005886;GO:0005524;GO:0004143;GO:0046872;GO:0046339;GO:0035556;GO:0006654;GO:0007200;GO:0030168;GO:0006979
Q86YW0,Phospholipase C zeta 1,Testis,GO:0005829;GO:0005730;GO:0005654;GO:0005634;GO:0048471;GO:0045120;GO:0061827;GO:0005509;GO:0004435;GO:0032266;GO:0005546;GO:0010314;GO:0006816;GO:0007343;GO:0035556;GO:0016042;GO:0007204;GO:0060470
Q09MP3,RAD51 associated protein 2,Testis,GO:0032991
P00480,Ornithine transcarbamylase,Liver,GO:0005743;GO:0005759;GO:0005739;GO:0016597;GO:0042802;GO:0004585;GO:0042301;GO:0005543;GO:0097272;GO:0042450;GO:0019240;GO:0006526;GO:0001889;GO:0007494;GO:0055081;GO:0006593;GO:0070781;GO:0032868;GO:0009410;GO:0010043;GO:0000050
Q8IYM1,Septin 12,Testis,GO:0032153;GO:0032154;GO:0015630;GO:0030496;GO:0005634;GO:0048471;GO:0031105;GO:0005940;GO:0097227;GO:0005819;GO:0001725;GO:0019003;GO:0005525;GO:0003924;GO:0042802;GO:0060090;GO:0035091;GO:0042803;GO:0030154;GO:0061640;GO:0008104;GO:0007283
P20396,Thyrotropin releasing hormone,Brain,GO:0005576;GO:0030141;GO:0008437;GO:0007628;GO:0007267;GO:0042755;GO:0001692;GO:0009755;GO:0014050;GO:0014054;GO:0032024;GO:0007165
Q9UPM6,LIM homeobox 6,Brain,GO:0000785;GO:0005634;GO:0003700;GO:0000981;GO:0046872;GO:0000977;GO:1990837;GO:0048469;GO:0021853;GO:0021799;GO:0021800;GO:0021884;GO:0030182;GO:0006357
P78406,Ribonucleic acid export 1,Testis,GO:0005737;GO:0001650;GO:0097431;GO:0005635;GO:0005643;GO:0005654;GO:0005634;GO:0008017;GO:0003723;GO:0043130;GO:0051301;GO:0071407;GO:0006406;GO:0006913;GO:0060236;GO:0006405;GO:0000972
P08908,5-hydroxytryptamine receptor 1A,Brain,GO:0030425;GO:0005886;GO:0045202;GO:0004993;GO:0001586;GO:0030594;GO:0090722;GO:0051378;GO:0099589;GO:0007198;GO:0001662;GO:0007268;GO:0035640;GO:0007186;GO:0007187;GO:0007214;GO:0008284;GO:0050795;GO:0042053;GO:0046883;GO:0014062;GO:0019229;GO:0042428;GO:0007210
Q0VAK6,Leiomodin 3,Heart,GO:0005737;GO:0005856;GO:0031430;GO:0030016;GO:0005865;GO:0003785;GO:0005523;GO:0007015;GO:0045010;GO:0006936;GO:0030239;GO:0051694;GO:0048743;GO:0048741;GO:0030240;GO:0006941
Q9ULP0,NDRG family member 4,Brain,GO:0016323;GO:0031253;GO:0005737;GO:0005829;GO:0005789;GO:0005886;GO:0060038;GO:0030154;GO:0060973;GO:0035050;GO:0001947;GO:0010642;GO:0014912;GO:0048662;GO:0070374;GO:0010976;GO:2001135;GO:0007165;GO:0048278;GO:0008542
P82251,Solute carrier family 7 member 9,Kidney,GO:0016324;GO:0031526;GO:0005886;GO:0015297;GO:0180009;GO:0015184;GO:0015175;GO:0042605;GO:0046982;GO:0003333;GO:0015811;GO:0015804;GO:0065003
Q9NZH0,G protein-coupled receptor class C group 5 member B,Brain,GO:0009986;GO:0030659;GO:0005829;GO:0070062;GO:0005615;GO:0043231;GO:0045121;GO:0005730;GO:0005654;GO:0005886;GO:0043235;GO:0004930;GO:0001664;GO:0030295;GO:0019901;GO:1990782;GO:0006884;GO:0043123;GO:0090263;GO:0050729;GO:0060907;GO:0045666;GO:0061098
Q8N130,Solute carrier family 34 member 3,Kidney,GO:0016324;GO:0005903;GO:0031526;GO:0005886;GO:0031982;GO:0005436;GO:0030643;GO:0006817;GO:0006814;GO:0044341
O95886,DLG associated protein 3,Brain,GO:0098981;GO:0098978;GO:0031594;GO:0005886;GO:0014069;GO:0099572;GO:0001540;GO:0060090;GO:0099010;GO:0050804;GO:0023052
O75509,TNF receptor superfamily member 21,Brain,GO:0005886;GO:0002250;GO:0006915;GO:0007413;GO:0001783;GO:0071356;GO:0006959;GO:0042552;GO:0030889;GO:0032693;GO:0032696;GO:0032714;GO:0031642;GO:0042130;GO:0051402;GO:0097252;GO:0048713;GO:0050852
Q96FV0,Leucine rich repeat containing 46,Testis,
P62760,Visinin like 1,Brain,GO:0005829;GO:0016020;GO:0005509;GO:0046676;GO:0045921;GO:0035774;GO:0009966
Q14CM0,FERM and PDZ domain containing 4,Brain,GO:0005856;GO:0043197;GO:0032991;GO:0005546;GO:0051835
P04733,Metallothionein 1F,Liver,GO:0005737;GO:0005634;GO:0046872;GO:0008270;GO:0071276;GO:0071280;GO:0071294;GO:0010273;GO:0006882;GO:0045926
Q99489,D-aspartate oxidase,Heart,GO:0005737;GO:0005829;GO:0005782;GO:0005777;GO:0008445;GO:0047821;GO:0071949;GO:0006533;GO:0006531;GO:0019478;GO:0007625;GO:0042445;GO:0007320;GO:0050877;GO:0010646
P03971,Anti-Mullerian hormone,Brain,GO:0005576;GO:0005615;GO:0008083;GO:0005179;GO:0005102;GO:0005114;GO:1990262;GO:0007267;GO:0007506;GO:0033327;GO:0001880;GO:2000355;GO:0001541;GO:0010628;GO:0060391;GO:0001546;GO:0014070;GO:0009410;GO:0007530;GO:0007548;GO:0001655
Q5VZ52,MORN repeat containing 5,Testis,GO:0036126
O60229,Kalirin RhoGEF kinase,Brain,GO:0015629;GO:0005737;GO:0005829;GO:0070062;GO:0019898;GO:0005654;GO:0014069;GO:0004676;GO:0004679;GO:0005524;GO:0004677;GO:0004694;GO:0005085;GO:0044024;GO:0072371;GO:1990244;GO:0035979;GO:0044025;GO:0140823;GO:0035175;GO:0044022;GO:0140855;GO:0035402;GO:0072354;GO:0140857;GO:0035403;GO:0044023;GO:0046872;GO:0106310;GO:0004674;GO:0072518;GO:0004711;GO:0007411;GO:0048013;GO:0035556;GO:0007399;GO:0006468;GO:0051056;GO:0007165;GO:0016192
P58557,YbeY metalloendoribonuclease,Testis,GO:0005739;GO:0005634;GO:0046872;GO:0004222;GO:0004521;GO:0006364
Q8IV36,HID1 domain containing,Brain,GO:0005737;GO:0005881;GO:0098548;GO:0005829;GO:0070062;GO:0005794;GO:0005797;GO:0000138;GO:0016020
O00748,Carboxylesterase 2,Liver,GO:0005783;GO:0005788;GO:0043231;GO:0106435;GO:0052689;GO:0047374;GO:0009056;GO:0006693;GO:0006805
Q8TD35,LKAAEAR motif containing 1,Testis,
Q05996,Zona pellucida glycoprotein 2,Brain,GO:0062023;GO:0035805;GO:0005783;GO:0005576;GO:0005771;GO:0005886;GO:0032190;GO:0015026;GO:0042802;GO:0035804;GO:0007339;GO:0060468
Q9C0J1,"UDP-GlcNAc:betaGal beta-1,3-N-acetylglucosaminyltransferase 4",Brain,GO:0000139;GO:0008532;GO:0008499;GO:0018146;GO:0016266;GO:0030311;GO:0006493
Q8WX94,NLR family pyrin domain containing 7,Testis,GO:0005737;GO:0019828;GO:0005524;GO:0089720;GO:0042802;GO:0019966;GO:0071347;GO:0071222;GO:1900016;GO:0032691;GO:0010955;GO:0050727
O95170,F-box and WD repeat domain containing 10B,Testis,
Q86WR7,Proline and serine rich 2,Liver,
Q9NUL5,Shiftless antiviral inhibitor of ribosomal frameshifting,Liver,GO:0005737;GO:0005829;GO:0005654;GO:0005634;GO:0000932;GO:0042802;GO:0043022;GO:0003723;GO:1990825;GO:0051607;GO:0045087;GO:2001125;GO:0045071;GO:0006449;GO:0035456;GO:0034340;GO:0034341;GO:0034342;GO:0075523
P0DTE5,UDP glucuronosyltransferase family 2 member A2,Kidney,GO:0005789;GO:0015020;GO:0008206;GO:0052695
Q08050,Forkhead box M1,Testis,GO:0000785;GO:0005654;GO:0005634;GO:0003677;GO:0003700;GO:0000981;GO:0019901;GO:0000977;GO:0006978;GO:0006281;GO:0000086;GO:0045892;GO:0032873;GO:0000122;GO:0008284;GO:0045893;GO:2000781;GO:0045944;GO:0051726;GO:0042127;GO:0046578;GO:2000377;GO:0006357
Q9P2W1,PSMC3 interacting protein,Testis,GO:0000794;GO:0120231;GO:0005654;GO:0003690;GO:0030374;GO:0120230;GO:0007129;GO:0000709;GO:0010774;GO:0007131
Q15173,Protein phosphatase 2 regulatory subunit B'beta,Brain,GO:0005737;GO:0005829;GO:0005634;GO:0000159;GO:0072542;GO:0019888;GO:0071363;GO:0070317;GO:0010976;GO:0051388;GO:0031334;GO:0045944;GO:0007165
Q9NYW7,Taste 2 receptor member 1,Testis,GO:0016020;GO:0005886;GO:0033038;GO:0004930;GO:0008527;GO:0001580
Q9UI32,Glutaminase 2,Liver,GO:0005759;GO:0005739;GO:0004359;GO:0006520;GO:0006537;GO:0006543;GO:0072593;GO:0042981
P0CG33,Golgin A6 family member D,Testis,GO:0005801;GO:0000137;GO:0032580;GO:0007030
O75951,Lysozyme like 6,Testis,GO:0001669;GO:0009986;GO:0005576;GO:0036126;GO:0097225;GO:0097524;GO:0003796;GO:0042742;GO:0009566;GO:0007342;GO:0031640
E9PQX1,Transmembrane protein 262,Testis,GO:0036128;GO:0031514
Q96DC8,Enoyl-CoA hydratase domain containing 3,Liver,GO:0005739;GO:0004300;GO:0016836;GO:0006631;GO:1900078
Q86UR5,Regulating synaptic membrane exocytosis 1,Brain,GO:0042995;GO:0005829;GO:0005886;GO:0048786;GO:0098831;GO:0042734;GO:0030695;GO:0046872;GO:0003723;GO:0031267;GO:0098882;GO:0060478;GO:0017156;GO:0030154;GO:0006886;GO:0061025;GO:1903861;GO:2000463;GO:0010628;GO:0097151;GO:0065003;GO:0045055;GO:0046928;GO:2000300;GO:0046903;GO:0016081;GO:0016079;GO:0016082;GO:0007601
Q6Q788,Apolipoprotein A5,Liver,GO:0042627;GO:0005769;GO:0005788;GO:0005576;GO:0005615;GO:1903561;GO:0005794;GO:0034364;GO:0005770;GO:0034361;GO:0120020;GO:0008047;GO:0019899;GO:0008201;GO:0060229;GO:0035473;GO:0008289;GO:0060230;GO:0070325;GO:0050750;GO:0031210;GO:0060228;GO:0005543;GO:0055090;GO:0033344;GO:0042632;GO:0008203;GO:0006869;GO:0042157;GO:0033700;GO:0045723;GO:0050996;GO:0051006;GO:0048260;GO:0010898;GO:0010902;GO:0042246;GO:0019433;GO:0070328;GO:0006641;GO:0034370
Q8NCT1,Arrestin domain containing 4,Brain,GO:0005737;GO:0005769;GO:0005768;GO:1903561;GO:0043231;GO:0005886;GO:1990756;GO:0140112;GO:0032728;GO:0051443;GO:0070534;GO:0015031;GO:0016567
Q9UJ55,MAGE family member L2,Brain,GO:0005829;GO:0005769;GO:0005768;GO:0005634;GO:0004842;GO:0034314;GO:0045892;GO:0000122;GO:0051127;GO:0070534;GO:0042752;GO:0042147;GO:0048511
Q4W5P6,Small integral membrane protein 43,Brain,GO:0005886;GO:0044325;GO:0048382;GO:0010828
Q8N7B1,HORMA domain containing 2,Testis,GO:0005813;GO:0005694;GO:0005829;GO:0005654;GO:0005634;GO:0000795;GO:0051321;GO:0051177
Q68G74,LIM homeobox 8,Brain,GO:0000785;GO:0001674;GO:0005634;GO:0000981;GO:0046872;GO:0000977;GO:1990837;GO:0008585;GO:0021884;GO:0007611;GO:0030182;GO:0042475;GO:0006357
Q99909,SSX family member 3,Testis,GO:0005634;GO:0006355
Q99798,Aconitase 2,Heart,GO:0005829;GO:0005759;GO:0005739;GO:0051538;GO:0051539;GO:0003994;GO:0005506;GO:0006101;GO:0006091;GO:0006102;GO:0001889;GO:0035900;GO:0006099
Q5TGJ6,HDGF like 1,Testis,GO:0005634;GO:0006338
P10620,Microsomal glutathione S-transferase 1,Liver,GO:0035577;GO:0005783;GO:0005789;GO:0016020;GO:0005741;GO:0005739;GO:0005778;GO:0005886;GO:0004602;GO:0004364;GO:0071449;GO:0034635
O95273,Cyclin D1 binding protein 1,Brain,GO:0005737;GO:0016604;GO:0005654;GO:0005634
P02008,Hemoglobin subunit zeta,Testis,GO:0070062;GO:0031838;GO:0005833;GO:0020037;GO:0005506;GO:0043177;GO:0019825;GO:0005344;GO:0015670;GO:0098869;GO:0042744;GO:0015671
Q9Y662,Heparan sulfate-glucosamine 3-sulfotransferase 3B1,Liver,GO:0000139;GO:0005886;GO:0008467;GO:0033872;GO:0001658;GO:0006024;GO:0015012;GO:0015015
Q14833,Glutamate metabotropic receptor 4,Brain,GO:0031410;GO:0005886;GO:0098793;GO:0001640;GO:0004930;GO:0008066;GO:0007196;GO:0007268;GO:0007216;GO:0007269;GO:0043410;GO:0043523;GO:0051966
Q13303,Potassium voltage-gated channel subfamily A regulatory beta subunit 2,Brain,GO:0009898;GO:0005856;GO:0005829;GO:0044224;GO:0016020;GO:1990031;GO:0005886;GO:0035579;GO:0045202;GO:0070821;GO:0008076;GO:0004033;GO:1990002;GO:0015459;GO:0044325;GO:0005249;GO:0070995;GO:0098900;GO:1901379;GO:2000008
Q9Y2H2,Inositol polyphosphate-5-phosphatase F,Brain,GO:0030424;GO:0045334;GO:0005905;GO:0030425;GO:0005769;GO:0031901;GO:0043231;GO:0043025;GO:0055037;GO:0052833;GO:0034596;GO:0034595;GO:0043812;GO:0042803;GO:0008344;GO:0014898;GO:0072583;GO:0048681;GO:0042532;GO:0043491;GO:0006661;GO:0031161;GO:0046856;GO:0048015;GO:0001921;GO:2000145;GO:2001135;GO:0051896
Q9NR80,Rho guanine nucleotide exchange factor 4,Brain,GO:0005829;GO:0032587;GO:0005085;GO:0019904;GO:0046847;GO:0035556;GO:0030032;GO:0051056
A6NCN8,Testis expressed 52,Testis,
Q9Y5X0,Sorting nexin 10,Liver,GO:0090651;GO:0005813;GO:0005783;GO:0005768;GO:0031313;GO:0005634;GO:0030141;GO:0005545;GO:0051117;GO:1901981;GO:0035630;GO:0045453;GO:0055074;GO:0019725;GO:1990830;GO:0060271;GO:0006897;GO:0007032;GO:0001696;GO:0006886;GO:0030316;GO:0071539;GO:0061512;GO:0097178;GO:0044691;GO:0016050
E9PGG2,Anomalous homeobox,Testis,GO:0005634;GO:0005667;GO:0000981;GO:0000978;GO:0014857;GO:0006357;GO:0048741
Q14916,Solute carrier family 17 member 1,Liver,GO:0016324;GO:0016020;GO:0005886;GO:0005436;GO:0022857;GO:0006820;GO:0006811;GO:0035435;GO:0006817;GO:0044341;GO:0046415;GO:0015747
O14512,Suppressor of cytokine signaling 7,Testis,GO:0031466;GO:0005737;GO:0005829;GO:0005634;GO:0005886;GO:0140031;GO:0017124;GO:0035591;GO:1990756;GO:0008286;GO:0035556;GO:0021819;GO:0009968;GO:0043161;GO:0016567;GO:2001222
Q8IX90,Spindle and kinetochore associated complex subunit 3,Testis,GO:0005813;GO:0005829;GO:0000776;GO:0072687;GO:0072686;GO:0000940;GO:0170027;GO:0005876;GO:0008017;GO:0051315;GO:0051301;GO:0007059;GO:0051296;GO:0051310;GO:0000278;GO:0007080;GO:0000070;GO:0140499;GO:0031110;GO:0007056
Q9HCN8,Stromal cell derived factor 2 like 1,Liver,GO:0005783;GO:0034663;GO:0005788;GO:0016020;GO:0101031;GO:0051117;GO:0051787;GO:0051087;GO:0071218;GO:0051085;GO:0036503;GO:0042981
P03915,Mitochondrially encoded NADH:ubiquinone oxidoreductase core subunit 5,Heart,GO:0005743;GO:0005739;GO:0045271;GO:0008137;GO:0009060;GO:0015990;GO:0006120;GO:0032981;GO:0042776;GO:0042542;GO:0001666
Q9Y617,Phosphoserine aminotransferase 1,Kidney,GO:0005737;GO:0005829;GO:0070062;GO:0042802;GO:0004648;GO:0030170;GO:0006564;GO:0008615
P24387,Corticotropin releasing hormone binding protein,Brain,GO:0043679;GO:0030425;GO:0031045;GO:0005576;GO:0005615;GO:0005874;GO:0005771;GO:0005634;GO:0043204;GO:0005767;GO:0030141;GO:0043196;GO:0051424;GO:0042277;GO:0048149;GO:0071277;GO:0071320;GO:0071314;GO:0071392;GO:0071391;GO:0097211;GO:0035865;GO:0071356;GO:0071466;GO:0007565;GO:0009755;GO:0006954;GO:0007611;GO:0051460;GO:1900011;GO:0045055;GO:0080135;GO:0051459;GO:2000310;GO:0007165;GO:0001963
Q6ZT52,Family with sequence similarity 43 member B,Brain,
Q8N6G2,Testis expressed 26,Testis,GO:0005737
O14841,"5-oxoprolinase, ATP-hydrolysing",Testis,GO:0005829;GO:0017168;GO:0005524;GO:0042802;GO:0006749
O75038,Phospholipase C eta 2,Brain,GO:0005737;GO:0005886;GO:0005509;GO:0004435;GO:0016042;GO:0046488;GO:0048015;GO:0007200;GO:0051209
Q6NXE6,Armadillo repeat containing 6,Liver,GO:0005829;GO:0002244
Q9HCC9,Zinc finger FYVE-type containing 28,Brain,GO:0005829;GO:0031901;GO:0046872;GO:0032266;GO:0042059;GO:0007175
Q96A05,ATPase H+ transporting V1 subunit E2,Testis,GO:0001669;GO:0005829;GO:0033178;GO:0046961;GO:0016241
P12532,"Creatine kinase, mitochondrial 1A",Brain,GO:0005743;GO:0005739;GO:0005524;GO:0004111;GO:0046314
P19875,C-X-C motif chemokine ligand 2,Liver,GO:0005576;GO:0005615;GO:0008009;GO:0045236;GO:0061844;GO:0071222;GO:0070098;GO:0006935;GO:0006954;GO:0030593;GO:0002237
Q495T6,Membrane metalloendopeptidase like 1,Testis,GO:0005615;GO:0016020;GO:0005886;GO:0004175;GO:0046872;GO:0004222;GO:0016485;GO:0006508
P31327,Carbamoyl-phosphate synthase 1,Liver,GO:0005737;GO:0005743;GO:0005759;GO:0042645;GO:0005739;GO:0005730;GO:0005886;GO:0032991;GO:0005524;GO:0005509;GO:0004087;GO:0004088;GO:0004175;GO:0016595;GO:0046872;GO:0072341;GO:0005543;GO:0030955;GO:0044877;GO:0036094;GO:0006207;GO:0070409;GO:0071242;GO:0071320;GO:0044344;GO:0071377;GO:0071400;GO:0019240;GO:0006541;GO:0070365;GO:0050667;GO:0007494;GO:0055081;GO:0046209;GO:0014075;GO:0043200;GO:0071548;GO:0032094;GO:0060416;GO:0032496;GO:0042594;GO:0009636;GO:0009410;GO:0010043;GO:0019433;GO:0000050;GO:0042311
Q96NL0,RUN domain containing 3B,Liver,
P0C0S8,H2A clustered histone 11,Testis,GO:0070062;GO:0000786;GO:0005634;GO:0003677;GO:0019899;GO:0046982;GO:0030527;GO:0031507
Q6ZRY4,"RNA binding protein, mRNA processing factor 2",Heart,GO:0005737;GO:0010494;GO:0005829;GO:0005634;GO:0042802;GO:0003729;GO:0042803;GO:0048557;GO:0030514;GO:0051151;GO:0048661;GO:0000381
Q8NEN0,Armadillo repeat containing 2,Testis,GO:0000902;GO:0044782;GO:0006997;GO:0007288
Q2WGJ8,Transmembrane protein 249,Testis,GO:0036128;GO:0097228
Q5JSQ8,KH domain containing 1 like,Testis,GO:0005737;GO:0003723
P04731,Metallothionein 1A,Liver,GO:0005737;GO:0005829;GO:0005634;GO:0046872;GO:0008270;GO:0071276;GO:0071280;GO:0071294;GO:0010273;GO:0006882;GO:0045926
Q17RC7,Exocyst complex component 3 like 4,Liver,GO:0000145;GO:0000149;GO:0051601;GO:0006887
P35503,UDP glucuronosyltransferase family 1 member A3,Liver,GO:0005783;GO:0005789;GO:0019899;GO:0004857;GO:0015020;GO:0046982;GO:0042803;GO:0001972;GO:0032782;GO:0052695;GO:0008210;GO:0052696;GO:2001030;GO:0045922;GO:0042573;GO:0070640;GO:0052697;GO:0006805
Q8N6R1,Stress associated endoplasmic reticulum protein family member 2,Brain,GO:0005783;GO:0005789;GO:0030968
Q5JWF8,Actin like 10,Testis,
Q9ULZ0,TP53 target 3D,Testis,GO:0005737;GO:0005634
P43681,Cholinergic receptor nicotinic alpha 4 subunit,Liver,GO:0005892;GO:0030425;GO:0009897;GO:0016020;GO:0043005;GO:0043025;GO:0005886;GO:0045211;GO:0045202;GO:0042166;GO:0015464;GO:0022848;GO:0015276;GO:0095500;GO:0001508;GO:0042113;GO:0035095;GO:0006816;GO:0007268;GO:0050890;GO:0006281;GO:0060080;GO:0051899;GO:0006811;GO:0050877;GO:0014059;GO:0042391;GO:0001666;GO:0035094;GO:0006979;GO:0019233;GO:0007165;GO:0007271
P41225,SRY-box transcription factor 3,Testis,GO:0000785;GO:0005654;GO:0005634;GO:0003677;GO:0001228;GO:0000981;GO:0000978;GO:1990837;GO:0007420;GO:0007417;GO:0060324;GO:0021854;GO:0045665;GO:0000122;GO:0030182;GO:0021983;GO:0045944;GO:0007423;GO:0007530
Q9NU63,ZFP57 zinc finger protein,Heart,GO:0005634;GO:0003682;GO:0000981;GO:0046872;GO:0000977;GO:0141068;GO:0006357
Q9HBJ7,Ubiquitin specific peptidase 29,Testis,GO:0005829;GO:0005634;GO:0048471;GO:0004843;GO:0004197;GO:0051607;GO:0000082;GO:0045087;GO:0060340;GO:0071108;GO:0050821;GO:0006508;GO:0031647
O43566,Regulator of G protein signaling 14,Brain,GO:0005813;GO:0005737;GO:0030425;GO:0043197;GO:0098978;GO:0005874;GO:0016604;GO:0005634;GO:0005886;GO:0016605;GO:0014069;GO:0005819;GO:0000922;GO:0001965;GO:0005092;GO:0032794;GO:0005096;GO:0003924;GO:0008017;GO:0019901;GO:0030159;GO:0051301;GO:0007059;GO:0007186;GO:0007612;GO:0007616;GO:0060291;GO:0000278;GO:0070373;GO:0045744;GO:0043407;GO:0031914;GO:0006913;GO:0048008;GO:0050769;GO:0008277;GO:0006979;GO:0007051;GO:0008542;GO:0010070
P62805,H4 clustered histone 11,Liver,GO:0043505;GO:0000781;GO:0070062;GO:0005576;GO:0016020;GO:0005654;GO:0000786;GO:0005634;GO:0032991;GO:0003677;GO:0046982;GO:0003723;GO:0030527;GO:0006325;GO:0045653;GO:0006334;GO:0061644;GO:0032200
A0A494C1R9,Testis specific protein Y-linked 9,Testis,GO:0000785;GO:0005737;GO:0005634;GO:0003682;GO:0042393;GO:0030154;GO:0007506;GO:0006334;GO:0007283
A6NK58,Lipoyl(octanoyl) transferase 2,Testis,GO:0005759;GO:0005739;GO:0016874;GO:0033819;GO:2000376;GO:0009249
Q9NPA3,MID1 interacting protein 1,Brain,GO:0005829;GO:0005874;GO:0015630;GO:0005634;GO:0042802;GO:0006629;GO:0007026;GO:0045723;GO:0051351;GO:0051258;GO:0046890
Q8NEG4,Family with sequence similarity 83 member F,Testis,GO:0019901;GO:0007165
Q9Y448,Kinetochore localized astrin (SPAG5) binding protein,Testis,GO:0034451;GO:0005737;GO:0000776;GO:0005815;GO:0035371;GO:0072686;GO:0005634;GO:0005886;GO:0001726;GO:0000922;GO:0051010;GO:0042803;GO:0051301;GO:0016477;GO:0071364;GO:0007059;GO:0000226;GO:0000070;GO:0051988;GO:0007051
P00441,Superoxide dismutase 1,Liver,GO:1904115;GO:0005737;GO:0031410;GO:0005829;GO:0032839;GO:0070062;GO:0005576;GO:0005615;GO:0005758;GO:0005759;GO:0005739;GO:0043025;GO:0005654;GO:0005634;GO:0005777;GO:0032991;GO:0005507;GO:0042802;GO:0042803;GO:0030346;GO:0051087;GO:0031267;GO:0004784;GO:0008270;GO:0099610;GO:0008089;GO:0006915;GO:0060088;GO:0008340;GO:0035234;GO:0007566;GO:0010467;GO:0006749;GO:0060047;GO:0050665;GO:0006879;GO:0007626;GO:0046716;GO:0002262;GO:0051093;GO:0050728;GO:0043524;GO:2000242;GO:0060052;GO:0019228;GO:0001541;GO:0032287;GO:0001890;GO:0043065;GO:0001819;GO:0043410;GO:1902177;GO:0050766;GO:0032930;GO:0072593;GO:0008217;GO:0043087;GO:0051881;GO:0040014;GO:0046620;GO:0033081;GO:0060087;GO:0019430;GO:0048678;GO:0045471;GO:0009408;GO:0042542;GO:0000303;GO:0009410;GO:0001895;GO:0008090;GO:0007605;GO:0007283;GO:0042554;GO:0006801;GO:0048538;GO:0019226
Q7Z410,Transmembrane serine protease 9,Liver,GO:0005886;GO:0004252;GO:0006508
P0DM63,Nuclear pore complex interacting protein family member A8,Brain,
O95500,Claudin 14,Kidney,GO:0005923;GO:0005783;GO:0005886;GO:0042802;GO:0005198;GO:0070830;GO:0016338;GO:0007155;GO:0065003
Q6ZQX7,Chromosome 17 open reading frame 97,Testis,GO:0005737;GO:0005730;GO:0140693;GO:0140694;GO:0016598
Q68D85,Natural killer cell cytotoxicity receptor 3 ligand 1,Brain,GO:0042571;GO:0005886;GO:0003823;GO:0034987;GO:0048018;GO:0019731;GO:0006958;GO:0051132
Q5SVJ3,Chromosome 1 open reading frame 100,Testis,
Q86TY3,Armadillo like helical domain containing 4,Kidney,GO:0016020;GO:1904841;GO:0050727;GO:1903939
Q9NQZ3,Deleted in azoospermia 1,Testis,GO:0005737;GO:0005634;GO:0032991;GO:0003730;GO:0008494;GO:0070935;GO:0030154;GO:0045948;GO:0007283
Q9BZQ8,Niban apoptosis regulator 1,Heart,GO:0005737;GO:0005829;GO:0070062;GO:0016020;GO:0005886;GO:0001933;GO:0001934;GO:0045727;GO:0034976
Q86X24,HORMA domain containing 1,Testis,GO:0005694;GO:0005634;GO:0000795;GO:0001824;GO:0051321;GO:0042138;GO:0051598;GO:0051177;GO:0048477;GO:0060629;GO:0007283;GO:0007130
O14966,"RAB29, member RAS oncogene family",Kidney,GO:0005801;GO:0005737;GO:0005856;GO:0005829;GO:0005769;GO:0012505;GO:0070062;GO:0005794;GO:0000139;GO:0043231;GO:0097708;GO:0042470;GO:0005739;GO:0048471;GO:0005886;GO:0055037;GO:0005802;GO:0005773;GO:0070840;GO:0019003;GO:0005525;GO:0003924;GO:0019894;GO:0031267;GO:0030154;GO:1990748;GO:0007030;GO:0006886;GO:0032438;GO:0007005;GO:0044788;GO:0010977;GO:0090316;GO:0001921;GO:0050862;GO:1903441;GO:0072657;GO:1905279;GO:0009617;GO:0042147;GO:0007416;GO:0042110
Q8N9F7,Glycerophosphodiester phosphodiesterase domain containing 1,Brain,GO:0005783;GO:0005789;GO:0016020;GO:0048471;GO:0004622;GO:0046872;GO:0008081;GO:0046475;GO:0070291
Q9BT30,AlkB homolog 7,Testis,GO:0005759;GO:0005739;GO:0051213;GO:0046872;GO:0006974;GO:0006631;GO:0010883;GO:1902445
P49895,Iodothyronine deiodinase 1,Kidney,GO:0005789;GO:0005886;GO:0008430;GO:0004800;GO:0006520;GO:0042446;GO:0006590;GO:0042403
Q9H3Z4,DnaJ heat shock protein family (Hsp40) member C5,Brain,GO:0035577;GO:0042584;GO:0061202;GO:0005829;GO:0005794;GO:0043231;GO:0005765;GO:0042470;GO:0016020;GO:0005739;GO:0031594;GO:0005886;GO:0098793;GO:0035579;GO:0030672;GO:0043008;GO:0061077;GO:0006887;GO:0043524;GO:0051402;GO:0045055;GO:0098693;GO:0016079
Q5VU92,DDB1 and CUL4 associated factor 12 like 1,Testis,GO:0080008
P35219,Carbonic anhydrase 8,Brain,GO:0005737;GO:0004089;GO:0016836;GO:0008270;GO:0006730;GO:0050850
Q8NFW9,Myosin VIIA and Rab interacting protein,Brain,GO:0030864;GO:0005829;GO:0031045;GO:0048471;GO:0030133;GO:0003779;GO:0017022;GO:0031267;GO:0008270;GO:0006886;GO:0032024
P26992,Ciliary neurotrophic factor receptor,Brain,GO:0016324;GO:0070110;GO:0097059;GO:0009897;GO:0019898;GO:0005886;GO:0004897;GO:0019955;GO:0004896;GO:0005102;GO:0003360;GO:0070120;GO:0097049;GO:2000672;GO:0043524;GO:0007399;GO:0008284;GO:0007548;GO:0007165;GO:0060538;GO:0001967
P0DMC3,Apelin receptor early endogenous ligand,Kidney,GO:0005576;GO:0005615;GO:0031704;GO:0005179;GO:0007512;GO:0001525;GO:0060183;GO:0090134;GO:0060976;GO:0035050;GO:0007492;GO:0007507;GO:0090133;GO:0007509;GO:0060674;GO:0045766;GO:1903589;GO:0070374;GO:1904022;GO:0045823;GO:1901165;GO:0001570
Q9Y342,Plasmolipin,Brain,GO:0043218;GO:0016020;GO:0045121;GO:0043209;GO:0005886;GO:0042802;GO:0019911;GO:0034220;GO:0032288;GO:0042552;GO:0030100;GO:1904298
Q14330,G protein-coupled receptor 18,Testis,GO:0030659;GO:0016020;GO:0005886;GO:0004930;GO:0002300;GO:0002305;GO:0007186;GO:0002689;GO:0032720
P57073,SRY-box transcription factor 8,Brain,GO:0000785;GO:0005737;GO:0005634;GO:0005667;GO:0003677;GO:0000981;GO:0140297;GO:0000978;GO:1990837;GO:0060612;GO:0060018;GO:0045165;GO:0048469;GO:0048484;GO:0045444;GO:0001701;GO:0008584;GO:0072289;GO:0061138;GO:0002009;GO:0043066;GO:0045892;GO:0045662;GO:0046533;GO:0000122;GO:0014032;GO:0001755;GO:0048709;GO:0001649;GO:0007422;GO:0090190;GO:0045893;GO:0010628;GO:0014015;GO:0090184;GO:0033690;GO:0045944;GO:0010817;GO:0072034;GO:0060041;GO:0060221;GO:0060009;GO:0007165;GO:0035914;GO:0007283;GO:0072197
Q92995,Ubiquitin specific peptidase 13,Heart,GO:0005829;GO:0005654;GO:0005634;GO:1904288;GO:0004843;GO:0004197;GO:1990380;GO:0070628;GO:0051087;GO:0043130;GO:0031625;GO:0044389;GO:0008270;GO:0006914;GO:0008283;GO:0036506;GO:0030318;GO:1904294;GO:0016579;GO:0035523;GO:0044313;GO:0070536;GO:0050821;GO:0006508;GO:0010506;GO:0006355;GO:0031647
Q9UEF7,Klotho,Kidney,GO:0016324;GO:0070062;GO:0005576;GO:0005615;GO:0016020;GO:0005886;GO:0008422;GO:0004566;GO:0017134;GO:0005104;GO:0005179;GO:0005499;GO:0055074;GO:0005975;GO:0008340;GO:0006112;GO:0008543;GO:0003085;GO:0042421;GO:0030501;GO:0090080;GO:0014823;GO:1990776;GO:0033280
Q00056,Homeobox A4,Brain,GO:0000785;GO:0016604;GO:0005654;GO:0000981;GO:0000978;GO:1990837;GO:0009653;GO:0009952;GO:0048704;GO:0045944
Q7RTY7,Ovochymase 1,Testis,GO:0005576;GO:0046872;GO:0004252;GO:0006508
Q8N831,TSPY like 6,Testis,GO:0000785;GO:0005634;GO:0003682;GO:0042393;GO:0006334
Q15619,Olfactory receptor family 1 subfamily C member 1,Testis,GO:0016020;GO:0005886;GO:0004930;GO:0004984;GO:0007608;GO:0007165
Q96C74,Rhophilin associated tail protein 1 like,Testis,GO:0005929;GO:0005737;GO:0005576;GO:0031514;GO:0001534;GO:0042802;GO:0003351;GO:0030317;GO:0001932;GO:0048240
A0FGR9,Extended synaptotagmin 3,Brain,GO:0009898;GO:0005789;GO:0140268;GO:0044232;GO:0005886;GO:0005509;GO:0005544;GO:0031210;GO:0008429;GO:0035091;GO:0061817;GO:0006869
Q92730,Rho family GTPase 1,Brain,GO:0015629;GO:0005912;GO:0005829;GO:0043231;GO:0005886;GO:0005525;GO:0003924;GO:0019901;GO:0005102;GO:0007015;GO:0016477;GO:0007162;GO:0016322;GO:0032956;GO:0007165;GO:0007264
Q8TD22,Sideroflexin 5,Brain,GO:0005743;GO:0005739;GO:0015137;GO:0015075;GO:0006865;GO:0015746;GO:1990542;GO:0120162
Q86SG3,Deleted in azoospermia 4,Testis,GO:0005737;GO:0005634;GO:0032991;GO:0003730;GO:0008494;GO:0070935;GO:0030154;GO:0045948;GO:0007283
Q86U17,Serpin family A member 11,Liver,GO:0005615;GO:0004867
Q7Z572,Spermatogenesis associated 21,Testis,GO:0005509
P38567,Sperm adhesion molecule 1,Testis,GO:0001669;GO:0005886;GO:0098552;GO:0004415;GO:0007339;GO:0005975;GO:0007155;GO:0007342;GO:0030214
Q9Y508,Ring finger protein 114,Testis,GO:0005829;GO:0005634;GO:0005886;GO:0046872;GO:0061630;GO:0030154;GO:0000209;GO:0007283;GO:0006511
Q8NBB4,Zinc finger and SCAN domain containing 1,Testis,GO:0000785;GO:0005634;GO:0000981;GO:0046872;GO:0000978;GO:1990837;GO:0006357
P09110,Acetyl-CoA acyltransferase 1,Kidney,GO:0005829;GO:0005576;GO:0016020;GO:0005782;GO:0005777;GO:0035580;GO:0008775;GO:0003985;GO:0003988;GO:0050633;GO:0016401;GO:0036109;GO:0008206;GO:0006635;GO:0033540;GO:0010124;GO:0000038
A6NJW4,Leucine rich repeat containing 3C,Testis,GO:0031012;GO:0005615;GO:0016020
P32298,G protein-coupled receptor kinase 4,Testis,GO:0005938;GO:0005737;GO:0005829;GO:0097381;GO:0005886;GO:0005524;GO:0004672;GO:0050254;GO:0031623;GO:0008277;GO:0022400;GO:0009966;GO:0007165
Q9NQG5,Regulation of nuclear pre-mRNA domain containing 1B,Liver,GO:0005654;GO:0005634;GO:0097550;GO:0042802;GO:0099122;GO:0000993;GO:0031124;GO:0008284;GO:0045944;GO:0010564;GO:0001111
Q6PF15,Kelch like family member 35,Testis,GO:0031463;GO:0005737;GO:1990756;GO:0043161
Q8TF44,C2 calcium dependent domain containing 4C,Brain,GO:0005829
Q0VF96,Cingulin like 1,Kidney,GO:0005923;GO:0016459;GO:0032991;GO:0007015;GO:0051058;GO:0051497;GO:0150105
Q02127,Dihydroorotate dehydrogenase (quinone),Liver,GO:0005829;GO:0005743;GO:0005739;GO:0005654;GO:0004151;GO:0106430;GO:0004152;GO:0006207;GO:0044205;GO:0009220;GO:0006225
P03950,Angiogenin,Liver,GO:0015629;GO:0032311;GO:0005604;GO:0005694;GO:0005737;GO:0010494;GO:0005829;GO:0030139;GO:0005576;GO:0005615;GO:0030426;GO:0043025;GO:0005730;GO:0005634;GO:0003779;GO:0005507;GO:0003677;GO:0004519;GO:0008201;GO:0042277;GO:0042803;GO:0048018;GO:0043022;GO:0004521;GO:0004540;GO:0019843;GO:0005102;GO:0004549;GO:0030041;GO:0001525;GO:0019731;GO:0061844;GO:0007154;GO:0016477;GO:0050830;GO:0071425;GO:0042592;GO:0045087;GO:0043066;GO:0048662;GO:0032055;GO:0001556;GO:0001541;GO:0001890;GO:0001938;GO:0042327;GO:0050714;GO:0009725;GO:0001666;GO:0009303;GO:0007165;GO:0023052;GO:0034063;GO:0016078
P59797,Selenoprotein V,Testis,GO:0010269
Q92913,Fibroblast growth factor 13,Brain,GO:0030424;GO:0005737;GO:0005829;GO:0030425;GO:0030175;GO:0030426;GO:0014704;GO:0016328;GO:0005874;GO:0043005;GO:0005634;GO:0005886;GO:0042383;GO:0048487;GO:0008083;GO:0008017;GO:0017080;GO:0044325;GO:0048755;GO:0007267;GO:0021795;GO:0045200;GO:0021766;GO:1904862;GO:0007612;GO:0000165;GO:0007613;GO:0046785;GO:0048671;GO:0007026;GO:0007399;GO:0022008;GO:0001764;GO:1905152;GO:0072659;GO:0098909;GO:0007165;GO:0006814
Q5TH74,Sperm tail PG-rich repeat containing 1,Testis,GO:0005739;GO:0005634;GO:0043065;GO:1902110
O60347,TBC1 domain family member 12,Brain,GO:0005776;GO:0055037;GO:0005096;GO:2000785
Q5H9L4,TATA-box binding protein associated factor 7 like,Testis,GO:0005737;GO:0005669;GO:0030154;GO:0051123;GO:0007283
P18505,Gamma-aminobutyric acid type A receptor subunit beta1,Brain,GO:0034707;GO:0030425;GO:1902711;GO:0098982;GO:0043005;GO:0005635;GO:0005886;GO:0099634;GO:0048787;GO:0098685;GO:0045202;GO:1902495;GO:0150047;GO:0050811;GO:0004890;GO:0022851;GO:0015276;GO:0099507;GO:0030594;GO:1904315;GO:0071420;GO:0021954;GO:1902476;GO:0007214;GO:0006811;GO:0042698;GO:0032570;GO:0009636;GO:0007165
Q8IYX1,TBC1 domain family member 21,Testis,GO:0001669;GO:0005856;GO:0070062;GO:0097225;GO:0003779;GO:0005096;GO:0031267;GO:0030317;GO:0007288;GO:0120317;GO:0007283
Q96N19,G protein-coupled receptor 137,Testis,GO:0005765;GO:0006914;GO:0045779;GO:0045671;GO:1904263;GO:0010506
Q9BV35,Solute carrier family 25 member 23,Brain,GO:0005743;GO:0005739;GO:0000295;GO:0140988;GO:0005347;GO:0140987;GO:0005509;GO:0051503;GO:0015866;GO:0015867;GO:0036444;GO:0071277;GO:1990544;GO:0006851;GO:0051561;GO:1900069;GO:0002082;GO:0051282;GO:0003014
Q6ZT89,Solute carrier family 25 member 48,Kidney,GO:0005743;GO:0005739;GO:0022857
Q9NQM4,Dynein axonemal assembly factor 6,Testis,GO:0005737;GO:0005802;GO:0045505;GO:0051087;GO:0070286;GO:0003341;GO:0030317;GO:0036159;GO:0036158
Q96J77,TPD52 like 3,Testis,GO:0005737
Q8WV74,Nudix hydrolase 8,Heart,GO:0005739;GO:0010945;GO:0000287;GO:0030145;GO:0046356;GO:0044580;GO:0015938;GO:2001294;GO:0036114;GO:1902859;GO:1901289
Q8IYJ1,Copine family member 9,Brain,GO:0070062;GO:0005615;GO:0005886;GO:0005544;GO:0046872;GO:0030154;GO:0071277;GO:1903861
O14994,Synapsin III,Brain,GO:0098850;GO:0098978;GO:0014069;GO:0008021;GO:0030672;GO:0005524;GO:0007269;GO:0032228;GO:0050808;GO:0097091
Q9Y295,Developmentally regulated GTP binding protein 1,Testis,GO:0005737;GO:0005829;GO:0016020;GO:0016604;GO:0005654;GO:0005634;GO:0005525;GO:0003924;GO:0042802;GO:1990606;GO:0008017;GO:0030955;GO:0002181;GO:0031116;GO:1901673
Q9NRM6,Interleukin 17 receptor B,Liver,GO:0005576;GO:0043231;GO:0016020;GO:0005886;GO:0004896;GO:0030368;GO:0006952;GO:0001558
Q8N9W5,Dynein axonemal assembly factor 3,Testis,GO:0120293;GO:0070286;GO:0007368;GO:0007507;GO:0044458
Q9NYA3,Golgin A6 family member A,Testis,GO:0005801;GO:0000137;GO:0032580;GO:0007030
Q6ZV89,SH2 domain containing 5,Brain,GO:0014069
Q9NRM6,Interleukin 17 receptor B,Kidney,GO:0005576;GO:0043231;GO:0016020;GO:0005886;GO:0004896;GO:0030368;GO:0006952;GO:0001558
Q8NDZ0,BEN domain containing 2,Testis,GO:0003677
Q2NKQ1,Small G protein signaling modulator 1,Brain,GO:0005737;GO:0030659;GO:0005829;GO:0005794;GO:0005096;GO:0031267
Q9NP08,H6 family homeobox 1,Brain,GO:0000785;GO:0005634;GO:0003677;GO:0000981;GO:0001227;GO:0000977;GO:1990837;GO:0045892;GO:0006357
Q6UWN0,LY6/PLAUR domain containing 4,Testis,GO:0005576;GO:0005886;GO:0044853;GO:0098552
Q96HP8,Transmembrane protein 176A,Kidney,GO:0016020;GO:2001199
O75121,Microfibril associated protein 3 like,Testis,GO:0030054;GO:0005737;GO:0005654;GO:0005634;GO:0005886
O14788,TNF superfamily member 11,Liver,GO:0005737;GO:0005576;GO:0005615;GO:0005886;GO:0005125;GO:0042802;GO:0005164;GO:0032813;GO:0045453;GO:0055074;GO:0019722;GO:0007166;GO:1990830;GO:0019221;GO:0070371;GO:0006955;GO:0007254;GO:0060749;GO:0033598;GO:0002548;GO:0000122;GO:0001503;GO:0036035;GO:0030316;GO:0002158;GO:0038001;GO:0043491;GO:0045780;GO:0043123;GO:0051466;GO:0051091;GO:0070374;GO:2001238;GO:0071812;GO:0010628;GO:0034112;GO:1902533;GO:0046330;GO:0043406;GO:0051092;GO:2001206;GO:0045672;GO:0051897;GO:0050870;GO:0045944;GO:0044691;GO:0033209
P23582,Natriuretic peptide C,Brain,GO:0005576;GO:0005615;GO:0032991;GO:0030141;GO:0005179;GO:0051427;GO:0005102;GO:0001525;GO:0097746;GO:0001974;GO:0061939;GO:1904588;GO:0006182;GO:0019934;GO:0051276;GO:0001549;GO:0035483;GO:0003418;GO:0003419;GO:0006874;GO:1903537;GO:0071965;GO:0008285;GO:0032966;GO:2000279;GO:0051447;GO:0043524;GO:1900194;GO:0001503;GO:0010753;GO:0045669;GO:0009791;GO:0006457;GO:0007168;GO:0040014;GO:0048660;GO:0048678;GO:0045471;GO:0001666;GO:0002931;GO:0090649;GO:0009410
Q53HC0,Coiled-coil domain containing 92,Brain,GO:0005814;GO:0005813;GO:0005737;GO:0043231;GO:0005654;GO:0042802;GO:0045087;GO:0050688
P48506,Glutamate-cysteine ligase catalytic subunit,Liver,GO:0005829;GO:0017109;GO:0005739;GO:0043531;GO:0005524;GO:0016595;GO:0004357;GO:0000287;GO:0044877;GO:0097746;GO:0045454;GO:0044344;GO:0071372;GO:0071333;GO:0035729;GO:0032869;GO:0071260;GO:0097069;GO:0006534;GO:0006536;GO:0006750;GO:0019852;GO:0043066;GO:0045892;GO:2001237;GO:2000490;GO:1901029;GO:0043524;GO:0031397;GO:0032436;GO:0051900;GO:0014823;GO:0046685;GO:0046686;GO:0009408;GO:0009725;GO:0044752;GO:0070555;GO:0051409;GO:0007584;GO:0006979;GO:0009410
O43825,"Beta-1,3-galactosyltransferase 2",Heart,GO:0000139;GO:0047275;GO:0008499;GO:0006682;GO:0009312;GO:0006486;GO:0006493
Q96DX5,Ankyrin repeat and SOCS box containing 9,Liver,GO:0031466;GO:0005829;GO:0005739;GO:1990756;GO:0035556;GO:0045732;GO:0043161;GO:0016567
Q15542,TATA-box binding protein associated factor 5,Testis,GO:0015629;GO:0000785;GO:0005654;GO:0005634;GO:0000124;GO:0005669;GO:0033276;GO:0042802;GO:0016251;GO:0006352;GO:0042789;GO:0045893;GO:0060261;GO:0006282;GO:0006357;GO:0051123;GO:0006367
Q5TDP6,"Lengsin, lens protein with glutamine synthetase domain",Liver,GO:0005737;GO:0016020;GO:0005886
Q96HJ3,Coiled-coil domain containing 34,Testis,GO:0097225;GO:0007283
P31371,Fibroblast growth factor 9,Kidney,GO:0005737;GO:0005576;GO:0005615;GO:0005104;GO:0008083;GO:0008201;GO:0032924;GO:0001525;GO:0060070;GO:0060038;GO:0007267;GO:0002062;GO:0048566;GO:0030326;GO:0048706;GO:0001654;GO:0008543;GO:0042472;GO:0060484;GO:0008584;GO:0030238;GO:0010463;GO:0000122;GO:1905931;GO:0030178;GO:0022008;GO:0001649;GO:0032927;GO:0090263;GO:0060045;GO:0051781;GO:0008284;GO:0050679;GO:0010628;GO:0043410;GO:0002053;GO:0045880;GO:2000648;GO:1904754;GO:1904707;GO:0030949;GO:0006606;GO:0030334;GO:0048505;GO:0060011;GO:0007165;GO:0007224;GO:0072089;GO:0021762;GO:0048010
P78426,NK6 homeobox 1,Brain,GO:0000785;GO:0070062;GO:0005634;GO:0003682;GO:0000981;GO:0001227;GO:0000978;GO:0009887;GO:0030154;GO:0071345;GO:0071375;GO:0021953;GO:0010255;GO:0048715;GO:0000122;GO:0048709;GO:0031016;GO:0003310;GO:0051091;GO:0032024;GO:0045666;GO:0048714;GO:0045944;GO:2000078;GO:0030516;GO:2001222;GO:0006357;GO:0035094;GO:0009410;GO:0007224;GO:0006366;GO:0072560;GO:0044342
Q14005,Interleukin 16,Brain,GO:0005829;GO:0005576;GO:0005615;GO:0090543;GO:0005925;GO:0016607;GO:0005886;GO:0042609;GO:0005125;GO:0006955;GO:0050930;GO:0030595;GO:0050729;GO:0032730;GO:0032735;GO:0032755;GO:0051924
Q8N912,Chromosome 14 open reading frame 180,Heart,GO:0005886
Q02297,Neuregulin 1,Liver,GO:0016324;GO:0005576;GO:0005615;GO:0098978;GO:0016020;GO:0005654;GO:0005886;GO:0045499;GO:0005125;GO:0043125;GO:0008083;GO:0005178;GO:0030296;GO:0048018;GO:0030971;GO:0005102;GO:0003712;GO:0030297;GO:0032148;GO:0007171;GO:0007420;GO:0055007;GO:0060379;GO:0007154;GO:0030154;GO:0008283;GO:0007169;GO:0060956;GO:0038127;GO:0038133;GO:0038135;GO:0038129;GO:0038130;GO:0038138;GO:0035556;GO:0030879;GO:0010667;GO:0045892;GO:2001240;GO:0051048;GO:0007399;GO:0014032;GO:0007422;GO:0060045;GO:0045785;GO:0030307;GO:0008284;GO:0070374;GO:1900086;GO:0031334;GO:0051155;GO:0099149;GO:0051238;GO:0055012;GO:0003222;GO:0042060
A1L4K1,Fibronectin type III and SPRY domain containing 2,Heart,GO:0005634;GO:0048471;GO:0016529
Q6PEW0,Serine protease 54,Testis,GO:0005615;GO:0004252;GO:0006508
P22694,Protein kinase cAMP-activated catalytic subunit beta,Brain,GO:0005952;GO:0005813;GO:0097546;GO:0005829;GO:0070062;GO:0005654;GO:0005634;GO:0005886;GO:0005524;GO:0004691;GO:0000287;GO:0106310;GO:0004674;GO:0031625;GO:0007188;GO:0034380;GO:0045879;GO:1904262;GO:0001843;GO:0006468;GO:0070613;GO:0003091;GO:0007165
Q5H9E4,Solute carrier family 25 member 53,Brain,GO:0005743;GO:0005739;GO:0051724
A5D8T8,C-type lectin domain family 18 member A,Kidney,GO:0005783;GO:0005768;GO:0005615;GO:0005794;GO:0030247
P41146,Opioid related nociceptin receptor 1,Brain,GO:0031410;GO:0043005;GO:0005886;GO:0004930;GO:0042923;GO:0001626;GO:0007193;GO:0019722;GO:1990708;GO:0042755;GO:0044849;GO:0106072;GO:0045776;GO:0043951;GO:0007218;GO:0007200;GO:0035810;GO:1904059;GO:0032355;GO:0007600;GO:0019233
B1AK53,Espin,Liver,GO:0005903;GO:0005737;GO:0031941;GO:0005902;GO:0032420;GO:0032426;GO:0051015;GO:0017124;GO:0051017;GO:0030034;GO:0007605
Q658L1,Stabilizer of axonemal microtubules 2,Testis,GO:0005879;GO:0005814;GO:0036064;GO:0005856;GO:0036126;GO:0008017
A6NJG2,Sosondowah ankyrin repeat domain family member D,Testis,
Q6UE05,Transmembrane protein 270,Testis,GO:0016020
A5PLK6,Regulator of G protein signaling like 1,Testis,GO:0016020
Q9NYQ3,Hydroxyacid oxidase 2,Kidney,GO:0005829;GO:0005782;GO:0003973;GO:0010181;GO:0001561;GO:0019395
P05026,ATPase Na+/K+ transporting subunit beta 1,Kidney,GO:0016324;GO:0016323;GO:0070062;GO:1903561;GO:0014704;GO:0016328;GO:0016020;GO:0031090;GO:0005886;GO:0042383;GO:0005890;GO:0036126;GO:0030315;GO:0001671;GO:0051117;GO:0023026;GO:0005391;GO:0046982;GO:0019901;GO:0030674;GO:0046034;GO:0060048;GO:0007155;GO:0086064;GO:0010248;GO:0045087;GO:0006874;GO:0030007;GO:0006883;GO:0086009;GO:0086013;GO:0098655;GO:0032781;GO:1903408;GO:1903288;GO:1901018;GO:1903278;GO:1990573;GO:0072659;GO:0050821;GO:0044861;GO:1902600;GO:1903169;GO:0010882;GO:0010468;GO:0055119;GO:0036376;GO:0035725
Q5TC63,Growth hormone regulated TBC protein 1,Liver,GO:0005096
Q9UMF0,Intercellular adhesion molecule 5,Brain,GO:0098978;GO:0005886;GO:0098794;GO:0005178;GO:0007155;GO:0098609;GO:0006909;GO:0051963
Q7L266,Asparaginase and isoaspartyl peptidase 1,Brain,GO:0005737;GO:0005829;GO:0005634;GO:0001917;GO:0004067;GO:0008798;GO:0033345;GO:0006508
Q8N0W4,Neuroligin 4 X-linked,Brain,GO:0098985;GO:0009986;GO:0030425;GO:0060076;GO:0098982;GO:0098978;GO:0016020;GO:0005886;GO:0098839;GO:0099634;GO:0098793;GO:0098983;GO:0045202;GO:0050839;GO:0031404;GO:0042043;GO:0042803;GO:0097110;GO:0038023;GO:0030534;GO:0003360;GO:0045216;GO:0021549;GO:0007268;GO:0007612;GO:0050804;GO:0090394;GO:0007158;GO:0030182;GO:0035265;GO:0097104;GO:0099054;GO:0097105;GO:0051963;GO:0035176;GO:0050808;GO:0048488;GO:0071625
Q05D60,Deuterosome assembly protein 1,Testis,GO:0005814;GO:0005737;GO:0098536;GO:0042802;GO:0030030;GO:0007099;GO:0098535;GO:1903251
P20849,Collagen type IX alpha 1 chain,Brain,GO:0005594;GO:0062023;GO:0005788;GO:0005576;GO:0005615;GO:0030246;GO:0030020;GO:0046872;GO:0042803;GO:0009887;GO:0030198
Q14681,Potassium channel tetramerization domain containing 2,Brain,GO:0031463;GO:0005737;GO:0097602;GO:0044877;GO:0043161;GO:0051260
A6NLX4,Transmembrane protein 210,Testis,GO:0016020
A0A1B0GVH4,Serine protease 51,Brain,GO:0005576;GO:0004252;GO:0006508
P02741,C-reactive protein,Liver,GO:0005576;GO:0005615;GO:0005509;GO:0033265;GO:0001849;GO:0042802;GO:0030169;GO:0050750;GO:0006953;GO:0050830;GO:0006954;GO:0045087;GO:0010888;GO:0010745;GO:0032945;GO:0008228;GO:0010628;GO:0032930;GO:0032677;GO:0042310
P55290,Cadherin 13,Heart,GO:0005912;GO:0016342;GO:0005901;GO:0062023;GO:0005737;GO:0009897;GO:0070062;GO:0005576;GO:0005615;GO:0005925;GO:0098982;GO:0043005;GO:0048471;GO:0005886;GO:0055100;GO:0008013;GO:0045296;GO:0005509;GO:0042802;GO:0071813;GO:0030169;GO:0034332;GO:0016339;GO:0016477;GO:0000902;GO:0044331;GO:0007043;GO:0043542;GO:0007156;GO:0043616;GO:0030032;GO:0051668;GO:0055096;GO:0007162;GO:0008285;GO:0050850;GO:0030335;GO:0001954;GO:0001938;GO:0050927;GO:0048661;GO:0045944;GO:0016601;GO:0030100;GO:0042058;GO:0007266;GO:0002040
P37235,Hippocalcin like 1,Brain,GO:0016020;GO:0005509;GO:0009966
Q9Y2X7,GIT ArfGAP 1,Brain,GO:0044305;GO:0005813;GO:0005829;GO:0005925;GO:0030027;GO:0016020;GO:0005739;GO:0097431;GO:0043005;GO:0098794;GO:0014069;GO:0045202;GO:0043015;GO:0005096;GO:0046872;GO:0044877;GO:0031267;GO:0007420;GO:0045454;GO:0071222;GO:0048013;GO:0001957;GO:0007626;GO:0061743;GO:0045820;GO:0106015;GO:0032691;GO:0048666;GO:0090063;GO:0099171;GO:0032012;GO:0032465;GO:0008277;GO:2000300;GO:0036465
Q15768,Ephrin B3,Brain,GO:0098978;GO:0098686;GO:0005886;GO:0098839;GO:0042734;GO:0046875;GO:0005005;GO:0001618;GO:0007628;GO:0016198;GO:0007411;GO:0007267;GO:0048013;GO:0050771;GO:0007399;GO:1905608;GO:0050806;GO:0031295;GO:0099557
O43612,Hypocretin neuropeptide precursor,Brain,GO:0005576;GO:0099013;GO:0048471;GO:0098794;GO:0005791;GO:0008021;GO:0005184;GO:0031771;GO:0031772;GO:0007268;GO:0042755;GO:0060079;GO:0008156;GO:0043267;GO:0051970;GO:0007218;GO:0007200;GO:0051928;GO:0120162;GO:0007204;GO:0051971;GO:0046928;GO:0097305;GO:0042594;GO:0030431;GO:0001659
Q96R06,Sperm associated antigen 5,Kidney,GO:0034451;GO:0036064;GO:0035253;GO:0005737;GO:0005829;GO:0000776;GO:0035371;GO:0030496;GO:0072686;GO:0097431;GO:0016604;GO:0008017;GO:0051301;GO:0007059;GO:0051294;GO:0000070;GO:0032388;GO:1905832;GO:0071539;GO:0051988;GO:0090235;GO:0007051
Q7Z7J5,Developmental pluripotency associated 2,Testis,GO:0005654;GO:0005634;GO:0003682;GO:0048731
Q9P1Z3,Hyperpolarization activated cyclic nucleotide gated potassium channel 3,Brain,GO:0030424;GO:0044316;GO:0030425;GO:0098855;GO:0043025;GO:0005886;GO:0030552;GO:0005249;GO:0005248;GO:1903351;GO:0071805;GO:0003254;GO:0042391;GO:0035725
Q9NVI1,FA complementation group I,Testis,GO:0000785;GO:0005737;GO:0005829;GO:1990391;GO:0016020;GO:0005654;GO:0003677;GO:0070182;GO:0036297;GO:0031398
Q9Y3Q4,Hyperpolarization activated cyclic nucleotide gated potassium channel 4,Testis,GO:0030424;GO:0030425;GO:0098855;GO:0048471;GO:0005886;GO:0030552;GO:0042802;GO:0005222;GO:0005249;GO:0086041;GO:0005248;GO:0008015;GO:0071320;GO:0071321;GO:0086012;GO:0086046;GO:0006812;GO:0006936;GO:1990573;GO:0071805;GO:0098909;GO:0055117;GO:0002027;GO:0086091;GO:0003254;GO:0042391;GO:0086015;GO:0003163;GO:0098719;GO:0035725
Q8TC36,Sad1 and UNC84 domain containing 5,Testis,GO:0005794;GO:0034993;GO:0005635;GO:0005637;GO:0120212;GO:0043495;GO:0007286;GO:0007283
Q8TAQ9,Sad1 and UNC84 domain containing 3,Testis,GO:0034993;GO:0005635;GO:0005637;GO:0043495
Q8WWB5,PIH1 domain containing 2,Testis,GO:0005737;GO:0101031;GO:0097255;GO:1990904;GO:0031267;GO:0000492;GO:0050821;GO:0006364
Q92730,Rho family GTPase 1,Liver,GO:0015629;GO:0005912;GO:0005829;GO:0043231;GO:0005886;GO:0005525;GO:0003924;GO:0019901;GO:0005102;GO:0007015;GO:0016477;GO:0007162;GO:0016322;GO:0032956;GO:0007165;GO:0007264
Q9Y5N6,Origin recognition complex subunit 6,Testis,GO:0005829;GO:0001650;GO:0016020;GO:0005664;GO:0005654;GO:0005634;GO:0000808;GO:0003677;GO:0006270
Q96BY6,Dedicator of cytokinesis 10,Brain,GO:0005737;GO:0005829;GO:0043197;GO:0070062;GO:0098978;GO:0016020;GO:0005654;GO:0005634;GO:0005085;GO:0031267;GO:0001782;GO:0060997;GO:0002315;GO:0043547;GO:0030334;GO:0150052;GO:0035023;GO:0007264
P48775,"Tryptophan 2,3-dioxygenase",Liver,GO:0005829;GO:0016597;GO:0020037;GO:0042802;GO:0046872;GO:0019825;GO:0004833;GO:0051289;GO:1904842;GO:0019442;GO:0019441;GO:0006568
Q16827,Protein tyrosine phosphatase receptor type O,Kidney,GO:0016324;GO:0030424;GO:0043197;GO:0070062;GO:0098982;GO:0098978;GO:0030426;GO:0030027;GO:0016328;GO:0016020;GO:0043005;GO:0005886;GO:0098839;GO:0045296;GO:0140793;GO:0004726;GO:0016791;GO:0042803;GO:0004725;GO:0030946;GO:0005001;GO:0017147;GO:0007411;GO:0000902;GO:0032835;GO:0030032;GO:0002548;GO:0090090;GO:0010812;GO:0003105;GO:0010977;GO:0090260;GO:0035335;GO:0072112;GO:0006470;GO:0003093;GO:0050807;GO:0036060
Q96PX1,Ring finger protein 157,Brain,GO:0044297;GO:0005737;GO:0046872;GO:0061630;GO:0043066;GO:1903861;GO:0016567
P0DI80,Small integral membrane protein 6,Kidney,GO:0005789
Q8WXI2,Connector enhancer of kinase suppressor of Ras 2,Brain,GO:0005737;GO:0070062;GO:0099147;GO:0098978;GO:0043025;GO:0005886;GO:0042802;GO:0019901;GO:0035556;GO:0099084;GO:0009966
Q96MA1,DMRT like family B with proline rich C-terminal 1,Testis,GO:0000785;GO:0005634;GO:0000981;GO:0046872;GO:0000978;GO:0007281;GO:0006357;GO:0007548
P09958,"Furin, paired basic amino acid cleaving enzyme",Liver,GO:0009986;GO:0005783;GO:0010008;GO:0070062;GO:0005576;GO:0005796;GO:0000139;GO:0016020;GO:0045121;GO:0005886;GO:0005802;GO:0030140;GO:0004175;GO:1904399;GO:0008201;GO:0046872;GO:0048406;GO:0008233;GO:0042277;GO:0002020;GO:0004252;GO:0004867;GO:0008236;GO:1990000;GO:0001825;GO:0030574;GO:0140447;GO:0090472;GO:0022617;GO:0030198;GO:0002862;GO:0032804;GO:0032911;GO:0032902;GO:0043043;GO:0016486;GO:0034369;GO:0051044;GO:0046598;GO:0051604;GO:0016485;GO:0032374;GO:0052548;GO:0042176;GO:0009966;GO:0032940;GO:0006465;GO:0007179;GO:0019058;GO:0019082;GO:0019081;GO:0031638
Q8WW14,Chromosome 10 open reading frame 82,Testis,GO:0005737;GO:0005856;GO:0031514;GO:0005634
A6NHG4,D-dopachrome tautomerase like,Liver,GO:0005737;GO:0070062;GO:0005615;GO:0016829;GO:0050178
Q53SF7,Cordon-bleu WH2 repeat protein like 1,Liver,GO:0070062;GO:0003785;GO:0045296
A6NMA1,TRPC5 opposite strand,Testis,
P0DMV1,Cancer/testis antigen family 45 member A8,Testis,
Q8N8V2,Guanylate binding protein 7,Liver,GO:0031410;GO:0030659;GO:0005525;GO:0003924;GO:0071346;GO:0051715;GO:0042742;GO:0050830;GO:0042832;GO:0051607;GO:0001818;GO:0046426;GO:0032480;GO:0034345;GO:0045070;GO:0043122
Q9Y2E6,Deltex E3 ubiquitin ligase 4,Brain,GO:0005813;GO:0005737;GO:0005829;GO:0005654;GO:0061630;GO:0004842;GO:0008270;GO:0045824;GO:0007219;GO:0010498;GO:0043161;GO:0070936;GO:0016567;GO:0032479
Q6B0B8,Tigger transposable element derived 3,Brain,GO:0005634;GO:0003677
O94827,Pleckstrin homology and RhoGEF domain containing G5,Brain,GO:0030424;GO:0005911;GO:0005737;GO:0005829;GO:0030139;GO:0030027;GO:0048471;GO:0005886;GO:0005085;GO:0035767;GO:0043542;GO:0043123;GO:0051056;GO:0007266
Q6XQN6,Nicotinate phosphoribosyltransferase,Liver,GO:0035578;GO:0005829;GO:0070062;GO:0005576;GO:0046872;GO:0004516;GO:0016740;GO:0034355;GO:0006979
Q8N349,Olfactory receptor family 2 subfamily L member 13,Brain,GO:0005886;GO:0004930;GO:0004984;GO:0050911
Q9UPX6,Membrane integral NOTCH2 associated receptor 1,Brain,GO:0005886;GO:0001525;GO:0016525;GO:0030308;GO:0008285;GO:0010977;GO:0031397;GO:0032007
A0A1B0GTD5,Testis expressed 49,Testis,GO:0160111;GO:0036126;GO:0030317
Q8NB66,Unc-13 homolog C,Brain,GO:0044305;GO:0031594;GO:0098688;GO:0005886;GO:0048786;GO:0098831;GO:0042734;GO:0030672;GO:0043195;GO:0005509;GO:0005516;GO:0019992;GO:0005543;GO:0017075;GO:0007268;GO:0061789;GO:0031914;GO:0099525;GO:0035249;GO:0016081;GO:0016082
P43652,Afamin,Liver,GO:0072562;GO:0005737;GO:0070062;GO:0005576;GO:0005615;GO:0008431;GO:0050821;GO:0071693;GO:0051180
Q5JRK9,PAGE family member 2B,Testis,
P27816,Microtubule associated protein 4,Brain,GO:0030424;GO:0005930;GO:0005829;GO:0005874;GO:0005875;GO:0015630;GO:0005815;GO:0072686;GO:0043005;GO:0005886;GO:0008017;GO:0140778;GO:0003723;GO:0005198;GO:0051301;GO:0061523;GO:0051294;GO:0000226;GO:0046785;GO:0051012;GO:0007052;GO:1902856;GO:0031175
A6NKD9,Coiled-coil domain containing 85C,Brain,GO:0005912;GO:0043296;GO:0005923;GO:0021987
P07225,Protein S,Liver,GO:0072562;GO:0005789;GO:0070062;GO:0005576;GO:0005615;GO:0005796;GO:0000139;GO:0005886;GO:0031093;GO:0005509;GO:0004866;GO:0007596;GO:0042730;GO:0051897
O00253,Agouti related neuropeptide,Brain,GO:0005615;GO:0005796;GO:0043025;GO:0005184;GO:0005102;GO:0070996;GO:0008343;GO:0007623;GO:0042755;GO:0007631;GO:0009755;GO:0048571;GO:0060135;GO:0007218;GO:2000253;GO:0060259;GO:0032868
P02792,Ferritin light chain,Liver,GO:0044754;GO:0005776;GO:0035578;GO:0005737;GO:0005829;GO:0070062;GO:0005576;GO:0070288;GO:0016020;GO:0008199;GO:0008198;GO:0042802;GO:0005506;GO:0006879;GO:0006826
Q86XE5,4-hydroxy-2-oxoglutarate aldolase 1,Kidney,GO:0005759;GO:0005739;GO:0106009;GO:0008700;GO:0008747;GO:0042803;GO:0019470;GO:0009436;GO:0046487;GO:0019262;GO:0033609;GO:0042866
A6XGL0,YjeF N-terminal domain containing 3,Brain,GO:0052856;GO:0071425;GO:0006869;GO:0031580;GO:0016525;GO:0010874;GO:0008593;GO:0002040
P48735,Isocitrate dehydrogenase (NADP(+)) 2,Heart,GO:0005829;GO:0070062;GO:0005759;GO:0005739;GO:0005777;GO:0004450;GO:0000287;GO:0051287;GO:0006103;GO:0005975;GO:0006097;GO:0006102;GO:0006739;GO:0006099
Q8IXH6,Tumor protein p53 inducible nuclear protein 2,Brain,GO:0005776;GO:0031410;GO:0005829;GO:0005634;GO:0016605;GO:0043130;GO:0000045;GO:1903828;GO:0001649;GO:0045893;GO:0008104;GO:0001894;GO:0006511
Q9H0K4,Radial spoke head 6 homolog A,Testis,GO:0005930;GO:0001535;GO:0036126;GO:0035082;GO:0003341;GO:1905199;GO:0120316
Q96KN2,Carnosine dipeptidase 1,Brain,GO:0005829;GO:0005576;GO:0004180;GO:0016805;GO:0046872;GO:0070573;GO:0006508;GO:0051246
Q9NQX3,Gephyrin,Liver,GO:0005737;GO:0005856;GO:0005829;GO:0030425;GO:0043197;GO:0005886;GO:0014069;GO:0045211;GO:0099572;GO:0099634;GO:0097060;GO:0005524;GO:0042802;GO:0046872;GO:0061598;GO:0043546;GO:0061599;GO:0008940;GO:0030674;GO:0007529;GO:0097112;GO:0072579;GO:0006777;GO:0032324;GO:0098970;GO:0010038
Q9NVL8,Coiled-coil domain containing 198,Kidney,GO:0031410;GO:0005886;GO:0097009
O75783,Rhomboid like 1,Brain,GO:0016020;GO:0005886;GO:0004252;GO:0006508;GO:0007165
Q5W041,Armadillo repeat containing 3,Testis,GO:0070062;GO:0030317;GO:0034517;GO:0007286
O43424,Glutamate ionotropic receptor delta type subunit 2,Testis,GO:0043197;GO:0098978;GO:0008328;GO:0098688;GO:0005886;GO:0098839;GO:0045202;GO:0008066;GO:0042802;GO:0046872;GO:0030165;GO:0097110;GO:1904315;GO:0021707;GO:0060079;GO:1904861;GO:0007215;GO:0007157;GO:0050804;GO:1900454;GO:0051965;GO:0060134;GO:0008104;GO:0043523;GO:0010975;GO:0099151;GO:0099072;GO:1905606;GO:0099538;GO:0035249
Q99784,Olfactomedin 1,Brain,GO:0030424;GO:0044295;GO:0005783;GO:0005615;GO:0043025;GO:0043204;GO:0045202;GO:0003190;GO:0060317;GO:0010629;GO:0007399;GO:0023041;GO:0043065;GO:0010718;GO:0010628;GO:0030516;GO:0098696;GO:0007165
P54840,Glycogen synthase 2,Liver,GO:0005938;GO:0030864;GO:0005737;GO:0005856;GO:0005829;GO:0004373;GO:0061547;GO:0005978;GO:0009749
Q12870,Transcription factor 15,Heart,GO:0000785;GO:0005634;GO:0090575;GO:0043425;GO:0001228;GO:0003700;GO:0000981;GO:0070888;GO:0046983;GO:0000977;GO:0032502;GO:0043583;GO:0045198;GO:0060231;GO:0007498;GO:0048644;GO:1902037;GO:0050884;GO:0048339;GO:2000738;GO:0045944;GO:0036342;GO:1903053;GO:0006357;GO:0003016;GO:0048705;GO:0001756;GO:0019827
Q8IY85,EF-hand calcium binding domain 13,Testis,
A6NJ46,NK6 homeobox 3,Brain,GO:0000785;GO:0005634;GO:0001228;GO:0000981;GO:0001227;GO:0000978;GO:0043565;GO:1990837;GO:0030154;GO:0001709;GO:0035883;GO:0030857;GO:0000122;GO:0045944;GO:0006357
Q6V1P9,Dachsous cadherin-related 2,Brain,GO:0005886;GO:0005509;GO:0098609;GO:0072137;GO:0007156;GO:0072006
P04201,"MAS1 proto-oncogene, G protein-coupled receptor",Brain,GO:0009986;GO:0005886;GO:0001595;GO:0004945;GO:0004930;GO:0042277;GO:0007186;GO:0021766;GO:0008584;GO:0086097;GO:0043123;GO:0008284;GO:0045740;GO:0060732;GO:0050727;GO:0014823;GO:0034698;GO:0009410;GO:0007283
Q6ZUB0,SPATA31 subfamily D member 4,Testis,GO:0016020;GO:0030154;GO:0007283
Q8NFT8,Delta/notch like EGF repeat containing,Brain,GO:0030425;GO:0005769;GO:0043025;GO:0005886;GO:0005509;GO:0030276;GO:0005112;GO:0004888;GO:0007417;GO:0006897;GO:0010001;GO:0001764;GO:0007220;GO:0007219;GO:0048741;GO:0007416
P49758,Regulator of G protein signaling 6,Heart,GO:0005737;GO:0005829;GO:0016020;GO:0043005;GO:0005634;GO:0005886;GO:0005096;GO:0003924;GO:0007186;GO:0035556;GO:0009968;GO:0043547;GO:0008277
Q96LY2,Coiled-coil domain containing 74B,Testis,
P10606,Cytochrome c oxidase subunit 5B,Heart,GO:0005743;GO:0031966;GO:0005739;GO:0045277;GO:0004129;GO:0046872;GO:0045333;GO:0006123;GO:0007585
P18428,Lipopolysaccharide binding protein,Liver,GO:0009986;GO:0070062;GO:0005576;GO:0005615;GO:0016020;GO:0015026;GO:0071723;GO:0001530;GO:0070891;GO:0005102;GO:0006953;GO:0002752;GO:0006968;GO:0071222;GO:0071223;GO:0050829;GO:0050830;GO:0032490;GO:0045087;GO:0002232;GO:0015920;GO:0031663;GO:0002281;GO:0032720;GO:0030593;GO:0008228;GO:0032722;GO:0032755;GO:0032757;GO:0043032;GO:0090023;GO:0060265;GO:0034145;GO:0032760;GO:0032496
P09543,"2',3'-cyclic nucleotide 3' phosphodiesterase",Brain,GO:0005737;GO:0070062;GO:0005615;GO:0042470;GO:0016020;GO:0005874;GO:0005902;GO:0005743;GO:0005741;GO:0035748;GO:0035749;GO:0048471;GO:0031143;GO:0045202;GO:0004113;GO:0030551;GO:0003723;GO:0008344;GO:0007409;GO:0007268;GO:0009214;GO:0030900;GO:0048709;GO:0046902;GO:0032496;GO:0009636;GO:0021762
Q9HB14,Potassium two pore domain channel subfamily K member 13,Testis,GO:0034702;GO:0005886;GO:0042802;GO:0046872;GO:0015271;GO:0005267;GO:0022841;GO:0046982;GO:0071805;GO:1905810;GO:1900225;GO:0060075
Q8IUZ0,Leucine rich repeat containing 49,Heart,GO:0034451;GO:0005737;GO:0005874
Q8WXX0,Dynein axonemal heavy chain 7,Testis,GO:0097729;GO:0005858;GO:0005929;GO:0005829;GO:0036156;GO:0005874;GO:0005524;GO:0016887;GO:0005509;GO:0045505;GO:0051959;GO:0003777;GO:0008569;GO:0003341;GO:0060294;GO:0060285;GO:0036159
Q8N9B4,Ankyrin repeat domain 42,Testis,GO:0005634;GO:0051059
P35658,Nucleoporin 214,Testis,GO:1990876;GO:0005829;GO:0005635;GO:0005643;GO:0005654;GO:0005049;GO:0008139;GO:0017056;GO:0006406;GO:0006913;GO:0006611;GO:0006606;GO:0051726;GO:0046822;GO:0006405
A1L170,Chromosome 1 open reading frame 226,Liver,
P22680,Cytochrome P450 family 7 subfamily A member 1,Liver,GO:0005789;GO:0043231;GO:0033782;GO:0008123;GO:0020037;GO:0005506;GO:0015721;GO:0006699;GO:0071397;GO:0071333;GO:0006707;GO:0042632;GO:0032966;GO:0045717;GO:0045542;GO:0070857;GO:0045471;GO:0016125
P00395,Mitochondrially encoded cytochrome c oxidase I,Heart,GO:0005743;GO:0031966;GO:0005739;GO:0045277;GO:0004129;GO:0020037;GO:0046872;GO:0009060;GO:0045333;GO:0021549;GO:0006123;GO:0022904;GO:0046688;GO:0051602;GO:0001666;GO:0006979
P17481,Homeobox B8,Brain,GO:0000785;GO:0005654;GO:0005634;GO:0000981;GO:0001227;GO:0000977;GO:1990837;GO:0008344;GO:0009952;GO:0021516;GO:0048704;GO:0007625;GO:0045638;GO:0006357;GO:0019233
Q6ZP80,Transmembrane protein 182,Heart,GO:0005886;GO:0007517;GO:0014906;GO:0014908;GO:0045662;GO:1901740
O15079,Syntaphilin,Brain,GO:0005737;GO:0005881;GO:0016020;GO:0005739;GO:0043005;GO:0098793;GO:0017075;GO:0030182;GO:0007269;GO:0016081
P22607,Fibroblast growth factor receptor 3,Brain,GO:0009986;GO:0005783;GO:0005576;GO:0005794;GO:0005886;GO:0043235;GO:0030133;GO:0005524;GO:0008288;GO:0060175;GO:0005006;GO:0017134;GO:0005007;GO:0005004;GO:0005008;GO:0140801;GO:0035401;GO:0042802;GO:0005009;GO:0005010;GO:0005011;GO:0036332;GO:0005018;GO:0005019;GO:0004713;GO:0038062;GO:0005020;GO:0005005;GO:0005021;GO:0070977;GO:0030282;GO:0060349;GO:0007169;GO:0007259;GO:0007267;GO:0002062;GO:0035988;GO:0003416;GO:0001958;GO:1902178;GO:0008543;GO:0000165;GO:0048640;GO:0008284;GO:0070374;GO:0043410;GO:0051897;GO:0010518;GO:0042531;GO:0001501
Q8IYB4,Peroxisomal biogenesis factor 5 like,Brain,GO:0005829;GO:0005778;GO:0043235;GO:0005052;GO:0000268;GO:0031267;GO:0016560
Q15431,Synaptonemal complex protein 1,Testis,GO:0030849;GO:0000801;GO:0005694;GO:0000775;GO:0001673;GO:0000795;GO:0000802;GO:0003677;GO:0003690;GO:0051301;GO:0051026;GO:0007129;GO:0051878;GO:0000711;GO:0051289;GO:0007131;GO:0032880;GO:0035092;GO:0007283;GO:0007130
P11150,"Lipase C, hepatic type",Liver,GO:0005788;GO:0005576;GO:0005615;GO:0034364;GO:0034185;GO:0008201;GO:0004465;GO:0030169;GO:0004622;GO:0052739;GO:0008970;GO:0004620;GO:0004806;GO:0042632;GO:0008203;GO:0034382;GO:0006633;GO:0034375;GO:0034373;GO:0034374;GO:0034638;GO:0043691;GO:0019433;GO:0070328;GO:0034372
P58340,Myeloid leukemia factor 1,Testis,GO:0036064;GO:0005929;GO:0005737;GO:0005634;GO:0048471;GO:0003677;GO:0019904;GO:0006351;GO:0002318;GO:1902806;GO:0006355;GO:1901796
P14415,ATPase Na+/K+ transporting subunit beta 2,Brain,GO:0016324;GO:0097450;GO:0097449;GO:0044298;GO:0071944;GO:0031253;GO:0005737;GO:0009897;GO:0016328;GO:0016020;GO:0098984;GO:0001917;GO:0005886;GO:0005890;GO:0001671;GO:0051117;GO:0046982;GO:0030674;GO:0086064;GO:0031589;GO:0030007;GO:0006883;GO:0021670;GO:0086009;GO:0061744;GO:1903976;GO:0021944;GO:0045494;GO:0120036;GO:0032781;GO:0010976;GO:1903288;GO:1901018;GO:1903278;GO:1990573;GO:0050821;GO:0001895;GO:0036376;GO:0021678;GO:0150104
Q86TD4,Sarcalumenin,Heart,GO:0033018;GO:0033017;GO:0005525;GO:0002115
O75689,ArfGAP with dual PH domains 1,Brain,GO:0005737;GO:0005829;GO:0043231;GO:0005634;GO:0005886;GO:0005096;GO:0043533;GO:0046872;GO:1902936;GO:0005547;GO:0007166;GO:0043087
Q8TF08,Cytochrome c oxidase subunit 7B2,Testis,GO:0005743;GO:0005739;GO:0045277;GO:0006123;GO:0007283
Q16698,"2,4-dienoyl-CoA reductase 1",Liver,GO:1902494;GO:0005829;GO:0005759;GO:0005739;GO:0005654;GO:0005634;GO:0008670;GO:0042802;GO:0070402;GO:0006635;GO:0120162
Q8IVW4,Cyclin dependent kinase like 3,Testis,GO:0005737;GO:0005634;GO:0005524;GO:0004693;GO:0004672;GO:0106310;GO:0004674;GO:0097484;GO:0030517;GO:0050775;GO:0036211
P24387,Corticotropin releasing hormone binding protein,Liver,GO:0043679;GO:0030425;GO:0031045;GO:0005576;GO:0005615;GO:0005874;GO:0005771;GO:0005634;GO:0043204;GO:0005767;GO:0030141;GO:0043196;GO:0051424;GO:0042277;GO:0048149;GO:0071277;GO:0071320;GO:0071314;GO:0071392;GO:0071391;GO:0097211;GO:0035865;GO:0071356;GO:0071466;GO:0007565;GO:0009755;GO:0006954;GO:0007611;GO:0051460;GO:1900011;GO:0045055;GO:0080135;GO:0051459;GO:2000310;GO:0007165;GO:0001963
Q7RTY0,Solute carrier family 16 member 13,Liver,GO:0005829;GO:0005794;GO:0000139;GO:0005886;GO:0008028;GO:0015293;GO:1905039
P41594,Glutamate metabotropic receptor 5,Brain,GO:0097449;GO:0005737;GO:0030425;GO:0043198;GO:0043197;GO:0098978;GO:0043025;GO:0005886;GO:0098839;GO:0098685;GO:0031687;GO:0001640;GO:0004930;GO:0099530;GO:0008066;GO:0042802;GO:0099583;GO:0030296;GO:1990782;GO:1904646;GO:0007268;GO:0050890;GO:0002029;GO:0007216;GO:0007612;GO:0007611;GO:0007626;GO:0007206;GO:0050850;GO:0048170;GO:0043410;GO:0006355;GO:0051966;GO:0050808;GO:0099553
A6NEQ0,RNA binding motif protein Y-linked family 1 member E,Testis,GO:0005730;GO:0005654;GO:0005681;GO:0003723;GO:0006397;GO:0048026;GO:0008380
O43236,Septin 4,Brain,GO:0030424;GO:0032153;GO:0005829;GO:0030425;GO:0098691;GO:0015630;GO:0005741;GO:0005739;GO:0005654;GO:0005634;GO:0043204;GO:0098793;GO:0031105;GO:0005940;GO:0097227;GO:0008021;GO:0005525;GO:0003924;GO:0042802;GO:0000287;GO:0060090;GO:0005198;GO:0006915;GO:0061640;GO:0030317;GO:0061484;GO:0001764;GO:0043065;GO:2001244;GO:0031398;GO:0008104;GO:0042981;GO:0017157;GO:0048515
Q9NP90,"RAB9B, member RAS oncogene family",Heart,GO:0005829;GO:0005770;GO:0005764;GO:0045335;GO:0030670;GO:0005886;GO:0030667;GO:0019003;GO:0005525;GO:0003924;GO:0042802;GO:0015031;GO:0032482;GO:0042147
Q9NTG1,Polycystin family receptor for egg jelly,Testis,GO:0002080;GO:0016020;GO:0097524;GO:0005262;GO:0005509;GO:0007340;GO:0050982
O00148,DExD-box helicase 39A,Testis,GO:0005737;GO:0016020;GO:0016607;GO:0005654;GO:0005634;GO:0005524;GO:0016887;GO:0140849;GO:0140665;GO:0140584;GO:0061775;GO:0003689;GO:0042802;GO:0003729;GO:0003723;GO:0003724;GO:0006406;GO:0000398;GO:0045824;GO:0046832;GO:0006405
Q96PC5,MIA SH3 domain ER export factor 2,Liver,GO:0005783;GO:0070971;GO:0005789;GO:0016020;GO:0038024;GO:0008047;GO:0006888;GO:0042953;GO:0032527;GO:0070973;GO:0009306;GO:0035459
Q5T442,Gap junction protein gamma 2,Brain,GO:0005922;GO:0005921;GO:0043209;GO:0033270;GO:0043204;GO:1990769;GO:0005243;GO:1903763;GO:0010644;GO:0007267;GO:2000134;GO:1904427;GO:0010628;GO:0070447;GO:0009636
Q5JQF8,Poly(A) binding protein cytoplasmic 1 like 2B,Brain,GO:0010494;GO:0005829;GO:0070062;GO:0005634;GO:1990904;GO:0003730;GO:0008143;GO:0008266
Q16719,Kynureninase,Liver,GO:0005737;GO:0005829;GO:0005739;GO:0005654;GO:0030429;GO:0042803;GO:0030170;GO:0034354;GO:0043420;GO:0097053;GO:0009435;GO:0019805;GO:0034341;GO:0034516;GO:0006569;GO:0019441
P16930,Fumarylacetoacetate hydrolase,Liver,GO:0005829;GO:0070062;GO:0004334;GO:0046872;GO:0006527;GO:1902000;GO:0006559;GO:0006629;GO:0006572
Q8IZD0,Sterile alpha motif domain containing 14,Brain,GO:0015629;GO:0005737;GO:0030425;GO:0014069;GO:0051015;GO:0007015;GO:0019722;GO:0031175
Q9UBY9,Heat shock protein family B (small) member 7,Heart,GO:0015629;GO:0016235;GO:0015030;GO:0005737;GO:0005654;GO:0005634;GO:0031005;GO:0007507;GO:0008016;GO:0006986
Q9Y6F9,Wnt family member 6,Brain,GO:0009986;GO:0030666;GO:0005788;GO:0070062;GO:0031012;GO:0005576;GO:0005615;GO:0005796;GO:0005886;GO:0005125;GO:0005109;GO:0009798;GO:0001658;GO:0060070;GO:0045165;GO:0071300;GO:0061303;GO:0060684;GO:0072079;GO:0030182;GO:0042475;GO:0045893;GO:0010628;GO:0070172
A6NKG5,Retrotransposon Gag like 1,Brain,GO:0016020
Q8NHS1,Claudin domain containing 2,Testis,GO:0005886
Q92529,SHC adaptor protein 3,Brain,GO:0005829;GO:0005886;GO:0001784;GO:0030971;GO:0007169;GO:0007417;GO:0007173;GO:0035556
Q6NUS8,UDP glycosyltransferase family 3 member A1,Liver,GO:0043541;GO:0015020;GO:0008194
Q9NRY7,Phospholipid scramblase 2,Testis,GO:0005783;GO:0043231;GO:0005654;GO:0005886;GO:0005509;GO:0017128;GO:0017121
Q9BXT6,Mov10 like RISC complex RNA helicase 1,Testis,GO:0005829;GO:0043186;GO:0071546;GO:0005524;GO:0016887;GO:0140849;GO:0140665;GO:0140584;GO:0061775;GO:0003689;GO:0000287;GO:0003723;GO:0003724;GO:0007281;GO:0007141;GO:0034587;GO:0035194;GO:0007283;GO:0141196
P04424,Argininosuccinate lyase,Liver,GO:0005737;GO:0005829;GO:0070062;GO:0004056;GO:0042802;GO:0019676;GO:0042450;GO:0006525;GO:0006526;GO:0007626;GO:0045429;GO:0009791;GO:0000050
Q9UK08,G protein subunit gamma 8,Brain,GO:0005834;GO:0005886;GO:0031681;GO:0003924;GO:0071444;GO:0007186;GO:0043584;GO:0035176
Q9ULR3,"Protein phosphatase, Mg2+/Mn2+ dependent 1H",Brain,GO:0005737;GO:0098978;GO:0005739;GO:0005654;GO:0005634;GO:0004741;GO:0033192;GO:0140791;GO:0042802;GO:1990439;GO:0017018;GO:0004721;GO:0180006;GO:0180007;GO:0180008;GO:0180005;GO:0180004;GO:0007165
Q6ZP01,RNA binding motif protein 44,Testis,GO:0071013;GO:0005737;GO:0045171;GO:0003730;GO:0042803;GO:0000398
Q9H114,Cystatin like 1,Testis,GO:0005576;GO:0004869;GO:0008234;GO:0140448
O43246,Solute carrier family 7 member 4,Testis,GO:0016020;GO:0005886;GO:0015171;GO:0015174;GO:0006865
Q2M3C7,"SPHK1 interactor, AKAP domain containing",Heart,GO:0005737;GO:0005739;GO:0051018
Q8TAB3,Protocadherin 19,Brain,GO:0005886;GO:0005509;GO:0007155;GO:0007156
Q8N468,Major facilitator superfamily domain containing 4A,Kidney,GO:0016020;GO:0055056
Q6P5X7,Transmembrane protein 71,Heart,GO:0016020;GO:0005739
Q9ULF5,Solute carrier family 39 member 10,Brain,GO:0016324;GO:0005886;GO:0140410;GO:0005385;GO:0001837;GO:0030003;GO:0006882;GO:0002903;GO:0030890;GO:0050861;GO:0071578;GO:0071577
Q9UJ96,Potassium voltage-gated channel modifier subfamily G member 2,Brain,GO:0070062;GO:0016020;GO:0005886;GO:0008076;GO:0015459;GO:0005249;GO:0001508;GO:0071805;GO:0051260;GO:0043266
O60701,UDP-glucose 6-dehydrogenase,Liver,GO:0005829;GO:0070062;GO:0005654;GO:0005634;GO:0042802;GO:0051287;GO:0003979;GO:0030206;GO:0001702;GO:0006024;GO:0015012;GO:0048666;GO:0034214;GO:0006065
Q9BRP4,Proteasomal ATPase associated factor 1,Brain,GO:0000502;GO:0000124;GO:0005669;GO:0006367
Q8N5S1,Solute carrier family 25 member 41,Brain,GO:0005743;GO:0005739;GO:0015217;GO:0005347;GO:0015866;GO:0015867;GO:0140021;GO:1990544
P49326,Flavin containing dimethylaniline monoxygenase 5,Liver,GO:0005829;GO:0005783;GO:0005789;GO:0004031;GO:0050660;GO:0047822;GO:0004497;GO:0004499;GO:0050661;GO:0106294;GO:0006629;GO:0070995;GO:0090181;GO:0006805
Q15506,Sperm autoantigenic protein 17,Testis,GO:0005929;GO:0005737;GO:0009897;GO:0005576;GO:0031514;GO:0043005;GO:0035686;GO:0097228;GO:0005516;GO:0007339;GO:0003351;GO:0007338;GO:0007283
Q15784,Neuronal differentiation 2,Brain,GO:0000785;GO:0005634;GO:0001228;GO:0003700;GO:0000981;GO:0070888;GO:0046982;GO:1990837;GO:0008306;GO:0061564;GO:0001662;GO:0071277;GO:0071257;GO:0021695;GO:2000297;GO:0007399;GO:0050850;GO:0051091;GO:0045666;GO:0090129;GO:0031915;GO:0045944;GO:0016567;GO:0006357;GO:0007423
A6NH11,Glycolipid transfer protein domain containing 2,Liver,GO:0005829;GO:1902387;GO:1902388;GO:0035627;GO:0120009
P08709,Coagulation factor VII,Liver,GO:0062023;GO:0005788;GO:0005576;GO:0005615;GO:0005796;GO:0005886;GO:1905286;GO:0031982;GO:0005509;GO:0004252;GO:0008236;GO:0005102;GO:0031100;GO:0007596;GO:0007623;GO:0030194;GO:0030335;GO:0002690;GO:0010641;GO:0050927;GO:0032008;GO:0016485;GO:1904612;GO:1905217;GO:0010037;GO:0070723;GO:0032355;GO:0043627;GO:0033595;GO:0060416;GO:0001666;GO:1904400;GO:1905225;GO:0097068;GO:0032571
Q5T4B2,Cerebral endothelial cell adhesion molecule,Brain,GO:0005788;GO:0005886;GO:0042802;GO:0007155;GO:0007159
Q8N339,Metallothionein 1M,Liver,GO:0005737;GO:0005634;GO:0046872;GO:0008270;GO:0071276;GO:0071280;GO:0071294;GO:0010273;GO:0006882;GO:0045926
Q32ZL2,Phospholipid phosphatase related 5,Testis,GO:0005886;GO:0008195;GO:0046839;GO:0006644;GO:0051491;GO:0010976;GO:0007165
Q9NPI9,Potassium inwardly rectifying channel subfamily J member 16,Kidney,GO:0016323;GO:0005886;GO:0008076;GO:0005242;GO:1990573;GO:0071805;GO:0006813;GO:0034765
A4D2H0,CTAGE family member 15,Testis,GO:0070971;GO:0005789;GO:0006888;GO:0009306;GO:0035459
Q9Y2W3,Solute carrier family 45 member 1,Brain,GO:0016020;GO:0005356;GO:0015517;GO:0008506;GO:1904659;GO:0015757
A6NJL1,Zinc finger and SCAN domain containing 5B,Testis,GO:0005634;GO:0000981;GO:0046872;GO:0000978;GO:0006357
A2RU54,H6 family homeobox 2,Kidney,GO:0000785;GO:0005634;GO:0000981;GO:0000977;GO:1990837;GO:0007420;GO:0030154;GO:0050673;GO:0042472;GO:0050679;GO:0048026;GO:2000648;GO:0006357;GO:0072089
P11712,Cytochrome P450 family 2 subfamily C member 9,Liver,GO:0005737;GO:0005789;GO:0043231;GO:0005886;GO:0052741;GO:0018675;GO:0018676;GO:0008405;GO:0008404;GO:0008392;GO:0034875;GO:0020037;GO:0005506;GO:0004497;GO:0016491;GO:0016712;GO:0008395;GO:0043603;GO:0008203;GO:0019373;GO:0008210;GO:0046456;GO:0042759;GO:0032787;GO:0016098;GO:0097267;GO:0070989;GO:0008202;GO:0019627;GO:0042178;GO:0006805
P10588,Nuclear receptor subfamily 2 group F member 6,Liver,GO:0000785;GO:0005739;GO:0005654;GO:0005634;GO:0003700;GO:0000981;GO:0001227;GO:0004879;GO:0000978;GO:0043565;GO:1990837;GO:0008270;GO:0030154;GO:0050965;GO:0043153;GO:0000122;GO:0007399;GO:0048666
A8MW99,Meiotic double-stranded break formation protein 4,Testis,GO:0005694;GO:0000800;GO:0006310;GO:0007129;GO:0042138;GO:0048477;GO:0007283
P0DPH8,Tubulin alpha 3d,Heart,GO:0005737;GO:0005874;GO:0015630;GO:0005525;GO:0016787;GO:0046872;GO:0005200;GO:0000226;GO:0000278
E9PIF3,Nuclear pore complex interacting protein family member A2,Brain,
P14136,Glial fibrillary acidic protein,Brain,GO:0097450;GO:0044297;GO:0042995;GO:0005737;GO:0098574;GO:0005829;GO:0005882;GO:0045111;GO:0042802;GO:0005178;GO:0019900;GO:0005200;GO:0014002;GO:0060020;GO:0070779;GO:0030198;GO:0010467;GO:0045109;GO:0006886;GO:0060291;GO:0010977;GO:0031102;GO:0010625;GO:1904714;GO:0051580;GO:0043254;GO:0014010
Q6ZQW0,"Indoleamine 2,3-dioxygenase 2",Liver,GO:0005737;GO:0005829;GO:0020037;GO:0033754;GO:0046872;GO:0004833;GO:0034354;GO:0002376;GO:0019441
Q71U36,Tubulin alpha 1a,Brain,GO:0005879;GO:0000793;GO:0005737;GO:0036464;GO:0005829;GO:0070062;GO:0005874;GO:0015630;GO:0031594;GO:0005634;GO:0005886;GO:0055037;GO:0036126;GO:0005525;GO:0016787;GO:0042802;GO:0046872;GO:0046982;GO:0044877;GO:0005200;GO:0005198;GO:0008344;GO:0051301;GO:0071277;GO:0007098;GO:0021696;GO:0021987;GO:0030705;GO:0021542;GO:0030317;GO:0048853;GO:0010467;GO:0010001;GO:0048873;GO:0006886;GO:0035641;GO:0007613;GO:0000226;GO:0046785;GO:0007017;GO:0000278;GO:0061744;GO:0051402;GO:0001764;GO:0140058;GO:0072384;GO:0021859;GO:0050807;GO:1902065;GO:0009612;GO:0034612;GO:0007224;GO:0001964;GO:0050808;GO:0008542
Q3YBM2,Transmembrane protein 176B,Liver,GO:0031965;GO:0009887;GO:0097028;GO:2001199
P59901,Leukocyte immunoglobulin like receptor A4,Brain,GO:0032998;GO:0005886;GO:0015026;GO:0032396;GO:0005102;GO:0019221;GO:0038095;GO:0002764;GO:0045087;GO:0032687;GO:0034156;GO:0034164;GO:0032720
P34896,Serine hydroxymethyltransferase 1,Liver,GO:0005737;GO:0005829;GO:0070062;GO:0005739;GO:0005654;GO:0005634;GO:0016832;GO:0004372;GO:0042802;GO:0048027;GO:0000900;GO:0042803;GO:0030170;GO:0070905;GO:0036094;GO:0045329;GO:1990830;GO:1904482;GO:0006231;GO:0046655;GO:0019264;GO:0006544;GO:0006565;GO:0006563;GO:0017148;GO:0051289;GO:0009113;GO:0035999;GO:0046653
B1ANS9,WD repeat domain 64,Testis,
O95727,Cytotoxic and regulatory T cell molecule,Brain,GO:0001772;GO:0005886;GO:0042802;GO:0005102;GO:0002250;GO:0008037;GO:0051606;GO:0002355;GO:0001768;GO:0007157;GO:0097021;GO:0046007;GO:0001819;GO:0045954;GO:0002860;GO:0032729;GO:2001185;GO:0050863;GO:0045580
Q9Y2J0,Rabphilin 3A,Brain,GO:0005829;GO:0043197;GO:0019898;GO:0098850;GO:0043005;GO:0045211;GO:0032991;GO:0030141;GO:0045202;GO:0008021;GO:0030672;GO:0005509;GO:0005544;GO:0070679;GO:0042301;GO:1901981;GO:0005546;GO:0044877;GO:0008430;GO:0031267;GO:0008270;GO:0099502;GO:0006886;GO:0045956;GO:0061669;GO:0016082
P56703,Wnt family member 3,Liver,GO:0030666;GO:0005788;GO:0070062;GO:0031012;GO:0005576;GO:0005615;GO:0005796;GO:0005886;GO:1990909;GO:0005125;GO:0005109;GO:0019904;GO:0048018;GO:0009948;GO:0007411;GO:0060070;GO:0045165;GO:0000902;GO:0071300;GO:0009950;GO:0035115;GO:0035116;GO:0007276;GO:0010467;GO:0060323;GO:0060174;GO:0061180;GO:0001707;GO:1904948;GO:0048843;GO:0030182;GO:0048697;GO:0010628;GO:0045669;GO:0030177;GO:2000739;GO:0050767;GO:0060064;GO:0072089
Q6PJT7,Zinc finger CCCH-type containing 14,Testis,GO:1904115;GO:0005737;GO:0032839;GO:0016607;GO:0005730;GO:0005634;GO:1990904;GO:0046872;GO:0008143;GO:0003723;GO:0043488
Q5U649,Chromosome 12 open reading frame 60,Testis,
P0DPQ3,Proline rich 20G,Testis,
Q6ZVF9,GPRIN family member 3,Brain,GO:0005886;GO:0031175
P60321,Nanos C2HC-type zinc finger 2,Testis,GO:0005737;GO:0005634;GO:0000932;GO:0048471;GO:0008047;GO:0003729;GO:0008270;GO:0030718;GO:0006402;GO:0061157;GO:0045835;GO:0017148;GO:0048477;GO:0007283
Q9UHP9,Small muscle protein X-linked,Heart,GO:0043034;GO:0031430;GO:0005927;GO:0005634;GO:0006941
P34903,Gamma-aminobutyric acid type A receptor subunit alpha3,Brain,GO:0034707;GO:0032590;GO:1902711;GO:0043005;GO:0005886;GO:0098794;GO:0045211;GO:0045202;GO:1902495;GO:0008503;GO:0004890;GO:0022851;GO:1902476;GO:0007214;GO:1904862;GO:0060078;GO:0051932
Q6P2C0,WD repeat domain 93,Testis,GO:0045271;GO:0022900
Q8ND07,Basal body orientation factor 1,Testis,GO:0005930;GO:0036064;GO:0036126;GO:0030317;GO:0044458;GO:0007026;GO:0050821;GO:0007338;GO:0007288
Q8IV31,Transmembrane protein 139,Kidney,GO:0016020
O75829,Chondromodulin,Brain,GO:0012505;GO:0005576;GO:0016020;GO:0051216;GO:0030154;GO:0016525;GO:0001937;GO:0006029;GO:0001501
Q9UK22,F-box protein 2,Brain,GO:0005737;GO:0005829;GO:0043197;GO:0005783;GO:0098890;GO:0098978;GO:0019005;GO:0001540;GO:0030246;GO:0031249;GO:0004842;GO:0036503;GO:0006516;GO:0008285;GO:0036211;GO:0016567;GO:0006508;GO:0099576;GO:0031396;GO:0031146
P31431,Syndecan 4,Liver,GO:0009986;GO:0043034;GO:0070062;GO:0005925;GO:0005796;GO:0043202;GO:0005886;GO:0001968;GO:0042802;GO:0005080;GO:0070053;GO:0016477;GO:0060122;GO:0042130;GO:0001843;GO:1903543;GO:1903553;GO:0051894;GO:0051496;GO:0010762;GO:0001657;GO:0042060
Q8IXY8,Peptidylprolyl isomerase like 6,Testis,GO:0005737;GO:0016018
Q8N7C7,Ring finger protein 148,Testis,GO:0005737;GO:0005783;GO:0005794;GO:0005770;GO:0016020;GO:0046872;GO:0061630;GO:0006511
Q9NYQ3,Hydroxyacid oxidase 2,Liver,GO:0005829;GO:0005782;GO:0003973;GO:0010181;GO:0001561;GO:0019395
Q1X8D7,Leucine rich repeat containing 36,Testis,
A0PJX8,Transmembrane protein 82,Liver,GO:0016020
Q96F07,Cytoplasmic FMR1 interacting protein 2,Kidney,GO:0005737;GO:0005829;GO:0070062;GO:0016020;GO:0043005;GO:0005634;GO:0048471;GO:0031209;GO:0045202;GO:0031267;GO:0097202;GO:0006915;GO:0007411;GO:0000902;GO:0030031;GO:0098609;GO:0097484;GO:0051388;GO:0045862;GO:0030833;GO:0150052
P02763,Orosomucoid 1,Liver,GO:0072562;GO:0062023;GO:0070062;GO:0005576;GO:0005615;GO:0031093;GO:0035580;GO:1904724;GO:0006953;GO:0006954;GO:0032715;GO:0032720;GO:0032731;GO:0032732;GO:0032760;GO:0002682
Q58F21,Bromodomain testis associated,Testis,GO:0000785;GO:0005634;GO:0003682;GO:0042393;GO:0140566;GO:0070577;GO:0004674;GO:0003713;GO:0006338;GO:0007141;GO:0007140;GO:0006397;GO:0010628;GO:0006355;GO:0043484;GO:0006357;GO:0008380;GO:0035092
A0A1B0GUA7,Testis expressed 51,Testis,GO:0016020
Q92752,Tenascin R,Brain,GO:0009986;GO:0062023;GO:0005576;GO:0005615;GO:0098978;GO:0045121;GO:0072534;GO:0098685;GO:0090733;GO:0008306;GO:0048677;GO:0007411;GO:0007155;GO:0030198;GO:0035641;GO:0060291;GO:0048692;GO:0022408;GO:0010977;GO:0050805;GO:0007399;GO:0097402;GO:0050885;GO:0007158;GO:0051968;GO:0051971;GO:0030155;GO:0045595;GO:0030334;GO:0050808;GO:0035249;GO:0022029
Q86V35,Calcium binding protein 7,Brain,GO:0048471;GO:0005886;GO:0032588;GO:0005509
Q0P6D6,Coiled-coil domain containing 15,Testis,GO:0005813
Q8WUY8,N-acetyltransferase 14 (putative),Brain,GO:0016020;GO:0005634;GO:0003677;GO:0008080;GO:0006352;GO:0045893
Q9NZA1,Chloride intracellular channel 5,Heart,GO:0015629;GO:0016324;GO:0005938;GO:0005813;GO:0034707;GO:0070062;GO:0005794;GO:0005743;GO:0120044;GO:0005254;GO:0016491;GO:0006821;GO:0007565;GO:0007605;GO:0007601
Q8N4L4,Spermatid maturation 1,Testis,GO:0005737;GO:0016020;GO:0030317;GO:0007291
O43150,"ArfGAP with SH3 domain, ankyrin repeat and PH domain 2",Testis,GO:0005829;GO:0032580;GO:0005886;GO:0005096;GO:0046872
Q6ZVN8,Hemojuvelin BMP co-receptor,Liver,GO:0070724;GO:0009986;GO:0005615;GO:1990712;GO:0005886;GO:0098797;GO:0098552;GO:0036122;GO:0015026;GO:0005102;GO:1990459;GO:0032924;GO:0030509;GO:0071773;GO:0006879;GO:0060586;GO:0030514;GO:0000122;GO:0045944;GO:0016540;GO:0006366
Q99767,Amyloid beta precursor protein binding family A member 2,Brain,GO:0005737;GO:0043197;GO:0005886;GO:0098793;GO:0098685;GO:0001540;GO:0042802;GO:0007268;GO:0001701;GO:0007626;GO:0035264;GO:0007399;GO:0099171;GO:0015031;GO:0010468
Q96LM5,Chromosome 4 open reading frame 45,Testis,
Q9Y6Z7,Collectin subfamily member 10,Liver,GO:0005581;GO:0005737;GO:0009897;GO:0005576;GO:0005615;GO:0005794;GO:0005771;GO:1905370;GO:0042056;GO:0005537;GO:0002752;GO:0001867;GO:1904888;GO:1903028;GO:0006508
P48681,Nestin,Heart,GO:0005737;GO:0005882;GO:0045111;GO:0031730;GO:0019215;GO:0007420;GO:0048858;GO:0007417;GO:0031076;GO:0000086;GO:0043086;GO:0043524;GO:0032091;GO:0051402;GO:0030844;GO:2000179;GO:0072089
Q5JUQ0,Family with sequence similarity 78 member A,Testis,
P30542,Adenosine A1 receptor,Brain,GO:0032279;GO:0030673;GO:0016323;GO:0044305;GO:0030425;GO:0043197;GO:0043025;GO:0005886;GO:0045211;GO:0048786;GO:0042734;GO:0045202;GO:0043195;GO:0001609;GO:0001664;GO:0031683;GO:0031072;GO:0032795;GO:0046982;GO:0001883;GO:0007193;GO:0097190;GO:0007267;GO:0050890;GO:0050965;GO:0060079;GO:0055089;GO:0007186;GO:0006954;GO:0050900;GO:0016042;GO:0060292;GO:0070254;GO:0002674;GO:0043066;GO:0008285;GO:0042323;GO:0014050;GO:0046888;GO:0002686;GO:0050995;GO:1900453;GO:1900272;GO:0070256;GO:0032900;GO:0032229;GO:0051967;GO:0003085;GO:0007399;GO:0006909;GO:0050996;GO:0043410;GO:0032244;GO:0002793;GO:0043268;GO:0003084;GO:0006612;GO:0086004;GO:0003093;GO:0099509;GO:0002087;GO:0051930;GO:0001666;GO:0014074;GO:0007165;GO:0001659;GO:0070328;GO:0042311
P0CG21,NHL repeat containing 4,Kidney,
Q9Y5I3,Protocadherin alpha 1,Brain,GO:0005783;GO:0005576;GO:0005886;GO:0005509;GO:0007155;GO:0007156;GO:0007399
A8MXY4,Zinc finger protein 99,Testis,GO:0005634;GO:0001228;GO:0046872;GO:0000978;GO:0006357
P0DJG4,Theg spermatid protein like,Testis,
O00476,Solute carrier family 17 member 3,Kidney,GO:0016324;GO:0031526;GO:0005737;GO:0005789;GO:0048471;GO:0005886;GO:0015562;GO:0008514;GO:0005436;GO:0019534;GO:0015143;GO:0008308;GO:0042910;GO:0015760;GO:0006820;GO:0034220;GO:0015711;GO:0006817;GO:0006814;GO:0046415;GO:0015747;GO:1990961
O94972,Tripartite motif containing 37,Testis,GO:0016235;GO:0005694;GO:0005737;GO:0005829;GO:0035098;GO:0048471;GO:0005778;GO:0005777;GO:0003682;GO:0140862;GO:0042803;GO:0003713;GO:0005164;GO:0061630;GO:0031625;GO:0004842;GO:0008270;GO:0070842;GO:0046600;GO:0045814;GO:0032088;GO:0000122;GO:0051091;GO:0051092;GO:0051865;GO:0016558;GO:0006513;GO:0050821
Q9HCH3,Copine 5,Brain,GO:0070062;GO:0043005;GO:0043204;GO:0005886;GO:0005544;GO:0046872;GO:0030154;GO:0071277;GO:1903861
Q69YH5,Cell division cycle associated 2,Testis,GO:0005694;GO:0005829;GO:0005654;GO:0005634;GO:0019888;GO:0051301;GO:0007059;GO:0051983;GO:0007088
Q96P65,Pyroglutamylated RFamide peptide receptor,Heart,GO:0016020;GO:0005886;GO:0004930;GO:0004983;GO:0032870;GO:0007186
Q9HBH7,Brain expressed X-linked 1,Brain,GO:0005737;GO:0005634;GO:0005667;GO:0046872;GO:0140678;GO:0061629;GO:0005102;GO:0030154;GO:0031397;GO:0007399;GO:0051091;GO:0045944;GO:0007165
Q15116,Programmed cell death 1,Heart,GO:0009897;GO:0005886;GO:0038023;GO:0002250;GO:0006915;GO:0001783;GO:0006959;GO:0002903;GO:0050777;GO:0050868;GO:0002841;GO:0002644;GO:0070234;GO:0050776;GO:1902482
Q5T1Q4,Solute carrier family 35 member F1,Brain,GO:0030672;GO:0022857
Q6VAB6,Kinase suppressor of ras 2,Brain,GO:0005737;GO:0005829;GO:0005886;GO:0004676;GO:0004679;GO:0005524;GO:0004677;GO:0004694;GO:0044024;GO:0072371;GO:1990244;GO:0035979;GO:0044025;GO:0140823;GO:0035175;GO:0044022;GO:0140855;GO:0035402;GO:0072354;GO:0140857;GO:0035403;GO:0044023;GO:0005078;GO:0046872;GO:0031434;GO:0004672;GO:0106310;GO:0004674;GO:0072518;GO:0004711;GO:0019722;GO:0120162;GO:0043410;GO:0007265
Q8IXS2,Coiled-coil domain containing 65,Testis,GO:0005858;GO:0005930;GO:0036064;GO:0031514;GO:0070286;GO:0060271;GO:0060285;GO:0003352
Q07075,Glutamyl aminopeptidase,Kidney,GO:0045177;GO:0016324;GO:0005903;GO:0005737;GO:0031410;GO:0009897;GO:0070062;GO:0005615;GO:0005765;GO:0005886;GO:0004177;GO:0070006;GO:0042277;GO:0008270;GO:0001525;GO:0002003;GO:0016477;GO:0008283;GO:0007267;GO:0032835;GO:0043171;GO:0006508;GO:0008217;GO:0003081
P48145,Neuropeptides B and W receptor 1,Brain,GO:0016020;GO:0043005;GO:0005886;GO:0045202;GO:0004985;GO:0004930;GO:0042923;GO:0008188;GO:0007268;GO:0007186;GO:0007218;GO:0019222
Q8TBG4,Ethanolamine-phosphate phospho-lyase,Liver,GO:0005759;GO:0050459;GO:0030170;GO:0008483
Q9BYV7,Beta-carotene oxygenase 2,Liver,GO:0005759;GO:0005739;GO:0010437;GO:0102076;GO:0003834;GO:0010436;GO:0046872;GO:0016702;GO:0016121;GO:0016119;GO:0016116;GO:0062172;GO:1901176;GO:0051881;GO:2000377;GO:0042574;GO:0042573;GO:0016124;GO:1901826
P18564,Integrin subunit beta 6,Kidney,GO:0030054;GO:0009986;GO:0005813;GO:0009897;GO:0005925;GO:0034685;GO:0008305;GO:0005654;GO:0005886;GO:0043235;GO:0005178;GO:0046872;GO:0140677;GO:0001618;GO:0060348;GO:0060435;GO:0007155;GO:0033627;GO:0000902;GO:0098609;GO:0007160;GO:0071479;GO:0070166;GO:0060022;GO:0006955;GO:0006954;GO:0007229;GO:0061520;GO:0048286;GO:0055091;GO:0009615;GO:0043588;GO:0043129;GO:0071604;GO:0007179;GO:0042060
P01009,Serpin family A member 1,Liver,GO:0062023;GO:0030134;GO:0005783;GO:0005788;GO:0033116;GO:0070062;GO:0005576;GO:0005615;GO:1904813;GO:0005794;GO:0043231;GO:0031093;GO:0042802;GO:0002020;GO:0004867;GO:0006953;GO:0007596
Q96MM3,ZFP42 zinc finger protein,Testis,GO:0000785;GO:0005737;GO:0031519;GO:0005667;GO:0003700;GO:0000981;GO:0046872;GO:0000978;GO:1990837;GO:0008585;GO:0008584;GO:0051321;GO:0006357
O43795,Myosin IB,Liver,GO:0015629;GO:0005884;GO:0045177;GO:0005903;GO:0071944;GO:0005737;GO:0005769;GO:0010008;GO:0070062;GO:0030175;GO:0005902;GO:0016459;GO:0048471;GO:0005886;GO:0051015;GO:0005524;GO:0045296;GO:0005516;GO:0000146;GO:0005547;GO:0005546;GO:0051017;GO:0007015;GO:0030048;GO:0006897;GO:0006892
Q8TBJ5,FEZ family zinc finger 2,Brain,GO:0005634;GO:0003682;GO:0001228;GO:0001227;GO:0046872;GO:0000978;GO:0007413;GO:0043697;GO:0021853;GO:0021902;GO:0016358;GO:0021542;GO:0021797;GO:0007626;GO:0008285;GO:0045665;GO:0048664;GO:0045666;GO:1902667;GO:0010468;GO:0050767
O00764,Pyridoxal kinase,Brain,GO:0005829;GO:0070062;GO:0005576;GO:0005654;GO:0005634;GO:0034774;GO:0035580;GO:0005524;GO:0031403;GO:0000287;GO:0030955;GO:0042803;GO:0008478;GO:0030170;GO:0031402;GO:0008270;GO:0009443;GO:0042817;GO:0042818
A0A1B0GTZ2,Coiled-coil domain containing 196,Testis,
Q6ICL3,Transport and golgi organization 2 homolog,Heart,GO:0005737;GO:0005829;GO:0005794;GO:0005739;GO:0007030;GO:0009306
P13861,Protein kinase cAMP-dependent type II regulatory subunit alpha,Testis,GO:0005952;GO:0005813;GO:0097546;GO:0005737;GO:0005829;GO:0070062;GO:0005925;GO:0016020;GO:0031588;GO:0005886;GO:0044853;GO:0032991;GO:0030552;GO:0004862;GO:0008603;GO:0019904;GO:0034236;GO:0031625;GO:0007189;GO:0035556;GO:0141162
Q5W064,Lipase family member J,Testis,GO:0043231;GO:0016788;GO:0016042
Q8N6V4,Chromosome 10 open reading frame 53,Testis,
P49418,Amphiphysin,Brain,GO:0015629;GO:0005829;GO:0031256;GO:0005886;GO:0008021;GO:0030672;GO:0005543;GO:0007268;GO:0006897;GO:0048488
Q8IZC6,Collagen type XXVII alpha 1 chain,Brain,GO:0005581;GO:0062023;GO:0005788;GO:0005576;GO:0005615;GO:0005583;GO:0030020;GO:0046872;GO:0001525;GO:0030199;GO:0001886;GO:0003431;GO:0030903;GO:0001501
Q6DT37,CDC42 binding protein kinase gamma,Brain,GO:0031252;GO:0034451;GO:0005737;GO:0005856;GO:0005829;GO:0004676;GO:0004679;GO:0005524;GO:0004677;GO:0004694;GO:0044024;GO:0072371;GO:1990244;GO:0035979;GO:0044025;GO:0140823;GO:0035175;GO:0044022;GO:0140855;GO:0035402;GO:0072354;GO:0140857;GO:0035403;GO:0044023;GO:0000287;GO:0106310;GO:0004674;GO:0072518;GO:0004711;GO:0030036;GO:0031032;GO:0006468
A2RTY3,HEAT repeat containing 9,Testis,GO:0002244
P29622,Serpin family A member 4,Liver,GO:0070062;GO:0005576;GO:0005615;GO:0031089;GO:0004867
Q9HCI5,MAGE family member E1,Brain,GO:0030425;GO:0005634;GO:0048471;GO:0005886;GO:0045211;GO:0000122
Q16555,Dihydropyrimidinase like 2,Brain,GO:0005856;GO:0005829;GO:0070062;GO:0005886;GO:0004157;GO:0016812;GO:0042802;GO:0030154;GO:0007010;GO:0006897;GO:0007399;GO:0006139;GO:0007165
Q15485,Ficolin 2,Liver,GO:0072562;GO:0005581;GO:0062023;GO:0009897;GO:0070062;GO:0005576;GO:0005615;GO:1905370;GO:0003823;GO:0048306;GO:0097367;GO:2001065;GO:0046872;GO:0043394;GO:0005102;GO:0002752;GO:0001867;GO:0050829;GO:0050830;GO:0008228;GO:1903028;GO:0006508;GO:0043654
Q86YR7,MCF.2 cell line derived transforming sequence-like 2,Brain,GO:0005737;GO:0005829;GO:0005085
Q9UKS6,Protein kinase C and casein kinase substrate in neurons 3,Heart,GO:0005737;GO:0005829;GO:0005768;GO:0070062;GO:0005886;GO:0019855;GO:0008092;GO:0042802;GO:0008289;GO:0005543;GO:0007010;GO:0006897;GO:0051926;GO:0045806;GO:0097320;GO:0051044;GO:0030100
Q9BQB6,Vitamin K epoxide reductase complex subunit 1,Liver,GO:0005783;GO:0005789;GO:0048038;GO:0047058;GO:0047057;GO:0007596;GO:0060348;GO:0017187;GO:0050820;GO:0030193;GO:0014070;GO:0042373;GO:0006805
Q7Z402,Transmembrane channel like 7,Brain,GO:0043025;GO:0005886;GO:0008200;GO:0008381;GO:0050954
P19823,Inter-alpha-trypsin inhibitor heavy chain 2,Liver,GO:0072562;GO:0062023;GO:0005788;GO:0070062;GO:0005576;GO:0004866;GO:0005540;GO:0004867;GO:0030212
Q9Y694,Solute carrier family 22 member 7,Liver,GO:0016324;GO:0009925;GO:0016323;GO:0005829;GO:0016020;GO:0005886;GO:0015139;GO:0008514;GO:0015132;GO:0015347;GO:0022857;GO:0015742;GO:0006811;GO:0015711;GO:0015732;GO:0006805
Q12926,ELAV like RNA binding protein 2,Brain,GO:1990904;GO:0003730;GO:0003723;GO:0006355
P05981,Hepsin,Liver,GO:0016324;GO:0009986;GO:0005911;GO:0005789;GO:0070062;GO:0016020;GO:0043025;GO:0005886;GO:0008233;GO:0004252;GO:0070008;GO:0008236;GO:0034769;GO:0090103;GO:0050910;GO:0043066;GO:0050680;GO:0010719;GO:0097195;GO:0043923;GO:0030307;GO:0010628;GO:2000347;GO:0010756;GO:2000611;GO:0071805;GO:0006508;GO:0008360;GO:0097066
Q9H2M3,Betaine--homocysteine S-methyltransferase 2,Liver,GO:0005829;GO:0070062;GO:0008898;GO:0061627;GO:0008270;GO:0071267;GO:0032259;GO:0046500;GO:0033477
O15075,Doublecortin like kinase 1,Brain,GO:0005737;GO:0098978;GO:0005886;GO:0014069;GO:0004676;GO:0004679;GO:0005524;GO:0004677;GO:0004694;GO:0044024;GO:0072371;GO:1990244;GO:0035979;GO:0044025;GO:0140823;GO:0035175;GO:0044022;GO:0140855;GO:0035402;GO:0072354;GO:0140857;GO:0035403;GO:0044023;GO:0004672;GO:0106310;GO:0004674;GO:0072518;GO:0004711;GO:0048675;GO:0007417;GO:0021952;GO:0048813;GO:0016197;GO:0030900;GO:0035556;GO:1900181;GO:0007399;GO:0001764;GO:0034504;GO:0006468;GO:0150052;GO:0009615
Q6NUJ2,Chromosome 11 open reading frame 87,Brain,GO:0016020
Q0VFZ6,Cilia and flagella associated protein 210,Testis,GO:0160112;GO:0005879;GO:0036126;GO:0030317
I3L273,Golgi associated olfactory signaling regulator,Testis,GO:0000139;GO:1905515;GO:0097499;GO:0007608
A0A0U1RRI6,Centromere protein V like 3,Brain,GO:0016846;GO:0046872
P20827,Ephrin A1,Liver,GO:0005576;GO:0005886;GO:0098552;GO:0046875;GO:0005102;GO:0001525;GO:0003180;GO:0007411;GO:0016477;GO:0007267;GO:0003199;GO:0048013;GO:0003183;GO:0061002;GO:0010719;GO:0043409;GO:1903051;GO:0070244;GO:0000122;GO:0014028;GO:1902004;GO:1902961;GO:0043410;GO:0050731;GO:0001934;GO:0061098;GO:0050821;GO:0045765;GO:0050770;GO:0043535;GO:0033628;GO:0050730;GO:0034446
Q3SXZ7,Tubulin tyrosine ligase like 9,Testis,GO:0036064;GO:0005737;GO:0005874;GO:0031514;GO:0005524;GO:0046872;GO:0106438;GO:0015631;GO:0070740;GO:0030317;GO:0000226;GO:0036211
Q99958,Forkhead box C2,Kidney,GO:0000785;GO:0016604;GO:0005654;GO:0005634;GO:0031490;GO:0001216;GO:0001228;GO:0000981;GO:0042802;GO:1990841;GO:0000978;GO:0000977;GO:0043565;GO:1990837;GO:0000976;GO:0009653;GO:0003275;GO:0048844;GO:0097746;GO:0001974;GO:0001569;GO:0043010;GO:0060038;GO:0030154;GO:0030199;GO:0035050;GO:0048703;GO:0072011;GO:0072144;GO:0007507;GO:0008286;GO:0001946;GO:0007498;GO:0001656;GO:1902257;GO:0120163;GO:0000122;GO:0014032;GO:0007219;GO:0001503;GO:0048343;GO:0072112;GO:0033630;GO:0090050;GO:0045893;GO:0010595;GO:0045944;GO:0035470;GO:0046620;GO:0006357;GO:0009725;GO:0001756;GO:0001657;GO:0048010;GO:0055010
Q5XKR4,Orthopedia homeobox,Brain,GO:0000785;GO:0001650;GO:0016604;GO:0005654;GO:0003677;GO:0000981;GO:0001227;GO:0000977;GO:0071542;GO:0021879;GO:0021979;GO:0000122;GO:0007405;GO:0061101;GO:0021985;GO:0030182;GO:0002052
P35609,Actinin alpha 2,Heart,GO:0005884;GO:0030054;GO:0042995;GO:0030864;GO:0005856;GO:0005829;GO:0043197;GO:0070062;GO:0005576;GO:0030175;GO:0005925;GO:0098978;GO:0031093;GO:0098871;GO:0098839;GO:0099092;GO:0031143;GO:0030018;GO:0051015;GO:0005509;GO:0008092;GO:0051373;GO:0042802;GO:0005178;GO:0030274;GO:0030374;GO:0005546;GO:0019904;GO:0008307;GO:0098973;GO:0031432;GO:0070080;GO:0044325;GO:0030036;GO:0051695;GO:0055013;GO:0007155;GO:0048041;GO:0030035;GO:0055001;GO:1901017;GO:0043267;GO:2000009;GO:0086097;GO:2001259;GO:2001137;GO:1901018;GO:0043268;GO:0072659;GO:0042981;GO:0042391;GO:0045214
Q717R9,Cystin 1,Kidney,GO:0060170;GO:0005929;GO:0005856;GO:0005829
Q99447,"Phosphate cytidylyltransferase 2, ethanolamine",Liver,GO:0005737;GO:0005789;GO:0004306;GO:0006646;GO:0008654
Q9NZG7,Ninjurin 2,Brain,GO:0005886;GO:0007155;GO:0007399;GO:0007158;GO:0042246
Q9HD64,X antigen family member 1A,Testis,
Q5JQC4,Cancer/testis antigen family 47 member A12,Testis,
P0DI80,Small integral membrane protein 6,Testis,GO:0005789
Q5TH69,ARFGEF family member 3,Brain,GO:0030658;GO:0005085;GO:0032012
Q96A23,Copine 4,Brain,GO:0070062;GO:0098978;GO:0005886;GO:0005544;GO:0046872;GO:0071277
Q6B0I6,Lysine demethylase 4D,Testis,GO:0072562;GO:0000785;GO:0005654;GO:0005634;GO:0005721;GO:0035861;GO:0031490;GO:0003684;GO:0032452;GO:0032454;GO:0140684;GO:0046872;GO:0071479;GO:0006338;GO:0000724;GO:0006954;GO:0035563;GO:2001034;GO:0010468;GO:0001932
Q9UBL6,Copine 7,Brain,GO:0005737;GO:0070062;GO:0005634;GO:0005886;GO:0045202;GO:0005544;GO:0046872;GO:0071277;GO:0006629
A6NHY2,Ankyrin repeat and death domain containing 1B,Kidney,GO:0007165
P58294,Prokineticin 1,Testis,GO:0005576;GO:0008083;GO:0001525;GO:0001935;GO:0051781;GO:0043410;GO:1905564;GO:0045765;GO:0101023
Q5XX13,F-box and WD repeat domain containing 10,Testis,GO:0005829
P20336,"RAB3A, member RAS oncogene family",Brain,GO:0001669;GO:0030424;GO:0060201;GO:0061202;GO:0060203;GO:0070083;GO:0005829;GO:0005768;GO:1903561;GO:0005764;GO:0048471;GO:0005886;GO:0098794;GO:0098793;GO:0048786;GO:0030667;GO:0008021;GO:0030672;GO:0043195;GO:0005525;GO:0030742;GO:0003924;GO:0031489;GO:0030674;GO:0060478;GO:0007409;GO:0045054;GO:0061670;GO:0006887;GO:0030073;GO:0030324;GO:0032418;GO:0048790;GO:0007005;GO:0007274;GO:0001778;GO:0045921;GO:1903307;GO:0009791;GO:0045055;GO:1905684;GO:0099161;GO:0048172;GO:0031630;GO:0003016;GO:0051602;GO:0050975;GO:0097091;GO:0016079;GO:0016188;GO:0036465;GO:0048489
Q92558,WASP family member 1,Brain,GO:0015629;GO:0005856;GO:0005829;GO:0005925;GO:0030027;GO:0005741;GO:0098794;GO:0032991;GO:0031209;GO:0003779;GO:0071933;GO:0051018;GO:0034237;GO:0030036;GO:0030041;GO:1990416;GO:0097484;GO:0072673;GO:0007005;GO:0098885;GO:2000601;GO:0051388;GO:0065003;GO:0016601;GO:0006898
Q96RD0,Olfactory receptor family 8 subfamily B member 2,Testis,GO:0005886;GO:0004930;GO:0005549;GO:0004984;GO:0007186;GO:0007608
Q8IY42,Chromosome 4 open reading frame 19,Liver,
P02647,Apolipoprotein A1,Liver,GO:0072562;GO:0042627;GO:0062023;GO:0031410;GO:0005829;GO:0005769;GO:0030139;GO:0071682;GO:0005788;GO:0070062;GO:0005576;GO:0005615;GO:1903561;GO:0034364;GO:0034362;GO:0005886;GO:0034774;GO:0034366;GO:0034361;GO:0001540;GO:0034191;GO:0034190;GO:0045499;GO:0015485;GO:0120020;GO:0019899;GO:0031072;GO:0008035;GO:0070653;GO:0042802;GO:0060228;GO:0005543;GO:0042803;GO:0048018;GO:0005102;GO:0055090;GO:0030325;GO:0043534;GO:0071402;GO:0006695;GO:0033344;GO:0042632;GO:0070508;GO:0008203;GO:0030301;GO:0001935;GO:0007186;GO:0008211;GO:0034380;GO:0034384;GO:0034375;GO:0007229;GO:0019915;GO:0042158;GO:0050919;GO:0060354;GO:0002719;GO:0034115;GO:0050728;GO:0032691;GO:0060761;GO:0010804;GO:0010903;GO:0018206;GO:0006656;GO:0033700;GO:0055091;GO:0010875;GO:0090205;GO:1905920;GO:0051345;GO:0050766;GO:1902995;GO:0035025;GO:0051496;GO:1900026;GO:0018158;GO:0050821;GO:0032489;GO:0030300;GO:0043691;GO:0070328;GO:0051180
P51513,NOVA alternative splicing regulator 1,Brain,GO:0005737;GO:0043231;GO:0005730;GO:0005654;GO:0005634;GO:0003730;GO:0003729;GO:0003723;GO:1990825;GO:0000398;GO:0120163;GO:0007399;GO:0000381;GO:0006396;GO:0008380
Q8TF65,GIPC PDZ domain containing family member 2,Kidney,GO:0005737;GO:0070062;GO:0042802
Q96G61,Nudix hydrolase 11,Brain,GO:0005737;GO:0005829;GO:0005634;GO:0034431;GO:0034432;GO:0008486;GO:0000298;GO:0046872;GO:1901911;GO:1901909;GO:1901907;GO:0071543
Q6PH85,Defective in cullin neddylation 1 domain containing 2,Heart,GO:0005737;GO:0005634;GO:0000151;GO:0097602;GO:0031624;GO:0032182;GO:2000436;GO:0045116;GO:2000434
O43315,Aquaporin 9,Liver,GO:0016323;GO:0043231;GO:0005886;GO:0015267;GO:0015254;GO:0140070;GO:0005345;GO:0005350;GO:0015265;GO:0015204;GO:0015250;GO:0015837;GO:0015722;GO:0071320;GO:0071722;GO:0015793;GO:0006863;GO:0015855;GO:0048265;GO:0071918;GO:0006833
Q6ZTZ1,Myb/SANT DNA binding domain containing 1,Testis,GO:0016604;GO:0045893
Q6NXT2,H3.5 histone,Testis,GO:0000791;GO:0005654;GO:0000786;GO:0005634;GO:0031492;GO:0046982;GO:0030527;GO:0030307
Q8NBP7,Proprotein convertase subtilisin/kexin type 9,Liver,GO:0009986;GO:0030134;GO:0005737;GO:0005769;GO:0036020;GO:0005783;GO:0005788;GO:0005576;GO:0005615;GO:0031232;GO:0005794;GO:0005770;GO:0005765;GO:0005764;GO:1990667;GO:1990666;GO:0048471;GO:0005886;GO:0034185;GO:0034190;GO:0030169;GO:0050750;GO:0003723;GO:0004252;GO:0030547;GO:0019871;GO:0034189;GO:0070326;GO:0006915;GO:0032869;GO:0009267;GO:0042632;GO:0008203;GO:0001822;GO:0042157;GO:0001889;GO:0032802;GO:0007041;GO:0010989;GO:1905596;GO:1905598;GO:0002091;GO:0001920;GO:1905601;GO:2000650;GO:0022008;GO:0030182;GO:0006644;GO:0032805;GO:0043525;GO:0002092;GO:0016540;GO:0043523;GO:0010469;GO:0006641
P50993,ATPase Na+/K+ transporting subunit alpha 2,Brain,GO:0005901;GO:0042995;GO:0009986;GO:0005737;GO:0043197;GO:0005783;GO:0005768;GO:1903561;GO:0014704;GO:0016020;GO:0043025;GO:0031090;GO:0005886;GO:0005890;GO:0030315;GO:0005524;GO:0016887;GO:0019829;GO:0005391;GO:0016791;GO:0030955;GO:0046982;GO:0051087;GO:0031402;GO:0005496;GO:1990239;GO:0008344;GO:0021764;GO:0046034;GO:0001662;GO:0060048;GO:0086064;GO:0071260;GO:0071383;GO:0030007;GO:0006883;GO:0019852;GO:0040011;GO:0035641;GO:0086012;GO:0086009;GO:0098655;GO:1903170;GO:0051481;GO:0045822;GO:0045988;GO:0019227;GO:0001504;GO:0021989;GO:0045823;GO:1990573;GO:0071805;GO:0006813;GO:1902600;GO:0008217;GO:0086004;GO:0010881;GO:0051946;GO:0006937;GO:0002087;GO:0006940;GO:0006942;GO:0051966;GO:0002026;GO:0019229;GO:0055119;GO:0010996;GO:1903416;GO:0035094;GO:0035864;GO:0036376;GO:0035725;GO:0006814;GO:0150104;GO:0008542
Q86UN2,Reticulon 4 receptor like 1,Brain,GO:0042995;GO:0009986;GO:0070062;GO:0031012;GO:0005576;GO:0005615;GO:0045121;GO:0043204;GO:0005886;GO:0098552;GO:0035374;GO:0008201;GO:0038023;GO:0031103;GO:0022038;GO:0048681;GO:0010977
O76039,Cyclin dependent kinase like 5,Brain,GO:0005813;GO:0036064;GO:0097542;GO:0032839;GO:0044294;GO:0098978;GO:0005654;GO:0005634;GO:0048471;GO:0099092;GO:0005524;GO:0004693;GO:0016301;GO:0004672;GO:0106310;GO:0004674;GO:0031267;GO:0050804;GO:0001764;GO:0045773;GO:0050775;GO:0060999;GO:0035022;GO:1902017;GO:0050773;GO:0099175
Q17R55,Family with sequence similarity 187 member B,Testis,GO:0016020
Q9UQR0,Scm polycomb group protein like 2,Testis,GO:0005634;GO:0031519;GO:0003682;GO:0042393;GO:0009653;GO:0045892
P0C024,Nudix hydrolase 7,Liver,GO:0005829;GO:0005782;GO:0005777;GO:0010945;GO:0000287;GO:0030145;GO:0030515;GO:0046356;GO:0050873;GO:0044580;GO:0015938;GO:2001294;GO:0036114;GO:0009132;GO:1902859;GO:1902858;GO:1901289
Q9Y5H3,"Protocadherin gamma subfamily A, 10",Brain,GO:0005886;GO:0005509;GO:0007155;GO:0007156;GO:0007399
P00403,Mitochondrially encoded cytochrome c oxidase II,Heart,GO:0016020;GO:0005743;GO:0005759;GO:0031966;GO:0005739;GO:0045277;GO:0005507;GO:0004129;GO:0042773;GO:0045333;GO:0007595;GO:0006123;GO:0001666
Q8WWB3,DPY30 domain containing 1,Testis,GO:0031514;GO:0001534;GO:0048188
O95800,G protein-coupled receptor 75,Brain,GO:0005886;GO:0016493;GO:0004930;GO:0070098;GO:0007186
Q92784,Double PHD fingers 3,Heart,GO:0035060;GO:0000785;GO:0071565;GO:0005654;GO:0016514;GO:0008270;GO:0006338;GO:0007517;GO:0007399;GO:0045597;GO:2000781;GO:0045663;GO:0070316;GO:2000045;GO:0030071;GO:2000819;GO:0006357
Q86UW1,Solute carrier family 51 subunit alpha,Liver,GO:0016323;GO:0005789;GO:0016020;GO:0005886;GO:0032991;GO:0015125;GO:0046982;GO:0042803;GO:0022857;GO:0015721;GO:0032782
Q7Z553,MAM domain containing glycosylphosphatidylinositol anchor 2,Testis,GO:0005576;GO:0005886;GO:0098552;GO:0007399;GO:0021522
Q96DG6,Carboxymethylenebutenolidase homolog,Kidney,GO:0005829;GO:0070062;GO:0016787;GO:0006805
Q8IV77,Cyclic nucleotide gated channel subunit alpha 4,Testis,GO:0060170;GO:0030660;GO:0017071;GO:0098804;GO:0005886;GO:0005262;GO:0030552;GO:0030553;GO:0005222;GO:0005223;GO:0044877;GO:0006816;GO:0098655;GO:0006813;GO:0007608;GO:0006814
Q12837,POU class 4 homeobox 2,Testis,GO:0000785;GO:0005737;GO:0000791;GO:0016607;GO:0005654;GO:0005634;GO:0005667;GO:0001228;GO:0000981;GO:0001227;GO:0002039;GO:1990841;GO:0000978;GO:0048675;GO:0007411;GO:0071345;GO:0071392;GO:0032869;GO:0071453;GO:1990791;GO:0030520;GO:0007507;GO:0072332;GO:0000165;GO:1904178;GO:1902870;GO:0045596;GO:0043433;GO:0000122;GO:0050885;GO:0030182;GO:0045773;GO:0010666;GO:0045597;GO:0046326;GO:0045672;GO:0043068;GO:0045944;GO:2000679;GO:0051090;GO:0090259;GO:0006357;GO:0060041;GO:0031290;GO:0007605;GO:0007283
Q5JSS6,Meiosis/spermiogenesis associated 1,Testis,GO:0005829;GO:0002177;GO:0005634;GO:1905198;GO:0008104;GO:0007288
Q9NZV8,Potassium voltage-gated channel subfamily D member 2,Brain,GO:0070161;GO:0043197;GO:0098982;GO:0098978;GO:0071193;GO:0043025;GO:0032809;GO:0043204;GO:0005886;GO:0044853;GO:0045211;GO:0099634;GO:0008076;GO:0005250;GO:0046872;GO:1905030;GO:0005249;GO:0001508;GO:0071456;GO:0007268;GO:0045475;GO:0086009;GO:0006936;GO:0019228;GO:0071805;GO:0051260;GO:0008016;GO:0019233
P52198,Rho family GTPase 2,Testis,GO:0002080;GO:0005829;GO:0005769;GO:0005886;GO:0005525;GO:0003924;GO:0019901;GO:0007015;GO:0016477;GO:0048668;GO:0048672;GO:0032956;GO:0007165;GO:0007264
Q495X7,Tripartite motif containing 60,Testis,GO:0005737;GO:0005829;GO:0140082;GO:0061630;GO:0008270;GO:0045087;GO:1901223
O75936,Gamma-butyrobetaine hydroxylase 1,Kidney,GO:0005829;GO:0070062;GO:0005739;GO:0008336;GO:0042802;GO:0005506;GO:0008270;GO:0045329
P20264,POU class 3 homeobox 3,Kidney,GO:0000785;GO:0005654;GO:0005634;GO:0003700;GO:0000981;GO:0071837;GO:0042803;GO:0000978;GO:0043565;GO:0007417;GO:0021799;GO:0048878;GO:0021869;GO:0072218;GO:0072240;GO:0072236;GO:0072227;GO:0072233;GO:0043066;GO:0045892;GO:0008284;GO:0045893;GO:0010628;GO:0045944;GO:0006357;GO:0071918
Q6UXH0,Angiopoietin like 8,Liver,GO:0005576;GO:0005179;GO:0048469;GO:0045444;GO:0006629;GO:0010954;GO:0019216;GO:0050746;GO:0070328
Q86YW5,Triggering receptor expressed on myeloid cells like 1,Brain,GO:0009986;GO:0005829;GO:0005794;GO:0016020;GO:0016607;GO:0005886;GO:0031091;GO:0019722;GO:0045087;GO:0030168;GO:0007165
Q8N878,FERM domain containing 1,Testis,GO:0098592;GO:0005856;GO:0035332
Q5VSR9,SPANX family member N1,Testis,
Q00005,Protein phosphatase 2 regulatory subunit Bbeta,Brain,GO:0005856;GO:0005829;GO:0005741;GO:0005739;GO:0000159;GO:0019888;GO:0006915
Q7M4L6,Src homology 2 domain containing F,Brain,GO:0001784;GO:0006915
Q96PF2,Testis specific serine kinase 2,Testis,GO:0001669;GO:0005814;GO:0005737;GO:0005634;GO:0004676;GO:0004679;GO:0005524;GO:0004677;GO:0004694;GO:0044024;GO:0072371;GO:1990244;GO:0035979;GO:0044025;GO:0140823;GO:0035175;GO:0044022;GO:0140855;GO:0035402;GO:0072354;GO:0140857;GO:0035403;GO:0044023;GO:0000287;GO:0106310;GO:0004674;GO:0044877;GO:0072518;GO:0004711;GO:0046777;GO:0006468;GO:0007286
A8MTZ7,Chromosome 12 open reading frame 71,Testis,
Q96FL8,Solute carrier family 47 member 1,Liver,GO:0016324;GO:0016323;GO:0016020;GO:0005886;GO:0015297;GO:0015179;GO:0061459;GO:0015101;GO:0140968;GO:0015489;GO:0015234;GO:0022857;GO:0042910;GO:0089718;GO:1902475;GO:0097638;GO:0015695;GO:0015847;GO:0055085;GO:1990961;GO:0006855;GO:0042908
Q96A44,SplA/ryanodine receptor domain and SOCS box containing 4,Testis,GO:0005829;GO:0019005;GO:1990756;GO:0035556;GO:1902916;GO:0043161;GO:0016567;GO:0042752;GO:0048511;GO:0006511
Q6PII5,Hydroxyacylglutathione hydrolase like,Brain,GO:0004416;GO:0046872
A6NEQ2,Family with sequence similarity 181 member B,Brain,
Q9Y315,Deoxyribose-phosphate aldolase,Liver,GO:0005829;GO:0005576;GO:1904813;GO:0005654;GO:0034774;GO:0004139;GO:0016052;GO:0046121;GO:0009264;GO:0046386;GO:0006098
Q8N336,ELMO domain containing 1,Brain,GO:0005929;GO:0098978;GO:0005794;GO:0005096;GO:0060271;GO:0015031
O94933,SLIT and NTRK like family member 3,Brain,GO:0009986;GO:0098982;GO:0005886;GO:0098839;GO:0099634;GO:0007409;GO:0097116;GO:0072578;GO:0051965;GO:1905606;GO:0099560;GO:0051932;GO:0072553
Q8N998,Coiled-coil domain containing 89,Testis,GO:0005737;GO:0005634
A1L167,Ubiquitin conjugating enzyme E2 Q family like 1,Brain,GO:0005654;GO:0005634;GO:0005886;GO:0005524;GO:0061631;GO:0000209
P17735,Tyrosine aminotransferase,Liver,GO:0005829;GO:0016597;GO:0042802;GO:0004838;GO:0030170;GO:0006103;GO:0009058;GO:0006536;GO:0006559;GO:0071548;GO:0046689;GO:0006979;GO:0006572
P54257,Huntingtin associated protein 1,Brain,GO:0015629;GO:0005776;GO:1904115;GO:0005814;GO:0005813;GO:0031410;GO:0005856;GO:0005829;GO:0030425;GO:0043197;GO:0005769;GO:0005783;GO:0030426;GO:0016234;GO:0005764;GO:0005739;GO:0005730;GO:0008021;GO:0048403;GO:0017022;GO:0005102;GO:0044325;GO:0008089;GO:0098957;GO:0006914;GO:0007420;GO:0030030;GO:0021549;GO:0007268;GO:0006887;GO:0021979;GO:0048311;GO:1902430;GO:0022008;GO:0048011;GO:0045742;GO:0031587;GO:0050769;GO:0032901;GO:1902857;GO:0032230;GO:0008104;GO:0006605;GO:0015031;GO:0017157;GO:1902513;GO:0008090;GO:0047496
Q9BYV6,Tripartite motif containing 55,Heart,GO:0005737;GO:0005874;GO:0005634;GO:0042802;GO:0030674;GO:0061630;GO:0008270;GO:0050904;GO:0045087;GO:0002523;GO:1905517;GO:1901224;GO:0070936;GO:0007165
Q9UHC6,Contactin associated protein 2,Brain,GO:0030673;GO:0030424;GO:0009986;GO:0030425;GO:0005769;GO:0098982;GO:0098978;GO:0005794;GO:0044224;GO:0016020;GO:0043025;GO:0033010;GO:0033270;GO:0043204;GO:0042734;GO:0008076;GO:0019899;GO:0002020;GO:0044325;GO:0030534;GO:0007420;GO:0007155;GO:0008283;GO:0021987;GO:0045163;GO:0007612;GO:0021761;GO:0031175;GO:0048812;GO:0008038;GO:1903598;GO:0060134;GO:0071205;GO:0035176;GO:0021756;GO:0071109;GO:0021794;GO:0019226;GO:0042297;GO:0071625
Q8IYT1,Golgi associated RAB2 interactor family member 4,Testis,GO:0005794;GO:0005634;GO:0007030
Q8IVF4,Dynein axonemal heavy chain 10,Testis,GO:0097729;GO:0005930;GO:0030286;GO:0005874;GO:0005524;GO:0016887;GO:0045505;GO:0051959;GO:0008569;GO:0060294
Q9NU39,Forkhead box D4 like 1,Testis,GO:0000785;GO:0005634;GO:0000981;GO:0000978;GO:0009653;GO:0030154;GO:0006357
Q9UM73,ALK receptor tyrosine kinase,Brain,GO:0070062;GO:0005886;GO:0032991;GO:0043235;GO:0005524;GO:0008288;GO:0060175;GO:0005006;GO:0005007;GO:0005004;GO:0008201;GO:0005008;GO:0140801;GO:0035401;GO:0042802;GO:0005009;GO:0005010;GO:0005011;GO:0036332;GO:0005018;GO:0005019;GO:0004713;GO:0038062;GO:0030298;GO:0005020;GO:0004714;GO:0005005;GO:0005021;GO:0030534;GO:0007169;GO:0097009;GO:0021766;GO:0050995;GO:0048666;GO:0038083;GO:0016310;GO:1900006;GO:0051092;GO:0046777;GO:0042981;GO:0042127;GO:0060159;GO:0045664;GO:0090648;GO:0006950;GO:0007165;GO:0036269
Q86SQ4,Adhesion G protein-coupled receptor G6,Liver,GO:0009986;GO:0005737;GO:0005789;GO:0016020;GO:0005886;GO:0005518;GO:0004175;GO:0050840;GO:0004930;GO:0043236;GO:0007189;GO:0007188;GO:0007166;GO:0007186;GO:0060347;GO:0042552;GO:0022011;GO:0007399;GO:0014037
P31269,Homeobox A9,Kidney,GO:0000785;GO:0005737;GO:0005654;GO:0005634;GO:0005667;GO:0001228;GO:0003700;GO:0000981;GO:0019899;GO:0000978;GO:1990837;GO:0009952;GO:0060216;GO:0006351;GO:0035115;GO:0048704;GO:0042118;GO:0008584;GO:0030879;GO:0045638;GO:0030850;GO:0009954;GO:0006357;GO:0033574;GO:0007338;GO:0007283;GO:0060065
O94910,Adhesion G protein-coupled receptor L1,Brain,GO:0030424;GO:0030426;GO:0016020;GO:0043005;GO:0005886;GO:0042734;GO:0045202;GO:0030246;GO:0050839;GO:0004930;GO:0016524;GO:0007189;GO:0007166;GO:0007186
Q8WYN3,Cysteine and serine rich nuclear protein 3,Brain,GO:0000785;GO:0005634;GO:0001228;GO:0003700;GO:0000981;GO:0043565;GO:0006915;GO:0043065;GO:0045944;GO:0006357
O75477,ER lipid raft associated 1,Liver,GO:0005783;GO:0005789;GO:0045121;GO:0032991;GO:0015485;GO:0031625;GO:0008203;GO:0036503;GO:0045541;GO:0045717;GO:0045540;GO:0032933
Q9UJW2,Tubulointerstitial nephritis antigen,Kidney,GO:0005604;GO:0005615;GO:0004197;GO:0000166;GO:0007155;GO:0006508
O75309,Cadherin 16,Kidney,GO:0016323;GO:0070062;GO:0005886;GO:0005509;GO:0016339;GO:0007155;GO:0007156
P21399,Aconitase 1,Liver,GO:0005737;GO:0005829;GO:0005783;GO:0070062;GO:0005794;GO:0005739;GO:0051538;GO:0051539;GO:0003994;GO:0030350;GO:0051536;GO:0046872;GO:0000900;GO:0003723;GO:0006101;GO:0050892;GO:0006879;GO:0009791;GO:0010040;GO:0006099
Q5VZR2,NUT family member 2G,Testis,
Q9C056,NK6 homeobox 2,Brain,GO:0000785;GO:0005634;GO:0003677;GO:0003700;GO:0000981;GO:0001227;GO:0000978;GO:1990837;GO:0030154;GO:0022010;GO:0010454;GO:0045892;GO:0048715;GO:0050885;GO:0048663;GO:0003310;GO:0010455;GO:0048714;GO:0006355;GO:0031641;GO:0006357
Q9UGQ2,Calcium channel flower domain containing 1,Liver,GO:0005769;GO:0005789;GO:0005794;GO:0005886;GO:0055037;GO:0008021;GO:0016192
P0CJ92,Golgin A8 family member H,Testis,GO:0005801;GO:0000137;GO:0032580;GO:0007030
Q6U736,Opsin 5,Testis,GO:0005737;GO:0005886;GO:0005502;GO:0008020;GO:0071482;GO:0071492;GO:0043153;GO:0007186;GO:1990384;GO:0007602;GO:0007604;GO:0007601
Q76KD6,Spermatogenesis and centriole associated 1,Testis,GO:0005813;GO:0005737
P54277,"PMS1 homolog 1, mismatch repair system component",Testis,GO:0032389;GO:0005634;GO:0005524;GO:0016887;GO:0140664;GO:0003677;GO:0019899;GO:0030983;GO:0006298;GO:0009410
P13640,Metallothionein 1G,Kidney,GO:0005737;GO:0005634;GO:0046872;GO:0008270;GO:0071276;GO:0071280;GO:0035924;GO:0071294;GO:0010273;GO:0006882;GO:0042117;GO:0030224;GO:0045926
P11487,Fibroblast growth factor 3,Brain,GO:0005737;GO:0005576;GO:0005615;GO:0005104;GO:0008083;GO:0009653;GO:0007267;GO:0008543;GO:0055026;GO:0022008;GO:0051781;GO:0008284;GO:0043410;GO:0030334;GO:0007165
Q8IUE1,TGFB induced factor homeobox 2 like X-linked,Testis,GO:0000785;GO:0005634;GO:0000981;GO:0001227;GO:0000978;GO:1990837;GO:0000122
O43602,Doublecortin,Brain,GO:0005856;GO:0005829;GO:0005874;GO:0005875;GO:0043005;GO:0008017;GO:0019901;GO:0035082;GO:0007417;GO:0035556;GO:0007399;GO:0001764;GO:0060041
Q86TX2,Acyl-CoA thioesterase 1,Liver,GO:0005829;GO:0005739;GO:0052689;GO:0047617;GO:0006637;GO:0006631;GO:0001676;GO:0000038
P42658,Dipeptidyl peptidase like 6,Brain,GO:0016020;GO:0005886;GO:0008076;GO:0015459;GO:0008236;GO:0072659;GO:0006508;GO:1901379
Q8WUU8,Transmembrane protein 174,Kidney,GO:0016324;GO:0005789;GO:0055062
Q96FE5,Leucine rich repeat and Ig domain containing 1,Brain,GO:0031012;GO:0005615;GO:0005886;GO:0005154
Q6STE5,"SWI/SNF related, matrix associated, actin dependent regulator of chromatin, subfamily d, member 3",Brain,GO:0035060;GO:0000785;GO:0005737;GO:0071565;GO:0071564;GO:0005654;GO:0005634;GO:0016514;GO:0003682;GO:0140297;GO:0016922;GO:0030374;GO:0005102;GO:0003713;GO:0003712;GO:0001221;GO:0003219;GO:0006338;GO:0042692;GO:0007399;GO:0003407;GO:0006337;GO:0045597;GO:0045893;GO:2000781;GO:0010971;GO:0045663;GO:0002052;GO:0051152;GO:0045582;GO:0070316;GO:2000045;GO:0030071;GO:2000819;GO:0006357;GO:0003139
A6NF34,ANTXR like,Testis,GO:0009986;GO:0005886;GO:0046872;GO:0004888
O60241,Adhesion G protein-coupled receptor B2,Brain,GO:0005576;GO:0016020;GO:0005886;GO:0004930;GO:0007189;GO:0033173;GO:0007166;GO:0007186;GO:0016525;GO:0007422
A0A087WXM9,Meiotic kinetochore factor,Testis,GO:0000779;GO:0000776;GO:0016321;GO:0045143;GO:0007060;GO:0010789;GO:0051754
Q7Z5S9,Transmembrane protein 144,Brain,GO:0016020;GO:0015144
A2A2V5,Serine rich and transmembrane domain containing 1,Brain,GO:0043231;GO:0016020
O95704,Amyloid beta precursor protein binding family B member 3,Brain,GO:0015629;GO:0005737;GO:0005829;GO:0016020;GO:0016604;GO:0005634;GO:0001540;GO:0050750;GO:0060090;GO:0050714;GO:0006355
Q5JXX7,Transmembrane protein 31,Testis,GO:0016020
Q86XR5,Proline rich membrane anchor 1,Brain,GO:0070161;GO:0005886;GO:0045202
Q8NA57,Chromosome 12 open reading frame 50,Testis,GO:0016973
Q6UX53,Methyltransferase like 7B,Heart,GO:0005829;GO:0005789;GO:0005811;GO:0008757;GO:0018708;GO:0032259
Q2Y0W8,Solute carrier family 4 member 8,Brain,GO:0016324;GO:0032279;GO:0043679;GO:0016323;GO:0030425;GO:0097386;GO:0098978;GO:0097457;GO:0016020;GO:0043005;GO:0032809;GO:0005886;GO:0098793;GO:0042734;GO:0032280;GO:0008021;GO:0030672;GO:0043195;GO:0015106;GO:0015108;GO:0042802;GO:0015081;GO:0140892;GO:0008510;GO:0005452;GO:0008270;GO:0110010;GO:0015701;GO:1902476;GO:0050804;GO:2000302;GO:0051453;GO:0042391;GO:0035725;GO:0055085;GO:0150104
Q9BSW7,Synaptotagmin 17,Brain,GO:0070382;GO:0098978;GO:0005886;GO:0098794;GO:0005802;GO:0061891;GO:0005544;GO:0000149;GO:0030154;GO:1903861;GO:0017158;GO:0099149;GO:0016192
O15499,Goosecoid homeobox 2,Testis,GO:0000785;GO:0005634;GO:0003677;GO:0003700;GO:0000981;GO:0000978;GO:0043565;GO:1990837;GO:0009653;GO:0006357
Q86VF5,Monoacylglycerol O-acyltransferase 3,Liver,GO:0005789;GO:1990578;GO:0003846;GO:0004144;GO:0006071;GO:0006640;GO:0019432
O43304,SEC14 like lipid binding 5,Brain,GO:0005737
Q9NX00,Transmembrane protein 160,Brain,GO:0005743;GO:0005739
Q96B18,Dishevelled binding antagonist of beta catenin 3,Brain,GO:0005737;GO:0070097;GO:0042802;GO:0051018;GO:0005080;GO:0060070;GO:0001837;GO:0090090;GO:0030308;GO:0010719;GO:0030178
Q8NEL9,DDHD domain containing 1,Testis,GO:0005737;GO:0005829;GO:0046872;GO:0008970;GO:0004620;GO:0046488;GO:0090141
P26378,ELAV like RNA binding protein 4,Brain,GO:0097440;GO:0030424;GO:0005737;GO:0030425;GO:0098978;GO:0030426;GO:0005635;GO:0043204;GO:0098794;GO:1990904;GO:0005840;GO:0035925;GO:0003730;GO:0008143;GO:0097158;GO:0070935;GO:0008306;GO:1990090;GO:0021895;GO:0048813;GO:0007626;GO:0006397;GO:1905870;GO:1900006;GO:0031099;GO:0140245;GO:0042220;GO:0034976;GO:0006396;GO:0008380
Q96AC6,Kinesin family member C2,Brain,GO:0005737;GO:0005871;GO:0005874;GO:0005815;GO:0072686;GO:0005634;GO:0005524;GO:0016887;GO:0008017;GO:0003777;GO:0007018;GO:0090307
Q96LI6,Heat shock transcription factor Y-linked 2,Testis,GO:0000785;GO:0005829;GO:0005654;GO:0005634;GO:0003700;GO:0000981;GO:0000978;GO:1990837;GO:0006357
O43813,LanC like glutathione S-transferase 1,Brain,GO:0005737;GO:0005886;GO:0004930;GO:0043295;GO:0004364;GO:0050750;GO:0017124;GO:0008270;GO:0005975;GO:1990748;GO:0007186;GO:0031179
P52943,Cysteine rich protein 2,Heart,GO:0005938;GO:0008270;GO:0030097;GO:0008284
Q8N6R1,Stress associated endoplasmic reticulum protein family member 2,Testis,GO:0005783;GO:0005789;GO:0030968
P23677,Inositol-trisphosphate 3-kinase A,Brain,GO:0005737;GO:0005856;GO:0005829;GO:0043197;GO:0098978;GO:0005634;GO:0098871;GO:0005524;GO:0004683;GO:0005516;GO:0051765;GO:0008440;GO:0031267;GO:0030036;GO:0071277;GO:0097062;GO:0006020;GO:0032958;GO:0098885;GO:0046854;GO:0061003;GO:0048167;GO:0051592;GO:0007165
Q96L11,LLLL and CFNLAS motif containing 1,Testis,GO:0005576;GO:0007342
Q68DU8,Potassium channel tetramerization domain containing 16,Brain,GO:0042995;GO:0045211;GO:0042734;GO:0043235;GO:0099579;GO:0150047;GO:0042802;GO:0051260;GO:0008277
Q9NYB5,Solute carrier organic anion transporter family member 1C1,Brain,GO:0016323;GO:0005886;GO:0015125;GO:0008514;GO:0015347;GO:0015349;GO:0015721;GO:0006811;GO:2000611;GO:0043252;GO:0070327;GO:0055085;GO:0150104
O95057,DIRAS family GTPase 1,Brain,GO:0005886;GO:0019003;GO:0005525;GO:0003924;GO:0007165
Q5HYJ1,"Trans-2,3-enoyl-CoA reductase like",Heart,GO:0005783;GO:0016020;GO:0016491;GO:0016627;GO:0042761
Q96FT7,Acid sensing ion channel subunit family member 4,Brain,GO:0005886;GO:0015280;GO:0005216;GO:0015081;GO:0001662;GO:0035725
Q96EP9,Solute carrier family 10 member 4,Brain,GO:0005886;GO:0008508;GO:0015721
Q9NU39,Forkhead box D4 like 1,Brain,GO:0000785;GO:0005634;GO:0000981;GO:0000978;GO:0009653;GO:0030154;GO:0006357
P04278,Sex hormone binding globulin,Liver,GO:0070062;GO:0005576;GO:0005497;GO:0005496
P0DMU8,Cancer/testis antigen family 45 member A5,Testis,
Q8WWH4,"Ankyrin repeat, SAM and basic leucine zipper domain containing 1",Testis,GO:0005737;GO:0071546;GO:0030154;GO:0007140;GO:0031047;GO:0007283;GO:0010526
O95167,NADH:ubiquinone oxidoreductase subunit A3,Heart,GO:0005743;GO:0005739;GO:0045271;GO:0008137;GO:0009060;GO:0006120;GO:0032981;GO:0042776
P29122,Proprotein convertase subtilisin/kexin type 6,Brain,GO:0009986;GO:0062023;GO:0005783;GO:0005576;GO:0005615;GO:0005796;GO:0016020;GO:0005886;GO:0004175;GO:0008201;GO:0048406;GO:0004252;GO:0007368;GO:0009100;GO:0032902;GO:0016486;GO:0034369;GO:0016485;GO:0030510;GO:0032940;GO:0007354
P49758,Regulator of G protein signaling 6,Brain,GO:0005737;GO:0005829;GO:0016020;GO:0043005;GO:0005634;GO:0005886;GO:0005096;GO:0003924;GO:0007186;GO:0035556;GO:0009968;GO:0043547;GO:0008277
Q86VW1,Solute carrier family 22 member 16,Testis,GO:0005829;GO:0016020;GO:0005886;GO:0005275;GO:0015226;GO:0015101;GO:0015606;GO:0046717;GO:1902603;GO:0015879;GO:0030154;GO:0030317;GO:0006811;GO:0015695;GO:0007338;GO:0007283;GO:1903711
A8MTL9,Histocompatibility minor serpin domain containing,Brain,GO:0005615;GO:0004867;GO:0002253
P25686,DnaJ heat shock protein family (Hsp40) member B2,Brain,GO:0005737;GO:0098554;GO:0005829;GO:0005789;GO:0016234;GO:0031965;GO:0005634;GO:0048471;GO:0000502;GO:0001671;GO:0030544;GO:0031593;GO:0070628;GO:0120283;GO:0140318;GO:0051087;GO:0043130;GO:0031625;GO:0140036;GO:0051082;GO:0061077;GO:0036503;GO:0030308;GO:0008285;GO:0090084;GO:0032091;GO:0090086;GO:0070050;GO:0032781;GO:0032436;GO:0031398;GO:0043161;GO:0042026;GO:1903644;GO:0032880;GO:0031396;GO:0006986
Q8N3G9,Transmembrane protein 130,Brain,GO:0005794;GO:0000139;GO:0005886
P28845,Hydroxysteroid 11-beta dehydrogenase 1,Liver,GO:0005789;GO:0043231;GO:0016020;GO:0070524;GO:0047022;GO:0102196;GO:0050661;GO:0042803;GO:0005496;GO:0030324;GO:0006706
Q6W0C5,Developmental pluripotency associated 3,Testis,GO:0005737;GO:0001939;GO:0005634;GO:0035064;GO:0044726
Q14117,Dihydropyrimidinase,Liver,GO:0005829;GO:0070062;GO:0004157;GO:0042802;GO:0051219;GO:0008270;GO:0006248;GO:0006249;GO:0046079;GO:0006208;GO:0006210;GO:0046050;GO:0006212
P55318,Forkhead box A3,Liver,GO:0015629;GO:0000785;GO:0005654;GO:0005634;GO:0003700;GO:0000981;GO:0019904;GO:0000978;GO:1990837;GO:0000976;GO:0009653;GO:0030154;GO:0009267;GO:0006325;GO:0061484;GO:0001678;GO:0045944;GO:0006357;GO:0007283;GO:0006366
Q99958,Forkhead box C2,Heart,GO:0000785;GO:0016604;GO:0005654;GO:0005634;GO:0031490;GO:0001216;GO:0001228;GO:0000981;GO:0042802;GO:1990841;GO:0000978;GO:0000977;GO:0043565;GO:1990837;GO:0000976;GO:0009653;GO:0003275;GO:0048844;GO:0097746;GO:0001974;GO:0001569;GO:0043010;GO:0060038;GO:0030154;GO:0030199;GO:0035050;GO:0048703;GO:0072011;GO:0072144;GO:0007507;GO:0008286;GO:0001946;GO:0007498;GO:0001656;GO:1902257;GO:0120163;GO:0000122;GO:0014032;GO:0007219;GO:0001503;GO:0048343;GO:0072112;GO:0033630;GO:0090050;GO:0045893;GO:0010595;GO:0045944;GO:0035470;GO:0046620;GO:0006357;GO:0009725;GO:0001756;GO:0001657;GO:0048010;GO:0055010
P0DMU7,Cancer/testis antigen family 45 member A6,Brain,
A4D263,Spermatogenesis associated 48,Testis,GO:0030154;GO:0007283
Q8N635,Meiosis specific with OB-fold,Testis,GO:0005694;GO:0005737;GO:0005634;GO:0003682;GO:0008310;GO:0003697;GO:0000724;GO:0007144;GO:0009566;GO:0007129;GO:0007141;GO:0007140;GO:0000712
Q05586,Glutamate ionotropic receptor NMDA type subunit 1,Brain,GO:0009986;GO:0005737;GO:0030425;GO:0043197;GO:0005789;GO:0060076;GO:0034702;GO:0043005;GO:0098878;GO:0017146;GO:0005886;GO:0014069;GO:0098839;GO:0045211;GO:0045202;GO:0043083;GO:0097060;GO:0008021;GO:0043195;GO:0001540;GO:0005509;GO:0005516;GO:0016595;GO:0022849;GO:0016594;GO:0015276;GO:0015280;GO:0004972;GO:0044877;GO:0038023;GO:0022824;GO:0007420;GO:0055074;GO:0097553;GO:0070588;GO:0007268;GO:0098976;GO:0060079;GO:0035235;GO:0098655;GO:0006812;GO:0010524;GO:2000463;GO:1903428;GO:0051968;GO:0045944;GO:0018964;GO:0051290;GO:0042391;GO:1904062;GO:0048168;GO:0048167;GO:0045471;GO:1905429;GO:0035725;GO:0008542
Q04741,Empty spiracles homeobox 1,Kidney,GO:0000785;GO:0005694;GO:0005737;GO:0005730;GO:0005634;GO:0000981;GO:0000978;GO:1990837;GO:0007420;GO:0048854;GO:0007417;GO:0021895;GO:0021796;GO:0048872;GO:0001701;GO:0060563;GO:0030182;GO:1990138;GO:0009791;GO:0060019;GO:0070445;GO:0006357;GO:0009410
Q8WWQ2,Heparanase 2 (inactive),Brain,GO:0031012;GO:0005615;GO:0005886;GO:0043395;GO:0030305;GO:0008283;GO:0030198;GO:0008284
O43295,SLIT-ROBO Rho GTPase activating protein 3,Brain,GO:0005737;GO:0005829;GO:0098794;GO:0005096;GO:0030336;GO:0051056;GO:0007165
Q9BRY0,Solute carrier family 39 member 3,Testis,GO:0016324;GO:0098686;GO:0005886;GO:0005385;GO:0000902;GO:0048701;GO:0001701;GO:0060173;GO:0043029;GO:0071577
Q8IVL1,Neuron navigator 2,Heart,GO:0005614;GO:0005654;GO:0043138;GO:0005524;GO:0016887;GO:0140849;GO:0140665;GO:0140584;GO:0061775;GO:0003689;GO:0036121;GO:0061749;GO:0009378;GO:0008201;GO:1990518;GO:0021563;GO:0007626;GO:0022008;GO:0021554;GO:0003025;GO:0007608;GO:0007605;GO:0021564
Q8IYX7,Stabilizer of axonemal microtubules 1,Testis,GO:0005879;GO:0005814;GO:0005813;GO:0036064;GO:0005856;GO:0031514;GO:0036126;GO:0008017;GO:0030030;GO:0070417;GO:0009631;GO:0045724;GO:0050821
O60237,Protein phosphatase 1 regulatory subunit 12B,Heart,GO:0031672;GO:0005737;GO:0005829;GO:0005654;GO:0001725;GO:0030018;GO:0008047;GO:0004857;GO:0017020;GO:0019901;GO:0048812;GO:0006937;GO:0007165
P52895,Aldo-keto reductase family 1 member C2,Liver,GO:0005829;GO:0004032;GO:0047044;GO:0047023;GO:0032052;GO:0031406;GO:0004303;GO:0047718;GO:0047086;GO:0016655;GO:0047115;GO:0071395;GO:0071799;GO:0044597;GO:0007586;GO:0044598;GO:0030855;GO:0007186;GO:0008284;GO:0051897;GO:0042448;GO:0006693;GO:0008202
P19021,Peptidylglycine alpha-amidating monooxygenase,Heart,GO:0070062;GO:0005576;GO:0016020;GO:0030667;GO:0030658;GO:0005509;GO:0005507;GO:0031418;GO:0004598;GO:0004504;GO:0008270;GO:0062112;GO:0001519;GO:0010043
Q9BZQ4,Nicotinamide nucleotide adenylyltransferase 2,Brain,GO:0030424;GO:0030659;GO:0005829;GO:0005794;GO:0000139;GO:0005770;GO:0045202;GO:0005802;GO:0005524;GO:0000309;GO:0004515;GO:0140768;GO:0061564;GO:0009435;GO:2000766;GO:0009165
P28223,5-hydroxytryptamine receptor 2A,Brain,GO:0030424;GO:0005901;GO:0070852;GO:0031410;GO:0030425;GO:0043198;GO:0098666;GO:0098978;GO:0005883;GO:0043025;GO:0005886;GO:0045211;GO:0042734;GO:0071886;GO:0004993;GO:0001587;GO:0042802;GO:0030594;GO:0030296;GO:0044877;GO:0051378;GO:0099589;GO:0001618;GO:0014824;GO:0048148;GO:0007268;GO:0050966;GO:0050965;GO:0007187;GO:0098664;GO:0006096;GO:0006874;GO:0007613;GO:0043267;GO:0051967;GO:0007208;GO:0008284;GO:0002720;GO:0007204;GO:2000573;GO:0070374;GO:1900119;GO:0045600;GO:0045821;GO:0031652;GO:0050729;GO:0043525;GO:0050731;GO:0010513;GO:1901731;GO:0045907;GO:0099171;GO:0044380;GO:0014059;GO:0051209;GO:0009410;GO:0046960;GO:0007210;GO:0001659;GO:0014832
Q9BSU3,"N-alpha-acetyltransferase 11, NatA catalytic subunit",Testis,GO:0005813;GO:0005737;GO:0005829;GO:0005794;GO:0031415;GO:0005654;GO:0004596;GO:0008999;GO:1990190;GO:1990189;GO:0006474
Q5MJ68,Speedy/RINGO cell cycle regulator family member C,Liver,GO:0005737;GO:0005634;GO:0019901
Q96ID5,Immunoglobin superfamily member 21,Brain,GO:0005912;GO:0009897;GO:0060077;GO:0098839;GO:0042734;GO:0007157;GO:0007156;GO:0060074;GO:0099550
Q9UMX3,BCL2 family apoptosis regulator BOK,Liver,GO:0033106;GO:0005737;GO:0031901;GO:0005783;GO:0005789;GO:0005794;GO:0016020;GO:0005743;GO:0031966;GO:0005741;GO:0005739;GO:0005640;GO:0005634;GO:0055038;GO:0032588;GO:0051400;GO:0015267;GO:0046982;GO:0042803;GO:0044877;GO:0005102;GO:0031625;GO:0006915;GO:0006921;GO:0097192;GO:0072332;GO:0008630;GO:0008584;GO:0051902;GO:1901029;GO:0060546;GO:0043524;GO:0051402;GO:0048709;GO:0043065;GO:2001056;GO:1902237;GO:1900119;GO:2001244;GO:1901030;GO:1903899;GO:0051259;GO:0010506;GO:1901382;GO:0051480;GO:1904708;GO:0001836
Q14994,Nuclear receptor subfamily 1 group I member 3,Liver,GO:0000785;GO:0005737;GO:0005856;GO:0005829;GO:0005654;GO:0005634;GO:0001228;GO:0003700;GO:0000981;GO:0004879;GO:0000978;GO:0000977;GO:1990837;GO:0008270;GO:0030154;GO:0000122;GO:0001649;GO:0045944;GO:0007165
Q9P283,Semaphorin 5B,Brain,GO:0005886;GO:0045499;GO:0030215;GO:0048675;GO:0007411;GO:0050908;GO:0001755;GO:0030335;GO:0071526
Q8IYR6,Transmembrane protein with EGF like and two follistatin like domains 1,Brain,GO:0005886;GO:0141069;GO:0046597
Q52LD8,Raftlin family member 2,Brain,GO:0005886;GO:0033227;GO:0043330
Q96M95,Coiled-coil domain containing 42,Testis,GO:0005813;GO:0002177;GO:0048471;GO:0120212;GO:0097228;GO:0001675;GO:0007098;GO:0060271;GO:0007286
A0A1B0GV03,Golgin A6 family like 7,Testis,GO:0005801
Q9H1V8,Solute carrier family 6 member 17,Brain,GO:0042995;GO:0098982;GO:0098978;GO:0016020;GO:0005886;GO:0098794;GO:0008021;GO:0030672;GO:0015293;GO:0032328;GO:0007420;GO:0015816;GO:0015820;GO:0006836;GO:0015804;GO:0015824;GO:0030163;GO:0035725;GO:0150104
Q5T7R7,Chromosome 1 open reading frame 185,Testis,GO:0016020
Q8NHU0,Cancer/testis antigen family 45 member A3,Brain,
P11245,N-acetyltransferase 2,Liver,GO:0005829;GO:0004060;GO:0046990;GO:0006805
Q96FF7,MISP family member 3,Brain,
Q5TB30,DEP domain containing 1,Testis,GO:0005634;GO:0017053;GO:0005096;GO:0035556;GO:0045892
P80404,4-aminobutyrate aminotransferase,Kidney,GO:0032144;GO:0005759;GO:0005739;GO:0047298;GO:0034386;GO:0042802;GO:0051536;GO:0046872;GO:0030170;GO:0032145;GO:0048148;GO:0021549;GO:0007620;GO:0035640;GO:0009449;GO:0009450;GO:0009448;GO:0007626;GO:0045776;GO:0033602;GO:0014053;GO:0050877;GO:1904450;GO:0045964;GO:0031652;GO:0097151;GO:0032024;GO:1902722;GO:0070474;GO:0045471;GO:0001666;GO:0010039;GO:0035094;GO:0009410
A0PJK1,Solute carrier family 5 member 10,Kidney,GO:0016324;GO:0070062;GO:0005886;GO:0005412;GO:0140930;GO:0140929;GO:0015370;GO:0008645
Q86X51,EZH inhibitory protein,Brain,GO:0005829;GO:0005654;GO:0005634;GO:0180000;GO:0006325;GO:0040029
P22674,Cyclin O,Testis,GO:0034451;GO:0000307;GO:0005737;GO:0005815;GO:0005730;GO:0005634;GO:0016538;GO:0051301;GO:0060271;GO:0000082;GO:0000278;GO:1903251;GO:0009410
Q9NZM6,"Polycystin 2 like 2, transient receptor potential cation channel",Testis,GO:0016020;GO:0005262;GO:0005509;GO:0050982
Q9BUN1,Chromosome 1 open reading frame 56,Testis,GO:0005576;GO:0042127
Q96JG8,MAGE family member D4B,Brain,GO:0005634;GO:0000122
Q8N7P1,Phospholipase D family member 5,Brain,GO:0016020;GO:0003824
O75690,Keratin associated protein 5-8,Kidney,GO:0005829;GO:0005882;GO:0030280
Q9H2M3,Betaine--homocysteine S-methyltransferase 2,Kidney,GO:0005829;GO:0070062;GO:0008898;GO:0061627;GO:0008270;GO:0071267;GO:0032259;GO:0046500;GO:0033477
Q9HB65,Elongation factor for RNA polymerase II 3,Testis,GO:0030054;GO:0005694;GO:0005829;GO:0016607;GO:0005730;GO:0005654;GO:0005634;GO:0008023;GO:0000987;GO:0006354;GO:0042771;GO:1902166;GO:0061351;GO:0032786;GO:2000179;GO:0050769;GO:2000648;GO:0045944;GO:0032968;GO:0010717;GO:0042795;GO:0007283;GO:0048863;GO:0072089;GO:0006366;GO:0006368
Q92565,Rap guanine nucleotide exchange factor 5,Brain,GO:0016604;GO:0005654;GO:0005634;GO:0005886;GO:0030742;GO:0005085;GO:0007399;GO:0007265;GO:0007264
O75679,Ret finger protein like 3,Testis,GO:0005737;GO:0005829;GO:0005654;GO:0046872;GO:0042803;GO:0019901;GO:0061630;GO:0045087;GO:0010508;GO:0043123;GO:0010468;GO:0032880;GO:0046596
Q15166,Paraoxonase 3,Liver,GO:0005789;GO:0070062;GO:0005576;GO:0005615;GO:0102007;GO:0004063;GO:0004064;GO:0046872;GO:0042803;GO:0046395;GO:0051649;GO:1901335;GO:0032929;GO:2001038;GO:0003096;GO:0009636
P0DMW4,Small integral membrane protein 10 like 2A,Brain,
Q9BXF3,CECR2 histone acetyl-lysine reader,Brain,GO:0090537;GO:0000791;GO:0005634;GO:0140658;GO:0006309;GO:0006338;GO:0090102;GO:0007010;GO:0061640;GO:0097194;GO:0060122;GO:0001842;GO:0001843;GO:0007338;GO:0016192
A0A0U1RR11,Centromere protein V like 1,Testis,GO:0016846;GO:0046872
A6NDK9,Golgin A6 family member C,Testis,GO:0005801;GO:0000137;GO:0032580;GO:0007030
P79522,Proline rich 3,Brain,GO:0046872;GO:0003723
O14764,Gamma-aminobutyric acid type A receptor subunit delta,Brain,GO:0030424;GO:0034707;GO:0030425;GO:1902711;GO:0098982;GO:0043005;GO:0043025;GO:0005886;GO:0045211;GO:0045202;GO:1902495;GO:0005254;GO:0004890;GO:0030594;GO:1904315;GO:1902476;GO:0007214;GO:0007165;GO:0051932
Q96EN8,Molybdenum cofactor sulfurase,Liver,GO:0005829;GO:0016829;GO:0008265;GO:0030151;GO:0030170;GO:0006777;GO:0032324;GO:0043545
O15522,NK2 homeobox 8,Testis,GO:0000785;GO:0005634;GO:0001228;GO:0003700;GO:0000981;GO:0003690;GO:0000978;GO:0043565;GO:1990837;GO:0007409;GO:0030154;GO:0006351;GO:0050673;GO:0001889;GO:0030324;GO:0050680;GO:0045944;GO:0006357;GO:0006366
Q8N1D5,Cilia and flagella associated protein 107,Testis,GO:0160111;GO:0005879;GO:0036126;GO:0030317
P59942,Mitochondrial coiled-coil domain 1,Kidney,GO:0005739
Q96BM0,Interferon alpha inducible protein 27 like 1,Testis,GO:0031966;GO:0060090;GO:0006915;GO:0097193;GO:0001836
Q96NR3,Patched domain containing 1,Brain,GO:0043197;GO:0005886;GO:0045202;GO:0007268;GO:0050890;GO:0098976;GO:0098977;GO:0007616;GO:0007614;GO:0007224;GO:0035176;GO:0021794
Q8TC59,Piwi like RNA-mediated gene silencing 2,Testis,GO:0033391;GO:0005737;GO:0097433;GO:0005634;GO:0043186;GO:0010370;GO:1990923;GO:0071546;GO:0046872;GO:0003729;GO:0034584;GO:0004521;GO:0030718;GO:0051321;GO:0042754;GO:0048477;GO:0034587;GO:0140991;GO:2000767;GO:0060903;GO:0031047;GO:0048511;GO:0140965;GO:0007283;GO:0141005;GO:0141008;GO:0141196;GO:0141006
P43007,Solute carrier family 1 member 4,Brain,GO:0009986;GO:0005813;GO:0030425;GO:0070062;GO:0005882;GO:0042470;GO:0016020;GO:0043025;GO:0005886;GO:0045202;GO:0015171;GO:0005254;GO:0015180;GO:0015183;GO:0015184;GO:0015186;GO:0034590;GO:0015193;GO:0015194;GO:0015195;GO:0015293;GO:0006865;GO:0050890;GO:0006868;GO:0034589;GO:1904273;GO:0015808;GO:0140009;GO:0015811;GO:0015813;GO:1903812;GO:0015825;GO:0015824;GO:0035249;GO:0015826;GO:0150104
Q9UNH5,Cell division cycle 14A,Testis,GO:0005813;GO:0005737;GO:0005829;GO:1902636;GO:0060091;GO:0072686;GO:0016604;GO:0005730;GO:0005654;GO:0000922;GO:0032426;GO:0033192;GO:0140791;GO:0140793;GO:1990439;GO:0017018;GO:0004726;GO:0004722;GO:0004725;GO:0030946;GO:0180006;GO:0180007;GO:0180008;GO:0180005;GO:0180004;GO:0051301;GO:0060271;GO:0000226;GO:0032467;GO:0007096;GO:0007605
Q8IVF5,TIAM Rac1 associated GEF 2,Brain,GO:0005829;GO:0070062;GO:0030175;GO:0030426;GO:0030027;GO:0016020;GO:0043204;GO:0045202;GO:0005096;GO:0005085;GO:0050772;GO:0051056;GO:0007264
Q02928,Cytochrome P450 family 4 subfamily A member 11,Liver,GO:0016324;GO:0005737;GO:0005789;GO:0043231;GO:0018685;GO:0008392;GO:0008391;GO:0052869;GO:0020037;GO:0005506;GO:0050051;GO:0102033;GO:0004497;GO:0019369;GO:0019373;GO:0006631;GO:0046456;GO:0001822;GO:0048252;GO:0006691;GO:0043651;GO:0001676;GO:0097267;GO:0031408;GO:0032305;GO:0003095;GO:0003091;GO:0055078
Q2M2D7,TBC1 domain family member 28,Testis,
Q8NER1,Transient receptor potential cation channel subfamily V member 1,Liver,GO:0032591;GO:0009897;GO:0098982;GO:0016020;GO:0043025;GO:0005886;GO:0045211;GO:0005524;GO:0005262;GO:0005516;GO:0017081;GO:0005231;GO:0005230;GO:0042802;GO:0015278;GO:0046872;GO:0035091;GO:0051219;GO:0097603;GO:0004888;GO:0005245;GO:0048266;GO:0098703;GO:0070588;GO:0007166;GO:0071468;GO:0071312;GO:0071318;GO:0034605;GO:1990090;GO:0071502;GO:0071356;GO:0007635;GO:0050968;GO:0050965;GO:0050960;GO:0002024;GO:0001660;GO:0014047;GO:0006629;GO:0001774;GO:0090212;GO:0010459;GO:0010917;GO:0003085;GO:0000122;GO:0002790;GO:0043065;GO:0007204;GO:0045429;GO:0051289;GO:1901594;GO:0043434;GO:0050954;GO:0050909;GO:0060083;GO:0050955
Q9BXX2,Ankyrin repeat domain 30B,Testis,
Q8IZD9,Dedicator of cytokinesis 3,Brain,GO:0005737;GO:0005829;GO:0005886;GO:0005096;GO:0005085;GO:0017124;GO:0031267;GO:0048011;GO:0051056;GO:0007264
Q6ZWB6,Potassium channel tetramerization domain containing 8,Brain,GO:0042995;GO:0045211;GO:0048787;GO:0043235;GO:0042802;GO:0051260;GO:0008277
P48145,Neuropeptides B and W receptor 1,Liver,GO:0016020;GO:0043005;GO:0005886;GO:0045202;GO:0004985;GO:0004930;GO:0042923;GO:0008188;GO:0007268;GO:0007186;GO:0007218;GO:0019222
Q8IWT1,Sodium voltage-gated channel beta subunit 4,Brain,GO:0014704;GO:0005886;GO:0001518;GO:0017080;GO:0044325;GO:0005248;GO:0086006;GO:0086016;GO:0061337;GO:0086002;GO:0060048;GO:0051649;GO:0086012;GO:0019228;GO:0010765;GO:0086091;GO:2000649;GO:0060307;GO:0035725;GO:0006814
Q6T423,Solute carrier family 22 member 25,Liver,GO:0016020;GO:0022857;GO:0015711
Q5VZP5,Serine/threonine/tyrosine interacting like 2,Heart,GO:0005737;GO:0030017;GO:0033549;GO:0008138;GO:0043409
A5D8V7,Outer dynein arm docking complex subunit 3,Testis,GO:0005930;GO:0005814;GO:0036064;GO:0035253;GO:0097542;GO:0005929;GO:0005576;GO:0120228;GO:0007420;GO:0090660;GO:0003341;GO:0061371;GO:0007368;GO:0060287;GO:0030317;GO:0035264;GO:0036158;GO:1902017;GO:0007283
P25311,"Alpha-2-glycoprotein 1, zinc-binding",Liver,GO:0062023;GO:0009897;GO:0070062;GO:0005576;GO:0005615;GO:0005634;GO:0008320;GO:0004540;GO:0007155;GO:0001580;GO:0006955;GO:0008285
Q86Z23,Complement C1q like 4,Testis,GO:0005581;GO:0005615;GO:0042802;GO:0070371;GO:0048144;GO:0070373;GO:0045599;GO:0048147
P09210,Glutathione S-transferase alpha 2,Kidney,GO:0005829;GO:0070062;GO:0004364;GO:0030855;GO:0006749;GO:0006805
Q96D21,RASD family member 2,Brain,GO:0005886;GO:0045202;GO:0031681;GO:0005525;GO:0003924;GO:0007626;GO:0051897;GO:0033235;GO:0007165;GO:0001963
Q9H095,IQ motif containing G,Testis,GO:0015629;GO:0005737;GO:0005829;GO:0070062;GO:0002177;GO:0031514;GO:0036126;GO:0005516;GO:0030544;GO:0044782;GO:0007288;GO:0007286
P80404,4-aminobutyrate aminotransferase,Brain,GO:0032144;GO:0005759;GO:0005739;GO:0047298;GO:0034386;GO:0042802;GO:0051536;GO:0046872;GO:0030170;GO:0032145;GO:0048148;GO:0021549;GO:0007620;GO:0035640;GO:0009449;GO:0009450;GO:0009448;GO:0007626;GO:0045776;GO:0033602;GO:0014053;GO:0050877;GO:1904450;GO:0045964;GO:0031652;GO:0097151;GO:0032024;GO:1902722;GO:0070474;GO:0045471;GO:0001666;GO:0010039;GO:0035094;GO:0009410
Q9Y2V0,CDAN1 interacting nuclease 1,Heart,GO:0005737;GO:0005634;GO:0030218
P10275,Androgen receptor,Liver,GO:0000785;GO:0005737;GO:0005829;GO:0016607;GO:0005654;GO:0005634;GO:0005886;GO:0032991;GO:0005497;GO:0051117;GO:0008013;GO:0003682;GO:0001228;GO:0003700;GO:0000981;GO:0019899;GO:0034056;GO:0004930;GO:0060090;GO:0140693;GO:0004879;GO:0070974;GO:0000978;GO:0000979;GO:0001091;GO:0061629;GO:0005102;GO:0005496;GO:0000976;GO:0001223;GO:0008270;GO:0030521;GO:0048645;GO:0007267;GO:0071391;GO:0071383;GO:0071394;GO:0060742;GO:0003382;GO:0050673;GO:0030520;GO:0001701;GO:0048009;GO:0030522;GO:0060599;GO:0033327;GO:0048808;GO:0008584;GO:0019102;GO:0060749;GO:0000165;GO:0060571;GO:0035264;GO:0008285;GO:0050680;GO:2001237;GO:0045720;GO:0000122;GO:0140694;GO:0030518;GO:0045597;GO:0008284;GO:0045893;GO:0060769;GO:0010628;GO:0043568;GO:0045726;GO:0033148;GO:0043410;GO:1902895;GO:0051092;GO:0042327;GO:0045944;GO:0045945;GO:0060740;GO:0060736;GO:0048638;GO:0060685;GO:1903076;GO:0003073;GO:0072520;GO:0007165;GO:0007338;GO:0007283;GO:0060748;GO:0006366
P43357,MAGE family member A3,Testis,GO:0005783;GO:0005634;GO:0089720;GO:0042826;GO:0010507;GO:1902236;GO:0010955;GO:0000122
O43526,Potassium voltage-gated channel subfamily Q member 2,Brain,GO:0043194;GO:0016020;GO:0033268;GO:0005886;GO:0045202;GO:0008076;GO:0030506;GO:0005516;GO:0022843;GO:0005249;GO:0001508;GO:0007268;GO:0007399;GO:0071805
Q08426,Enoyl-CoA hydratase and 3-hydroxyacyl CoA dehydrogenase,Liver,GO:0005829;GO:0005782;GO:0005777;GO:0018812;GO:0003857;GO:0004165;GO:0004300;GO:0019899;GO:0016863;GO:0016509;GO:0070403;GO:0006635;GO:0033540
A6NGY3,Chromosome 5 open reading frame 52,Testis,
Q8WW34,Transmembrane protein 239,Testis,GO:0016020
P03905,Mitochondrially encoded NADH:ubiquinone oxidoreductase core subunit 4,Heart,GO:0005743;GO:0005739;GO:0045271;GO:0008137;GO:0048039;GO:0009060;GO:0021549;GO:0015990;GO:0001701;GO:0006120;GO:0032981;GO:0042776;GO:0045471;GO:0001666;GO:0035094
P53007,Solute carrier family 25 member 1,Liver,GO:0070062;GO:0005743;GO:0005739;GO:0005634;GO:0015297;GO:0071913;GO:0015137;GO:0015142;GO:0006843;GO:0006811
Q86X29,Lipolysis stimulated lipoprotein receptor,Liver,GO:0005923;GO:0030054;GO:0042627;GO:0070062;GO:0034362;GO:0005886;GO:0070160;GO:0061689;GO:0034361;GO:0010669;GO:0060856;GO:0061436;GO:0001889;GO:0035633;GO:0061833;GO:1904274
P43220,Glucagon like peptide 1 receptor,Heart,GO:0016020;GO:0005886;GO:0004967;GO:0044508;GO:0017046;GO:0004888;GO:0007190;GO:0007189;GO:0007166;GO:0046879;GO:0007611;GO:0045776;GO:0045777;GO:0007204;GO:0031204;GO:0008016;GO:1990911
Q8TDS5,Oxoeicosanoid receptor 1,Liver,GO:0005886;GO:0050648;GO:0050647;GO:0050646;GO:0004930;GO:0007193;GO:0007186
P59910,DnaJ heat shock protein family (Hsp40) member B13,Testis,GO:0005829;GO:0031514;GO:0001534;GO:0036126;GO:0120212;GO:0051087;GO:0051082;GO:1904158;GO:0051085
Q8N4B5,Proline rich 18,Brain,
Q8IVF6,Ankyrin repeat domain 18A,Testis,
Q9Y2T7,Y-box binding protein 2,Testis,GO:0005737;GO:0005634;GO:0003677;GO:0003676;GO:0003723;GO:0048599;GO:0120162;GO:0010468;GO:0007283;GO:0006366;GO:0009386
Q6ZMI3,Gliomedin,Brain,GO:0030424;GO:0009986;GO:0005581;GO:0005615;GO:0005886;GO:0086080;GO:0045162;GO:0032528;GO:0007165
Q8TAP8,Protein phosphatase 1 regulatory subunit 35,Testis,GO:0005814;GO:0005813;GO:0005737;GO:0019902;GO:0004864;GO:0048570;GO:1903724;GO:0045724
A0A0A6YYL3,POTE ankyrin domain family member B,Testis,
Q5FVE4,Acyl-CoA synthetase bubblegum family member 2,Testis,GO:0005737;GO:0005829;GO:0016020;GO:0005739;GO:0047676;GO:0005524;GO:0047617;GO:0004467;GO:0031957;GO:0030154;GO:0006631;GO:0042759;GO:0035338;GO:0007283
Q96GA7,Serine dehydratase like,Liver,GO:0005829;GO:0008881;GO:0042802;GO:0003941;GO:0030170;GO:0004794;GO:0009097;GO:0006565;GO:0006629;GO:0006567
Q86YD5,Low density lipoprotein receptor class A domain containing 3,Brain,GO:0005886;GO:0001540;GO:0006898;GO:0070613
P0C264,SH3 domain binding kinase family member 3,Heart,GO:0004676;GO:0004679;GO:0005524;GO:0004677;GO:0004694;GO:0044024;GO:0072371;GO:1990244;GO:0035979;GO:0044025;GO:0140823;GO:0035175;GO:0044022;GO:0140855;GO:0035402;GO:0072354;GO:0140857;GO:0035403;GO:0044023;GO:0106310;GO:0004674;GO:0072518;GO:0004711
Q7Z5J1,Hydroxysteroid 11-beta dehydrogenase 1 like,Brain,GO:0005576;GO:0043231;GO:0005654;GO:0016491
Q9Y6A2,Cytochrome P450 family 46 subfamily A member 1,Brain,GO:0030425;GO:0005783;GO:0005789;GO:0098794;GO:0098793;GO:0033781;GO:0020037;GO:0005506;GO:0008395;GO:0062184;GO:0006699;GO:0006707;GO:0007399;GO:0042448;GO:1903044;GO:1900271;GO:0016125;GO:0006805
A6NEH6,Transmembrane protein 247,Testis,GO:0005783;GO:0016020
P00747,Plasminogen,Liver,GO:0072562;GO:0009986;GO:0062023;GO:0009897;GO:0070062;GO:0005576;GO:0005615;GO:0005886;GO:0031093;GO:0034185;GO:0004175;GO:0019899;GO:0019900;GO:0002020;GO:1990405;GO:0019904;GO:0051087;GO:0004252;GO:0008236;GO:0005102;GO:0051702;GO:0007596;GO:0022617;GO:0042730;GO:0008285;GO:2000048;GO:0010812;GO:0051918;GO:0043536;GO:0051919;GO:0006508;GO:0048771
Q96P26,"5'-nucleotidase, cytosolic IB",Testis,GO:0005829;GO:0005634;GO:0008253;GO:0000287;GO:0000166;GO:0106411;GO:0046085;GO:0006195
Q8IV76,PAS domain containing repressor 1,Testis,GO:1990513;GO:1990512;GO:0016607;GO:0005634;GO:0140297;GO:0140416;GO:0032922;GO:0042754;GO:0045892;GO:0006357
Q14390,Gamma-glutamyltransferase light chain 2,Testis,GO:0070062;GO:0036374;GO:0006751;GO:1901750
Q8NH16,Olfactory receptor family 2 subfamily L member 2,Brain,GO:0005886;GO:0004930;GO:0004984;GO:0050911
A0A1B0GUJ8,PNMA family member 8C,Brain,
Q9H665,IGF like family receptor 1,Liver,GO:0005654;GO:0005886
Q96MZ0,Ganglioside induced differentiation associated protein 1 like 1,Brain,GO:0005739
Q71H61,Immunoglobulin like domain containing receptor 2,Brain,GO:0005923;GO:0005789;GO:0016020;GO:0005634;GO:0070160;GO:0030154;GO:0048873;GO:0030073;GO:0050868;GO:0031016;GO:0043484;GO:0009749
Q8WVF1,Organic solute carrier partner 1,Testis,GO:0009925;GO:0005737;GO:0005886;GO:0022857;GO:1990961
Q7Z5L3,Complement C1q like 2,Brain,GO:0150053;GO:0005581;GO:0098686;GO:0043083;GO:0042802;GO:0099645;GO:0097107;GO:0090128
P30046,D-dopachrome tautomerase,Liver,GO:0005737;GO:0070062;GO:0005615;GO:0005126;GO:0033981;GO:0004167;GO:0050178;GO:0042438;GO:0010760;GO:0070374;GO:0050729;GO:0032760
Q9UPY6,WASP family member 3,Brain,GO:0005856;GO:0070062;GO:0097386;GO:0098978;GO:0030027;GO:0098794;GO:0031209;GO:0003779;GO:0071933;GO:0034237;GO:0030036;GO:0030041;GO:0007010;GO:0030032;GO:0098885;GO:0014003;GO:2000601;GO:0031643;GO:0065003;GO:0008360
Q9UK76,Jupiter microtubule associated homolog 1,Testis,GO:0005829;GO:0045171;GO:0015630;GO:0005634
A2RUB1,Meiosis specific with coiled-coil domain,Testis,GO:0005737;GO:0005634;GO:0070192;GO:0006302;GO:0007144;GO:0051729;GO:0007141;GO:0051310;GO:0048255;GO:0048599;GO:0007286;GO:0007130
Q96PZ7,CUB and Sushi multiple domains 1,Brain,GO:0016020;GO:1990708;GO:0008585;GO:0042593;GO:0008584;GO:0060745;GO:0007613;GO:0035846;GO:0001964
Q9P2J2,Immunoglobulin superfamily member 9,Liver,GO:0030424;GO:0030425;GO:0098978;GO:0060077;GO:0005886;GO:0098839;GO:0098632;GO:0007411;GO:0016358;GO:0070593;GO:0007156;GO:0090128
P0DJ93,Small integral membrane protein 13,Brain,GO:0016020
P28332,Alcohol dehydrogenase 6 (class V),Liver,GO:0005829;GO:0070062;GO:0004022;GO:0004745;GO:0008270;GO:0042573;GO:0042572
Q8IW52,SLIT and NTRK like family member 4,Brain,GO:0098978;GO:0005886;GO:0007409;GO:0051965;GO:0050807
Q8TB92,3-hydroxymethyl-3-methylglutaryl-CoA lyase like 1,Brain,GO:0005829;GO:0005783;GO:0005789;GO:0016020;GO:0048471;GO:0004419;GO:0046872;GO:0046951;GO:0006552
Q9NZI6,Transcription factor CP2 like 1,Kidney,GO:0000785;GO:0005737;GO:0016020;GO:0005634;GO:0001228;GO:0000981;GO:0000978;GO:1990837;GO:0000902;GO:0007028;GO:0008340;GO:0002070;GO:0000122;GO:0045927;GO:0006357;GO:0007431
P31371,Fibroblast growth factor 9,Brain,GO:0005737;GO:0005576;GO:0005615;GO:0005104;GO:0008083;GO:0008201;GO:0032924;GO:0001525;GO:0060070;GO:0060038;GO:0007267;GO:0002062;GO:0048566;GO:0030326;GO:0048706;GO:0001654;GO:0008543;GO:0042472;GO:0060484;GO:0008584;GO:0030238;GO:0010463;GO:0000122;GO:1905931;GO:0030178;GO:0022008;GO:0001649;GO:0032927;GO:0090263;GO:0060045;GO:0051781;GO:0008284;GO:0050679;GO:0010628;GO:0043410;GO:0002053;GO:0045880;GO:2000648;GO:1904754;GO:1904707;GO:0030949;GO:0006606;GO:0030334;GO:0048505;GO:0060011;GO:0007165;GO:0007224;GO:0072089;GO:0021762;GO:0048010
Q16663,C-C motif chemokine ligand 15,Liver,GO:0005615;GO:0048020;GO:0042056;GO:0008009;GO:0008201;GO:0005102;GO:0061844;GO:0007267;GO:0070098;GO:0006935;GO:0048245;GO:0006954;GO:0006874;GO:0030335;GO:0007165
Q96A70,Antizyme inhibitor 2,Testis,GO:0030424;GO:0005801;GO:0005737;GO:0031410;GO:0005829;GO:0030425;GO:0033116;GO:1990005;GO:0005739;GO:0005634;GO:0043204;GO:0048471;GO:0005802;GO:0030133;GO:0008792;GO:0042978;GO:0097055;GO:0042177;GO:0043085;GO:1902269;GO:0033387;GO:0007283;GO:0098629
A0A096LP55,Ubiquinol-cytochrome c reductase hinge protein like,Heart,GO:0005743;GO:0005739;GO:0045275;GO:0006122
Q9UKF5,ADAM metallopeptidase domain 29,Testis,GO:0009897;GO:0005886;GO:1990913;GO:0004222;GO:0008237;GO:0008584;GO:0006508;GO:0007283
O43895,X-prolyl aminopeptidase 2,Kidney,GO:0070062;GO:0005576;GO:0016020;GO:0005886;GO:0098552;GO:0004177;GO:0046872;GO:0070006;GO:0006508
Q9UDR5,Aminoadipate-semialdehyde synthase,Liver,GO:0005737;GO:0005829;GO:0043231;GO:0005759;GO:0005739;GO:0005634;GO:0042393;GO:0047131;GO:0004754;GO:0047130;GO:0004753;GO:0003714;GO:0033512;GO:0019878;GO:0006554;GO:0000122
Q6IS24,Polypeptide N-acetylgalactosaminyltransferase 17,Brain,GO:0005794;GO:0000139;GO:0030246;GO:0046872;GO:0004653;GO:0006493
O43921,Ephrin A2,Liver,GO:0031594;GO:0043204;GO:0005886;GO:0098552;GO:0046875;GO:0007411;GO:0046849;GO:0007267;GO:0048013;GO:0021772;GO:0030316
Q96NZ1,Forkhead box N4,Testis,GO:0000785;GO:0005634;GO:0003682;GO:0000987;GO:0003700;GO:0000981;GO:0035881;GO:0036302;GO:0001947;GO:0045944;GO:0006355;GO:0008016;GO:0010842;GO:0021514;GO:0060579
Q8WWU5,T-complex 11,Testis,GO:0001669;GO:0016020;GO:0036126;GO:0097225;GO:0007189;GO:0007281;GO:0010737;GO:1902490;GO:0007283
Q9UHD4,Cell death inducing DFFA like effector b,Liver,GO:0030137;GO:0030127;GO:0005829;GO:0005783;GO:0005789;GO:0005794;GO:0005811;GO:0048471;GO:0042802;GO:0120013;GO:0060090;GO:0070300;GO:0006915;GO:0090110;GO:0097194;GO:0008630;GO:0160077;GO:0019915;GO:0043065;GO:0042981;GO:0090207;GO:0031667;GO:0034379
Q9H9Z2,Lin-28 homolog A,Testis,GO:0005737;GO:0010494;GO:0005829;GO:0005730;GO:0005634;GO:0000932;GO:0005791;GO:0002151;GO:0035198;GO:0003729;GO:0070883;GO:0140517;GO:0003723;GO:1990825;GO:0031369;GO:0008270;GO:0071333;GO:0007281;GO:0010587;GO:0045686;GO:2000632;GO:0017148;GO:1901724;GO:2000767;GO:0045666;GO:0051897;GO:0032008;GO:0031054;GO:0071076;GO:0031123;GO:0048863;GO:0019827
P07205,Phosphoglycerate kinase 2,Testis,GO:0005829;GO:0070062;GO:0005634;GO:0035686;GO:0043531;GO:0005524;GO:0004618;GO:0061621;GO:0030317;GO:0006094;GO:0006096;GO:0016310
O95925,EPPIN-WFDC6 readthrough,Testis,GO:0001669;GO:0009986;GO:0005615;GO:0032991;GO:0097524;GO:0004867;GO:0042742;GO:0090281;GO:1901318;GO:0010466
P20851,Complement component 4 binding protein beta,Liver,GO:0005576;GO:0005615;GO:0005886;GO:0007596;GO:0006958;GO:0045087;GO:0045959;GO:0045732;GO:1903027;GO:0009609
Q96CK0,Zinc finger protein 653,Brain,GO:0005576;GO:0005634;GO:0050682;GO:0003677;GO:0140297;GO:0046872;GO:0003712;GO:0003714;GO:1900116;GO:0000122;GO:0006357
Q8N8V4,Ankyrin repeat and sterile alpha motif domain containing 4B,Kidney,GO:0005903;GO:0005789;GO:0005902;GO:0005886;GO:1904970;GO:0030154;GO:1904106;GO:0065003;GO:0034976
Q8WWL2,Spire type actin nucleation factor 2,Brain,GO:0005938;GO:0032154;GO:0030659;GO:0005856;GO:0005829;GO:0003779;GO:0008017;GO:0030036;GO:0051639;GO:0030041;GO:0045010;GO:0036089;GO:0051295;GO:0070649;GO:0048193;GO:0046907;GO:0040038;GO:2000781;GO:0015031;GO:0016192
Q86VH2,Kinesin family member 27,Testis,GO:0005929;GO:0005737;GO:0005576;GO:0005871;GO:0005874;GO:0005524;GO:0016887;GO:0008017;GO:0003777;GO:0060271;GO:0003351;GO:0051649;GO:0007018;GO:0021591
P43003,Solute carrier family 1 member 3,Brain,GO:0009925;GO:0009986;GO:0031410;GO:0016020;GO:0098796;GO:0043005;GO:0043025;GO:0048471;GO:0005886;GO:0045202;GO:0016595;GO:0015501;GO:0005314;GO:0005313;GO:0046872;GO:0015175;GO:0031223;GO:0048667;GO:0071314;GO:0007268;GO:1902476;GO:0021545;GO:0070779;GO:0009449;GO:0006883;GO:0140009;GO:0051938;GO:0098712;GO:0015813;GO:0006811;GO:0050885;GO:0006836;GO:0001504;GO:0050806;GO:0071805;GO:0046677;GO:0009416;GO:0009611;GO:0009410;GO:0007605;GO:0070633;GO:0150104
P27338,Monoamine oxidase B,Liver,GO:0030425;GO:0005740;GO:0005741;GO:0005739;GO:0043025;GO:0052595;GO:0009055;GO:0050660;GO:0042802;GO:0097621;GO:0008131;GO:0042420;GO:0050665;GO:0014063;GO:0019607;GO:0045964;GO:0010044;GO:0051412;GO:0045471;GO:0032496;GO:0010269;GO:0009636;GO:0009410;GO:0021762
P45381,Aspartoacylase,Brain,GO:0005829;GO:0005634;GO:0019807;GO:0016811;GO:0016788;GO:0042802;GO:0046872;GO:0006083;GO:0006531;GO:0022010;GO:0048714
Q96GD0,Pyridoxal phosphatase,Liver,GO:0005911;GO:0005737;GO:0005856;GO:0005829;GO:0098978;GO:0031258;GO:0098794;GO:0032587;GO:0033192;GO:0031072;GO:0140791;GO:0000287;GO:1990439;GO:0017018;GO:0004721;GO:0042803;GO:0033883;GO:0180006;GO:0180007;GO:0180008;GO:0180005;GO:0180004;GO:0031247;GO:0071318;GO:0016311;GO:0030836;GO:0006470;GO:0032361;GO:0032465;GO:0007088;GO:0099159
O95497,Vanin 1,Liver,GO:0035577;GO:0005576;GO:0016020;GO:0005886;GO:0098552;GO:0017159;GO:0002526;GO:0098609;GO:0002544;GO:0015938;GO:0006954;GO:0045087;GO:0015939;GO:1902177;GO:0033089;GO:0006979
P78334,Gamma-aminobutyric acid type A receptor subunit epsilon,Brain,GO:0034707;GO:0032590;GO:1902711;GO:0043005;GO:0005886;GO:0098794;GO:0045211;GO:0045202;GO:1902495;GO:0004890;GO:0022851;GO:1902476;GO:0007214;GO:1904862;GO:2001226;GO:0060078;GO:0051932
Q86T20,Small integral membrane protein 29,Brain,GO:0016020
Q96D98,EP300 interacting inhibitor of differentiation 2B,Brain,GO:0005654;GO:0005634;GO:0042802;GO:0003714;GO:0030154;GO:0007517;GO:0045892;GO:0045662
P13942,Collagen type XI alpha 2 chain,Brain,GO:0005581;GO:0005592;GO:0062023;GO:0005788;GO:0005576;GO:0005615;GO:0030020;GO:0008201;GO:0046872;GO:0030674;GO:0051216;GO:0030199;GO:0060021;GO:0007605;GO:0001501;GO:0060023
Q9BXD5,N-acetylneuraminate pyruvate lyase,Kidney,GO:0005829;GO:0042802;GO:0008747;GO:0005975;GO:0019262
Q01740,Flavin containing dimethylaniline monoxygenase 1,Kidney,GO:0005788;GO:0005789;GO:0050660;GO:0047822;GO:0004497;GO:0004499;GO:0050661;GO:0034899;GO:0097009;GO:0070995;GO:0046322;GO:0006082;GO:0032496;GO:0000098;GO:0042412;GO:0009404;GO:0006805
P17787,Cholinergic receptor nicotinic beta 2 subunit,Brain,GO:0005892;GO:0098981;GO:0009897;GO:0016020;GO:0043005;GO:0005886;GO:0044853;GO:0099634;GO:0042734;GO:0045202;GO:0042166;GO:0015464;GO:0022848;GO:1901363;GO:0015276;GO:0044877;GO:0050997;GO:0095500;GO:0008306;GO:0042113;GO:0035095;GO:0006816;GO:0021952;GO:0050890;GO:0021771;GO:0007612;GO:0007626;GO:0051899;GO:0007613;GO:0006811;GO:0045759;GO:0050877;GO:0021631;GO:0030890;GO:0033603;GO:0042320;GO:0048814;GO:0042053;GO:0014059;GO:0051963;GO:0032225;GO:1905144;GO:0042220;GO:0045471;GO:0001666;GO:0035094;GO:0019233;GO:0007605;GO:0007165;GO:0006939;GO:0035176;GO:0060084;GO:0007271;GO:0021562;GO:0008542;GO:0007601
Q96CW9,Netrin G2,Brain,GO:0030424;GO:0005576;GO:0098978;GO:0005886;GO:0048787;GO:0098685;GO:0098552;GO:0007409;GO:0050804;GO:0098698;GO:2001222;GO:0150011;GO:0010975;GO:1905606;GO:0099560
P49638,Alpha tocopherol transfer protein,Liver,GO:0005829;GO:0005770;GO:0120013;GO:1902936;GO:0043325;GO:0005546;GO:0008431;GO:0001892;GO:0120009;GO:0006629;GO:0090212;GO:1900223;GO:0009636;GO:0042360;GO:0051180
Q86XM0,Cation channel sperm associated auxiliary subunit delta,Testis,GO:0036128;GO:0005886;GO:0097228;GO:0030317;GO:0048240;GO:0007283
Q8N9W8,Golgi associated RAB2 interactor family member 2,Testis,GO:0097225;GO:0030317
Q8WVD3,Ring finger protein 138,Testis,GO:0005634;GO:0035861;GO:0046872;GO:0019901;GO:0003697;GO:0061630;GO:1990830;GO:0010792;GO:0000724;GO:0016567;GO:0016055
P0DJH9,RD3 like,Heart,
Q5VWP3,Muscular LMNA interacting protein,Liver,GO:0005829;GO:0005635;GO:0031981;GO:0005634;GO:0016605;GO:0042383;GO:0005521;GO:0003714;GO:0010614;GO:1903243;GO:0000122;GO:0045944;GO:0006366
P0DKB5,Trophoblast glycoprotein like,Testis,GO:0005886;GO:0090090
Q14353,Guanidinoacetate N-methyltransferase,Liver,GO:0005737;GO:0005829;GO:0005634;GO:0030731;GO:0008168;GO:0009887;GO:0006601;GO:0006600;GO:0032259;GO:0006936;GO:0040014;GO:0007283
Q9GZP1,Neurensin 2,Brain,GO:0043005;GO:0043025;GO:0005886;GO:0030133;GO:0007399
P50749,Ras association domain family member 2,Brain,GO:0005737;GO:0005829;GO:0005794;GO:0000776;GO:0005654;GO:0005634;GO:0005886;GO:0032991;GO:0004672;GO:0046849;GO:0007249;GO:0048872;GO:1901223;GO:0033137;GO:0001503;GO:0043065;GO:0046330;GO:0031954;GO:0045860;GO:0050821;GO:1901222;GO:0045667;GO:0045670;GO:0007165;GO:0001501
Q7Z5P4,Hydroxysteroid 17-beta dehydrogenase 13,Liver,GO:0005829;GO:0005783;GO:0005811;GO:0004745;GO:0004303;GO:0016616;GO:0016229;GO:0006629;GO:0046889
P08559,Pyruvate dehydrogenase E1 subunit alpha 1,Heart,GO:0005759;GO:0005739;GO:0005730;GO:0005634;GO:0045254;GO:0046872;GO:0004739;GO:0034604;GO:0006086;GO:0006006;GO:0006099
P30613,Pyruvate kinase L/R,Liver,GO:0005737;GO:0005829;GO:0070062;GO:1902912;GO:0005524;GO:0016301;GO:0000287;GO:0048029;GO:0030955;GO:0004743;GO:0071872;GO:0032869;GO:0006096;GO:0042866;GO:0033198;GO:0051591;GO:0009749;GO:0001666;GO:0010038;GO:0007584
Q96EA4,Spindle apparatus coiled-coil protein 1,Testis,GO:0005813;GO:0005829;GO:0005634;GO:0000940;GO:0000922;GO:0019899;GO:0043515;GO:0051301;GO:0016477;GO:0000132;GO:0007080;GO:0007094;GO:0034501
Q86TH1,ADAMTS like 2,Liver,GO:0031012;GO:0005576;GO:0050436;GO:0030198;GO:0060481;GO:0030512
Q9NS40,Potassium voltage-gated channel subfamily H member 7,Brain,GO:0034702;GO:0005886;GO:0020037;GO:0005242;GO:0044877;GO:0007623;GO:0071805;GO:0006813;GO:0042391
Q6ZVX9,Progestin and adipoQ receptor family member 9,Heart,GO:0005886;GO:0038023;GO:0005496
Q08257,Crystallin zeta,Liver,GO:0005829;GO:0070062;GO:0005739;GO:0042802;GO:0003730;GO:0070402;GO:0003960;GO:0008270;GO:0051289;GO:0007601;GO:0042178
P02649,Apolipoprotein E,Brain,GO:0072562;GO:0042627;GO:0034360;GO:0030669;GO:0062023;GO:0005737;GO:0030425;GO:0034365;GO:0005769;GO:0071682;GO:0005783;GO:0005788;GO:0070062;GO:0031012;GO:0005576;GO:0005615;GO:1903561;GO:0098978;GO:0005794;GO:0034364;GO:0034363;GO:1990777;GO:0034362;GO:0042470;GO:0016020;GO:0097487;GO:0043025;GO:0005634;GO:0005886;GO:0043083;GO:0034361;GO:0001540;GO:0016209;GO:0120020;GO:0019899;GO:0043395;GO:0008201;GO:0042802;GO:0008289;GO:0005319;GO:0071813;GO:0050750;GO:0046911;GO:0060228;GO:0005543;GO:0046983;GO:0042803;GO:0044877;GO:0048018;GO:0005102;GO:0005198;GO:0048156;GO:0070326;GO:0055090;GO:0097113;GO:0042982;GO:0048844;GO:0071402;GO:0006707;GO:0033344;GO:0042632;GO:0008203;GO:0034382;GO:0007010;GO:0055089;GO:0007186;GO:0010467;GO:0034380;GO:0034384;GO:0034375;GO:0071831;GO:0006874;GO:0046907;GO:0010877;GO:0042158;GO:0042159;GO:0035641;GO:0015909;GO:0007616;GO:0034374;GO:0051651;GO:0032438;GO:1905907;GO:1902430;GO:0030195;GO:0043537;GO:0090090;GO:0045541;GO:0010596;GO:0001937;GO:0010629;GO:0050728;GO:1900272;GO:0043407;GO:0010977;GO:0010544;GO:0051248;GO:0050709;GO:0048662;GO:0090209;GO:0031175;GO:0038060;GO:0097114;GO:0033700;GO:0044794;GO:1905908;GO:1900223;GO:0010875;GO:0090205;GO:1905920;GO:0060999;GO:1902952;GO:0045893;GO:0045807;GO:0070374;GO:0046889;GO:1903002;GO:0140077;GO:0032805;GO:0051044;GO:0010976;GO:0045429;GO:1902995;GO:0017038;GO:0006898;GO:1905906;GO:1902991;GO:1900221;GO:0042981;GO:0030516;GO:2000822;GO:0032489;GO:1905890;GO:0090181;GO:0045088;GO:0048168;GO:0061136;GO:0051246;GO:0043254;GO:0061771;GO:0002021;GO:0000302;GO:0043691;GO:0007271;GO:0070328;GO:0006641;GO:0071830;GO:0042311;GO:0034447;GO:0034372;GO:0019068
Q5XKL5,BTB domain containing 8,Brain,GO:0030122;GO:0030424;GO:0098850;GO:0044306;GO:0005654;GO:0005634;GO:0016182;GO:0048488
Q8NBI3,Dorsal inhibitory axon guidance protein,Brain,GO:0005576;GO:0060090;GO:0021960;GO:0007411;GO:0021528;GO:0021516;GO:0030900;GO:0110088;GO:0030517;GO:0090090;GO:0110091;GO:0016055
P05060,Chromogranin B,Brain,GO:0005788;GO:0005615;GO:0030141;GO:0005179
P50053,Ketohexokinase,Liver,GO:0005737;GO:0005829;GO:0070062;GO:0005524;GO:0070061;GO:0042802;GO:0004454;GO:0042803;GO:0006000;GO:0070873;GO:0009750;GO:0009749;GO:0032868;GO:0009744;GO:0010043
Q9BXJ1,C1q and TNF related 1,Heart,GO:0005581;GO:0005615;GO:0005886;GO:0005518;GO:0042802;GO:0010544;GO:0090331;GO:2000860;GO:0007204;GO:0010628;GO:0043410;GO:0051897;GO:0010906
Q8NGU9,G protein-coupled receptor 150,Brain,GO:0005886;GO:0004930;GO:0032870;GO:0007186
A6NGS2,Glutamate rich 4,Kidney,
Q96A83,Collagen type XXVI alpha 1 chain,Brain,GO:1990324;GO:0062023;GO:0005788;GO:0005576;GO:0005794;GO:0005886;GO:0010811
Q9H772,"Gremlin 2, DAN family BMP antagonist",Liver,GO:0005576;GO:0005615;GO:0036122;GO:0005125;GO:0008201;GO:0042802;GO:0048018;GO:0019221;GO:0048263;GO:0010172;GO:0060300;GO:0038098
P48740,MBL associated serine protease 1,Liver,GO:0005829;GO:0005576;GO:0005615;GO:0005654;GO:0005509;GO:0048306;GO:0042802;GO:0008233;GO:0042803;GO:0004252;GO:0001867;GO:0045916;GO:0031638
P48664,Solute carrier family 1 member 6,Brain,GO:0098978;GO:0005794;GO:0045111;GO:0016020;GO:0098796;GO:0005886;GO:0042734;GO:0015501;GO:0005314;GO:0015183;GO:0005313;GO:0046872;GO:0015175;GO:0015810;GO:0007268;GO:0051649;GO:0140009;GO:0098712;GO:0015813;GO:0006811;GO:0006836;GO:0001504;GO:0042391
Q8IXT1,DNA damage induced apoptosis suppressor,Testis,GO:0005737;GO:0005634;GO:0006915;GO:1902230;GO:0051726;GO:0097752
Q9BQ16,"SPARC (osteonectin), cwcv and kazal like domains proteoglycan 3",Brain,GO:0031012;GO:0005576;GO:0005615;GO:0005509;GO:0005539;GO:0008191;GO:2000146;GO:0010951
Q5JRM2,Chromosome X open reading frame 66,Testis,GO:0016020
Q8N7X8,SIGLEC family like 1,Testis,GO:0016020
O95484,Claudin 9,Brain,GO:0005923;GO:0030054;GO:0043231;GO:0005886;GO:0042802;GO:0005198;GO:0001618;GO:0070830;GO:0016338;GO:0007155
Q8IYD9,Chromosome 18 open reading frame 54,Testis,GO:0005576;GO:0008285
A0A0J9YXQ4,PNMA family member 6E,Testis,
P01178,Oxytocin/neurophysin I prepropeptide,Brain,GO:0005576;GO:0005615;GO:0098992;GO:0030141;GO:0043195;GO:0005185;GO:0005184;GO:0031855;GO:0031894;GO:0042756;GO:0042755;GO:0007565;GO:0007625;GO:0007507;GO:0060179;GO:0002125;GO:0042711;GO:0007613;GO:0045776;GO:0035811;GO:0045777;GO:0120162;GO:0007204;GO:0045925;GO:0060450;GO:0010701;GO:0045778;GO:0060406;GO:0032308;GO:0051965;GO:0050806;GO:0070474;GO:0002027;GO:0014823;GO:0001975;GO:0051591;GO:0042220;GO:0051602;GO:0032355;GO:0045472;GO:0032094;GO:0051384;GO:0043434;GO:0032570;GO:0034695;GO:0032526;GO:0009744;GO:0007165;GO:0035176;GO:0042713
Q9C019,Tripartite motif containing 15,Liver,GO:0005737;GO:0005925;GO:0005634;GO:0140313;GO:0003713;GO:0061630;GO:0008270;GO:0045087;GO:0007500;GO:1901253;GO:1901223;GO:0051091;GO:0051092;GO:1900246;GO:0032481;GO:0044790
Q504Y3,Zinc finger CW-type and PWWP domain containing 2,Testis,GO:0005634;GO:0035064;GO:0008270
A6NCM1,IQ motif containing with AAA domain 1 like,Testis,GO:0005524;GO:0016887;GO:0008568
Q9NRM1,Enamelin,Heart,GO:0005788;GO:0031012;GO:0005576;GO:0030345;GO:0036305;GO:0097186;GO:0031214;GO:0070175
Q99986,VRK serine/threonine kinase 1,Testis,GO:0015030;GO:0000785;GO:0005829;GO:0005795;GO:0005730;GO:0005654;GO:0005634;GO:0004676;GO:0004679;GO:0005524;GO:0004677;GO:0004694;GO:0042393;GO:0044024;GO:0072371;GO:1990244;GO:0141003;GO:0035979;GO:0044025;GO:0140823;GO:0035175;GO:0044022;GO:0140855;GO:0035402;GO:0072354;GO:0140857;GO:0035403;GO:0044023;GO:0016301;GO:0031492;GO:0004672;GO:0019901;GO:0106310;GO:0004674;GO:0072518;GO:0004711;GO:0030576;GO:0051301;GO:0006338;GO:0006974;GO:0090166;GO:0007077;GO:0031175;GO:0120187;GO:0046777;GO:0006468;GO:2001222;GO:0007165
Q8IY92,SLX4 structure-specific endonuclease subunit,Testis,GO:0030054;GO:0000785;GO:0000781;GO:0005829;GO:0005654;GO:0033557;GO:0003677;GO:0008047;GO:0046872;GO:0010792;GO:0006281;GO:0006260;GO:0000724;GO:1904357;GO:0006289;GO:1904431;GO:0032206;GO:0000712;GO:0072429;GO:0090656;GO:0061820
Q9UHK6,Alpha-methylacyl-CoA racemase,Kidney,GO:0005737;GO:0005829;GO:0043231;GO:0005739;GO:0005782;GO:0005777;GO:0005886;GO:0008111;GO:0005102;GO:0006699;GO:0008206;GO:0033540
Q96KG7,Multiple EGF like domains 10,Brain,GO:0042995;GO:0001891;GO:0005886;GO:0001849;GO:0005112;GO:0005044;GO:0043277;GO:1902742;GO:0043652;GO:0034109;GO:0055001;GO:0033002;GO:0048627;GO:0051451;GO:0022409;GO:2000288;GO:0043654;GO:0051147;GO:0048641;GO:0014719;GO:0014816;GO:0014841
Q99426,Tubulin folding cofactor B,Brain,GO:0005938;GO:0005737;GO:0005829;GO:0015630;GO:0035371;GO:0005634;GO:0043014;GO:0051010;GO:0030154;GO:0031122;GO:0007399;GO:0007023;GO:0007021
Q86XI8,Zinc finger SWIM-type containing 9,Brain,
O95907,Solute carrier family 16 member 8,Brain,GO:0016324;GO:0016323;GO:0016020;GO:0005886;GO:0015129;GO:0008028;GO:0015293;GO:0015727
Q13576,IQ motif containing GTPase activating protein 2,Liver,GO:0015629;GO:0005938;GO:0009986;GO:0005737;GO:0005829;GO:0070062;GO:0030175;GO:0030027;GO:0005874;GO:0005902;GO:0005886;GO:0030667;GO:0003779;GO:0051015;GO:0071933;GO:0005516;GO:0005096;GO:0005095;GO:0005547;GO:0031267;GO:0034314;GO:1903479;GO:0032956;GO:0007165;GO:0070493
Q6PUV4,Complexin 2,Brain,GO:0044305;GO:0005829;GO:0030425;GO:0098978;GO:0005634;GO:0043204;GO:0098794;GO:0031201;GO:0070033;GO:0070554;GO:0043195;GO:0048306;GO:0000149;GO:0017075;GO:0030154;GO:0043303;GO:0050804;GO:0007399;GO:0031915;GO:0017157;GO:0031630;GO:0016079;GO:0006904
Q6ZWI9,Ret finger protein like 4B,Testis,GO:0005737;GO:0005829;GO:0046872;GO:0061630;GO:0045087;GO:0046597;GO:0032897;GO:0010468;GO:0044790
Q16877,"6-phosphofructo-2-kinase/fructose-2,6-biphosphatase 4",Testis,GO:0005829;GO:0003873;GO:0005524;GO:0004331;GO:0006003;GO:0006000
A8MTZ0,BBSome interacting protein 1,Testis,GO:0034464;GO:0060170;GO:0005737;GO:0005829;GO:0001782;GO:0060271;GO:0042755;GO:0034101;GO:0010467;GO:0015031;GO:0097500;GO:0016055
P0C0L5,Complement C4B (Chido blood group),Liver,GO:0030424;GO:0072562;GO:0030425;GO:0070062;GO:0005576;GO:0005615;GO:0005886;GO:0106139;GO:0045202;GO:0030246;GO:0001848;GO:0004866;GO:0006956;GO:0006958;GO:0032490;GO:0006954;GO:0045087;GO:0008228;GO:2000427
P49619,Diacylglycerol kinase gamma,Brain,GO:0005856;GO:0005829;GO:0016020;GO:0005886;GO:0005524;GO:0004143;GO:0005509;GO:0008289;GO:0046339;GO:0046486;GO:0035556;GO:0046834;GO:0160195;GO:0048666;GO:0006654;GO:0007200;GO:0030168;GO:0050773
Q9C040,Tripartite motif containing 2,Brain,GO:0005737;GO:0030371;GO:0061630;GO:0004842;GO:0008270;GO:0017148;GO:0043161;GO:0000209;GO:0043523
P48431,SRY-box transcription factor 2,Brain,GO:0000785;GO:0005737;GO:0005829;GO:0016607;GO:0005654;GO:0005634;GO:0005667;GO:0003677;GO:0001228;GO:0003700;GO:0000981;GO:0035198;GO:0000978;GO:0043565;GO:0000976;GO:0021984;GO:0007420;GO:0006325;GO:0001714;GO:0001654;GO:0030900;GO:0021781;GO:0048839;GO:0090090;GO:1902807;GO:0050680;GO:0045665;GO:0000122;GO:0030182;GO:0097150;GO:0001649;GO:0021983;GO:0045597;GO:0022409;GO:0045893;GO:0043410;GO:0045944;GO:2000116;GO:0006355;GO:0010468;GO:1904520;GO:0070848;GO:0090649;GO:0009611;GO:0035019;GO:0042246
Q96AQ1,Coiled-coil domain containing 74A,Testis,
Q9C0A0,Contactin associated protein family member 4,Brain,GO:0042995;GO:0042734;GO:0007155;GO:2000821;GO:0032225;GO:0032228
Q9UHG2,Proprotein convertase subtilisin/kexin type 1 inhibitor,Brain,GO:0005615;GO:0030141;GO:0005802;GO:0004866;GO:0004867;GO:0005102;GO:0007218;GO:0016486;GO:0009409;GO:0002021
Q86TC9,Myopalladin,Heart,GO:0030424;GO:0005829;GO:0031674;GO:0043231;GO:0005654;GO:0005634;GO:0005886;GO:0030018;GO:0003779;GO:0098632;GO:0008092;GO:0051371;GO:0017124;GO:0007411;GO:0070593;GO:0007156;GO:0045214
Q9H2F3,"Hydroxy-delta-5-steroid dehydrogenase, 3 beta- and steroid delta-isomerase 7",Liver,GO:0005789;GO:0005811;GO:0003854;GO:0047016;GO:0016616;GO:0035754;GO:0006699
Q496A3,Spermatogenesis associated serine rich 1,Testis,
Q96F44,Tripartite motif containing 11,Brain,GO:0005737;GO:0005829;GO:0005654;GO:0019904;GO:0030674;GO:0061630;GO:0004842;GO:0008270;GO:0045087;GO:0140972;GO:0045892;GO:0050768;GO:0046597;GO:0032897;GO:0046598;GO:0051865;GO:0016567;GO:0010468;GO:0044790
O43772,Solute carrier family 25 member 20,Liver,GO:0005829;GO:0005740;GO:0005743;GO:0005739;GO:0015227;GO:0006853;GO:1902603;GO:0001701;GO:0006839
Q8WWN9,Interaction protein for cytohesin exchange factors 1,Brain,GO:0005737;GO:0005886;GO:0005344;GO:0004601;GO:0015671;GO:0006979
Q16082,Heat shock protein family B (small) member 2,Heart,GO:0005737;GO:0005829;GO:0005634;GO:0008047;GO:0005212;GO:0051082;GO:0043066;GO:0042026;GO:0009408;GO:0006986;GO:0007525
Q9NR63,Cytochrome P450 family 26 subfamily B member 1,Brain,GO:0005737;GO:0005789;GO:0062183;GO:0020037;GO:0005506;GO:0004497;GO:0016709;GO:0008401;GO:0001972;GO:0060349;GO:0001709;GO:0071300;GO:0007417;GO:0070268;GO:0030326;GO:0061436;GO:0001768;GO:0006954;GO:0001822;GO:0007140;GO:0048387;GO:0010628;GO:2001037;GO:0009954;GO:0045580;GO:0033189;GO:0034653;GO:0042573;GO:0048384;GO:0007283;GO:0043587;GO:0006766;GO:0006805
Q8N6Y1,Protocadherin 20,Brain,GO:0005886;GO:0005509;GO:0003723;GO:0007155;GO:0007156
P06850,Corticotropin releasing hormone,Brain,GO:0005576;GO:0005615;GO:0099013;GO:0043204;GO:0045202;GO:0043196;GO:0017045;GO:0051430;GO:0051431;GO:0005179;GO:0005184;GO:0005102;GO:0030325;GO:0008306;GO:0071314;GO:0071549;GO:0007268;GO:0016101;GO:0007565;GO:0006704;GO:0008628;GO:0021854;GO:0006954;GO:0007611;GO:0035641;GO:0060291;GO:0030324;GO:0050801;GO:0042322;GO:0032811;GO:0010629;GO:0070093;GO:0033685;GO:0010700;GO:0003085;GO:0051402;GO:0007567;GO:2000987;GO:0090280;GO:0043950;GO:0008284;GO:0010841;GO:2000854;GO:0051461;GO:0051464;GO:0060456;GO:0010628;GO:0035774;GO:2000310;GO:0014062;GO:1904044;GO:0051412;GO:0043627;GO:0045471;GO:0045472;GO:0035902;GO:0048265;GO:0009410;GO:0007165;GO:0001963
Q96DS6,Membrane spanning 4-domains A6E,Testis,GO:0005886;GO:0005802;GO:0007166
Q99758,ATP binding cassette subfamily A member 3,Brain,GO:0097208;GO:0097233;GO:0030659;GO:0005615;GO:0043231;GO:0042599;GO:0097232;GO:0005770;GO:0005765;GO:0032585;GO:0005886;GO:0008559;GO:0005524;GO:0016887;GO:0042626;GO:0005319;GO:0140345;GO:0120019;GO:0006869;GO:0030324;GO:0070925;GO:0046470;GO:0046471;GO:0055091;GO:0015914;GO:0010875;GO:1902995;GO:2001140;GO:0032464;GO:0046890;GO:0150172;GO:0051384;GO:0009410;GO:0043129;GO:0046618;GO:0006855;GO:0042908
P52951,Gastrulation brain homeobox 2,Brain,GO:0000785;GO:0005634;GO:0001228;GO:0003700;GO:0000981;GO:0000979;GO:0000977;GO:0061629;GO:1990837;GO:0048483;GO:0007411;GO:0001569;GO:0021930;GO:0021549;GO:0021884;GO:0042472;GO:0021555;GO:0007399;GO:0001755;GO:0051960;GO:0006357;GO:0021568;GO:0021794
Q9BSA4,Tweety family member 2,Brain,GO:0034707;GO:0005886;GO:0005509;GO:0005229;GO:0072320;GO:0015813
Q8NBQ7,Aquaporin 11,Liver,GO:0009986;GO:0005737;GO:0030659;GO:0005783;GO:0005789;GO:0043231;GO:0005886;GO:0015267;GO:0015254;GO:0140070;GO:0015250;GO:0048388;GO:0015793;GO:0080170;GO:0032364;GO:0009992;GO:0050680;GO:1904293;GO:1903573;GO:0008284;GO:0006486;GO:0051260;GO:0006612;GO:0072014;GO:0006833
P78334,Gamma-aminobutyric acid type A receptor subunit epsilon,Heart,GO:0034707;GO:0032590;GO:1902711;GO:0043005;GO:0005886;GO:0098794;GO:0045211;GO:0045202;GO:1902495;GO:0004890;GO:0022851;GO:1902476;GO:0007214;GO:1904862;GO:2001226;GO:0060078;GO:0051932
Q9NYC9,Dynein axonemal heavy chain 9,Brain,GO:0097729;GO:0005930;GO:0120135;GO:0030286;GO:0005576;GO:0005874;GO:0031514;GO:0036157;GO:0005524;GO:0016887;GO:0045505;GO:0051959;GO:0008569;GO:0030030;GO:0090660;GO:0003341;GO:0060294;GO:0051649;GO:0120197
O75914,P21 (RAC1) activated kinase 3,Brain,GO:0005737;GO:0005829;GO:0098978;GO:0005886;GO:0014069;GO:0004676;GO:0004679;GO:0005524;GO:0004677;GO:0004694;GO:0044024;GO:0072371;GO:1990244;GO:0035979;GO:0044025;GO:0140823;GO:0035175;GO:0044022;GO:0140855;GO:0035402;GO:0072354;GO:0140857;GO:0035403;GO:0044023;GO:0004708;GO:0046872;GO:0106310;GO:0004674;GO:0072518;GO:0004711;GO:0017124;GO:0031267;GO:0007409;GO:0016477;GO:0071407;GO:0009267;GO:0016358;GO:0060997;GO:0048013;GO:0035556;GO:0032956;GO:0030833;GO:0050770;GO:0043408;GO:0099175;GO:0002223;GO:0050808
Q5VYP0,SPATA31 subfamily A member 3,Testis,GO:0016020;GO:0030154;GO:0007283
Q5TGP6,Maestro heat like repeat family member 9,Testis,
Q8TD91,MAGE family member C3,Brain,GO:0005634;GO:0000122
P26441,Ciliary neurotrophic factor,Brain,GO:0030424;GO:0005737;GO:0005576;GO:0005615;GO:0097386;GO:0043025;GO:0005127;GO:0005125;GO:0008083;GO:0005138;GO:0044877;GO:0048143;GO:0007259;GO:0097696;GO:0070120;GO:0048644;GO:0043524;GO:0046533;GO:0048666;GO:0048680;GO:0008284;GO:0010628;GO:0042531;GO:0046668;GO:0060221;GO:0007165
Q6ZNA5,Ferric chelate reductase 1,Liver,GO:0016020;GO:0046872;GO:0016722;GO:0006879
Q8IUC8,Polypeptide N-acetylgalactosaminyltransferase 13,Brain,GO:0005794;GO:0000139;GO:0030246;GO:0046872;GO:0004653;GO:0016266;GO:0006493;GO:0018242;GO:0018243
Q8WWI5,Solute carrier family 44 member 1,Brain,GO:0005829;GO:0070062;GO:0016020;GO:0005741;GO:0005739;GO:0005654;GO:0005886;GO:0015297;GO:0015220;GO:0034228;GO:0042426;GO:0015871;GO:0034229;GO:0006656;GO:0055085;GO:0150104
Q8WVE6,Transmembrane protein 171,Kidney,GO:0016020
Q96MA6,Adenylate kinase 8,Testis,GO:0097729;GO:0005930;GO:0005737;GO:0005829;GO:0036126;GO:0004127;GO:0004017;GO:0016208;GO:0005524;GO:0004550;GO:0021591
H3BQJ8,Lymphocyte antigen 6 family member L,Kidney,GO:0005886;GO:0098552
Q8TAL5,Chromosome 9 open reading frame 43,Testis,
A0A1B0GUX0,ATP6V1F neighbor,Kidney,
Q86VP3,Phosphofurin acidic cluster sorting protein 2,Brain,GO:0005783;GO:0005739;GO:0044325;GO:0006915;GO:0000045;GO:0032469;GO:1990456;GO:0034497;GO:0072659
Q9UBX3,Solute carrier family 25 member 10,Liver,GO:0005743;GO:0005739;GO:0005654;GO:0005634;GO:0015297;GO:0005310;GO:0015140;GO:0015131;GO:0005315;GO:0015141;GO:0015116;GO:0015117;GO:0006835;GO:0006094;GO:0046166;GO:0006869;GO:0071423;GO:0006811;GO:0015729;GO:0035435;GO:0071422;GO:1902358;GO:0070221;GO:0015709
Q8WW24,Tektin 4,Testis,GO:0160111;GO:0005879;GO:0015630;GO:0005634;GO:0036126;GO:0060271;GO:0060294;GO:0030317
P48549,Potassium inwardly rectifying channel subfamily J member 3,Brain,GO:0009897;GO:1990566;GO:0098688;GO:0005886;GO:0042734;GO:0030315;GO:0008076;GO:0015467;GO:0005546;GO:0099508;GO:0086089;GO:1902282;GO:0098914;GO:1990573;GO:0071805;GO:0006813;GO:0086091;GO:0034765;GO:0051602;GO:0099625
O00482,Nuclear receptor subfamily 5 group A member 2,Liver,GO:0000785;GO:0005737;GO:0005654;GO:0005634;GO:0090575;GO:0003682;GO:0003677;GO:0001228;GO:0003700;GO:0000981;GO:0004879;GO:0005543;GO:0000978;GO:0043565;GO:1990837;GO:0000976;GO:0001221;GO:0008270;GO:0090425;GO:0008206;GO:0097720;GO:1990830;GO:0042632;GO:0009792;GO:0042592;GO:0009755;GO:0061113;GO:0045893;GO:0045944;GO:0045070;GO:0042127;GO:0006355;GO:0006357;GO:0009888
Q5W0N0,Chromosome 9 open reading frame 57,Testis,GO:0016020
Q6T311,ADP ribosylation factor like GTPase 9,Brain,GO:0005525;GO:0003924
Q9UND3,Nuclear pore complex interacting protein family member A1,Brain,GO:0031965;GO:0005643;GO:0051028;GO:0015031
Q53FP2,Transmembrane protein 35A,Brain,GO:0031410;GO:0005783;GO:0005789;GO:0005778;GO:0030548;GO:0051131;GO:2000010
O75711,Stimulator of chondrogenesis 1,Testis,GO:0005615;GO:0005794;GO:0044306;GO:0007399
Q15125,EBP cholestenol delta-isomerase,Liver,GO:0031410;GO:0005783;GO:0005789;GO:0005635;GO:0031965;GO:0000247;GO:0047750;GO:0042802;GO:0004769;GO:0006695;GO:0033489;GO:0033490;GO:0008203;GO:0030097;GO:0043931
O75330,Hyaluronan mediated motility receptor,Testis,GO:0009986;GO:0005813;GO:0005829;GO:0016020;GO:0015630;GO:0005886;GO:0005819;GO:0038024;GO:0005540;GO:0030214;GO:0006898
Q9Y267,Solute carrier family 22 member 14,Testis,GO:0005743;GO:0005886;GO:0097228;GO:0032217;GO:0030317;GO:0048240
Q99720,Sigma non-opioid intracellular receptor 1,Liver,GO:0070161;GO:0031410;GO:0005829;GO:0005783;GO:0005789;GO:0098978;GO:0030426;GO:0005811;GO:0016020;GO:0005635;GO:0005637;GO:0005640;GO:0014069;GO:0098839;GO:0004985;GO:0042802;GO:0006869;GO:0007399;GO:0070207;GO:0043523;GO:0150052
Q8N9L1,Zic family member 4,Brain,GO:0005634;GO:0003677;GO:0000981;GO:0046872;GO:0000978;GO:1990837;GO:0007417;GO:0006357
Q99680,G protein-coupled receptor 22,Heart,GO:0005886;GO:0004930;GO:0030030;GO:0032870;GO:0007186
P38405,G protein subunit alpha L,Brain,GO:0005737;GO:0070062;GO:0005834;GO:0005886;GO:0010854;GO:0003925;GO:0001664;GO:0031683;GO:0005525;GO:0003924;GO:0046872;GO:0007191;GO:0007189;GO:0007608;GO:0007165
Q8N468,Major facilitator superfamily domain containing 4A,Brain,GO:0016020;GO:0055056
P0CV99,Testis specific protein Y-linked 4,Testis,GO:0000785;GO:0005737;GO:0005634;GO:0003682;GO:0042393;GO:0030154;GO:0007506;GO:0006334;GO:0007283
Q5VVX9,Ubiquitin conjugating enzyme E2 U,Testis,GO:0005524;GO:0061631;GO:0016567
Q3KR37,GRAM domain containing 1B,Brain,GO:0005789;GO:0140268;GO:0016020;GO:0005886;GO:0015485;GO:0120020;GO:0070300;GO:0001786;GO:0071397;GO:0042632;GO:0032366
P51674,Glycoprotein M6A,Brain,GO:0044295;GO:0043197;GO:0070062;GO:1903561;GO:0030175;GO:0098978;GO:0043005;GO:0043025;GO:0098688;GO:0005886;GO:0048787;GO:0005262;GO:0003407;GO:0001764;GO:0031175;GO:0048812;GO:0051491;GO:0050807;GO:0009617;GO:0048863;GO:0007416
Q8N4S7,Progestin and adipoQ receptor family member 4,Brain,GO:0000139;GO:0060090;GO:0038023;GO:0050821;GO:2000303
Q06609,RAD51 recombinase,Testis,GO:0005813;GO:0000785;GO:0000781;GO:0000793;GO:0000794;GO:0005737;GO:0005829;GO:0000800;GO:0001673;GO:0005759;GO:0005739;GO:0000228;GO:0000152;GO:0005730;GO:0005654;GO:0005634;GO:0048471;GO:0016605;GO:0099182;GO:0032991;GO:0035861;GO:0005524;GO:0016887;GO:0008094;GO:0140664;GO:0003682;GO:0070182;GO:0000150;GO:0003690;GO:0019899;GO:0042802;GO:0003697;GO:0017116;GO:0072757;GO:0072719;GO:0071480;GO:0072711;GO:0071479;GO:0070192;GO:0006974;GO:0000730;GO:0006310;GO:0006281;GO:0042148;GO:0006268;GO:1990918;GO:0000724;GO:0036297;GO:0051321;GO:0006312;GO:1990426;GO:0051106;GO:0007131;GO:2000001;GO:0010569;GO:0031297;GO:1990414;GO:1904631;GO:0009636;GO:0010165;GO:0009410;GO:0000722;GO:0010833
Q9Y496,Kinesin family member 3A,Brain,GO:1904115;GO:0005814;GO:0005813;GO:0097542;GO:0005929;GO:0005737;GO:0005829;GO:0070062;GO:0005871;GO:0016939;GO:0005874;GO:0015630;GO:0005524;GO:0016887;GO:0008017;GO:0003777;GO:0008574;GO:0019903;GO:0031267;GO:0030507;GO:0008089;GO:0010457;GO:0060271;GO:0034454;GO:0006996;GO:0072383;GO:1902414;GO:0015031
P32004,L1 cell adhesion molecule,Brain,GO:0030424;GO:0044295;GO:0009986;GO:0062023;GO:0030425;GO:0005925;GO:0043025;GO:0005886;GO:0008046;GO:0019904;GO:0061564;GO:0007411;GO:0007155;GO:0016477;GO:0007160;GO:0006935;GO:0007156;GO:0007399;GO:0031175;GO:0045773;GO:0050808
Q8WZ71,Transmembrane protein 158,Brain,GO:0016020;GO:0042277
Q9NQ30,Endothelial cell specific molecule 1,Kidney,GO:0062023;GO:0031012;GO:0005576;GO:0005201;GO:0005171;GO:0005178;GO:0001525;GO:0008284;GO:1902204;GO:0002040
Q2MJR0,Sprouty related EVH1 domain containing 3,Brain,GO:0005886;GO:0019901;GO:0010719;GO:0070373;GO:1902747;GO:0030512
Q9UBC3,DNA methyltransferase 3 beta,Testis,GO:1902494;GO:0005654;GO:0005634;GO:0003886;GO:0051718;GO:0051719;GO:0051720;GO:0003677;GO:0009008;GO:0046872;GO:0003714;GO:0032259;GO:0000122;GO:0010628
A8K8P3,SFI1 centrin binding protein,Brain,GO:0005814;GO:0005829;GO:0019902
Q15398,DLG associated protein 5,Testis,GO:0005737;GO:0005829;GO:0072686;GO:0005634;GO:0031616;GO:0008017;GO:0051642;GO:0007059;GO:0051382;GO:0007079;GO:0007052;GO:0045842;GO:0007346;GO:0023052
Q4G1C9,GLIPR1 like 2,Testis,GO:0005615;GO:0016020
Q96AX2,"RAB37, member RAS oncogene family",Brain,GO:0035577;GO:0005793;GO:0005768;GO:0005794;GO:0005886;GO:0035579;GO:0005525;GO:0003924;GO:0015031
Q8N485,Limb and CNS expressed 1,Brain,GO:0005737;GO:0097352
Q6IFN5,Olfactory receptor family 7 subfamily E member 24,Testis,GO:0005886;GO:0004930;GO:0004984;GO:0007165
Q4V326,G antigen 2E,Testis,
Q53EL9,Seizure related 6 homolog,Brain,GO:0097440;GO:0043198;GO:0043197;GO:0005783;GO:0043025;GO:0048471;GO:0005886;GO:0008344;GO:0021680;GO:0060079;GO:0050773;GO:0090036;GO:0060074
Q9Y4Z2,Neurogenin 3,Brain,GO:0000785;GO:0005634;GO:0031490;GO:0001228;GO:0000981;GO:0001227;GO:0070888;GO:0046983;GO:0000978;GO:0061564;GO:0007417;GO:0030855;GO:0030900;GO:0030902;GO:0000122;GO:0007399;GO:0007422;GO:0045893;GO:0045666;GO:0045944;GO:0048814;GO:0007423;GO:0021510;GO:0060290
Q9BY76,Angiopoietin like 4,Liver,GO:0072562;GO:0062023;GO:0005576;GO:0005615;GO:0004857;GO:0042802;GO:0001525;GO:0007596;GO:0072577;GO:0006629;GO:0043066;GO:2000352;GO:0051005;GO:0045766;GO:0043335;GO:0001666;GO:0070328
Q8TD84,DS cell adhesion molecule like 1,Brain,GO:0030424;GO:0009986;GO:0005615;GO:0005886;GO:0045202;GO:0098632;GO:0042803;GO:0007411;GO:0007409;GO:0007420;GO:0001709;GO:0007417;GO:0070593;GO:0009953;GO:0048704;GO:0007156
Q7Z5L4,Spermatogenesis associated 19,Testis,GO:0005741;GO:0005739;GO:0036126;GO:0097225;GO:0030154;GO:0030382;GO:0007283
P34995,Prostaglandin E receptor 1,Kidney,GO:0005886;GO:0031748;GO:0004957;GO:0007191;GO:0007189;GO:0007186;GO:0006954;GO:0007200;GO:0007204;GO:0032496;GO:0034695
Q8IWX7,Unc-45 myosin chaperone B,Heart,GO:0031672;GO:0005737;GO:0005829;GO:0048471;GO:0030018;GO:0051879;GO:0030154;GO:0061077;GO:0002088;GO:0007517
Q5H943,Cancer/testis antigen 83,Testis,GO:0005634;GO:0005886
P02675,Fibrinogen beta chain,Liver,GO:0072562;GO:0005938;GO:0009986;GO:0062023;GO:0005783;GO:0009897;GO:0070062;GO:0005576;GO:0005615;GO:1903561;GO:0005577;GO:0005886;GO:0031091;GO:0031093;GO:0045202;GO:0005201;GO:0051087;GO:0005102;GO:0005198;GO:0002250;GO:0072378;GO:0007160;GO:0071347;GO:0044320;GO:0042730;GO:0043152;GO:0045087;GO:2000352;GO:1902042;GO:0031639;GO:0070527;GO:0070374;GO:0045921;GO:0034116;GO:0090277;GO:0050714;GO:1900026;GO:0045907;GO:0051258;GO:0065003;GO:0051592
C9JXX5,Chromosome 11 open reading frame 94,Testis,GO:0005789;GO:0030674;GO:0007342;GO:0035437;GO:0065003;GO:0035036
P12074,Cytochrome c oxidase subunit 6A1,Brain,GO:0005743;GO:0031966;GO:0005739;GO:0045277;GO:0030234;GO:0016491;GO:0045333;GO:0006091;GO:0006123
Q9Y6F8,Chromodomain Y-linked 1,Testis,GO:0005634;GO:0043999;GO:0044012;GO:0044015;GO:0044014;GO:0140908;GO:0036408;GO:0043993;GO:0043994;GO:0044017;GO:0044018;GO:0044016;GO:0032931;GO:0043992;GO:0043997;GO:0046972;GO:0043995;GO:0043996;GO:0035064;GO:0003714;GO:0007283
O43559,Fibroblast growth factor receptor substrate 3,Brain,GO:0005737;GO:0005886;GO:0005104;GO:0042802;GO:0005068;GO:0008543;GO:0007165
O95503,Chromobox 6,Brain,GO:0000785;GO:0000792;GO:0016604;GO:0005654;GO:0005634;GO:0031519;GO:0035102;GO:0003682;GO:0035064;GO:0003727;GO:0006325;GO:0000122
P80404,4-aminobutyrate aminotransferase,Liver,GO:0032144;GO:0005759;GO:0005739;GO:0047298;GO:0034386;GO:0042802;GO:0051536;GO:0046872;GO:0030170;GO:0032145;GO:0048148;GO:0021549;GO:0007620;GO:0035640;GO:0009449;GO:0009450;GO:0009448;GO:0007626;GO:0045776;GO:0033602;GO:0014053;GO:0050877;GO:1904450;GO:0045964;GO:0031652;GO:0097151;GO:0032024;GO:1902722;GO:0070474;GO:0045471;GO:0001666;GO:0010039;GO:0035094;GO:0009410
P23258,Tubulin gamma 1,Testis,GO:0045177;GO:0031252;GO:0005814;GO:0005813;GO:0036064;GO:0000794;GO:0005737;GO:0005881;GO:0005829;GO:0000930;GO:0005874;GO:1990498;GO:0043005;GO:0097730;GO:0005634;GO:0000242;GO:0005827;GO:0055037;GO:0005819;GO:0005525;GO:0042802;GO:0005200;GO:0031122;GO:0000212;GO:0000226;GO:0007020;GO:0000278;GO:0000070;GO:0007052
P58005,Sestrin 3,Testis,GO:0005737;GO:0005634;GO:0031932;GO:0070728;GO:0016684;GO:0034198;GO:0042149;GO:0071233;GO:1990253;GO:0042593;GO:1904262;GO:0016239;GO:0046626;GO:0051896;GO:1901031;GO:0032868;GO:0038203
Q9NY43,BarH like homeobox 2,Brain,GO:0000785;GO:0005634;GO:0001228;GO:0000981;GO:0000977;GO:1990837;GO:0035881;GO:0001709;GO:0001764;GO:0045727;GO:0030516;GO:0006357
Q8N7K0,Zinc finger protein 433,Testis,GO:0005634;GO:0000981;GO:0046872;GO:0000977;GO:0006357
Q6UWM9,UDP glucuronosyltransferase family 2 member A3,Kidney,GO:0016020;GO:0015020;GO:0052695;GO:0008210
A6NMB9,Fidgetin like 2,Kidney,GO:0005938;GO:0031252;GO:0005524;GO:0016887;GO:0008568;GO:0051013;GO:0001763;GO:0048681;GO:0030336;GO:1903690
Q86TE4,Leucine zipper protein 2,Brain,GO:0005576
Q6ZMH5,Solute carrier family 39 member 5,Kidney,GO:0016323;GO:0070062;GO:0005886;GO:0140410;GO:0005385;GO:0030509;GO:0034224;GO:0001654;GO:0070315;GO:0030003;GO:0061351;GO:0048026;GO:0071578;GO:0071577;GO:0006829
Q96KR7,Phosphatase and actin regulator 3,Brain,GO:0016363;GO:0005654;GO:0003779;GO:0004864;GO:0030036
Q8N6Q1,Transmembrane and coiled-coil domains 5A,Testis,GO:0016020
Q4KMG9,Transmembrane protein 52B,Kidney,GO:0070062;GO:0016020
Q96N03,V-set and transmembrane domain containing 2 like,Brain,GO:0005737;GO:0005576;GO:0016020;GO:0043524
P11168,Solute carrier family 2 member 2,Liver,GO:0016324;GO:0005903;GO:0005911;GO:0005737;GO:0016020;GO:0005886;GO:0055056;GO:0033300;GO:0005353;GO:0005354;GO:0015149;GO:0005975;GO:0046323;GO:1904659;GO:0070837;GO:0015755;GO:0015757;GO:0035774
P02751,Fibronectin 1,Liver,GO:0016324;GO:0005604;GO:0072562;GO:0062023;GO:0005788;GO:0005793;GO:0070062;GO:0031012;GO:0005576;GO:0005615;GO:0005577;GO:0005886;GO:0031093;GO:0005518;GO:0005201;GO:0008201;GO:0042802;GO:0005178;GO:0016504;GO:0002020;GO:0043394;GO:0048018;GO:0005102;GO:0006953;GO:0001525;GO:0051702;GO:0007161;GO:0007155;GO:0007160;GO:0007044;GO:0035987;GO:0007507;GO:0033622;GO:0007229;GO:0150102;GO:0071635;GO:0007399;GO:1901166;GO:0018149;GO:0045773;GO:0008284;GO:0048146;GO:0010628;GO:0051897;GO:1904237;GO:0008360;GO:0070372;GO:0001932;GO:0014850;GO:0009611;GO:0034446;GO:0042060
Q9HCL2,"Glycerol-3-phosphate acyltransferase, mitochondrial",Liver,GO:0005741;GO:0005739;GO:0005886;GO:0004366;GO:0050798;GO:0006924;GO:0006637;GO:0016024;GO:0051607;GO:0006651;GO:0055089;GO:0006631;GO:0006650;GO:0070236;GO:0006654;GO:0006655;GO:0055091;GO:0042104;GO:0040018;GO:0001817;GO:0009749;GO:0019432
A6NHQ4,Elongin BC and polycomb repressive complex 2 associated protein,Brain,GO:0005694;GO:0070449;GO:0035098;GO:0003682;GO:0044877;GO:0048663;GO:0006357;GO:0048863;GO:0140673
Q86VQ6,Thioredoxin reductase 3,Testis,GO:0005737;GO:0005829;GO:0005783;GO:0005739;GO:0005654;GO:0050660;GO:0004791;GO:0030154;GO:0045454;GO:0007283
Q15303,Erb-b2 receptor tyrosine kinase 4,Brain,GO:0009925;GO:0016323;GO:0005829;GO:0005576;GO:0098982;GO:0098978;GO:0005759;GO:0005739;GO:0031594;GO:0005654;GO:0005634;GO:0005886;GO:0098839;GO:0045211;GO:0042734;GO:0043235;GO:0005524;GO:0008288;GO:0060175;GO:0005006;GO:0005154;GO:0005007;GO:0050811;GO:0005004;GO:0005008;GO:0140801;GO:0035401;GO:0005009;GO:0005010;GO:0005011;GO:0038131;GO:0036332;GO:0005018;GO:0005019;GO:0042803;GO:0004713;GO:0038062;GO:0005020;GO:0000976;GO:0004714;GO:0005005;GO:0005021;GO:0061026;GO:0045165;GO:0016477;GO:0007169;GO:0007259;GO:0071364;GO:0021551;GO:0009880;GO:0038135;GO:0038130;GO:0038138;GO:0072046;GO:0007507;GO:0007595;GO:0060749;GO:0060644;GO:0043653;GO:0043066;GO:0008285;GO:2001223;GO:0007399;GO:0001755;GO:0022008;GO:0099645;GO:0021889;GO:0018108;GO:0060045;GO:0008284;GO:0045893;GO:0070374;GO:0051897;GO:2000010;GO:0001934;GO:0046427;GO:0042531;GO:0046777;GO:0030334;GO:0007165;GO:0007416
Q9H2X3,C-type lectin domain family 4 member M,Liver,GO:0005737;GO:0009897;GO:0005576;GO:0043657;GO:0016020;GO:0005886;GO:0048306;GO:0030246;GO:0005537;GO:0030369;GO:0046872;GO:0038187;GO:0042605;GO:0038023;GO:0046790;GO:0001618;GO:0002250;GO:0019882;GO:0009988;GO:0006955;GO:0045087;GO:0035556;GO:0075733;GO:0007159;GO:0046968;GO:0019065;GO:0046813;GO:0046718;GO:0019079;GO:0019062
P78413,Iroquois homeobox 4,Heart,GO:0000785;GO:0005634;GO:0000981;GO:0000978;GO:0048468;GO:0048561;GO:0007507;GO:0000122;GO:0030182;GO:0006357
O95622,Adenylate cyclase 5,Brain,GO:0005929;GO:0016020;GO:0005886;GO:0004016;GO:0008179;GO:0005524;GO:0046872;GO:0097110;GO:0007191;GO:0007189;GO:0007195;GO:0007193;GO:0006171;GO:1904322;GO:0001973;GO:0035556;GO:0007626;GO:0050885;GO:0007204;GO:0061178
P08263,Glutathione S-transferase alpha 1,Kidney,GO:0005829;GO:0070062;GO:0005504;GO:0004602;GO:0004364;GO:0004769;GO:0030855;GO:1901687;GO:0006749;GO:0043651;GO:0006693;GO:0006805
P51648,Aldehyde dehydrogenase 3 family member A2,Liver,GO:0005737;GO:0005829;GO:0005789;GO:0043231;GO:0005778;GO:0005777;GO:0004028;GO:0004029;GO:0050061;GO:0046577;GO:0052814;GO:0042803;GO:0006081;GO:0007417;GO:0008544;GO:0006631;GO:0046458;GO:0007422;GO:0033306;GO:0006714
P09471,G protein subunit alpha o1,Brain,GO:0044297;GO:0005737;GO:0030425;GO:0098982;GO:0098978;GO:0005834;GO:0098688;GO:0005886;GO:0045211;GO:0042734;GO:0010854;GO:0051430;GO:0003925;GO:0031821;GO:0031683;GO:0005525;GO:0003924;GO:0046872;GO:0031852;GO:0007198;GO:0007188;GO:0007212;GO:0007626;GO:0006936;GO:0046676;GO:0099170;GO:0008016;GO:0006904
Q92731,Estrogen receptor 2,Testis,GO:0000785;GO:0043231;GO:0005739;GO:0005654;GO:0005634;GO:0003677;GO:0000981;GO:0019899;GO:0034056;GO:0030284;GO:0004879;GO:0003707;GO:0048019;GO:0000978;GO:0005496;GO:0008270;GO:0007267;GO:0071392;GO:0071391;GO:0030520;GO:0030308;GO:0000122;GO:0051091;GO:0045893;GO:0045944;GO:0006355;GO:0006357;GO:0007165
Q49AJ0,Family with sequence similarity 135 member B,Testis,
Q9NY46,Sodium voltage-gated channel alpha subunit 3,Brain,GO:0009925;GO:0005886;GO:0016528;GO:0001518;GO:0005248;GO:0048266;GO:0086002;GO:0086010;GO:0035725;GO:0006814
Q68CK6,Acyl-CoA synthetase medium chain family member 2B,Liver,GO:0005759;GO:0005739;GO:0005524;GO:0018858;GO:0016405;GO:0102391;GO:0015645;GO:0004321;GO:0046872;GO:0006637;GO:0006633;GO:0006805
P46095,G protein-coupled receptor 6,Brain,GO:0005737;GO:0005886;GO:0004930;GO:0038036;GO:0007189;GO:0007186;GO:0007204;GO:0019222
Q9UK28,Transmembrane protein 59 like,Brain,GO:0000139;GO:0016020;GO:0001658
O14522,Protein tyrosine phosphatase receptor type T,Brain,GO:0009986;GO:0098978;GO:0016020;GO:0005886;GO:0098839;GO:0051393;GO:0045294;GO:0008013;GO:0045296;GO:0070097;GO:0045295;GO:0140793;GO:0004726;GO:0042803;GO:0019903;GO:0004725;GO:0030946;GO:0097677;GO:0016790;GO:0005001;GO:0007155;GO:0007169;GO:0071354;GO:0007156;GO:0030336;GO:1904893;GO:0031175;GO:0035335;GO:1990264;GO:0006470;GO:0050807;GO:0007165
Q9Y458,T-box transcription factor 22,Testis,GO:0000785;GO:0005634;GO:0003677;GO:0000981;GO:0000978;GO:0000977;GO:0001708;GO:0045892;GO:0000122;GO:0045893;GO:0006357
Q9Y5F9,"Protocadherin gamma subfamily B, 6",Brain,GO:0005886;GO:0005509;GO:0007155;GO:0007156;GO:0007399
Q86UX6,Serine/threonine kinase 32C,Brain,GO:0004676;GO:0004679;GO:0005524;GO:0004677;GO:0004694;GO:0044024;GO:0072371;GO:1990244;GO:0035979;GO:0044025;GO:0140823;GO:0035175;GO:0044022;GO:0140855;GO:0035402;GO:0072354;GO:0140857;GO:0035403;GO:0044023;GO:0046872;GO:0106310;GO:0004674;GO:0072518;GO:0004711;GO:0035556
P0DPD5,Zinc finger protein 723,Testis,GO:0005634;GO:0000981;GO:0046872;GO:0000978;GO:0006355
P61981,Tyrosine 3-monooxygenase/tryptophan 5-monooxygenase activation protein gamma,Brain,GO:0005737;GO:0005829;GO:0070062;GO:0005925;GO:0016020;GO:0005634;GO:0098793;GO:0042802;GO:0005159;GO:0140031;GO:0019904;GO:0005080;GO:0008426;GO:0140311;GO:0030971;GO:0003723;GO:0042149;GO:0032869;GO:0006469;GO:1904262;GO:0022409;GO:0050870;GO:0002842;GO:0008104;GO:0006605;GO:0045664;GO:0032880;GO:0009966;GO:0048167;GO:0007165
Q8WZ19,Potassium channel tetramerization domain containing 13,Testis,GO:0031463;GO:0005829;GO:0016604;GO:0005654;GO:0042802;GO:0019904;GO:0031267;GO:0016477;GO:0035024;GO:0045740;GO:0050806;GO:0043161;GO:0051260;GO:0016567;GO:0043149
E9PB15,Prostaglandin E synthase 3 like,Heart,GO:0005829;GO:0005634;GO:0051879;GO:0051087;GO:0051131;GO:0006457
Q3ZM63,Embryonic testis differentiation homolog A,Testis,
Q9H2L5,Ras association domain family member 4,Kidney,GO:0007165
P08697,Serpin family F member 2,Liver,GO:0072562;GO:0009986;GO:0062023;GO:0070062;GO:0005576;GO:0005615;GO:0005577;GO:0031093;GO:0004866;GO:0002020;GO:0042803;GO:0004867;GO:0006953;GO:0048514;GO:0030199;GO:0042730;GO:0002034;GO:0051918;GO:0010757;GO:0045597;GO:2000049;GO:0032967;GO:0070374;GO:0046330;GO:0048661;GO:0051496;GO:0045944;GO:0071636
P10909,Clusterin,Liver,GO:0097440;GO:0072562;GO:0009986;GO:0042583;GO:0062023;GO:0005737;GO:0005829;GO:0070062;GO:0005576;GO:0005615;GO:0005794;GO:0043231;GO:0005743;GO:0005739;GO:0097418;GO:0005634;GO:0099020;GO:0048471;GO:0031093;GO:0032991;GO:0034366;GO:0045202;GO:0001540;GO:0050750;GO:0051787;GO:0140597;GO:0044877;GO:0051087;GO:0048018;GO:0005102;GO:0048156;GO:0031625;GO:0051082;GO:0097242;GO:0000902;GO:0032286;GO:0051131;GO:0061077;GO:0006956;GO:0006958;GO:0002434;GO:0045087;GO:0097193;GO:0006629;GO:0001774;GO:0061518;GO:1905907;GO:1902430;GO:1902230;GO:0043524;GO:0031333;GO:0090201;GO:1903573;GO:1905908;GO:1902004;GO:0043065;GO:0010628;GO:2001244;GO:1902998;GO:0051092;GO:0045429;GO:0032436;GO:0031334;GO:0048260;GO:0032760;GO:2000060;GO:0017038;GO:0050821;GO:0061740;GO:1900221;GO:0042981;GO:0042127;GO:1902847;GO:0001836;GO:0051788;GO:0009615;GO:0043691
Q5T2W1,PDZ domain containing 1,Kidney,GO:0016324;GO:0005903;GO:0031526;GO:0070062;GO:0031528;GO:0005886;GO:0030165;GO:0044877;GO:0043495;GO:0005124;GO:0005102;GO:0015879;GO:1904064;GO:0032414;GO:1905477;GO:0090314;GO:0072659;GO:0044070;GO:1990961
Q5TAB7,Ripply transcriptional repressor 2,Brain,GO:0005634;GO:0060349;GO:0007368;GO:0009880;GO:0000122;GO:0007219;GO:0001503;GO:0036342;GO:0032525;GO:0001756
P48547,Potassium voltage-gated channel subfamily C member 1,Brain,GO:0030673;GO:0043679;GO:0044305;GO:0009986;GO:0032590;GO:0032809;GO:0005886;GO:0045211;GO:0042734;GO:0008076;GO:0005251;GO:0019894;GO:0044325;GO:0099508;GO:0005249;GO:0001508;GO:0071466;GO:0021549;GO:0022038;GO:0021759;GO:0021554;GO:1901381;GO:0071805;GO:0006813;GO:0051260;GO:0051262;GO:0014075;GO:0010996;GO:0071774;GO:0009642;GO:1990089;GO:0035864;GO:0009636
A8MVW0,Family with sequence similarity 171 member A2,Brain,GO:0016020
P56937,Hydroxysteroid 17-beta dehydrogenase 7,Liver,GO:0005789;GO:0005739;GO:0000253;GO:0047024;GO:0004303;GO:0008209;GO:0006695;GO:0006703
Q5SRH9,Tetratricopeptide repeat domain 39A,Testis,GO:0005813
O00338,Sulfotransferase family 1C member 2,Kidney,GO:0005737;GO:0005829;GO:0005764;GO:0004062;GO:0008146;GO:0009308;GO:0051923
Q9UPR6,Zinc finger RNA binding protein 2,Testis,GO:0003725;GO:0003727;GO:0008270
P37058,Hydroxysteroid 17-beta dehydrogenase 3,Testis,GO:0005783;GO:0005789;GO:0043231;GO:0072582;GO:0004303;GO:0047045;GO:0030283;GO:0006702;GO:0030539;GO:0006694;GO:0061370
Q8N443,RIB43A domain with coiled-coils 1,Testis,GO:0160111;GO:0036126;GO:0030317
P51801,Chloride voltage-gated channel Kb,Kidney,GO:0016323;GO:0034707;GO:0005886;GO:0005254;GO:0046872;GO:0005247;GO:0006821;GO:0070293;GO:0070294;GO:0030321
P0DPD6,Endothelin converting enzyme 2,Brain,GO:0030659;GO:0000139;GO:0005886;GO:0030658;GO:0046872;GO:0004222;GO:0008168;GO:0007267;GO:0007186;GO:0032259;GO:0016486;GO:0016485
A6NNX1,Regulatory subunit of type II PKA R-subunit domain containing 1,Testis,
Q9BWQ8,Fas apoptotic inhibitory molecule 2,Brain,GO:0005783;GO:0005794;GO:0000139;GO:0016020;GO:0045121;GO:0045211;GO:0005262;GO:0097190;GO:0021681;GO:0021702;GO:0021680;GO:0021549;GO:0043066;GO:1902042;GO:0043524;GO:0051402;GO:0043523;GO:0002931
Q8TCU5,Glutamate ionotropic receptor NMDA type subunit 3A,Brain,GO:0005789;GO:0098978;GO:0016020;GO:0034702;GO:0043005;GO:0043025;GO:0098878;GO:0017146;GO:0005886;GO:0098839;GO:0045211;GO:0098793;GO:0045202;GO:0005262;GO:0008066;GO:0016594;GO:0042802;GO:0004972;GO:0051721;GO:0070905;GO:0022824;GO:1904315;GO:0006816;GO:0016358;GO:0035235;GO:0050804;GO:0098655;GO:0061000;GO:0060134;GO:0099171;GO:0048167;GO:0045471;GO:0048511;GO:0035249
Q96LP6,Chromosome 12 open reading frame 42,Testis,
Q6ZU45,C-type lectin domain containing 20A,Testis,GO:0030246
Q8WWR8,Neuraminidase 4,Liver,GO:0005737;GO:0005789;GO:0043202;GO:0005764;GO:0016020;GO:0005743;GO:0005741;GO:0043005;GO:0019866;GO:0005886;GO:0004308;GO:0006689;GO:0006516;GO:0010977;GO:0009313
Q8N158,Glypican 2,Testis,GO:0009986;GO:0062023;GO:0005783;GO:0005576;GO:0005796;GO:0043202;GO:0005886;GO:0098552;GO:0045202;GO:0016477;GO:0030182;GO:0010976;GO:1905475;GO:0009966;GO:0007224
Q5T2S8,Outer dynein arm docking complex subunit 2,Testis,GO:0005930;GO:0097546;GO:0003341;GO:0007368;GO:0007507;GO:0036158;GO:0003356;GO:0021591
Q16518,Retinoid isomerohydrolase RPE65,Brain,GO:0044297;GO:0005789;GO:0016020;GO:0005634;GO:0005886;GO:0052885;GO:0052884;GO:0003834;GO:1901612;GO:0016853;GO:0046872;GO:0031210;GO:0001786;GO:0050251;GO:0007623;GO:0050908;GO:0003407;GO:0001895;GO:0042574;GO:0001523;GO:0007601;GO:0006776;GO:1901827
Q7Z570,Zinc finger protein 804A,Brain,GO:0005737;GO:1901588;GO:0043198;GO:0043197;GO:0030426;GO:0043025;GO:0005634;GO:0005886;GO:0098794;GO:0098793;GO:0046872;GO:1902952;GO:0010628;GO:0010976;GO:0010975
P78352,Discs large MAGUK scaffold protein 4,Brain,GO:0005912;GO:0032281;GO:0016323;GO:0030054;GO:0044300;GO:0030863;GO:0005737;GO:0005829;GO:0032839;GO:0043197;GO:0030666;GO:0005783;GO:0060076;GO:0098978;GO:0044224;GO:0031594;GO:0043005;GO:0044306;GO:0044309;GO:0005886;GO:0014069;GO:0098839;GO:0045211;GO:0045202;GO:0097060;GO:0008021;GO:0033130;GO:0031697;GO:0031748;GO:0035255;GO:0019900;GO:0097109;GO:0031812;GO:0030165;GO:0019901;GO:0019903;GO:0044877;GO:0097110;GO:0097113;GO:0098609;GO:0035865;GO:0007268;GO:0060997;GO:0045184;GO:0045197;GO:0007612;GO:0035641;GO:0002091;GO:0007399;GO:0050885;GO:0099645;GO:0098989;GO:0007204;GO:2000463;GO:0150012;GO:0050806;GO:0098970;GO:0035418;GO:0065003;GO:0097120;GO:2000821;GO:0048169;GO:0007165;GO:0035176;GO:0016188;GO:0071625
Q8WTU0,DNA damage inducible 1 homolog 1,Testis,GO:0004190;GO:0072711;GO:0010498;GO:0097752;GO:0031647
Q13554,Calcium/calmodulin dependent protein kinase II beta,Heart,GO:0005954;GO:0005813;GO:0005737;GO:0005829;GO:0030666;GO:0043005;GO:0005654;GO:0014069;GO:0033017;GO:0003779;GO:0005524;GO:0004683;GO:0005516;GO:0042802;GO:0042803;GO:0106310;GO:0030154;GO:0007399;GO:0061003;GO:0010976;GO:0090129;GO:0046777;GO:0006468;GO:0051924;GO:0060998;GO:0048169;GO:2001222;GO:0048168;GO:1903076;GO:0014733;GO:0051823;GO:0007165
Q9HCT0,Fibroblast growth factor 22,Brain,GO:0005737;GO:0005576;GO:0005615;GO:0005104;GO:0008083;GO:0030154;GO:0008543;GO:0022008;GO:0008284;GO:0043410;GO:0030334
Q5XKL5,BTB domain containing 8,Testis,GO:0030122;GO:0030424;GO:0098850;GO:0044306;GO:0005654;GO:0005634;GO:0016182;GO:0048488
Q9Y226,Solute carrier family 22 member 13,Kidney,GO:0016324;GO:0005783;GO:0070062;GO:0005794;GO:0005886;GO:0090416;GO:0015143;GO:0034356;GO:0045922;GO:2001142;GO:0002854;GO:0015747
Q12926,ELAV like RNA binding protein 2,Testis,GO:1990904;GO:0003730;GO:0003723;GO:0006355
Q9Y3Q7,ADAM metallopeptidase domain 18,Testis,GO:0016020;GO:0005886;GO:0004222;GO:0008237;GO:0007339;GO:0007155;GO:0030154;GO:0008584;GO:0006508;GO:0007283
Q8NEV4,Myosin IIIA,Testis,GO:0005737;GO:0031941;GO:0030175;GO:0032433;GO:0016459;GO:0001917;GO:0032426;GO:0004676;GO:0003779;GO:0043531;GO:0004679;GO:0005524;GO:0016887;GO:0140849;GO:0140665;GO:0005516;GO:0140584;GO:0061775;GO:0003689;GO:0004677;GO:0004694;GO:0044024;GO:0072371;GO:1990244;GO:0035979;GO:0044025;GO:0140823;GO:0035175;GO:0044022;GO:0140855;GO:0035402;GO:0072354;GO:0140857;GO:0035403;GO:0044023;GO:0000146;GO:0060002;GO:0004672;GO:0106310;GO:0004674;GO:0072518;GO:0004711;GO:0090103;GO:0051491;GO:0046777;GO:0030832;GO:0007605;GO:0007601
Q7Z5U6,WD repeat domain 53,Testis,
Q5VZ19,Tudor domain containing 10,Testis,GO:0003723
C9JTQ0,Ankyrin repeat domain 63,Brain,
Q8N808,Solute carrier family 35 member G3,Testis,GO:0016020
P49715,CCAAT enhancer binding protein alpha,Liver,GO:1990647;GO:0036488;GO:0000785;GO:0043231;GO:0005730;GO:0005654;GO:0005634;GO:0090575;GO:0005667;GO:0031490;GO:0003677;GO:0001228;GO:0003700;GO:0000981;GO:0042802;GO:0019900;GO:0042803;GO:0001163;GO:0000978;GO:0061629;GO:0097677;GO:0000976;GO:0050873;GO:0071285;GO:0071407;GO:0071356;GO:0008203;GO:0019221;GO:0006351;GO:0001892;GO:0097009;GO:0002070;GO:0045444;GO:0006091;GO:0042593;GO:0030851;GO:0071425;GO:0048839;GO:0140467;GO:0070102;GO:0055088;GO:0001889;GO:0030324;GO:0030225;GO:0007005;GO:0030099;GO:0045786;GO:0008285;GO:0045892;GO:1902034;GO:0000122;GO:0007219;GO:2000144;GO:0045600;GO:0010628;GO:0050729;GO:0043032;GO:0045669;GO:0032436;GO:0045944;GO:0051726;GO:0006355;GO:0006357;GO:0006360;GO:0000050;GO:0050872
Q6IC98,GRAM domain containing 4,Liver,GO:0005789;GO:0031966;GO:0005739;GO:0006915;GO:0034164;GO:2001056
Q8IVV7,GID complex subunit 4 homolog,Testis,GO:0005829;GO:0000151;GO:0061630;GO:0043161
Q8N7R1,POM121 transmembrane nucleoporin like 12,Testis,
O14715,RANBP2 like and GRIP domain containing 8,Testis,GO:0005737;GO:0005643;GO:0031267;GO:0006607
Q5JZY3,EPH receptor A10,Testis,GO:0030425;GO:0005576;GO:0016020;GO:0005886;GO:0005524;GO:0008288;GO:0060175;GO:0005006;GO:0005007;GO:0005004;GO:0005008;GO:0140801;GO:0035401;GO:0005009;GO:0005010;GO:0005011;GO:0036332;GO:0005018;GO:0005019;GO:0038062;GO:0005020;GO:0005005;GO:0005021;GO:0007411;GO:0048013
Q8N350,CACN subunit beta associated regulatory protein,Brain,GO:0030426;GO:0005886;GO:0030141;GO:0030672;GO:0044325;GO:1903170;GO:0045955;GO:1901386
A3KN83,Strawberry notch homolog 1,Testis,GO:0005634;GO:0031490;GO:0042393;GO:0006355
Q5HYR2,DMRT like family C1,Brain,GO:0000785;GO:0005634;GO:0006355
Q5TFG8,Zinc finger C2HC-type containing 1B,Testis,GO:0046872
Q6IB77,Glycine-N-acyltransferase,Kidney,GO:0005759;GO:0005739;GO:0016746;GO:0047961;GO:0047962;GO:0006637;GO:1901787;GO:0006544;GO:0032787;GO:0009636;GO:0006805
Q9H936,Solute carrier family 25 member 22,Brain,GO:0005743;GO:0005739;GO:0005280;GO:0015183;GO:0005313;GO:0015810;GO:0015813;GO:0043490;GO:0006811;GO:0050796
O00213,Amyloid beta precursor protein binding family B member 1,Brain,GO:0005737;GO:0005783;GO:0030426;GO:0030027;GO:0016607;GO:0005654;GO:0005634;GO:0005886;GO:0045202;GO:0001540;GO:0003682;GO:0042393;GO:0050750;GO:0060090;GO:0070064;GO:0003713;GO:0031625;GO:0006915;GO:0007409;GO:0006325;GO:0006974;GO:1902807;GO:0000122;GO:0043065;GO:0045893;GO:0010976;GO:0050714;GO:0045944;GO:0006355;GO:0007165;GO:0006939
Q5T1N1,AKNA domain containing 1,Testis,
Q14409,Glycerol kinase 3 pseudogene,Testis,GO:0005741;GO:0005739;GO:0005524;GO:0004370;GO:0019563;GO:0006071;GO:0046167;GO:0006641
A4QMS7,Chromosome 5 open reading frame 49,Brain,GO:0160112;GO:0005930;GO:0036064;GO:0036126;GO:0030317
Q8N688,Defensin beta 123,Testis,GO:0005576;GO:0050829;GO:0045087
A0A087X1G2,TBC1 domain family member 3K,Testis,GO:0005886;GO:0005096
P27544,Ceramide synthase 1,Brain,GO:0005783;GO:0005789;GO:0043231;GO:0016020;GO:0050291;GO:0072721;GO:0036146;GO:0071492;GO:0071466;GO:0046513;GO:1901526;GO:0030148
H7C241,Claudin 34,Testis,GO:0005923;GO:0005886;GO:0005198;GO:0070830;GO:0007155
O43581,Synaptotagmin 7,Liver,GO:0030424;GO:0005829;GO:0031045;GO:0032009;GO:0070062;GO:0098686;GO:0005765;GO:0005764;GO:0005778;GO:0005777;GO:0030670;GO:0005886;GO:0042734;GO:0045202;GO:0008021;GO:0030672;GO:0005509;GO:0061891;GO:0005544;GO:0005516;GO:0030276;GO:0005546;GO:0000149;GO:0019905;GO:1990927;GO:0048791;GO:0099502;GO:0006909;GO:0090385;GO:0001778;GO:0045956;GO:0046850;GO:0017158;GO:0070092;GO:0050796;GO:0050764;GO:1900242;GO:1990926;GO:0036465;GO:0006906;GO:0090119;GO:0016192
Q6ZVL6,KIAA1549 like,Brain,GO:0016020
A6H8Z2,Family with sequence similarity 221 member B,Testis,
Q8IZ20,Zinc finger protein 683,Testis,GO:0005634;GO:0003700;GO:0046872;GO:1990841;GO:0000978;GO:0002250;GO:1904637;GO:0045087;GO:0000122;GO:0032689;GO:0010628;GO:0033082;GO:0010468;GO:0032823;GO:0032826;GO:0051136;GO:0006357;GO:0050852
Q5EBL2,Zinc finger protein 628,Testis,GO:0005634;GO:0000981;GO:0046872;GO:0000978;GO:0006355;GO:0007283
Q7Z4M0,REC114 meiotic recombination protein,Testis,GO:0005694;GO:0006310;GO:0042138;GO:0048477;GO:0007283
Q8NHR7,Telomere repeat binding bouquet formation protein 2,Testis,GO:0000781;GO:0005637;GO:1990918;GO:0007129;GO:0070197;GO:0045141;GO:0048477;GO:0007283;GO:0007130
P56373,Purinergic receptor P2X 3,Heart,GO:0030424;GO:0098686;GO:0005886;GO:0098794;GO:0043235;GO:0098685;GO:0005524;GO:0004931;GO:0046872;GO:0001614;GO:0048266;GO:0070588;GO:0071318;GO:0051649;GO:0098662;GO:0007274;GO:0030432;GO:0010524;GO:0050850;GO:0070207;GO:0048167;GO:0009743;GO:0009409;GO:0009408;GO:0001666;GO:0009612;GO:0050909;GO:0007165;GO:0014832
P22760,Arylacetamide deacetylase,Liver,GO:0005789;GO:0003824;GO:0019213;GO:0016298;GO:0017171;GO:0004806;GO:0006629;GO:0010898;GO:0006805
Q9Y4I5,Testis expressed metallothionein like protein,Testis,GO:0005737;GO:0001673;GO:0005634;GO:0046872;GO:0030154;GO:0030003;GO:0007140;GO:0006355;GO:0010038;GO:0007283
P0C2L3,Family with sequence similarity 163 member B,Brain,GO:0016020
Q147U7,Single-pass membrane protein with coiled-coil domains 1,Heart,GO:0016020
Q9NRM0,Solute carrier family 2 member 9,Kidney,GO:0016324;GO:0016323;GO:0016020;GO:0005886;GO:0005351;GO:0055056;GO:0005353;GO:0015149;GO:0022857;GO:0015143;GO:1904659;GO:0015755;GO:0008645;GO:0015749;GO:0046415;GO:0015747
P02144,Myoglobin,Heart,GO:0005829;GO:0070062;GO:0016528;GO:0020037;GO:0046872;GO:0098809;GO:0019825;GO:0005344;GO:0004601;GO:0050873;GO:0043353;GO:0007507;GO:0015671;GO:0019430;GO:0001666
Q6UXN8,C-type lectin domain containing 9A,Brain,GO:0009986;GO:0016020;GO:0030246;GO:0001819;GO:0006898
Q5T9S5,Coiled-coil domain containing 18,Testis,GO:0034451;GO:0005737
Q8TAM6,Ermin,Brain,GO:0005938;GO:0005737;GO:0005856;GO:0070062;GO:0030175;GO:0097386;GO:0033269;GO:0043209;GO:0043025;GO:0033270;GO:0051015;GO:0007015;GO:0001763;GO:0031344;GO:0008360
Q9BUT1,3-hydroxybutyrate dehydrogenase 2,Kidney,GO:0005737;GO:0005829;GO:0070062;GO:0003858;GO:0016617;GO:0051287;GO:0016628;GO:0030855;GO:0006635;GO:0042168;GO:0006880;GO:0019290
O60299,Leucine zipper tumor suppressor family member 3,Brain,GO:0005737;GO:0005856;GO:0043197;GO:0014069;GO:0045202;GO:0061001
Q96BM1,Ankyrin repeat domain 9,Heart,GO:0031466;GO:0031410;GO:0005829;GO:1990756;GO:0006878;GO:0043161;GO:0016567
Q6PB30,Chondrosarcoma associated gene 1,Brain,GO:0005813;GO:0005737;GO:0000922;GO:0007098
Q8NHJ6,Leukocyte immunoglobulin like receptor B4,Brain,GO:0009986;GO:0009898;GO:0070062;GO:0005886;GO:0034185;GO:0001968;GO:0032396;GO:0019903;GO:0030547;GO:0030293;GO:0002250;GO:0019221;GO:0002774;GO:0002764;GO:0140105;GO:0046007;GO:0043124;GO:0032682;GO:1900016;GO:0045584;GO:0032691;GO:0032693;GO:0032703;GO:0032714;GO:0032715;GO:0071659;GO:0043409;GO:1902894;GO:0150102;GO:0045671;GO:1900181;GO:0061099;GO:2000272;GO:2000524;GO:0002725;GO:0042130;GO:0050860;GO:0032720;GO:0032689;GO:0043378;GO:0045591;GO:0002669;GO:0031623;GO:0002507
Q9H0A6,Ring finger protein 32,Testis,GO:0016235;GO:0005829;GO:0005768;GO:0016604;GO:0046872
Q14D33,Receptor transporter protein 5 (putative),Brain,GO:0016020;GO:0046872;GO:0031849;GO:0001580;GO:0051205;GO:0006612
A0A096LP49,Coiled-coil domain containing 187,Testis,GO:0005813;GO:0008017;GO:0034453
Q8WWF3,Serine rich single-pass membrane protein 1,Testis,GO:0016020
Q96DZ9,CKLF like MARVEL transmembrane domain containing 5,Brain,GO:0005615;GO:0016020;GO:0005125;GO:0006935;GO:0045662
Q0VAM2,RasGEF domain family member 1B,Liver,GO:0005769;GO:0005770;GO:0030496;GO:0005886;GO:0005085;GO:0007265
Q99884,Solute carrier family 6 member 7,Brain,GO:0016020;GO:0005886;GO:0045202;GO:0097060;GO:0015193;GO:0005298;GO:1903804;GO:0006836;GO:0015824;GO:0030163;GO:0035725
Q09428,ATP binding cassette subfamily C member 8,Brain,GO:0008282;GO:0016020;GO:0005886;GO:0031004;GO:0042734;GO:0042383;GO:0030672;GO:0140359;GO:0043531;GO:0005524;GO:0016887;GO:0015272;GO:0019829;GO:0042626;GO:0005267;GO:0008281;GO:0044325;GO:0001508;GO:0031669;GO:0007565;GO:0061535;GO:0098662;GO:0001678;GO:0007613;GO:0016525;GO:1905604;GO:0060253;GO:0046676;GO:0010989;GO:0061855;GO:0050905;GO:0035774;GO:0043268;GO:1905075;GO:0032760;GO:1900721;GO:1990573;GO:0071805;GO:0006813;GO:0032868;GO:0032496;GO:0009268;GO:0009410;GO:0010043;GO:0055085;GO:0008542
O95473,Synaptogyrin 4,Testis,GO:0031594;GO:0030672
Q9UHM6,Opsin 4,Brain,GO:0030424;GO:0030425;GO:0016020;GO:0043204;GO:0097381;GO:0005886;GO:1990913;GO:0005502;GO:0008020;GO:0071482;GO:0050960;GO:0007186;GO:1990384;GO:0007634;GO:0007602;GO:0042752;GO:0060041;GO:0048511;GO:0043052;GO:0007601
Q00266,Methionine adenosyltransferase 1A,Liver,GO:0005829;GO:0048269;GO:0005524;GO:0042802;GO:0046872;GO:0004478;GO:0009087;GO:0006730;GO:0051289;GO:0006556
Q99572,Purinergic receptor P2X 7,Brain,GO:0032059;GO:0005911;GO:0005737;GO:0009897;GO:0016020;GO:0005739;GO:0031594;GO:0043025;GO:0005886;GO:0098794;GO:0098793;GO:0005524;GO:0004931;GO:0042802;GO:0001530;GO:0001614;GO:0005102;GO:0097190;GO:0032060;GO:0070588;GO:0019722;GO:0000902;GO:0007166;GO:0071318;GO:0071359;GO:0046513;GO:0032963;GO:0050830;GO:0097191;GO:0014051;GO:0014047;GO:0048873;GO:0006954;GO:0000165;GO:0051899;GO:0006509;GO:0051882;GO:0007005;GO:0043132;GO:0045779;GO:0045794;GO:0043409;GO:0001845;GO:0006649;GO:0017121;GO:0046931;GO:1904172;GO:0030501;GO:0010524;GO:0051495;GO:0014054;GO:0010628;GO:0014049;GO:0045821;GO:0032730;GO:0032731;GO:0032755;GO:0060907;GO:0043410;GO:0051901;GO:0034767;GO:1900227;GO:0032308;GO:0050714;GO:0070234;GO:0001916;GO:0032310;GO:0030163;GO:0016485;GO:0009306;GO:0035590;GO:0072593;GO:0002028;GO:0051209;GO:0033198;GO:0051592;GO:0051602;GO:0034405;GO:0002931;GO:0032496;GO:0009612;GO:0009410;GO:0010043;GO:0019233;GO:0048705;GO:0016079;GO:0070231;GO:0043029;GO:0001913;GO:0042098;GO:0006900
P09467,Fructose-bisphosphatase 1,Kidney,GO:0005737;GO:0005829;GO:0070062;GO:0005634;GO:0016208;GO:0042132;GO:0042802;GO:0046872;GO:0048029;GO:0061629;GO:0071475;GO:0071477;GO:0071320;GO:0032869;GO:0071286;GO:1904628;GO:0097403;GO:0071466;GO:0016311;GO:0030388;GO:0006002;GO:0006000;GO:0006094;GO:0030308;GO:0045820;GO:0046580;GO:0000122;GO:0006111;GO:0031667
Q9BRS8,"La ribonucleoprotein 6, translational regulator",Brain,GO:0005737;GO:0005634;GO:1990904;GO:0048027;GO:0003729;GO:0017022;GO:0035613;GO:1990825;GO:0032967;GO:0006417;GO:0006396
Q9Y5K1,SPO11 initiator of meiotic double stranded breaks,Testis,GO:0000781;GO:0000228;GO:0005524;GO:0003677;GO:0034335;GO:0046872;GO:1990918;GO:0007292;GO:0007141;GO:0042138;GO:0000706;GO:0045141;GO:0048477;GO:0001541;GO:0034502;GO:0007131;GO:0007286;GO:0007283;GO:0007130
Q8N9C0,Immunoglobulin superfamily member 22,Brain,
Q9Y289,Solute carrier family 5 member 6,Liver,GO:0016324;GO:0009925;GO:0016323;GO:0031526;GO:0016020;GO:0005886;GO:0015225;GO:0015111;GO:0140161;GO:0015233;GO:0015498;GO:0008523;GO:0090482;GO:1905135;GO:0006768;GO:0015878;GO:1904200;GO:0015887;GO:0006814;GO:0150104
P17039,Zinc finger protein 30,Brain,GO:0005634;GO:0000981;GO:0046872;GO:0000978;GO:0006357
Q8N7C4,Transmembrane protein 217,Testis,GO:0016020
Q99969,Retinoic acid receptor responder 2,Liver,GO:0062023;GO:0031012;GO:0005576;GO:0005615;GO:0031089;GO:0005102;GO:0019732;GO:0061760;GO:0030154;GO:0006935;GO:0050829;GO:0050830;GO:0048566;GO:0006954;GO:0045087;GO:0008286;GO:0050921;GO:0045600;GO:0010759;GO:0001934;GO:0050994;GO:0001523
O75459,PAGE family member 1,Testis,
A2RU48,Single-pass membrane protein with coiled-coil domains 3,Kidney,GO:0016020
Q6P995,Family with sequence similarity 171 member B,Brain,GO:0016020;GO:0045202
P40925,Malate dehydrogenase 1,Heart,GO:0005813;GO:0005737;GO:0005829;GO:0070062;GO:0005615;GO:0047860;GO:0047995;GO:0030060;GO:0004470;GO:0006108;GO:0043490;GO:0006734;GO:0006739;GO:0006107;GO:0006099
Q5SNV9,Chromosome 1 open reading frame 167,Testis,
Q0P670,SPEM family member 2,Testis,GO:0016020
Q9UKW4,Vav guanine nucleotide exchange factor 3,Kidney,GO:0005737;GO:0005829;GO:0001772;GO:0005886;GO:0005154;GO:0005096;GO:0005085;GO:0046872;GO:0001525;GO:0050853;GO:0016477;GO:0006974;GO:0038095;GO:0038096;GO:0002768;GO:0007229;GO:0030032;GO:0030593;GO:0030168;GO:0030890;GO:0045785;GO:0051897;GO:0008361;GO:0043087;GO:0051056;GO:0009410;GO:0007264;GO:0006906
Q96N06,Spermatogenesis associated 33,Testis,GO:0005737;GO:0005829;GO:0005739;GO:0005634;GO:0097225;GO:0097226;GO:0000423
A6NJV1,Family with sequence similarity 166 member C,Testis,GO:0160111;GO:0005879;GO:0005634;GO:0036126;GO:0030317
P11586,"Methylenetetrahydrofolate dehydrogenase, cyclohydrolase and formyltetrahydrofolate synthetase 1",Liver,GO:0005829;GO:0070062;GO:0016020;GO:0005739;GO:0005524;GO:0004329;GO:0004477;GO:0004487;GO:0004488;GO:0004486;GO:0009257;GO:0048702;GO:0048703;GO:0007507;GO:0009086;GO:0006555;GO:0001843;GO:0001780;GO:0006730;GO:0006164;GO:0009152;GO:0009070;GO:0009069;GO:0061053;GO:0035999;GO:0019346
P55286,Cadherin 8,Brain,GO:0005912;GO:0043679;GO:0016342;GO:0098978;GO:0005886;GO:0043083;GO:0097060;GO:0008013;GO:0045296;GO:0005509;GO:0042802;GO:0034332;GO:0016339;GO:0007155;GO:0016477;GO:0000902;GO:0044331;GO:0007043;GO:0007156;GO:0050807;GO:0009409;GO:0035249
Q9GZV4,Eukaryotic translation initiation factor 5A2,Testis,GO:0005829;GO:0005789;GO:0043231;GO:0005634;GO:0043022;GO:0003723;GO:0003746;GO:0045901;GO:0045905;GO:0007283;GO:0006414
Q8IXJ6,Sirtuin 2,Brain,GO:0005814;GO:0005813;GO:0005677;GO:0005694;GO:0000781;GO:0005737;GO:0005829;GO:0097386;GO:0030426;GO:0000792;GO:0044224;GO:0043219;GO:0072687;GO:0005874;GO:0030496;GO:0005739;GO:0072686;GO:0043209;GO:0005730;GO:0005634;GO:0033010;GO:0033270;GO:0043204;GO:0048471;GO:0005886;GO:0043220;GO:0005819;GO:0003682;GO:0140297;GO:0035035;GO:0004407;GO:0017136;GO:0042826;GO:0032041;GO:0097372;GO:0141222;GO:0140765;GO:0046969;GO:0046970;GO:0070403;GO:0003950;GO:0140773;GO:0140774;GO:0034979;GO:0033558;GO:0042903;GO:0043130;GO:0008270;GO:0006914;GO:0051301;GO:0061433;GO:0071872;GO:0071456;GO:0034599;GO:0040029;GO:0031507;GO:0045087;GO:0016042;GO:0051321;GO:0007084;GO:0022011;GO:0010507;GO:0045892;GO:0045599;GO:1900226;GO:0070446;GO:0010801;GO:0042177;GO:2000378;GO:1902725;GO:0045843;GO:0000122;GO:0044546;GO:0034983;GO:0051987;GO:0051781;GO:0043388;GO:1900119;GO:0045723;GO:0045836;GO:1900195;GO:0032436;GO:0045944;GO:0043161;GO:0006476;GO:0000183;GO:0051726;GO:0007096;GO:0031641;GO:0042325;GO:0051775;GO:0021762;GO:0031509;GO:0090042
Q8NE63,Homeodomain interacting protein kinase 4,Testis,GO:0005737;GO:0005634;GO:0004676;GO:0004679;GO:0005524;GO:0004677;GO:0004694;GO:0044024;GO:0072371;GO:1990244;GO:0035979;GO:0044025;GO:0140823;GO:0035175;GO:0044022;GO:0140855;GO:0035402;GO:0072354;GO:0140857;GO:0035403;GO:0044023;GO:0106310;GO:0004674;GO:0004713;GO:0072518;GO:0004711;GO:1901796
P19622,Engrailed homeobox 2,Brain,GO:0000785;GO:0001650;GO:0005730;GO:0005654;GO:0005634;GO:0000981;GO:0000978;GO:1990837;GO:0071542;GO:1990403;GO:0030902;GO:0030901;GO:0043524;GO:0048666;GO:0030182;GO:0045944;GO:0006357
Q5T0J7,Testis expressed 35,Testis,GO:0015630;GO:0005634
Q9NPH5,NADPH oxidase 4,Kidney,GO:0005783;GO:0005789;GO:0005925;GO:0016020;GO:0005739;GO:0043020;GO:0005730;GO:0005634;GO:0097038;GO:0048471;GO:0005886;GO:0009055;GO:0050660;GO:0020037;GO:0072341;GO:0016174;GO:0106294;GO:0000166;GO:0019826;GO:1990782;GO:0016175;GO:0106292;GO:0045453;GO:0055007;GO:0000902;GO:0071333;GO:0006952;GO:0010467;GO:0003015;GO:0050667;GO:0006954;GO:0008285;GO:2000573;GO:0070374;GO:0051897;GO:0061098;GO:1903409;GO:0042554;GO:0006801
Q9BTD3,Transmembrane protein 121,Brain,GO:0016020
Q9UGC6,Regulator of G protein signaling 17,Brain,GO:0005737;GO:0043005;GO:0005634;GO:0005886;GO:0045202;GO:0005096;GO:0003924;GO:0007186;GO:0009968;GO:0001975
O75452,Retinol dehydrogenase 16,Liver,GO:0005789;GO:0043231;GO:0106429;GO:0004745;GO:0047044;GO:0047023;GO:0009055;GO:0042802;GO:0006629;GO:0042572;GO:0008202
Q9NY57,Serine/threonine kinase 32B,Kidney,GO:0004676;GO:0004679;GO:0005524;GO:0004677;GO:0004694;GO:0044024;GO:0072371;GO:1990244;GO:0035979;GO:0044025;GO:0140823;GO:0035175;GO:0044022;GO:0140855;GO:0035402;GO:0072354;GO:0140857;GO:0035403;GO:0044023;GO:0046872;GO:0106310;GO:0004674;GO:0072518;GO:0004711;GO:0035556
P14867,Gamma-aminobutyric acid type A receptor subunit alpha1,Brain,GO:0034707;GO:0030659;GO:0032590;GO:0043197;GO:1902710;GO:1902711;GO:0098982;GO:0043005;GO:0005886;GO:0098794;GO:0099634;GO:0045202;GO:1902495;GO:0004890;GO:0022851;GO:1904315;GO:1902476;GO:0007214;GO:1904862;GO:0060078;GO:0051932
Q9H252,Potassium voltage-gated channel subfamily H member 6,Kidney,GO:0034702;GO:0005886;GO:0005242;GO:0086013;GO:0071805;GO:0086091;GO:0060307
Q9BXN1,Asporin,Heart,GO:0042995;GO:0062023;GO:0031012;GO:0005615;GO:0005509;GO:0030282;GO:0070171;GO:0030512;GO:1902617
A0A1B0GVH7,IQ motif containing M,Testis,
Q86WS3,Oocyte secreted protein 2,Testis,GO:0005576;GO:0001556
Q9BYD9,Actin related protein T3,Testis,GO:0005737;GO:0005856;GO:0001673
O15394,Neural cell adhesion molecule 2,Brain,GO:0030424;GO:0016020;GO:0016604;GO:0005886;GO:0097060;GO:0042802;GO:0007413;GO:0007158
Q96JM4,Leucine rich repeats and IQ motif containing 1,Testis,GO:0009966
Q8TAB5,Chromosome 1 open reading frame 216,Brain,
B2RXF0,Transmembrane protein 229A,Brain,GO:0016020
Q13509,Tubulin beta 3 class III,Brain,GO:0030424;GO:0071944;GO:0005737;GO:0030425;GO:0070062;GO:0030175;GO:0030426;GO:0045171;GO:0030027;GO:0005874;GO:0015630;GO:0072686;GO:0043025;GO:0005634;GO:0005525;GO:0003924;GO:0046872;GO:1990890;GO:0042277;GO:0005200;GO:0007411;GO:1990791;GO:0000226;GO:0000278
O15438,ATP binding cassette subfamily C member 3,Liver,GO:0009925;GO:0016323;GO:0016020;GO:0005886;GO:0015432;GO:0015431;GO:0140359;GO:0008559;GO:0005524;GO:0016887;GO:0043225;GO:0042626;GO:0015164;GO:0071714;GO:0042910;GO:0015721;GO:0071716;GO:0055085;GO:0150104;GO:0006805;GO:0006855;GO:0042908
Q13183,Solute carrier family 13 member 2,Kidney,GO:0016324;GO:0070062;GO:0016020;GO:0005886;GO:0015139;GO:0015138;GO:0015361;GO:0017153;GO:0015141;GO:0015742;GO:0071285;GO:0015741;GO:0071422
A6NMD2,Golgin A8 family member J,Testis,GO:0005801;GO:0000137;GO:0032580;GO:0007030
O95990,Family with sequence similarity 107 member A,Brain,GO:0015629;GO:0005737;GO:0005925;GO:0043005;GO:0016607;GO:0005634;GO:0032587;GO:0001725;GO:0045202;GO:0003779;GO:0051017;GO:0030041;GO:0071385;GO:0031669;GO:0050890;GO:0051895;GO:2000134;GO:1900272;GO:0030335;GO:0031398;GO:0032956;GO:0001558;GO:0070507;GO:0031647
Q8IYV9,Izumo sperm-egg fusion 1,Testis,GO:0002080;GO:0001669;GO:0005789;GO:0016020;GO:0005886;GO:0098635;GO:0042802;GO:0086080;GO:0042803;GO:0005102;GO:0007155;GO:0007342;GO:0034113;GO:0007338;GO:0035036;GO:0000768
P56748,Claudin 8,Kidney,GO:0016327;GO:0016323;GO:0005923;GO:0005783;GO:0005886;GO:0042802;GO:0005198;GO:0070830;GO:0016338;GO:0007155
Q14410,Glycerol kinase 2,Testis,GO:0070062;GO:0005741;GO:0005739;GO:0097225;GO:0097226;GO:0005524;GO:0004370;GO:0030317;GO:0019563;GO:0006071;GO:0046167;GO:0120317;GO:0007283;GO:0006641
Q8TBY0,RNA binding motif protein 46,Testis,GO:0005737;GO:0005634;GO:0003729;GO:0051728;GO:0007143;GO:0007140;GO:0048255;GO:0048477;GO:0048515;GO:0007283;GO:0001829
Q9NR20,Dual specificity tyrosine phosphorylation regulated kinase 4,Testis,GO:0005737;GO:0005856;GO:0043231;GO:0005634;GO:0005524;GO:0140801;GO:0035401;GO:0046872;GO:0106310;GO:0004674;GO:0004712
Q8TAT2,Fibroblast growth factor binding protein 3,Brain,GO:0062023;GO:0005576;GO:0017134;GO:0019838;GO:0008201;GO:0007267;GO:0045743;GO:0043117
Q8TDW7,FAT atypical cadherin 3,Brain,GO:0030425;GO:0005886;GO:0005509;GO:0048667;GO:0098609;GO:0016358;GO:0007156;GO:1904936;GO:2000171;GO:0010842
Q7Z6J6,FERM domain containing 5,Brain,GO:0005912;GO:0005856;GO:0016020;GO:0008092;GO:0005178;GO:0019901;GO:0031032;GO:2000146;GO:0045785;GO:0030334
I3L3R5,Coiled-coil glutamate rich protein 2,Testis,GO:0005576
P49915,Guanine monophosphate synthase,Testis,GO:0005829;GO:0005524;GO:0003922;GO:0003921;GO:0006177;GO:0009113;GO:0009168
Q8NE28,Serine/threonine kinase like domain containing 1,Testis,GO:0005524;GO:0004674
O00590,Atypical chemokine receptor 2,Liver,GO:0005884;GO:0005829;GO:0005769;GO:0009897;GO:0043231;GO:0031965;GO:0005654;GO:0005886;GO:0055037;GO:0019957;GO:0016493;GO:0004950;GO:0005044;GO:0019722;GO:0060326;GO:0006955;GO:0006954;GO:0035556;GO:0007204
Q01860,POU class 5 homeobox 1,Kidney,GO:0005737;GO:0005829;GO:0005739;GO:0005654;GO:0005634;GO:0005667;GO:0003677;GO:0003700;GO:0000981;GO:0001227;GO:0035198;GO:0003723;GO:0000978;GO:0061629;GO:0043565;GO:1990837;GO:0000976;GO:0031625;GO:0009653;GO:0001824;GO:0030509;GO:0060913;GO:0060795;GO:0001714;GO:0003133;GO:0003129;GO:1902894;GO:0000122;GO:0090263;GO:0045944;GO:0009786;GO:0006355;GO:0010468;GO:0006357;GO:0009611;GO:0035019
Q99687,Meis homeobox 3,Brain,GO:0000785;GO:0005634;GO:0003682;GO:0001228;GO:0000981;GO:0000978;GO:0043565;GO:1990837;GO:0009887;GO:0007420;GO:0009880;GO:0001654;GO:2001234;GO:0008284;GO:0051897;GO:0045944
P55017,Solute carrier family 12 member 3,Kidney,GO:0016324;GO:0005829;GO:0070062;GO:0016020;GO:0005886;GO:0005524;GO:0015378;GO:0008511;GO:0006884;GO:0055064;GO:1902476;GO:0006811;GO:0055075;GO:1990573;GO:0070294;GO:1904044;GO:0002021;GO:0007165;GO:0055078;GO:0035725;GO:0006814
Q9UMQ6,Calpain 11,Testis,GO:0001669;GO:0005737;GO:0005509;GO:0004198;GO:0008233;GO:0006508
Q6ZST4,Lipocalin like 1,Brain,GO:0036094
Q6ZQQ2,SPATA31 subfamily D member 1,Testis,GO:0016020;GO:0030154;GO:0007283
P83110,HtrA serine peptidase 3,Heart,GO:0005576;GO:0004175;GO:0042802;GO:0004252;GO:0008236;GO:0030514;GO:0030512;GO:0006508
O75928,Protein inhibitor of activated STAT 2,Testis,GO:0000785;GO:0016607;GO:0005654;GO:0005634;GO:0016605;GO:0003677;GO:0061629;GO:0061665;GO:0019789;GO:0003712;GO:0031625;GO:0008270;GO:0006351;GO:0060766;GO:0043433;GO:0016925;GO:0006357
Q96J94,Piwi like RNA-mediated gene silencing 1,Testis,GO:0033391;GO:0005737;GO:0097433;GO:0005634;GO:0043186;GO:0046872;GO:0003729;GO:0140262;GO:0034584;GO:0019901;GO:0004521;GO:0003727;GO:0051321;GO:0034587;GO:0140991;GO:0140990;GO:0006417;GO:0031047;GO:0035092;GO:0007286;GO:0007283;GO:0141006
Q9BZM6,UL16 binding protein 1,Testis,GO:0005829;GO:0005783;GO:0009897;GO:0005615;GO:0005886;GO:0046703;GO:0048018;GO:0002486;GO:0002476;GO:0006955;GO:0030101;GO:0042267;GO:0001916
P30531,Solute carrier family 6 member 1,Brain,GO:0030424;GO:0009986;GO:0098982;GO:0016020;GO:0043025;GO:0005886;GO:0045211;GO:0042734;GO:0015185;GO:0005332;GO:0042802;GO:0046872;GO:0015378;GO:0006865;GO:0008306;GO:0007268;GO:1902476;GO:0051939;GO:0051936;GO:0098658;GO:0007613;GO:0032229;GO:0014054;GO:0051592;GO:0042220;GO:0032355;GO:0010288;GO:1904313;GO:0014074;GO:0009744;GO:0009636;GO:0098719;GO:0035725;GO:0050808;GO:0150104
O75355,Ectonucleoside triphosphate diphosphohydrolase 3,Brain,GO:0005886;GO:0004050;GO:0005524;GO:0004382;GO:0017110;GO:0017111;GO:0045134;GO:0009134;GO:0009143
Q96D05,Family with sequence similarity 241 member B,Brain,GO:0043231;GO:0016020
O14682,Ectodermal-neural cortex 1,Brain,GO:0000785;GO:0031463;GO:0005737;GO:0005856;GO:0043025;GO:0016363;GO:0005654;GO:0005634;GO:0003779;GO:0017148;GO:0007399;GO:0010976;GO:0010499;GO:0016567
Q8N6F1,Claudin 19,Kidney,GO:0043296;GO:0016323;GO:0005923;GO:0097453;GO:0005634;GO:0033010;GO:0048471;GO:0005886;GO:0043220;GO:0070160;GO:0042802;GO:0160187;GO:0005198;GO:0030036;GO:0070830;GO:0016338;GO:0007155;GO:0030336;GO:0008285;GO:0010629;GO:0061045;GO:0019227;GO:0160184;GO:1901890;GO:0010628;GO:0001934;GO:0150111;GO:0070293;GO:0003406;GO:0007601
Q6XYB7,Ladybird homeobox 2,Liver,GO:0000785;GO:0005634;GO:0000981;GO:1990837;GO:0042692;GO:1904105;GO:2000052;GO:0006357
Q5R3I4,Tetratricopeptide repeat domain 38,Liver,GO:0070062
P30154,Protein phosphatase 2 scaffold subunit Abeta,Liver,GO:0005737;GO:0005829;GO:0070062;GO:0045121;GO:0005634;GO:0000159;GO:0019888;GO:0060561;GO:2001241
Q9Y2T6,G protein-coupled receptor 55,Brain,GO:0005886;GO:0004949;GO:0004930;GO:0045453;GO:0007186;GO:0045671;GO:0007200;GO:0070374;GO:0035025
Q9NR23,Growth differentiation factor 3,Kidney,GO:0005737;GO:0005615;GO:0005125;GO:0008083;GO:0019901;GO:0007492;GO:0001654;GO:0048859;GO:0001701;GO:0007498;GO:0030514;GO:0045605;GO:0045662;GO:0030903;GO:0045600;GO:0090009;GO:0010453;GO:0002021;GO:0001501;GO:0032525
Q96PD7,Diacylglycerol O-acyltransferase 2,Liver,GO:0005829;GO:0005783;GO:0005789;GO:0043231;GO:0005811;GO:0016020;GO:0005739;GO:1990578;GO:0048471;GO:0003846;GO:0004144;GO:0042803;GO:0050252;GO:0071400;GO:0042632;GO:0006651;GO:0046339;GO:0060613;GO:0055089;GO:0006071;GO:0035356;GO:0019915;GO:0035336;GO:0034383;GO:0006640;GO:0097006;GO:0019432
Q9UL49,Transcription factor like 5,Brain,GO:0000785;GO:0001673;GO:0005634;GO:0003677;GO:0003700;GO:0000981;GO:0001227;GO:0046983;GO:0000978;GO:1990837;GO:0030154;GO:0000122;GO:0045595;GO:0042127;GO:0006355;GO:0007283;GO:0006366
Q9C0I3,Coiled-coil serine rich protein 1,Testis,
P18283,Glutathione peroxidase 2,Liver,GO:0005737;GO:0005829;GO:0045171;GO:0072686;GO:0009055;GO:0004602;GO:0047066;GO:0006979
Q96GG9,Defective in cullin neddylation 1 domain containing 1,Testis,GO:0005737;GO:0005829;GO:0005654;GO:0005634;GO:0000151;GO:0097602;GO:0031624;GO:0032182;GO:2000436;GO:0045116;GO:2000434;GO:0031396
O00180,Potassium two pore domain channel subfamily K member 1,Brain,GO:0016324;GO:0031526;GO:0030425;GO:0043231;GO:1902937;GO:0016020;GO:0043204;GO:0005886;GO:0034705;GO:0055037;GO:0097060;GO:0008076;GO:0042802;GO:0005242;GO:0022834;GO:0015271;GO:0005267;GO:0022841;GO:0046982;GO:0005272;GO:1905030;GO:0071468;GO:1902476;GO:0014047;GO:0071805;GO:0006813;GO:0060075;GO:0035094;GO:0035725
Q9ULK0,Glutamate ionotropic receptor delta type subunit 1,Brain,GO:0070062;GO:0098982;GO:0098978;GO:0005886;GO:0098839;GO:0045211;GO:0098820;GO:0099530;GO:0016917;GO:0008066;GO:0042802;GO:1904315;GO:0007215;GO:0050804;GO:0031914;GO:0007200;GO:0099175;GO:0099072;GO:0035176;GO:0099538;GO:0035249
P29371,Tachykinin receptor 3,Brain,GO:0032590;GO:0032809;GO:0005886;GO:0097225;GO:0004995;GO:0045777;GO:1902093;GO:0010460;GO:0070474;GO:0042053;GO:0060259;GO:0042220;GO:0032355;GO:0007217
Q86Y22,Collagen type XXIII alpha 1 chain,Heart,GO:0005604;GO:0009986;GO:0005581;GO:0062023;GO:0005788;GO:0005615;GO:0005886;GO:0030020;GO:0008201;GO:0042802;GO:0030198
O15245,Solute carrier family 22 member 1,Liver,GO:0016324;GO:0009925;GO:0016323;GO:0016328;GO:0016020;GO:0005886;GO:0098793;GO:1901235;GO:0005277;GO:0005330;GO:0042802;GO:0008504;GO:0005326;GO:0005334;GO:0008514;GO:0015101;GO:0015132;GO:0015489;GO:0015214;GO:0015651;GO:0015606;GO:0015234;GO:0019534;GO:0042910;GO:0015870;GO:1902616;GO:1990748;GO:0015872;GO:0090494;GO:0048241;GO:0010248;GO:0072237;GO:0015844;GO:0006836;GO:0015874;GO:0015695;GO:0015732;GO:0072530;GO:0015847;GO:0015697;GO:0006837;GO:0051610;GO:0015848;GO:0071934;GO:0015888;GO:0150104;GO:0006805;GO:0042908;GO:1990962
Q7Z4L0,Cytochrome c oxidase subunit 8C,Testis,GO:0005743;GO:0005739;GO:0045277;GO:0006123
Q6Q759,Sperm associated antigen 17,Testis,GO:0001669;GO:1990716;GO:0005576;GO:0005794;GO:0002177;GO:0005874;GO:0031514;GO:1904158;GO:0003351;GO:1990953;GO:1905198;GO:0044458;GO:0007283
Q5I0G3,Malate dehydrogenase 1B,Testis,GO:0030060;GO:0006108;GO:0006734;GO:0006107;GO:0006099
Q8WYK0,Acyl-CoA thioesterase 12,Liver,GO:0005737;GO:0005829;GO:0045171;GO:0005654;GO:0003986;GO:0005524;GO:0052689;GO:0042802;GO:0008289;GO:0006084;GO:0006637;GO:0006631
Q9P1A6,DLG associated protein 2,Testis,GO:0098978;GO:0005883;GO:0005886;GO:0014069;GO:0099572;GO:0060090;GO:0050804;GO:0007270
Q8TB36,Ganglioside induced differentiation associated protein 1,Brain,GO:0005829;GO:0016020;GO:0005741;GO:0005739;GO:0005634;GO:0005778;GO:0071305;GO:0000266;GO:0008053;GO:0006626;GO:0032526
P02768,Albumin,Liver,GO:0072562;GO:0005737;GO:0005783;GO:0005788;GO:0070062;GO:0005576;GO:0005615;GO:0005794;GO:0005634;GO:0031093;GO:0032991;GO:0016209;GO:0005507;GO:0003677;GO:1903981;GO:0140272;GO:0005504;GO:0042802;GO:0051087;GO:0030170;GO:0015643;GO:0072732;GO:0009267;GO:0051902
Q6ZNM6,Testis expressed 43,Testis,GO:0160112;GO:0036126;GO:0030317
Q496Y0,LON peptidase N-terminal domain and ring finger 3,Liver,GO:0005737;GO:0046872;GO:0061630
P55087,Aquaporin 4,Brain,GO:0097450;GO:0016323;GO:0005737;GO:0010008;GO:0009897;GO:0005576;GO:0005886;GO:0042383;GO:0042802;GO:0015250;GO:0071346;GO:0090660;GO:0009992;GO:0050891;GO:0051289;GO:0003091;GO:0006833
Q96QH8,Sperm acrosome associated 5B,Testis,GO:0001669;GO:0005576;GO:0036126;GO:0003796;GO:0007342
P48066,Solute carrier family 6 member 11,Brain,GO:0042995;GO:0098982;GO:0016020;GO:0005886;GO:0045211;GO:0042734;GO:0016597;GO:0005332;GO:0008028;GO:0005369;GO:0006865;GO:0051936;GO:0015718;GO:0009410;GO:0035725
O75936,Gamma-butyrobetaine hydroxylase 1,Liver,GO:0005829;GO:0070062;GO:0005739;GO:0008336;GO:0042802;GO:0005506;GO:0008270;GO:0045329
Q9H094,NBPF member 3,Testis,GO:0005737
Q15645,Thyroid hormone receptor interactor 13,Testis,GO:0005694;GO:0001673;GO:0005634;GO:0005524;GO:0016887;GO:0042802;GO:0003712;GO:0006302;GO:0007144;GO:0007141;GO:0051598;GO:0007094;GO:0001556;GO:0048477;GO:0007131;GO:0007286;GO:0007283;GO:0007130;GO:0006366
Q502W7,Coiled-coil domain containing 38,Testis,GO:0005813;GO:0002177;GO:0048471;GO:0036126;GO:0061827;GO:0061649;GO:0001675;GO:0035720;GO:0120316
P08887,Interleukin 6 receptor,Liver,GO:0016324;GO:0070110;GO:0009897;GO:0005576;GO:0005615;GO:0005896;GO:0005886;GO:0043235;GO:0070119;GO:0004896;GO:0019899;GO:0019970;GO:0004921;GO:0019981;GO:0004915;GO:0042803;GO:0006953;GO:0097696;GO:0070120;GO:0019221;GO:0050829;GO:0050830;GO:0031018;GO:0097191;GO:0002384;GO:0070102;GO:0002548;GO:0032966;GO:0032717;GO:0002446;GO:0008284;GO:0032722;GO:0072126;GO:0032755;GO:0002690;GO:0043410;GO:0045669;GO:0050731;GO:0048661;GO:0034097;GO:0072540;GO:0010573
Q07002,Cyclin dependent kinase 18,Heart,GO:0005737;GO:0005739;GO:0005634;GO:0005524;GO:0004693;GO:0106310;GO:0031643;GO:1901987
Q8ND83,SLAIN motif family member 1,Brain,GO:0005737;GO:0005856;GO:0031122;GO:0007020;GO:0031116
Q6NT46,G antigen 2A,Testis,
P06858,Lipoprotein lipase,Heart,GO:1902494;GO:0009986;GO:0042627;GO:0005576;GO:0005615;GO:0005886;GO:0034361;GO:0034185;GO:0005509;GO:0043395;GO:0008201;GO:0004465;GO:0071813;GO:0052739;GO:0008970;GO:0004620;GO:0042803;GO:0043495;GO:0005102;GO:0004806;GO:0071398;GO:0031670;GO:0042632;GO:0034371;GO:0006633;GO:0006631;GO:0034375;GO:0055096;GO:0006644;GO:1904179;GO:2000343;GO:0032722;GO:0010886;GO:0045600;GO:0050729;GO:0032731;GO:0032755;GO:0010884;GO:0010744;GO:0010890;GO:0032760;GO:0009617;GO:0009749;GO:0019433;GO:0070328;GO:0006641;GO:0034372
A6NNS2,Dehydrogenase/reductase 7C,Heart,GO:0014801;GO:0033017;GO:0004745;GO:0016616;GO:0046323;GO:0006874;GO:0010880
Q9BYV1,Alanine--glyoxylate aminotransferase 2,Kidney,GO:0005759;GO:0005739;GO:0047305;GO:0008453;GO:0016223;GO:0030170;GO:0019265;GO:0009436;GO:0019481;GO:2001299;GO:0045429
Q13003,Glutamate ionotropic receptor kainate type subunit 3,Brain,GO:0030424;GO:0030425;GO:0032839;GO:0098978;GO:0032983;GO:0043204;GO:0005886;GO:0098839;GO:0042734;GO:0043195;GO:0001640;GO:0008066;GO:0022849;GO:0004970;GO:0015277;GO:0099507;GO:1904315;GO:0007216;GO:0007215;GO:0050804;GO:0051967;GO:0042391;GO:0035249
I3L1E1,Chromosome 19 open reading frame 84,Testis,GO:0005654;GO:0141196
P82970,High mobility group nucleosome binding domain 5,Testis,GO:0000785;GO:0005739;GO:0005654;GO:0005634;GO:0003682;GO:0031492;GO:0003723;GO:0006325;GO:0043066;GO:0008284;GO:0045893;GO:0010628;GO:0006355
Q96HC4,PDZ and LIM domain 5,Heart,GO:0015629;GO:0005912;GO:0042995;GO:0005829;GO:0031941;GO:0016020;GO:0014069;GO:0098793;GO:0001725;GO:0030018;GO:0003779;GO:0042805;GO:0098641;GO:0046872;GO:0051371;GO:0005080;GO:0030036;GO:0061049;GO:0007507;GO:0061061;GO:0061001;GO:0051963
P20382,Pro-melanin concentrating hormone,Brain,GO:0005576;GO:0005634;GO:0045202;GO:0030354;GO:0031777;GO:0030154;GO:0007268;GO:0007631;GO:0032227;GO:0007218;GO:0007283
Q5TD97,Four and a half LIM domains 5,Testis,GO:0005634;GO:0030018;GO:0046872;GO:0003713;GO:0045944
Q9P2W3,G protein subunit gamma 13,Brain,GO:0030425;GO:0005834;GO:0005886;GO:0045202;GO:0031681;GO:0007186;GO:0007200;GO:0050909
Q9UIW0,Ventral anterior homeobox 2,Brain,GO:0000785;GO:0005737;GO:0005634;GO:0031490;GO:0003700;GO:0000981;GO:0001227;GO:0000978;GO:0001162;GO:1990837;GO:0007409;GO:0007420;GO:0007417;GO:0009950;GO:0007398;GO:0048048;GO:0030900;GO:0030182;GO:0006357;GO:0060041;GO:0007601;GO:0016055
Q01955,Collagen type IV alpha 3 chain,Kidney,GO:0005604;GO:0005587;GO:0062023;GO:0005783;GO:0005788;GO:0005576;GO:0005615;GO:0043231;GO:0030020;GO:0005178;GO:0008191;GO:0005198;GO:0007155;GO:0007166;GO:0038063;GO:0072577;GO:0030198;GO:0032836;GO:0016525;GO:0008285;GO:1905563;GO:0009749;GO:0007605
Q32ZL2,Phospholipid phosphatase related 5,Brain,GO:0005886;GO:0008195;GO:0046839;GO:0006644;GO:0051491;GO:0010976;GO:0007165
Q5IJ48,Crumbs cell polarity complex component 2,Kidney,GO:0043296;GO:0016324;GO:0016327;GO:0005737;GO:0070062;GO:0005886;GO:0032991;GO:0035003;GO:0019828;GO:0005509;GO:0044877;GO:0072359;GO:0030010;GO:0045197;GO:0007157;GO:0055111;GO:0045199;GO:0001707;GO:0010951;GO:0014028;GO:0045494;GO:0030513;GO:0010718;GO:0010470;GO:0001895;GO:0046549;GO:0001756;GO:0007601
O00410,Importin 5,Testis,GO:0005737;GO:0005829;GO:0005794;GO:0016020;GO:0031965;GO:0005643;GO:0005730;GO:0005654;GO:0005634;GO:0005095;GO:0061608;GO:0008139;GO:0003723;GO:0031267;GO:0071230;GO:0002753;GO:0045736;GO:0006607;GO:0042307;GO:0006606;GO:0006610
Q9Y277,Voltage dependent anion channel 3,Heart,GO:0070062;GO:0016020;GO:0005741;GO:0005739;GO:0005634;GO:0046930;GO:0045202;GO:0000166;GO:0015288;GO:0008308;GO:0005244;GO:0015853;GO:0001662;GO:0007612;GO:0007270;GO:0120317;GO:0007283
P0C2S0,Cortexin 2,Brain,GO:0016020
Q9BRQ6,Coiled-coil-helix-coiled-coil-helix domain containing 6,Brain,GO:0005829;GO:0140275;GO:0061617;GO:0044284;GO:0005743;GO:0005739;GO:0001401;GO:0042407;GO:0006974;GO:0007007
P22310,UDP glucuronosyltransferase family 1 member A4,Liver,GO:0005783;GO:0005789;GO:0019899;GO:0004857;GO:0015020;GO:0046982;GO:0042803;GO:0006789;GO:0052695;GO:0042167;GO:2001030;GO:0045922;GO:0070640
Q5T7N2,LINE1 type transposase domain containing 1,Testis,GO:0043231;GO:1990904;GO:0003727;GO:0032197
Q8TBZ0,Coiled-coil domain containing 110,Testis,GO:0005856;GO:0005829;GO:0005654
Q9UJQ4,Spalt like transcription factor 4,Testis,GO:0005737;GO:0000792;GO:0043231;GO:0005654;GO:0005634;GO:0032991;GO:0000981;GO:0046872;GO:0000978;GO:0030326;GO:0001833;GO:0000122;GO:0001843;GO:0045944;GO:0006357;GO:0035019;GO:0003281
Q9NPU4,Chromosome 14 open reading frame 132,Brain,GO:0016020
Q9UI46,Dynein axonemal intermediate chain 1,Testis,GO:0097729;GO:0005813;GO:0005929;GO:0005856;GO:0120293;GO:0005576;GO:0005874;GO:0036157;GO:0003774;GO:0045504;GO:0045503;GO:0003341;GO:0007368;GO:0003351;GO:0030317;GO:0007507;GO:0008286;GO:0036158
P14616,Insulin receptor related receptor,Kidney,GO:0030424;GO:0005899;GO:0005886;GO:0043235;GO:0005524;GO:0008288;GO:0060175;GO:0005006;GO:0005007;GO:0005004;GO:0005008;GO:0140801;GO:0035401;GO:0005009;GO:0043560;GO:0005010;GO:0005011;GO:0043548;GO:0036332;GO:0005018;GO:0005019;GO:0038062;GO:0005020;GO:0004714;GO:0005005;GO:0005021;GO:0030036;GO:0007169;GO:0071469;GO:0030238;GO:0046777
A6NIK2,Leucine rich repeat containing 10B,Brain,
Q6PJQ5,Forkhead box R2,Testis,GO:0000785;GO:0005654;GO:0005634;GO:0000981;GO:1990837
Q8NCX0,Coiled-coil domain containing 150,Kidney,
Q6B0B8,Tigger transposable element derived 3,Testis,GO:0005634;GO:0003677
Q96IR7,4-hydroxyphenylpyruvate dioxygenase like,Brain,GO:0005759;GO:0005739;GO:0050585;GO:0003868;GO:0046872;GO:0009072
Q9NX95,Syntabulin,Brain,GO:1904115;GO:0005881;GO:0031410;GO:0000139;GO:0043231;GO:0005739;GO:1990048;GO:0019896;GO:0035774;GO:0060025;GO:0060074
Q9NRM6,Interleukin 17 receptor B,Brain,GO:0005576;GO:0043231;GO:0016020;GO:0005886;GO:0004896;GO:0030368;GO:0006952;GO:0001558
Q01581,3-hydroxy-3-methylglutaryl-CoA synthase 1,Liver,GO:0005737;GO:0005829;GO:0004421;GO:0042803;GO:0006084;GO:0006695;GO:0010142;GO:0006629
A6NN90,Chromosome 2 open reading frame 81,Testis,
P06396,Gelsolin,Heart,GO:0030478;GO:0015629;GO:0072562;GO:0030864;GO:0005737;GO:0005829;GO:0070062;GO:0005576;GO:0005615;GO:1904813;GO:0005925;GO:0030027;GO:0045335;GO:0005886;GO:0002102;GO:0016528;GO:0034774;GO:0003779;GO:0051015;GO:0005509;GO:0045159;GO:0036313;GO:0005546;GO:0051693;GO:0030042;GO:0007015;GO:0030041;GO:0051014;GO:0008154;GO:1990000;GO:0051016;GO:0086003;GO:0030031;GO:0071346;GO:0007417;GO:0060271;GO:0097284;GO:0046597;GO:0006911;GO:0051127;GO:2001056;GO:0010628;GO:1902174;GO:1903923;GO:0031648;GO:1903903;GO:1903906;GO:0071801;GO:1903909;GO:0055119;GO:0097017;GO:0035994;GO:0042989;GO:0014891
Q969H0,F-box and WD repeat domain containing 7,Brain,GO:0005694;GO:0005737;GO:0005829;GO:0005783;GO:0005794;GO:0005739;GO:0005730;GO:0005654;GO:0005634;GO:1990452;GO:0048471;GO:0032991;GO:0019005;GO:0030332;GO:0042802;GO:0050816;GO:0030674;GO:0043130;GO:0031625;GO:1990756;GO:0097027;GO:0034644;GO:0006974;GO:0006281;GO:0055088;GO:0030324;GO:0010629;GO:2000346;GO:0045746;GO:2001205;GO:2000639;GO:0010868;GO:0007219;GO:0045741;GO:0070374;GO:1903378;GO:1901800;GO:1903955;GO:0031398;GO:2000060;GO:0051443;GO:0043161;GO:0031648;GO:0050821;GO:0016567;GO:1902806;GO:0090049;GO:0042752;GO:0010883;GO:1901524;GO:0032880;GO:0048511;GO:0031146;GO:0007062;GO:0010992;GO:0001944;GO:0001570
Q9HBV2,Sperm acrosome associated 1,Testis,GO:0002080;GO:0002079;GO:0001675
P20815,Cytochrome P450 family 3 subfamily A member 5,Liver,GO:0005789;GO:0043231;GO:0101020;GO:0020037;GO:0005506;GO:0004497;GO:0016491;GO:0016712;GO:0019825;GO:0008401;GO:0050649;GO:0046222;GO:0009822;GO:0008210;GO:0002933;GO:0070989;GO:0042573;GO:0042572;GO:0008202;GO:0042178;GO:0006805
Q92854,Semaphorin 4D,Brain,GO:0005615;GO:0098982;GO:0005886;GO:0045211;GO:0002116;GO:0045499;GO:0042802;GO:0038191;GO:0048018;GO:0030215;GO:0038023;GO:0005102;GO:0004888;GO:0007411;GO:0061430;GO:0007155;GO:0006955;GO:0070486;GO:0050919;GO:0043066;GO:0007162;GO:0045668;GO:0000122;GO:0001755;GO:0043931;GO:0030335;GO:0048672;GO:0043547;GO:1905704;GO:0050731;GO:0051897;GO:0001934;GO:0035025;GO:0031344;GO:0008360;GO:0048814;GO:0071526
Q8WXE9,Stonin 2,Brain,GO:0030122;GO:0005829;GO:0043005;GO:0005730;GO:0008021;GO:0035615;GO:0072583;GO:0030100;GO:0048488
B4DYI2,SPATA31 subfamily C member 2,Testis,GO:0016020;GO:0030154;GO:0007283
Q9NZ56,Formin 2,Brain,GO:0005938;GO:0005737;GO:0030659;GO:0005829;GO:0005783;GO:0005789;GO:0005902;GO:0005730;GO:0005634;GO:0048471;GO:0005886;GO:0005819;GO:0003779;GO:0030036;GO:0016477;GO:0071456;GO:0006974;GO:0051295;GO:0070649;GO:0051758;GO:0035556;GO:0046907;GO:0043066;GO:0042177;GO:0048477;GO:0040038;GO:2000781;GO:0015031;GO:0016192
Q9H2A2,Aldehyde dehydrogenase 8 family member A1,Kidney,GO:0005829;GO:0070062;GO:0047102;GO:0001758;GO:0042904;GO:0097053;GO:0042574;GO:0042573
Q9BXT8,Ring finger protein 17,Testis,GO:0005737;GO:0005634;GO:0042802;GO:0046872;GO:0007286
P11229,Cholinergic receptor muscarinic 1,Brain,GO:0043679;GO:0098981;GO:0030425;GO:0098978;GO:0016020;GO:0005886;GO:0098839;GO:0042734;GO:0098685;GO:0045202;GO:0016907;GO:0004435;GO:0007197;GO:0007268;GO:0050890;GO:0007213;GO:0007186;GO:0007187;GO:0007399;GO:0007274;GO:0007207;GO:0007200;GO:0090316;GO:0043270;GO:0099170;GO:0060251;GO:0040012;GO:0060078;GO:0046541;GO:0007165
Q8WWM9,Cytoglobin,Heart,GO:0005737;GO:0005829;GO:0043005;GO:0043025;GO:0005634;GO:0070025;GO:0004096;GO:0047888;GO:0020037;GO:0005506;GO:0141118;GO:0098809;GO:0016491;GO:0019825;GO:0005344;GO:0004601;GO:0004784;GO:0019395;GO:0032966;GO:0010764;GO:2000490;GO:0046210;GO:0015671;GO:0019430;GO:0001666;GO:0006979
P41968,Melanocortin 3 receptor,Brain,GO:0005737;GO:0005886;GO:0004977;GO:0004980;GO:0042923;GO:0017046;GO:0007189;GO:0032922;GO:0007187;GO:0042309;GO:0045475;GO:0007200;GO:0008217;GO:0060259;GO:0002027;GO:0019222;GO:0055078
Q16799,Reticulon 1,Brain,GO:0030425;GO:0005783;GO:0005789;GO:0000139;GO:0043005;GO:0043025;GO:0014069;GO:0007420;GO:0071787;GO:1902430;GO:0030182
P50226,Sulfotransferase family 1A member 2,Liver,GO:0005737;GO:0005829;GO:0004062;GO:0047894;GO:0008146;GO:0050427;GO:0009309;GO:0006584;GO:0006068;GO:0018958;GO:0008202;GO:0051923;GO:0006805
P17643,Tyrosinase related protein 1,Heart,GO:0030669;GO:0005737;GO:0010008;GO:0097708;GO:0042470;GO:0033162;GO:0046872;GO:0016491;GO:0042803;GO:0004503;GO:0043438;GO:0042438;GO:0030318;GO:0032438;GO:0048023
P17342,Natriuretic peptide receptor 3,Kidney,GO:0070062;GO:0005886;GO:0032991;GO:0031404;GO:0008528;GO:0042562;GO:0016941;GO:0042277;GO:0017046;GO:0042803;GO:0001525;GO:0001974;GO:0120163;GO:0002158;GO:0051000;GO:0035810;GO:0008217;GO:0033688;GO:0002931;GO:0007165;GO:0001501
Q8NFV5,Speedy/RINGO cell cycle regulator family member E1,Testis,GO:0019901
O60336,Mitogen-activated protein kinase binding protein 1,Brain,GO:0005737;GO:0097431;GO:0005730;GO:0005654;GO:0043124;GO:1900425;GO:0032717;GO:0046330
Q9Y2B4,TP53 target 5,Testis,GO:0005694;GO:0005737;GO:0005730;GO:0005634;GO:0035556;GO:0030308
Q96SR6,Zinc finger protein 382,Brain,GO:0005634;GO:0003700;GO:0046872;GO:0000978;GO:0006357
Q9GZV7,Hyaluronan and proteoglycan link protein 2,Brain,GO:0031012;GO:0005615;GO:0033268;GO:0072534;GO:0045202;GO:0005540;GO:0007155;GO:0007417;GO:0008065;GO:0085029;GO:0010001;GO:0002052;GO:0001501
Q9Y5I0,Protocadherin alpha 13,Brain,GO:0005886;GO:0005509;GO:0007155;GO:0007156;GO:0007399
Q9H169,Stathmin 4,Brain,GO:0005737;GO:0005794;GO:0030426;GO:0043005;GO:0015631;GO:0007019;GO:0031175;GO:0031110
Q8N264,Rho GTPase activating protein 24,Kidney,GO:0005912;GO:0042995;GO:0005737;GO:0005856;GO:0005925;GO:0005096;GO:0001525;GO:0030154;GO:0035021;GO:1900028;GO:0007165;GO:0035313
Q5JT82,KLF transcription factor 17,Testis,GO:0000785;GO:0005634;GO:0003700;GO:0000981;GO:0046872;GO:0000978;GO:1990837;GO:0000976;GO:0006357
O75426,F-box protein 24,Testis,GO:0000151;GO:0004842;GO:0016567
O14529,Cut like homeobox 2,Brain,GO:0000785;GO:0070062;GO:0005634;GO:0000981;GO:0001227;GO:0000978;GO:0000977;GO:0043565;GO:1990837;GO:0050890;GO:0000122;GO:0050775;GO:0061003;GO:2000463;GO:0010628;GO:0051965;GO:0006357;GO:0007614
Q495M3,Solute carrier family 36 member 2,Kidney,GO:0005789;GO:0070062;GO:0005886;GO:0055038;GO:0005774;GO:0015171;GO:0005280;GO:0015187;GO:0015180;GO:0015193;GO:0005297;GO:0006865;GO:0015816;GO:0015808;GO:0006811;GO:0035524;GO:0015824;GO:1902600
Q6ZNR0,Transmembrane protein 91,Brain,GO:0043231;GO:0016020;GO:0002244
Q6P387,Chromosome 16 open reading frame 46,Testis,GO:0005829;GO:0005654
O75323,Nipsnap homolog 2,Heart,GO:0005759;GO:0005741;GO:0005739;GO:0030674;GO:0007005;GO:0000423;GO:0006119;GO:1901843
Q96I99,Succinate-CoA ligase GDP-forming subunit beta,Liver,GO:0005759;GO:0005739;GO:0005886;GO:0042709;GO:0045244;GO:0005524;GO:0019003;GO:0005525;GO:0000287;GO:0044877;GO:0004776;GO:0006105;GO:1901289;GO:0006104;GO:0006099
Q5MNV8,F-box protein 47,Testis,
A0A075B767,Peptidylprolyl isomerase A like 4H,Brain,GO:0005737;GO:0016018;GO:0003755;GO:0140839;GO:0140840;GO:0006457
Q8N7X2,Sperm-tail PG-rich repeat containing 3,Testis,GO:0005856
Q96MC4,CEP295 N-terminal like,Testis,GO:0005814;GO:0005813;GO:0005929;GO:0005829;GO:0008017;GO:0046599
O75845,Sterol-C5-desaturase,Liver,GO:0005789;GO:0016020;GO:0000248;GO:0050046;GO:0005506;GO:0033489;GO:0033490;GO:0110076
Q9UJX0,Oxidative stress induced growth inhibitor 1,Liver,GO:0008083;GO:0030154;GO:0030308
P20132,Serine dehydratase,Liver,GO:0005829;GO:0005739;GO:0003941;GO:0042803;GO:0030170;GO:0004794;GO:0006094;GO:0009097;GO:0006565;GO:0006629;GO:0042866;GO:0006567
A6NDK9,Golgin A6 family member C,Liver,GO:0005801;GO:0000137;GO:0032580;GO:0007030
Q7Z6W7,DnaJ heat shock protein family (Hsp40) member B7,Testis,GO:0005737;GO:0005634;GO:0030544;GO:0044183;GO:0051087;GO:0051082;GO:0061077
Q8NHX4,Spermatogenesis associated 3,Testis,
Q709F0,Acyl-CoA dehydrogenase family member 11,Liver,GO:0005737;GO:0005743;GO:0031966;GO:0005739;GO:0005634;GO:0005777;GO:0003995;GO:0050660;GO:0004466;GO:0070991;GO:0017099;GO:0006635;GO:0033539
P21579,Synaptotagmin 1,Brain,GO:0030424;GO:0042584;GO:0030669;GO:0060201;GO:0061202;GO:0060203;GO:0070083;GO:0005737;GO:0031045;GO:0060076;GO:0070382;GO:0098978;GO:0005794;GO:0098686;GO:0043005;GO:0044306;GO:0005886;GO:0099524;GO:0014069;GO:0045211;GO:0048786;GO:0099523;GO:0042734;GO:0008021;GO:0030672;GO:0005509;GO:0061891;GO:0005544;GO:0048306;GO:0005516;GO:0030276;GO:0042802;GO:0008289;GO:0050750;GO:0140693;GO:0005546;GO:0001786;GO:0046982;GO:0000149;GO:0017075;GO:0030348;GO:0099502;GO:0030154;GO:0071277;GO:0007268;GO:0005513;GO:0098746;GO:0007269;GO:0140694;GO:1903235;GO:1903861;GO:0033603;GO:0050806;GO:0051291;GO:0017158;GO:0017157;GO:1903305;GO:0051966;GO:2000300;GO:0061669;GO:0071911;GO:0048278;GO:0006906;GO:0016050;GO:0016192
Q9ULD0,Oxoglutarate dehydrogenase L,Liver,GO:0005759;GO:0005739;GO:0045252;GO:0046872;GO:0004591;GO:0030976;GO:0006103;GO:0006096;GO:0006099
Q59H18,TNNI3 interacting kinase,Heart,GO:0005737;GO:0005634;GO:0004676;GO:0004679;GO:0005524;GO:0004677;GO:0004694;GO:0044024;GO:0072371;GO:1990244;GO:0035979;GO:0044025;GO:0140823;GO:0035175;GO:0044022;GO:0140855;GO:0035402;GO:0072354;GO:0140857;GO:0035403;GO:0044023;GO:0046872;GO:0004672;GO:0106310;GO:0072518;GO:0004711;GO:0086069;GO:0036289;GO:0006468;GO:1903779;GO:0055117;GO:0002027
Q9C0A1,Zinc finger homeobox 2,Testis,GO:0000785;GO:0005634;GO:0000981;GO:0000978;GO:0008270;GO:0030534;GO:0045664;GO:0051930;GO:0006357
A6NJW9,CD8b2 molecule,Kidney,GO:0009986;GO:0005886;GO:0015026;GO:0042288;GO:0002250;GO:0050776
Q9H425,Chromosome 1 open reading frame 198,Brain,GO:0005829
Q0P641,Chromosome 2 open reading frame 80,Brain,
P0DP71,Family with sequence similarity 236 member C,Testis,
Q9NX63,Coiled-coil-helix-coiled-coil-helix domain containing 3,Heart,GO:0070062;GO:0140275;GO:0061617;GO:0044284;GO:0005743;GO:0005739;GO:0005634;GO:0001401;GO:0060090;GO:0019902;GO:0042407;GO:0007007;GO:0008053
P48167,Glycine receptor beta,Brain,GO:0005737;GO:0030425;GO:0098982;GO:0016935;GO:0098690;GO:0043005;GO:0005886;GO:0045211;GO:0099572;GO:0045202;GO:1902495;GO:0016934;GO:0016933;GO:0016594;GO:0030594;GO:0044877;GO:0004888;GO:1904315;GO:0007340;GO:0007628;GO:0007268;GO:1902476;GO:0097112;GO:0006811;GO:0007399;GO:0007218;GO:0060013;GO:0001964;GO:0060012;GO:0007601
A0A0U1RRI6,Centromere protein V like 3,Testis,GO:0016846;GO:0046872
Q9BVH7,"ST6 N-acetylgalactosaminide alpha-2,6-sialyltransferase 5",Brain,GO:0000139;GO:0001665;GO:0008373;GO:0001574;GO:0006688;GO:0009312;GO:0009311;GO:0006486
Q7RTY8,Transmembrane serine protease 7,Testis,GO:0005886;GO:0004252;GO:0008236;GO:0006508
Q3KP44,Ankyrin repeat domain 55,Brain,
Q9P0K9,Ferric chelate reductase 1 like,Brain,GO:0005789;GO:0005886;GO:0098794;GO:0045505;GO:0044877;GO:1904717;GO:1900449;GO:0099072;GO:0051966
Q6ZT89,Solute carrier family 25 member 48,Brain,GO:0005743;GO:0005739;GO:0022857
P35443,Thrombospondin 4,Heart,GO:0005604;GO:0062023;GO:0005783;GO:0070062;GO:0005576;GO:0005615;GO:0016529;GO:0005509;GO:0008083;GO:0008201;GO:0005178;GO:0048266;GO:0071603;GO:0051451;GO:0016525;GO:0051781;GO:0001938;GO:0090023;GO:0050731;GO:0034103;GO:0034976;GO:0006986;GO:0048771
P47736,RAP1 GTPase activating protein,Kidney,GO:0030424;GO:0005737;GO:0005829;GO:0030425;GO:0005769;GO:0000139;GO:0016020;GO:0043025;GO:0005096;GO:0003924;GO:0042803;GO:0031267;GO:0002250;GO:1990792;GO:1903697;GO:0045665;GO:1904442;GO:0043547;GO:0043087;GO:0051056;GO:0007165
P02655,Apolipoprotein C2,Liver,GO:0042627;GO:0005769;GO:0005576;GO:0005615;GO:0034363;GO:0034362;GO:0034366;GO:0034361;GO:0055102;GO:0008289;GO:0060230;GO:0140677;GO:0016004;GO:0043274;GO:0033344;GO:0042632;GO:0034382;GO:0034371;GO:0034384;GO:0016042;GO:0042159;GO:0032375;GO:0045833;GO:0048261;GO:0010916;GO:0033700;GO:0045723;GO:0051006;GO:0010518;GO:0060697;GO:0010898;GO:0010902;GO:0043691;GO:0070328;GO:0034370;GO:0034372
P02743,"Amyloid P component, serum",Liver,GO:0072562;GO:0062023;GO:0070062;GO:0005576;GO:0005615;GO:0005634;GO:0005509;GO:0030246;GO:0001849;GO:0042802;GO:0051082;GO:0046790;GO:0006953;GO:0051131;GO:0045087;GO:0044869;GO:0044871;GO:0002674;GO:1903016;GO:1903019;GO:0045656;GO:0046597;GO:0048525;GO:0061045;GO:0006457
Q9HCU8,"DNA polymerase delta 4, accessory subunit",Liver,GO:0043625;GO:0005654;GO:0000731;GO:0006261;GO:0001938
O15218,G protein-coupled receptor 182,Testis,GO:0016020;GO:0005886;GO:0004930;GO:0004888;GO:0007166
P07911,Uromodulin,Kidney,GO:0016324;GO:0016323;GO:0009986;GO:0060170;GO:0005929;GO:0005783;GO:0070062;GO:0005615;GO:0019898;GO:0005796;GO:0016020;GO:0098552;GO:0000922;GO:0005509;GO:0019864;GO:0140367;GO:0097190;GO:0006914;GO:0006968;GO:0034620;GO:0061077;GO:0046720;GO:0072044;GO:0097709;GO:0050829;GO:0007029;GO:0036503;GO:0003094;GO:0007157;GO:0006954;GO:0006874;GO:0030644;GO:0030643;GO:0006883;GO:0072051;GO:0007159;GO:0006629;GO:0072218;GO:0072221;GO:0072233;GO:0060073;GO:0033555;GO:0008285;GO:1990266;GO:0002251;GO:0055075;GO:0072665;GO:0044861;GO:0008217;GO:0051223;GO:0035809;GO:0070294;GO:0097744;GO:0003091;GO:0032496;GO:0009414;GO:0009410;GO:0008380;GO:0033209;GO:0015747;GO:0071918
Q86UL8,"Membrane associated guanylate kinase, WW and PDZ domain containing 2",Brain,GO:0005923;GO:0005911;GO:0005814;GO:0005813;GO:0097546;GO:0005737;GO:0030425;GO:0005770;GO:0005634;GO:0048471;GO:0001917;GO:0001750;GO:0005886;GO:0014069;GO:0032991;GO:0036057;GO:0045202;GO:0031697;GO:0019902;GO:0030159;GO:0046332;GO:0070699;GO:1990090;GO:0072583;GO:0032926;GO:0030336;GO:0008285;GO:0051898;GO:0038180;GO:0007399;GO:0072015;GO:0010976;GO:0002092;GO:0043113;GO:0007165;GO:0060395;GO:0060071
Q9BSU1,Phagosome assembly factor 1,Liver,GO:0030425;GO:0000407;GO:0030672;GO:0005802;GO:0043001
P26232,Catenin alpha 2,Brain,GO:0015629;GO:0005912;GO:0030424;GO:0016342;GO:0005737;GO:0005829;GO:0005634;GO:0051015;GO:0008013;GO:0045296;GO:0005200;GO:0007409;GO:0048854;GO:0016477;GO:0098609;GO:0048813;GO:0034316;GO:0060134;GO:0021942;GO:2001222;GO:0010975;GO:0051823
P28329,Choline O-acetyltransferase,Brain,GO:0005737;GO:0005829;GO:0043005;GO:0005634;GO:0045202;GO:0004102;GO:0008292;GO:0007274;GO:0006836;GO:0006656
A6NI56,Coiled-coil domain containing 154,Testis,GO:0005769;GO:0035630;GO:0045453;GO:0042475;GO:0007605;GO:0044691
P49918,Cyclin dependent kinase inhibitor 1C,Brain,GO:0005737;GO:0005634;GO:0004861;GO:0140678;GO:0004860;GO:0044877;GO:0030325;GO:0043010;GO:0055123;GO:0060669;GO:0071514;GO:0001822;GO:0035264;GO:0030099;GO:1904030;GO:0045892;GO:0050680;GO:0033673;GO:0045930;GO:0042326;GO:0000122;GO:0042551;GO:0045893;GO:0030511;GO:0007096;GO:1902746;GO:0001501;GO:0060065
Q5TIA1,Meiotic double-stranded break formation protein 1,Testis,GO:0007127
O95672,Endothelin converting enzyme like 1,Brain,GO:0005886;GO:0046872;GO:0004222;GO:0008237;GO:0007218;GO:0016485;GO:0003016
Q9ULD0,Oxoglutarate dehydrogenase L,Kidney,GO:0005759;GO:0005739;GO:0045252;GO:0046872;GO:0004591;GO:0030976;GO:0006103;GO:0006096;GO:0006099
Q5JZY3,EPH receptor A10,Brain,GO:0030425;GO:0005576;GO:0016020;GO:0005886;GO:0005524;GO:0008288;GO:0060175;GO:0005006;GO:0005007;GO:0005004;GO:0005008;GO:0140801;GO:0035401;GO:0005009;GO:0005010;GO:0005011;GO:0036332;GO:0005018;GO:0005019;GO:0038062;GO:0005020;GO:0005005;GO:0005021;GO:0007411;GO:0048013
P50225,Sulfotransferase family 1A member 1,Liver,GO:0005737;GO:0005829;GO:0050656;GO:0004062;GO:0047894;GO:0050294;GO:0008146;GO:0050427;GO:0009308;GO:0006584;GO:0008210;GO:0006068;GO:0009812;GO:0051923;GO:0006805
Q01954,Basonuclin 1,Testis,GO:0005737;GO:0005730;GO:0005654;GO:0005634;GO:0001216;GO:0046872;GO:0000182;GO:0030154;GO:0008544;GO:0008284;GO:1900195;GO:0045943;GO:0006356;GO:0007283
Q9Y250,Leucine zipper tumor suppressor 1,Brain,GO:0005737;GO:0043197;GO:0098978;GO:0005886;GO:0014069;GO:0016242;GO:0048814;GO:0150052;GO:0048167
Q9NSV4,Diaphanous related formin 3,Testis,GO:0005884;GO:0032432;GO:0032154;GO:0005737;GO:0005829;GO:0000813;GO:0031941;GO:0005815;GO:0005634;GO:0097470;GO:0000922;GO:1990427;GO:0003779;GO:0045296;GO:0008017;GO:0042803;GO:0031267;GO:0051764;GO:0030036;GO:0051017;GO:0030041;GO:0045010;GO:0061909;GO:0030030;GO:0007059;GO:0007010;GO:0016197;GO:0043131;GO:0030010;GO:0010467;GO:0060322;GO:0001701;GO:0060113;GO:0007229;GO:0030225;GO:0046785;GO:0007026;GO:0071800;GO:0034367;GO:0007605
P05771,Protein kinase C beta,Brain,GO:0031526;GO:0044305;GO:0005813;GO:0005737;GO:0005829;GO:0070062;GO:0005654;GO:0005634;GO:0005886;GO:0099523;GO:0008091;GO:0005524;GO:0005246;GO:0004698;GO:0003682;GO:0004697;GO:0004699;GO:0042393;GO:0035403;GO:0050681;GO:0030374;GO:0005080;GO:0106310;GO:0004674;GO:0008270;GO:0002250;GO:0006915;GO:0042113;GO:0050853;GO:0006816;GO:0071322;GO:0018894;GO:0006874;GO:0035556;GO:0042953;GO:0007077;GO:0010829;GO:0046627;GO:0007207;GO:0045766;GO:0043123;GO:0032024;GO:0042488;GO:0030949;GO:0043687;GO:0099171;GO:0006468;GO:0010827;GO:0014059;GO:0040008;GO:2000300;GO:0006357;GO:0045471;GO:0009749;GO:0033280;GO:0009410;GO:0007165
Q86WS5,Transmembrane serine protease 12,Testis,GO:0001669;GO:0005886;GO:0004252;GO:0001675;GO:0007339;GO:1902492;GO:0016485;GO:0007283
A6NMS7,Leucine rich repeat containing 37A,Testis,GO:0016020
P0CG40,Sp9 transcription factor,Brain,GO:0000785;GO:0005634;GO:0000981;GO:0046872;GO:0000978;GO:1990837;GO:0030326;GO:0006357
A1L167,Ubiquitin conjugating enzyme E2 Q family like 1,Heart,GO:0005654;GO:0005634;GO:0005886;GO:0005524;GO:0061631;GO:0000209
P0DJD3,RNA binding motif protein Y-linked family 1 member A1,Testis,GO:0005730;GO:0005654;GO:0005681;GO:0003729;GO:0003723;GO:0006397;GO:0048026;GO:0000381;GO:0008380
Q96PX8,SLIT and NTRK like family member 1,Brain,GO:0005576;GO:0098982;GO:0098978;GO:0005886;GO:0098839;GO:0045202;GO:0030534;GO:0007409;GO:0006897;GO:0010467;GO:0042592;GO:0035264;GO:1990138;GO:0042415;GO:0050772;GO:0051965;GO:1905606;GO:0007416;GO:0099560;GO:0071625
Q9BSQ5,CCM2 scaffold protein,Brain,GO:0005737;GO:0005739;GO:0032991;GO:0060837;GO:0045216;GO:0001885;GO:0061154;GO:0003158;GO:0007507;GO:0001701;GO:0048839;GO:0007229;GO:0035264;GO:0060039;GO:0045765;GO:0051403;GO:0001570;GO:0048845
O94929,Actin binding LIM protein family member 3,Liver,GO:0015629;GO:0005737;GO:0098978;GO:0030027;GO:0001725;GO:0051015;GO:0046872;GO:0060271;GO:0007010;GO:0030032;GO:1903955;GO:0045944;GO:0006366
Q16517,Neuronatin,Brain,GO:0005737;GO:0007420;GO:0032024;GO:0009249
P19801,Amine oxidase copper containing 1,Kidney,GO:0005923;GO:0070062;GO:0005576;GO:0005615;GO:0005777;GO:0005886;GO:0035580;GO:0005509;GO:0005507;GO:0052597;GO:0008201;GO:0052598;GO:0008131;GO:0042803;GO:0050232;GO:0048038;GO:0009308;GO:0009445
P32189,Glycerol kinase,Kidney,GO:0005829;GO:0070062;GO:0005741;GO:0005739;GO:0005634;GO:0005524;GO:0004370;GO:0046872;GO:0019563;GO:0006071;GO:0046167;GO:0019432;GO:0006641
Q15413,Ryanodine receptor 3,Brain,GO:0034704;GO:0016020;GO:0042383;GO:0033017;GO:0005790;GO:0030018;GO:0005509;GO:0048763;GO:0005516;GO:0015278;GO:0005219;GO:0070588;GO:0006816;GO:0071318;GO:0071313;GO:0071277;GO:0071286;GO:0006874;GO:0051289;GO:0051209;GO:0014808;GO:0006941
Q6ZU69,Family with sequence similarity 205 member A,Testis,GO:0016020;GO:0005634
Q6ZWH5,NIMA related kinase 10,Testis,GO:0005576;GO:1902911;GO:0004676;GO:0004679;GO:0005524;GO:0004677;GO:0004694;GO:0044024;GO:0072371;GO:1990244;GO:0035979;GO:0044025;GO:0140823;GO:0035175;GO:0044022;GO:0140855;GO:0035402;GO:0072354;GO:0140857;GO:0035403;GO:0044023;GO:0046872;GO:0004672;GO:0106310;GO:0004674;GO:0072518;GO:0004711;GO:0120197;GO:0043406;GO:0031954;GO:0006468;GO:1902749;GO:0070372
P10114,"RAP2A, member of RAS oncogene family",Brain,GO:0005829;GO:0030496;GO:0005886;GO:0055037;GO:0055038;GO:0098685;GO:0097060;GO:0003925;GO:0019003;GO:0005525;GO:0003924;GO:0000287;GO:0030036;GO:0071466;GO:0045184;GO:0030033;GO:0030336;GO:0031954;GO:0001934;GO:0008104;GO:0072659;GO:0032486;GO:0048814;GO:0046328;GO:0099072;GO:0051963
Q9P0Z9,Pipecolic acid and sarcosine oxidase,Kidney,GO:0005829;GO:0005782;GO:0005777;GO:0050660;GO:0050031;GO:0008115;GO:0033514;GO:0006554
Q8IYX3,Coiled-coil domain containing 116,Testis,GO:0005813;GO:0005737
O15360,FA complementation group A,Testis,GO:0000785;GO:0005737;GO:0005829;GO:0043240;GO:0005654;GO:0005634;GO:0006281;GO:0008585;GO:0036297;GO:0008584;GO:0007140;GO:0065003;GO:2000348;GO:1905936;GO:0050727;GO:0045589
Q6ZVK1,Transmembrane protein 179,Brain,GO:0016020
Q9H5I5,Piezo type mechanosensitive ion channel component 2,Brain,GO:0032437;GO:0032809;GO:0005886;GO:0032420;GO:0140135;GO:0008381;GO:0005261;GO:0071260;GO:0050982;GO:0050974;GO:0006812;GO:0042391;GO:0009612
Q6ZMZ0,Ring finger protein 19B,Testis,GO:0044194;GO:0005737;GO:0005829;GO:0005783;GO:0005789;GO:0000151;GO:0043130;GO:0031624;GO:0061630;GO:0008270;GO:0002250;GO:0042267;GO:0051865;GO:0006511
O14531,Dihydropyrimidinase like 4,Brain,GO:0005829;GO:0031005;GO:0016812;GO:0007399
Q9HAT1,"Lectin, mannose binding 1 like",Brain,GO:0062023;GO:0030134;GO:0005789;GO:0005793;GO:0033116;GO:0000139;GO:0005537;GO:0006888
Q9Y6F7,Chromodomain Y-linked 2A,Testis,GO:0005634;GO:0043999;GO:0044012;GO:0044015;GO:0044014;GO:0140908;GO:0036408;GO:0043993;GO:0043994;GO:0044017;GO:0044018;GO:0044016;GO:0032931;GO:0043992;GO:0043997;GO:0046972;GO:0043995;GO:0043996;GO:0003714;GO:0007283
O95096,NK2 homeobox 2,Brain,GO:0000785;GO:0005654;GO:0005634;GO:0000987;GO:0001228;GO:0000981;GO:0000978;GO:0048708;GO:0007420;GO:0030154;GO:0048565;GO:0045665;GO:0061101;GO:0048665;GO:0014003;GO:0021554;GO:0003326;GO:0003329;GO:0030858;GO:0010628;GO:0045666;GO:0048714;GO:0006357;GO:0009749;GO:0032570;GO:0007224;GO:0021522;GO:0021530;GO:0003323;GO:0003327;GO:0060580
P31040,Succinate dehydrogenase complex flavoprotein subunit A,Heart,GO:0005743;GO:0005759;GO:0005739;GO:0005730;GO:0045273;GO:0009055;GO:0050660;GO:0008177;GO:0006121;GO:0007399;GO:0042776;GO:0022904;GO:0006105;GO:0006099
A0A494BZU4,Transmembrane protein 217B,Testis,GO:0016020
P40145,Adenylate cyclase 8,Brain,GO:0016324;GO:0030424;GO:0016323;GO:0005901;GO:0005905;GO:0030665;GO:0030425;GO:0060076;GO:0098978;GO:0098686;GO:0016020;GO:0045121;GO:0032809;GO:0005886;GO:0044853;GO:0014069;GO:0048786;GO:0042734;GO:0098685;GO:0003779;GO:0004016;GO:0005524;GO:0008294;GO:0005516;GO:0046872;GO:0046983;GO:0046982;GO:0042803;GO:0051721;GO:0034199;GO:0007189;GO:0006171;GO:0071277;GO:1904322;GO:0071377;GO:0071333;GO:0071315;GO:0038003;GO:0042593;GO:0010255;GO:0035556;GO:0007611;GO:0007626;GO:0007616;GO:0007613;GO:0150076;GO:0032793;GO:0007204;GO:0035774;GO:1900454;GO:1900273;GO:0031915;GO:0051259;GO:0051260;GO:0080135;GO:0051480;GO:0050796;GO:0007165
P16444,Dipeptidase 1,Kidney,GO:0045177;GO:0016324;GO:0030054;GO:0070062;GO:0005615;GO:0031528;GO:0005654;GO:0005886;GO:0098552;GO:0008800;GO:0043027;GO:0016805;GO:0034235;GO:0070573;GO:0008235;GO:0072341;GO:0008270;GO:0016999;GO:0071277;GO:0071732;GO:0071466;GO:0006751;GO:0006749;GO:0050667;GO:0006954;GO:0072340;GO:1901749;GO:0043066;GO:0030336;GO:2000117;GO:0030593;GO:0006508
Q96MC5,BMERB domain containing 1,Brain,GO:0015630;GO:0021814;GO:0007019;GO:0021822;GO:0007026
Q7L0X0,TLR4 interactor with leucine rich repeats,Brain,GO:0031012;GO:0005615;GO:0046696;GO:0001530;GO:0006954;GO:0045087;GO:0002718;GO:0034142
Q16821,Protein phosphatase 1 regulatory subunit 3A,Heart,GO:0016020;GO:0000164;GO:2001069;GO:0008157;GO:0005977;GO:0005979
P04217,Alpha-1-B glycoprotein,Liver,GO:0072562;GO:0062023;GO:0070062;GO:0005576;GO:0005615;GO:1904813;GO:0005886;GO:0031093;GO:0034774;GO:0002764
P22888,Luteinizing hormone/choriogonadotropin receptor,Testis,GO:0034451;GO:0005768;GO:0005615;GO:0005886;GO:0043235;GO:0051117;GO:0038106;GO:0035472;GO:0008528;GO:0042802;GO:0004964;GO:0017046;GO:0007190;GO:0007189;GO:0050482;GO:0071371;GO:0071373;GO:0050890;GO:0046544;GO:0007186;GO:0007187;GO:0009755;GO:0042700;GO:0030539;GO:0008584;GO:0001541;GO:0022602;GO:0007200;GO:0010524;GO:0050850;GO:0046886;GO:0032962;GO:0051281;GO:0006622;GO:0090030;GO:0009410;GO:0072520;GO:0007283;GO:0060065
P17936,Insulin like growth factor binding protein 3,Liver,GO:0005788;GO:0005576;GO:0005615;GO:0016942;GO:0042567;GO:0005634;GO:0001968;GO:0005520;GO:0031994;GO:0031995;GO:0046872;GO:0008160;GO:0006915;GO:0000165;GO:0008285;GO:0001933;GO:0009968;GO:0014912;GO:0048662;GO:0001649;GO:0043065;GO:0043568;GO:0043410;GO:0045663;GO:0006468;GO:0001558;GO:0010906;GO:0043567;GO:0044342
Q8N136,Dynein assembly factor with WD repeats 1,Testis,GO:0036064;GO:0005929;GO:0005737;GO:0005576;GO:0031514;GO:0019005;GO:1990756;GO:0090660;GO:0007368;GO:0007507;GO:0042073;GO:0036158;GO:0000209
Q7Z6J6,FERM domain containing 5,Heart,GO:0005912;GO:0005856;GO:0016020;GO:0008092;GO:0005178;GO:0019901;GO:0031032;GO:2000146;GO:0045785;GO:0030334
Q8TEZ7,Progestin and adipoQ receptor family member 8,Brain,GO:0005794;GO:0005886;GO:0003707;GO:0005496;GO:0048477;GO:0048545
Q96Q42,Alsin Rho guanine nucleotide exchange factor ALS2,Brain,GO:0005813;GO:0005737;GO:0005829;GO:0030425;GO:0043197;GO:0005769;GO:0098978;GO:0030426;GO:0043231;GO:0030027;GO:0005634;GO:0014069;GO:0032991;GO:0001726;GO:0031982;GO:0005096;GO:0005085;GO:0042802;GO:0042803;GO:0043539;GO:0031267;GO:0001662;GO:0016197;GO:0007032;GO:0007626;GO:0007041;GO:0007528;GO:0048812;GO:0043547;GO:0045860;GO:0035022;GO:0051260;GO:0008104;GO:0001881;GO:0051036;GO:0099072;GO:0006979;GO:0035249
P05230,Fibroblast growth factor 1,Brain,GO:0005938;GO:0005737;GO:0005829;GO:0031012;GO:0005576;GO:0005615;GO:0005654;GO:0005634;GO:0005104;GO:0008083;GO:0008201;GO:0030544;GO:0005178;GO:0044548;GO:0032148;GO:0009653;GO:0001525;GO:0060681;GO:0034605;GO:0050673;GO:0008543;GO:0030324;GO:0072163;GO:0022008;GO:0001759;GO:0045766;GO:0051781;GO:0030335;GO:0008284;GO:0045542;GO:0010595;GO:0070374;GO:2000347;GO:1902533;GO:0043406;GO:0043410;GO:1903672;GO:0045944;GO:0030334;GO:2000544;GO:1901509;GO:0007165;GO:0042060
Q8IW03,Siah E3 ubiquitin protein ligase family member 3,Brain,GO:0005737;GO:0005739;GO:0005654;GO:0046872;GO:0031624;GO:0061630;GO:1903215;GO:0043161;GO:0031647
O75781,Paralemmin,Brain,GO:0016327;GO:0030424;GO:0016323;GO:0009898;GO:0031410;GO:0043197;GO:0031527;GO:0005654;GO:0005886;GO:0014069;GO:0031750;GO:0007193;GO:0071257;GO:0007010;GO:0060160;GO:0051491;GO:0072659;GO:0008360;GO:0060074
Q9BXA7,Testis specific serine kinase 1B,Testis,GO:0001669;GO:0031514;GO:0004676;GO:0004679;GO:0005524;GO:0004677;GO:0004694;GO:0044024;GO:0072371;GO:1990244;GO:0035979;GO:0044025;GO:0140823;GO:0035175;GO:0044022;GO:0140855;GO:0035402;GO:0072354;GO:0140857;GO:0035403;GO:0044023;GO:0000287;GO:0106310;GO:0004674;GO:0044877;GO:0072518;GO:0004711;GO:0006468;GO:0007286
Q6UXZ4,Unc-5 netrin receptor D,Brain,GO:0009986;GO:0005886;GO:0005042;GO:0006915;GO:0007411;GO:0098742;GO:0021859;GO:2001222
O00311,Cell division cycle 7,Testis,GO:0005737;GO:0045171;GO:0072686;GO:0005654;GO:0005634;GO:0004676;GO:0004679;GO:0005524;GO:0004677;GO:0004694;GO:0044024;GO:0072371;GO:1990244;GO:0035979;GO:0044025;GO:0140823;GO:0035175;GO:0044022;GO:0140855;GO:0035402;GO:0072354;GO:0140857;GO:0035403;GO:0044023;GO:0016301;GO:0046872;GO:0004672;GO:0106310;GO:0004674;GO:0072518;GO:0004711;GO:0044770;GO:0051301;GO:0000727;GO:0000082;GO:0008284;GO:0010971;GO:0010571;GO:0007165
Q7L0X2,Glutamate rich 6,Testis,
Q969F8,KISS1 receptor,Brain,GO:0009986;GO:0005929;GO:0043231;GO:0016020;GO:0005886;GO:0008528;GO:0008188;GO:0007186;GO:0007218
Q8NET4,Retrotransposon Gag like 9,Testis,
P19429,"Troponin I3, cardiac type",Heart,GO:0097512;GO:1990584;GO:0005829;GO:0030017;GO:0005861;GO:0003779;GO:0051015;GO:0019855;GO:0048306;GO:0019904;GO:0019901;GO:0030172;GO:0031014;GO:0060048;GO:0060047;GO:0007507;GO:0006874;GO:0032780;GO:0010882;GO:0006940;GO:0001980;GO:0003009;GO:0001570;GO:0055010
P0DKX0,Zinc finger protein 728,Testis,GO:0005634;GO:0000981;GO:0046872;GO:0000978;GO:0006357
Q2M3C6,Transmembrane protein 266,Brain,GO:0005829;GO:0030425;GO:0043204;GO:0005886;GO:0042803
Q9UN88,Gamma-aminobutyric acid type A receptor subunit theta,Brain,GO:0034707;GO:1902711;GO:0043005;GO:0005886;GO:0045211;GO:0043235;GO:0045202;GO:1902495;GO:0004890;GO:0022851;GO:0030594;GO:0005326;GO:0004888;GO:1902476;GO:0007165
Q587J8,"KH domain containing 3 like, subcortical maternal complex member",Testis,GO:0005938;GO:0005813;GO:0005694;GO:0005737;GO:0005739;GO:0005634;GO:0032991;GO:0106333;GO:0003723;GO:0007015;GO:0051656;GO:0043066;GO:1900006;GO:2000781;GO:1905168;GO:0040019;GO:0050769;GO:0032880;GO:0031297
Q5VWI1,Transcription elongation regulator 1 like,Brain,GO:0005634;GO:0070063;GO:0003712
A6NCI8,Chromosome 2 open reading frame 78,Testis,
Q969V1,Melanin concentrating hormone receptor 2,Testis,GO:0005886;GO:0008528;GO:0007218
Q13304,G protein-coupled receptor 17,Brain,GO:0005886;GO:0004950;GO:0004930;GO:0033612;GO:0007186;GO:0002862;GO:0048709
P62166,Neuronal calcium sensor 1,Brain,GO:0030424;GO:0005737;GO:0030425;GO:0005794;GO:0043231;GO:0048471;GO:0005886;GO:0014069;GO:0005509;GO:0008048;GO:0005245;GO:0010975;GO:0009966
O95971,CD160 molecule,Brain,GO:0005576;GO:0005886;GO:0098552;GO:0032397;GO:0019900;GO:0023024;GO:0032393;GO:0032394;GO:0005102;GO:0002250;GO:0001525;GO:0050829;GO:0045087;GO:0002385;GO:1905675;GO:0016525;GO:1900280;GO:0050860;GO:0043491;GO:2000353;GO:0002729;GO:0043323;GO:0045954;GO:0002857;GO:0032729;GO:0031295
Q07699,Sodium voltage-gated channel beta subunit 1,Brain,GO:0005576;GO:0014704;GO:0033268;GO:0043204;GO:0005886;GO:0030315;GO:0001518;GO:0019871;GO:0017080;GO:0044325;GO:0007411;GO:0061337;GO:0086002;GO:0060048;GO:0007155;GO:0021966;GO:0040011;GO:0051899;GO:0086010;GO:0086012;GO:0086047;GO:0019227;GO:0010976;GO:0010765;GO:1905152;GO:0060371;GO:0086091;GO:1902305;GO:0060307;GO:0035725
Q86WB7,Unc-93 homolog A,Liver,GO:0016020;GO:0005886
P42356,Phosphatidylinositol 4-kinase alpha,Brain,GO:0005737;GO:0005829;GO:0070062;GO:0005925;GO:0030660;GO:0016020;GO:0005886;GO:0004430;GO:0005524;GO:0045296;GO:0044788;GO:0006661;GO:0046854;GO:0048015;GO:0140754;GO:0007165
P11509,Cytochrome P450 family 2 subfamily A member 6,Liver,GO:0005737;GO:0005881;GO:0005789;GO:0043231;GO:0008392;GO:0008389;GO:0019899;GO:0020037;GO:0005506;GO:0016712;GO:0046226;GO:0009804;GO:0019373;GO:0008202;GO:0042178;GO:0006805
Q96HY7,Dehydrogenase E1 and transketolase domain containing 1,Liver,GO:0005759;GO:0005739;GO:0160167;GO:0160166;GO:0004591;GO:0030976;GO:0006091;GO:0006096;GO:0002244
Q8NDH2,Coiled-coil domain containing 168,Testis,GO:0016020
Q6PL45,BRICHOS domain containing 5,Brain,GO:0005615;GO:0016020;GO:0042127
O75324,Stannin,Brain,GO:0005737;GO:0016020;GO:0005741;GO:0046872;GO:0009636
Q09327,"Beta-1,4-mannosyl-glycoprotein 4-beta-N-acetylglucosaminyltransferase",Brain,GO:0000139;GO:0016020;GO:0003830;GO:0016757;GO:0050435;GO:0034599;GO:0050890;GO:0006044;GO:1905166;GO:1902966;GO:0008104;GO:0006487;GO:0030334
Q9NRU3,Cyclin and CBS domain divalent metal cation transport mediator 1,Testis,GO:0005886;GO:0022857;GO:0010960;GO:0006811
Q13224,Glutamate ionotropic receptor NMDA type subunit 2B,Brain,GO:0009986;GO:0005737;GO:0005856;GO:0030425;GO:0005789;GO:0005770;GO:0005764;GO:0043005;GO:0017146;GO:0005886;GO:0014069;GO:0098839;GO:0045211;GO:0097060;GO:0001540;GO:0016595;GO:0022849;GO:0016594;GO:0099507;GO:0004972;GO:1904315;GO:0008270;GO:0007420;GO:0097553;GO:0007268;GO:0098976;GO:0060079;GO:0007215;GO:0035235;GO:0007611;GO:0060291;GO:0098655;GO:1902951;GO:2000463;GO:0051968;GO:0051290;GO:1904062;GO:0048168;GO:0048167;GO:0045471;GO:0035249
O14894,Transmembrane 4 L six family member 5,Liver,GO:0005765;GO:0016020;GO:0005886;GO:0034618;GO:2000045
A0A1B0GU33,Testis expressed 53,Testis,
Q8NES8,Defensin beta 124,Testis,GO:0005576;GO:0042742;GO:0045087
Q8NCM2,Potassium voltage-gated channel subfamily H member 5,Brain,GO:0009986;GO:0005886;GO:0008076;GO:0005516;GO:0005251;GO:0044877;GO:0044325;GO:0005249;GO:0071805;GO:0006813;GO:0010389;GO:0042391
Q6ZVT6,CFAP20 domain containing,Testis,
Q08828,Adenylate cyclase 1,Liver,GO:0005737;GO:0070062;GO:0098978;GO:0098686;GO:0045121;GO:0005886;GO:0098839;GO:0098793;GO:0098685;GO:0004016;GO:0005524;GO:0008294;GO:0005516;GO:0046872;GO:0007189;GO:0007409;GO:0006171;GO:0071277;GO:1904322;GO:0007623;GO:0035556;GO:0007616;GO:0150076;GO:0032793;GO:1900273;GO:0099171;GO:0042752;GO:0009410
Q9UIF3,Tektin 2,Testis,GO:0160111;GO:0005879;GO:0015630;GO:0005815;GO:0005634;GO:0036126;GO:0060271;GO:0060294;GO:0030317;GO:0036159
Q8TDR4,T-complex 10 like,Testis,GO:0005634;GO:0140297;GO:0042802;GO:0003714;GO:0000122
O95255,ATP binding cassette subfamily C member 6,Kidney,GO:0009925;GO:0016323;GO:0005789;GO:0005576;GO:0016020;GO:0005654;GO:0005886;GO:0015431;GO:0005524;GO:0016887;GO:0043225;GO:0042626;GO:0046034;GO:0015867;GO:0055074;GO:0010467;GO:0140928;GO:0030505;GO:0030643;GO:0071716;GO:0055062;GO:0032026;GO:1904383;GO:0009410;GO:0055085;GO:0007601
Q96PV4,PNMA family member 5,Brain,GO:0042802;GO:0043065
Q9Y468,L3MBTL histone methyl-lysine binding protein 1,Brain,GO:0000785;GO:0061793;GO:0000793;GO:0005654;GO:0005634;GO:0003682;GO:0042393;GO:0042802;GO:0035064;GO:0031491;GO:0032093;GO:0008270;GO:0006325;GO:0030097;GO:0031507;GO:0045892;GO:0051726;GO:0045652;GO:0007088
Q8NGZ6,Olfactory receptor family 6 subfamily F member 1,Testis,GO:0005886;GO:0004930;GO:0004984
Q9Y281,Cofilin 2,Heart,GO:0015629;GO:0005737;GO:0070062;GO:0005615;GO:0031674;GO:0016363;GO:0030018;GO:0051015;GO:0030042;GO:0030043;GO:0051014;GO:0046716;GO:0030836;GO:0045214;GO:0007519
P35858,Insulin like growth factor binding protein acid labile subunit,Liver,GO:0070062;GO:0031012;GO:0005576;GO:0005615;GO:0042567;GO:0005520;GO:0007155;GO:0007165
Q9HAC7,Succinyl-CoA:glutarate-CoA transferase,Liver,GO:0005739;GO:0047369
P43356,MAGE family member A2,Testis,GO:0005634;GO:0016605;GO:0140297;GO:0042826;GO:0031625;GO:0090398;GO:1901984;GO:0033234;GO:0000122;GO:0051443;GO:0030163;GO:0072331
A2RU30,"Thymocyte expressed, positive selection associated 1",Brain,GO:0008180;GO:0005737;GO:0005829;GO:0005789;GO:0036398;GO:0043274;GO:0005102;GO:0010387;GO:0033089;GO:0050862;GO:0008104;GO:0033077;GO:0036399
Q8IVJ1,Solute carrier family 41 member 1,Heart,GO:0016323;GO:0005886;GO:0032991;GO:0022890;GO:0015095;GO:0061768;GO:0022857;GO:0071286;GO:0010961;GO:1903830;GO:0015693;GO:0030001
P53675,Clathrin heavy chain like 1,Testis,GO:0030130;GO:0071439;GO:0045334;GO:0005905;GO:0030136;GO:0030135;GO:0005829;GO:0070062;GO:0005770;GO:0016020;GO:0097443;GO:0005819;GO:0005802;GO:0032051;GO:0005198;GO:0009653;GO:0006886;GO:0000278;GO:0046326;GO:0006898;GO:0042147
Q96PB8,Leucine rich repeat containing 3B,Testis,GO:0031012;GO:0005615;GO:0016020
P41217,CD200 molecule,Brain,GO:0030424;GO:0044297;GO:0009986;GO:0016020;GO:0043005;GO:0043025;GO:0005886;GO:0098632;GO:0140081;GO:0086080;GO:0098609;GO:0034113;GO:0008285;GO:0032715;GO:0002695;GO:0043031;GO:1905522;GO:1904465;GO:0150079;GO:0032088;GO:2000405;GO:0150072;GO:0032793;GO:0150074;GO:0071636;GO:0050776;GO:0150077
Q8N0Z2,Actin binding Rho activating protein,Heart,GO:0015629;GO:0005886;GO:0030017;GO:0003779;GO:0030036;GO:0035025;GO:0045944;GO:0006606;GO:0006366
Q9BZQ2,SHC binding and spindle associated 1 like,Testis,GO:0005737;GO:0072687;GO:0030154;GO:0007112;GO:2001252;GO:0007283
P51843,Nuclear receptor subfamily 0 group B member 1,Testis,GO:0034451;GO:0000785;GO:0005737;GO:0043231;GO:0016020;GO:0016607;GO:0005654;GO:0005634;GO:0005840;GO:0050682;GO:0032448;GO:0016922;GO:0019904;GO:0042803;GO:0003723;GO:0061629;GO:0003714;GO:0030325;GO:0035987;GO:0008406;GO:0021854;GO:0033327;GO:0008584;GO:0030238;GO:0043433;GO:0045892;GO:0033144;GO:0010894;GO:0000122;GO:0021983;GO:0008104;GO:0035902;GO:0060008;GO:0007283
Q96DC9,"OTU deubiquitinase, ubiquitin aldehyde binding 2",Testis,GO:0005634;GO:0004843;GO:0043130;GO:0016579;GO:0035871;GO:0071108;GO:0070536;GO:0006508
Q8NCR9,Clarin 3,Liver,GO:0070062;GO:0016020;GO:0007605
Q9BYG7,Maestro,Kidney,GO:0005730
Q96SJ8,Tetraspanin 18,Heart,GO:0005886;GO:0017156;GO:0051649;GO:0007599;GO:0006954;GO:1903670
Q8TCC7,Solute carrier family 22 member 8,Kidney,GO:0016324;GO:0016323;GO:0070062;GO:0005886;GO:0008514;GO:0015132;GO:0005452;GO:0042910;GO:0006811;GO:0015732;GO:0009636;GO:0150104
Q6UXK2,Immunoglobulin superfamily containing leucine rich repeat 2,Testis,GO:0009986;GO:0005886;GO:0007399;GO:0045773
P23945,Follicle stimulating hormone receptor,Testis,GO:0016020;GO:0005886;GO:0043235;GO:0004963;GO:0008528;GO:0007189;GO:0071372;GO:0007292;GO:0008585;GO:0042699;GO:0007186;GO:0008406;GO:0009755;GO:0008584;GO:0070374;GO:0051897;GO:0010738;GO:0007283
O94851,"Microtubule associated monooxygenase, calponin and LIM domain containing 2",Brain,GO:0005884;GO:0005737;GO:0005634;GO:0003779;GO:0120501;GO:0071949;GO:0046872;GO:0051019;GO:0004497;GO:0016174;GO:0016491;GO:0016709;GO:0030042;GO:0007010;GO:0007507;GO:0001947;GO:0045944;GO:0019417
O00592,Podocalyxin like,Kidney,GO:0016324;GO:0034451;GO:0005737;GO:0070062;GO:0005615;GO:0030175;GO:0043231;GO:0030027;GO:0045121;GO:0031528;GO:0005730;GO:0005886;GO:0001726;GO:0036057;GO:0007155;GO:0016477;GO:0072175;GO:0007162;GO:0022408;GO:0072015;GO:0030335;GO:0033634;GO:0032534
O15018,PDZ domain containing 2,Heart,GO:0005911;GO:0034451;GO:0005737;GO:0005829;GO:0005783;GO:0005576;GO:0043231;GO:0005634;GO:0005886;GO:0007155
O94819,Kelch repeat and BTB domain containing 11,Brain,
Q9Y6A5,Transforming acidic coiled-coil containing protein 3,Testis,GO:0034451;GO:0005737;GO:0005829;GO:0043231;GO:0072686;GO:0000922;GO:0051301;GO:0021987;GO:0007091;GO:0000226;GO:1902850;GO:0007052;GO:0007097;GO:0060236
Q8IXM3,Mitochondrial ribosomal protein L41,Heart,GO:0005743;GO:0005762;GO:0005739;GO:1990904;GO:0003723;GO:0003735;GO:0006915;GO:0032543;GO:0006412
Q8TE57,ADAM metallopeptidase with thrombospondin type 1 motif 16,Brain,GO:0031012;GO:0005576;GO:0046872;GO:0004222;GO:0001658;GO:0030198;GO:0048232;GO:0006508;GO:1902017;GO:0003073
Q5VVC0,Chromosome 1 open reading frame 146,Testis,GO:0005694;GO:0007131;GO:0007130
Q8TBE1,Cornichon family AMPA receptor auxiliary protein 3,Brain,GO:0032281;GO:0030425;GO:0043198;GO:0005789;GO:0033116;GO:0012507;GO:0045211;GO:0045202;GO:0005102;GO:2000311;GO:0035249;GO:0016192
P52292,Karyopherin subunit alpha 2,Testis,GO:0005737;GO:0005829;GO:0005789;GO:0000139;GO:0043657;GO:0016020;GO:0042564;GO:0031965;GO:0005654;GO:0005634;GO:0042826;GO:0061608;GO:0008139;GO:0003723;GO:0006259;GO:0075506;GO:0006607;GO:0032481;GO:1903902;GO:0006606;GO:0000018
P16562,Cysteine rich secretory protein 2,Testis,GO:0005615
P22792,Carboxypeptidase N subunit 2,Liver,GO:0072562;GO:0070062;GO:0031012;GO:0005576;GO:0005615;GO:0030234;GO:0050821
Q96I13,Abhydrolase domain containing 8,Brain,GO:0070062;GO:0016787
Q8IXR5,Family with sequence similarity 178 member B,Brain,
Q9HCN6,Glycoprotein VI platelet,Brain,GO:0009986;GO:0070062;GO:0045121;GO:0005886;GO:0097197;GO:0005518;GO:0038064;GO:1990782;GO:0038023;GO:0004888;GO:0038065;GO:0038063;GO:0007167;GO:0002764;GO:0030168;GO:0070527;GO:1901731
P28566,5-hydroxytryptamine receptor 1E,Brain,GO:0030425;GO:0005886;GO:0045202;GO:0004930;GO:0004993;GO:0001586;GO:0030594;GO:0051378;GO:0099589;GO:0007193;GO:0007198;GO:0007268;GO:0007186;GO:0007187
Q9UHL3,Family with sequence similarity 153 member A,Testis,
Q8N9L9,Acyl-CoA thioesterase 4,Kidney,GO:0005829;GO:0005782;GO:0005777;GO:0052689;GO:0047617;GO:0004778;GO:0006637;GO:0043649;GO:0043648;GO:0006633;GO:0006631;GO:0001676;GO:0032788;GO:0046459;GO:0006104;GO:0032789;GO:0000038
Q8TE04,Pantothenate kinase 1,Kidney,GO:0030136;GO:0005737;GO:0005829;GO:0005730;GO:0005634;GO:0055037;GO:1905502;GO:0005524;GO:0004594;GO:0042803;GO:0015937
H7C350,Coiled-coil domain containing 188,Testis,GO:0016020
P09493,Tropomyosin 1,Heart,GO:0015629;GO:0005884;GO:0032059;GO:0005856;GO:0005829;GO:0005862;GO:0032587;GO:0030017;GO:0001725;GO:0003779;GO:0051015;GO:0008092;GO:0042802;GO:0046982;GO:0042803;GO:0005200;GO:0008307;GO:0007015;GO:0060048;GO:0034614;GO:0007010;GO:0030049;GO:0030336;GO:1904753;GO:1904706;GO:0032781;GO:0045785;GO:0003065;GO:0051496;GO:0008360;GO:0008016;GO:0006937;GO:0031529;GO:0045214;GO:0055010;GO:0042060
Q96PB8,Leucine rich repeat containing 3B,Brain,GO:0031012;GO:0005615;GO:0016020
A5PKW4,Pleckstrin and Sec7 domain containing,Brain,GO:0032154;GO:0043197;GO:0099092;GO:0032587;GO:0005085;GO:0005543;GO:0031175;GO:0032012;GO:0007165
Q13103,Secreted phosphoprotein 2,Liver,GO:0062023;GO:0005788;GO:0005576;GO:0031089;GO:0004866;GO:0046849;GO:0001501
P51587,BRCA2 DNA repair associated,Testis,GO:0033593;GO:0005813;GO:0000781;GO:0005829;GO:1990391;GO:0000800;GO:0000152;GO:0005654;GO:0005634;GO:0032991;GO:0030141;GO:0043015;GO:0010484;GO:0010485;GO:0042802;GO:0002020;GO:0003697;GO:0007420;GO:0071479;GO:0090398;GO:0051298;GO:0006978;GO:0006302;GO:0000724;GO:0070200;GO:0008585;GO:0071425;GO:0001833;GO:0042771;GO:0007141;GO:1990426;GO:0033600;GO:0006289;GO:0001556;GO:0045893;GO:0045931;GO:0032465;GO:2000001;GO:0006355;GO:0010332;GO:0010225;GO:0010165;GO:0007283;GO:0000722
Q9BS86,Zona pellucida binding protein,Testis,GO:0002080;GO:0001669;GO:0005576;GO:0005634;GO:0002199;GO:0001675;GO:0007339
Q86XH1,IQ motif containing with AAA domain 1,Brain,GO:0005737;GO:0005856;GO:0031514;GO:0005524;GO:0016887;GO:0008568
Q13508,ADP-ribosyltransferase 3 (inactive),Heart,GO:0070062;GO:0005576;GO:0005886;GO:0098552;GO:0003950;GO:0106274;GO:0016779
Q96HD9,Aminoacylase 3,Kidney,GO:0016324;GO:0005829;GO:0070062;GO:0004046;GO:0016788;GO:0042802;GO:0046872
P00450,Ceruloplasmin,Liver,GO:0072562;GO:0005788;GO:0070062;GO:0005576;GO:0005615;GO:0005765;GO:0005886;GO:0005507;GO:0004322;GO:0004602;GO:0016491;GO:0016724;GO:0047066;GO:0051087;GO:0006878;GO:0006879;GO:0006826
Q8IY50,Solute carrier family 35 member F3,Brain,GO:0016020;GO:0015888
Q9NPC6,Myozenin 2,Heart,GO:0015629;GO:0030017;GO:0030018;GO:0003779;GO:0051373;GO:0030346;GO:0031433;GO:0070885;GO:0000122;GO:0045214;GO:0043503;GO:0007519
A6NE52,WD repeat domain 97,Testis,
Q9UKP4,ADAM metallopeptidase with thrombospondin type 1 motif 7,Heart,GO:0009986;GO:0005788;GO:0031012;GO:0005576;GO:0046872;GO:0004222;GO:0008237;GO:0071773;GO:0071347;GO:0071356;GO:0002062;GO:0030199;GO:0030198;GO:0032331;GO:0043931;GO:0006029;GO:0051603
A0A286YF58,Transmembrane protein 271,Brain,GO:0016020
Q70E73,Ras association (RalGDS/AF-6) and pleckstrin homology domains 1,Liver,GO:0005856;GO:0005829;GO:0030175;GO:0030027;GO:0016604;GO:0005886;GO:0048675;GO:0007165
Q6XPS3,Transmembrane phosphoinositide 3-phosphatase and tensin homolog 2,Testis,GO:0005737;GO:0005829;GO:0005789;GO:0000139;GO:0005216;GO:0016314;GO:0051800;GO:0006661
P22303,Acetylcholinesterase (Cartwright blood group),Brain,GO:0005604;GO:0009986;GO:0005576;GO:0005615;GO:0005794;GO:0016020;GO:0031594;GO:0005634;GO:0048471;GO:0005886;GO:0098552;GO:0045202;GO:0043083;GO:0042166;GO:0003990;GO:0001540;GO:0004104;GO:0005518;GO:0016787;GO:0043236;GO:0042803;GO:0017171;GO:0006581;GO:0001507;GO:0095500;GO:0042982;GO:0007155;GO:0032223;GO:0007399;GO:0002076;GO:0120162;GO:0050714;GO:0031623;GO:0001919;GO:0060041;GO:0007416
P0CG38,POTE ankyrin domain family member I,Testis,GO:0005884;GO:0030424;GO:0005737;GO:0070062;GO:0005615;GO:0016020;GO:0035267;GO:0045202;GO:0019901;GO:0098973;GO:0007409;GO:0048870
Q9HAW4,Claspin,Testis,GO:0005794;GO:0005654;GO:0005634;GO:0010997;GO:0000217;GO:0032147;GO:0000077;GO:0006281;GO:0000076;GO:0033314;GO:0007095;GO:0018105
O75093,Slit guidance ligand 1,Brain,GO:0005615;GO:0005509;GO:0043395;GO:0008201;GO:0048495;GO:0048846;GO:0007411;GO:0033563;GO:0048853;GO:0008045;GO:0050919;GO:0048843;GO:0051964;GO:0007097;GO:0031290;GO:0021510;GO:0022028
Q9UKU0,Acyl-CoA synthetase long chain family member 6,Brain,GO:0005783;GO:0005789;GO:0016020;GO:0005741;GO:0005778;GO:0005886;GO:0047676;GO:0005524;GO:0019899;GO:0004467;GO:0042803;GO:0006637;GO:0001676;GO:0035338;GO:0007405;GO:0000038
P09936,Ubiquitin C-terminal hydrolase L1,Brain,GO:1904115;GO:0005737;GO:0005829;GO:0005789;GO:0044306;GO:0043025;GO:0005654;GO:0031694;GO:0004843;GO:0004197;GO:0008242;GO:0043022;GO:0043130;GO:0031625;GO:0007628;GO:0007412;GO:0019896;GO:0071466;GO:0042755;GO:0002176;GO:0055001;GO:0043407;GO:0050905;GO:0045821;GO:0043161;GO:0016579;GO:0016241;GO:0002931
P0DKB5,Trophoblast glycoprotein like,Brain,GO:0005886;GO:0090090
Q99680,G protein-coupled receptor 22,Brain,GO:0005886;GO:0004930;GO:0030030;GO:0032870;GO:0007186
Q13424,Syntrophin alpha 1,Heart,GO:0070161;GO:0005737;GO:0005856;GO:0016010;GO:0031594;GO:0045211;GO:0032991;GO:0042383;GO:0016013;GO:0003779;GO:0051117;GO:0005516;GO:0050998;GO:0030165;GO:0017080;GO:0005198;GO:0044325;GO:0006936;GO:1902083;GO:0007528;GO:0002027;GO:1902305;GO:0003117;GO:0060307;GO:0086005
P01160,Natriuretic peptide A,Heart,GO:0042995;GO:0062023;GO:0005737;GO:0005576;GO:0005615;GO:0043204;GO:0032991;GO:0005179;GO:0051427;GO:0005184;GO:0071855;GO:0005102;GO:0003180;GO:0003161;GO:0014898;GO:0006182;GO:0019934;GO:0007565;GO:0043508;GO:0003085;GO:0007218;GO:0060452;GO:1902261;GO:0010460;GO:1903766;GO:0006457;GO:0007168;GO:0060372;GO:0008217;GO:1902514;GO:1901841;GO:0035994;GO:0036376;GO:0042311
O96001,Protein phosphatase 1 regulatory subunit 17,Brain,GO:0004865;GO:0007417;GO:0035556;GO:0010921
Q05329,Glutamate decarboxylase 2,Brain,GO:0030424;GO:0061202;GO:0005737;GO:0005829;GO:0098982;GO:0000139;GO:0060077;GO:0043025;GO:0048471;GO:0005886;GO:0042734;GO:0030672;GO:0016595;GO:0004351;GO:0044877;GO:0030170;GO:1990416;GO:0071456;GO:0007268;GO:0006540;GO:0009449;GO:0061771;GO:0042220;GO:0071548;GO:0032570;GO:0009410
Q96JN2,Coiled-coil domain containing 136,Brain,GO:0002080;GO:0001675;GO:0007338;GO:0007283
P00167,Cytochrome b5 type A,Liver,GO:0005829;GO:0005789;GO:0043231;GO:0016020;GO:0005741;GO:0004129;GO:0019899;GO:0020037;GO:0046872
Q6X784,Zona pellucida binding protein 2,Testis,GO:0001669;GO:0044297;GO:0005576;GO:0016020;GO:0005634;GO:0002199;GO:0001675;GO:0007339;GO:0032922;GO:0046466;GO:0002638;GO:0006665
P30954,Olfactory receptor family 10 subfamily J member 1,Testis,GO:0016020;GO:0005886;GO:0004930;GO:0005549;GO:0004984;GO:0050911;GO:0007186;GO:0007606;GO:0007338
Q8N3V7,Synaptopodin,Heart,GO:0015629;GO:0005923;GO:0005829;GO:0043197;GO:0005634;GO:0043204;GO:0005886;GO:0014069;GO:0097444;GO:0001725;GO:0030018;GO:0003779;GO:0098886;GO:0032233;GO:0051492;GO:1905355
Q8N9V7,Testis and ovary specific TOPAZ 1,Testis,GO:0005829;GO:0006915;GO:0035234;GO:0140742;GO:0048137
Q5SZK8,FRAS1 related extracellular matrix 2,Kidney,GO:0005604;GO:0062023;GO:0070062;GO:0005886;GO:0046872;GO:0009653;GO:0007155;GO:0007154;GO:0042733;GO:0001654;GO:0007507;GO:0048839;GO:0001822;GO:0002009
Q9Y2I2,Netrin G1,Kidney,GO:0005576;GO:0098978;GO:0005886;GO:0048787;GO:0098685;GO:0098552;GO:0050839;GO:0098632;GO:0007409;GO:0050804;GO:2001222;GO:0150011;GO:0010975;GO:0099560
Q9BY71,Leucine rich repeat containing 3,Liver,GO:0005886
Q9NPC2,Potassium two pore domain channel subfamily K member 9,Brain,GO:0030425;GO:0005743;GO:0005886;GO:0008021;GO:0042802;GO:0046872;GO:0015271;GO:0005267;GO:0022841;GO:0046982;GO:0005272;GO:0071468;GO:2000859;GO:1990573;GO:0006813;GO:0099605;GO:0060075;GO:0007601
Q9UHI6,DEAD-box helicase 20,Testis,GO:0005737;GO:0005856;GO:0005829;GO:0097504;GO:0016020;GO:0016604;GO:0005654;GO:0005634;GO:0090571;GO:0032797;GO:0034719;GO:0005524;GO:0016887;GO:0140849;GO:0140665;GO:0140584;GO:0061775;GO:0003677;GO:0003689;GO:0140297;GO:0042826;GO:0003729;GO:0019904;GO:0030674;GO:0003724;GO:0008285;GO:0000122;GO:0048477;GO:0043065;GO:0050810;GO:0006396;GO:0000387;GO:0000244
P21918,Dopamine receptor D5,Brain,GO:0031526;GO:0060170;GO:0005929;GO:0097730;GO:0005886;GO:0045202;GO:0035240;GO:0004952;GO:0001588;GO:0004930;GO:0007190;GO:0071880;GO:0007191;GO:0007189;GO:0008306;GO:0071870;GO:0007268;GO:0007212;GO:0006874;GO:0060292;GO:0045776;GO:0033861;GO:0001994;GO:0060158;GO:0045762;GO:0043410;GO:0072593;GO:0045924;GO:0001992;GO:0001975;GO:0042220;GO:0046960;GO:0001963;GO:0019226;GO:0042060
P59282,Tubulin polymerization promoting protein family member 2,Testis,GO:0005829;GO:0036126;GO:0015631;GO:0030154;GO:0046785;GO:0032273;GO:1901317;GO:0007283
Q07687,Distal-less homeobox 2,Brain,GO:0000785;GO:0005634;GO:0003682;GO:0001228;GO:0003700;GO:0000981;GO:0000978;GO:1990837;GO:0003727;GO:0000976;GO:0007420;GO:0048755;GO:0051216;GO:0030154;GO:0021893;GO:0048701;GO:0048706;GO:0021879;GO:0021766;GO:0045746;GO:0048715;GO:0046533;GO:0000122;GO:0014016;GO:0007219;GO:0042475;GO:0021772;GO:0048709;GO:1902871;GO:0045597;GO:0045944;GO:0009954;GO:0006357;GO:0021544
Q9NRG4,SET and MYND domain containing 2,Heart,GO:0005737;GO:0005829;GO:0005654;GO:0005634;GO:0140938;GO:0046975;GO:0140999;GO:0016278;GO:0046872;GO:0002039;GO:0016279;GO:0000993;GO:0007507;GO:0008285;GO:0000122;GO:0018027;GO:0018026;GO:0043516;GO:1901796
Q96BW5,Phosphotriesterase related,Brain,GO:0005829;GO:0070062;GO:0141215;GO:0008270;GO:0009056;GO:0030855;GO:0032098;GO:0019530
Q9BYT1,Solute carrier family 17 member 9,Liver,GO:0042584;GO:0005765;GO:0098594;GO:0030658;GO:0015217;GO:0005347;GO:0001409;GO:0160042;GO:0015866;GO:1904669;GO:0015867;GO:1903790;GO:1905146;GO:0141013
Q5JX69,Family with sequence similarity 209 member B,Testis,GO:0005637;GO:0005634;GO:0030154;GO:0007283
Q5TYW2,Ankyrin repeat domain 20 family member A1,Testis,GO:0005886
Q6UWM7,Lactase like,Brain,GO:0005903;GO:0005789;GO:0008422;GO:0005975;GO:0002089;GO:0007601
Q96SB3,Protein phosphatase 1 regulatory subunit 9B,Brain,GO:0015629;GO:0005912;GO:0030864;GO:0005737;GO:1990780;GO:0030425;GO:0044327;GO:0044326;GO:0098890;GO:0030175;GO:0098978;GO:0030426;GO:0030027;GO:0043025;GO:0005654;GO:0005886;GO:0014069;GO:0000164;GO:0032587;GO:0097444;GO:0051015;GO:0031749;GO:0019900;GO:0004672;GO:0008157;GO:0004864;GO:0044325;GO:0030042;GO:0007015;GO:0019722;GO:0016477;GO:0071364;GO:0071392;GO:0071315;GO:1901653;GO:0071466;GO:0021987;GO:0016358;GO:0003006;GO:0046847;GO:0021766;GO:0007612;GO:0060179;GO:0030308;GO:0031175;GO:1904372;GO:1903078;GO:1903119;GO:1990778;GO:0051726;GO:0001560;GO:0042127;GO:0007096;GO:2000474;GO:0150052;GO:0061458;GO:0001975;GO:0035902;GO:1904373;GO:1904386;GO:0035094;GO:0034695;GO:0048545;GO:0008380
P34931,Heat shock protein family A (Hsp70) member 1 like,Testis,GO:0072562;GO:0044297;GO:0005737;GO:0005829;GO:0005759;GO:0005654;GO:0005634;GO:0002199;GO:0005524;GO:0016887;GO:0140662;GO:0031072;GO:0044183;GO:0031625;GO:0051082;GO:0007339;GO:0051085;GO:1903955;GO:0042026;GO:0006986
P51800,Chloride voltage-gated channel Ka,Kidney,GO:0016323;GO:0034707;GO:0005886;GO:0005254;GO:0042802;GO:0046872;GO:0005247;GO:0006821;GO:0070293;GO:0030321
Q9UJ68,Methionine sulfoxide reductase A,Liver,GO:0015629;GO:0005737;GO:0005829;GO:0070062;GO:0043231;GO:0030496;GO:0005739;GO:0005654;GO:0005886;GO:0036456;GO:0008113;GO:0034599;GO:0006555;GO:0036211;GO:0030091;GO:0006979
Q8IUK8,Cerebellin 2 precursor,Brain,GO:0005615;GO:0098978;GO:0045202;GO:0043083;GO:0098820;GO:0099558;GO:0051965;GO:0098814;GO:0007416;GO:0050808;GO:0099550
Q9H987,Synaptopodin 2 like,Heart,GO:0015629;GO:0005634;GO:0030018;GO:0003779;GO:0003007;GO:0032233;GO:0035025;GO:0051496;GO:0045214
O15355,"Protein phosphatase, Mg2+/Mn2+ dependent 1G",Testis,GO:0005737;GO:0016020;GO:0005654;GO:0005634;GO:0033192;GO:0140791;GO:1990439;GO:0046872;GO:0017018;GO:0004722;GO:0180006;GO:0180007;GO:0180008;GO:0180005;GO:0180004;GO:0035970;GO:0006470;GO:0051726;GO:0007165
Q9ULG3,Cilia and flagella associated protein 92 (putative),Testis,
Q96T83,Solute carrier family 9 member A7,Brain,GO:0000139;GO:0043231;GO:0016020;GO:0005886;GO:0055037;GO:0055038;GO:0005802;GO:0015386;GO:0015385;GO:0006811;GO:0071805;GO:1905526;GO:0051453;GO:0006885;GO:0098719
Q5SRN2,Testis expressed basic protein 1,Testis,GO:0016020;GO:0005634
Q8IU99,Calcium homeostasis modulator 1,Brain,GO:0016323;GO:0005789;GO:0005886;GO:0044853;GO:0005227;GO:0042802;GO:0005261;GO:0005245;GO:0005244;GO:1904669;GO:0015867;GO:0006812;GO:0051291;GO:0051260;GO:0034765;GO:0050913;GO:0050916;GO:0050917
A6NCE7,Microtubule associated protein 1 light chain 3 beta 2,Brain,GO:0000421;GO:0031410;GO:0012505;GO:0043231;GO:0005874;GO:0008017;GO:0008429;GO:0031625;GO:0000045;GO:0097352;GO:0006995;GO:0000423
P0DTW1,G antigen 1,Testis,
Q9NUB4,Chromosome 20 open reading frame 141,Testis,GO:0016020
C9J3V5,Testis expressed 22,Testis,GO:0001669
Q9P0Z9,Pipecolic acid and sarcosine oxidase,Liver,GO:0005829;GO:0005782;GO:0005777;GO:0050660;GO:0050031;GO:0008115;GO:0033514;GO:0006554
Q8IWB6,"Testis expressed 14, intercellular bridge forming factor",Testis,GO:0005737;GO:0070062;GO:0045171;GO:0000776;GO:0030496;GO:0005524;GO:0004672;GO:0019901;GO:0008608;GO:0051301;GO:1990830;GO:0043063;GO:0007140;GO:0051306;GO:0007094;GO:0032466
Q9Y6W6,Dual specificity phosphatase 10,Liver,GO:0005737;GO:0005829;GO:0005654;GO:0005634;GO:0033192;GO:0140791;GO:0140793;GO:0008432;GO:0033549;GO:1990439;GO:0033550;GO:0017017;GO:0048273;GO:0017018;GO:0004726;GO:0016791;GO:0030946;GO:0008330;GO:0180006;GO:0180007;GO:0180008;GO:0180005;GO:0180004;GO:0016311;GO:0030336;GO:0010633;GO:0050680;GO:1905042;GO:0070373;GO:0046329;GO:0043508;GO:0048715;GO:1903753;GO:0060266;GO:0032873;GO:0048709;GO:0035970;GO:1990264;GO:0045591;GO:0002819;GO:0090335;GO:0032496;GO:0007165;GO:0051403
Q86YH2,Zinc finger protein 280B,Testis,GO:0005634;GO:0000981;GO:0046872;GO:0000978;GO:0006355
Q0VDE8,Adipogenin,Testis,GO:0005737;GO:0005811;GO:0016020;GO:0005634;GO:0050873;GO:0045600;GO:0007283;GO:0050872
P11498,Pyruvate carboxylase,Liver,GO:0005737;GO:0005829;GO:0005759;GO:0005739;GO:0005524;GO:0009374;GO:0042802;GO:0046872;GO:0004736;GO:0006094;GO:0006629;GO:0006734;GO:0006739;GO:0010629;GO:0044794;GO:0006090;GO:0019076;GO:0019074
Q8WVH0,Complexin 3,Heart,GO:0005829;GO:0098684;GO:0048787;GO:0031201;GO:0030672;GO:0043195;GO:0005326;GO:0000149;GO:0019905;GO:0030073;GO:0050804;GO:0046928;GO:0031630;GO:0016079;GO:0007601
A6NGK3,G antigen 10,Testis,
O75954,Tetraspanin 9,Brain,GO:0005925;GO:0005886;GO:0097197
A8MYV0,Doublecortin domain containing 2C,Testis,GO:0005737;GO:0005874;GO:0005815;GO:0036126;GO:0035556
Q9H2A2,Aldehyde dehydrogenase 8 family member A1,Liver,GO:0005829;GO:0070062;GO:0047102;GO:0001758;GO:0042904;GO:0097053;GO:0042574;GO:0042573
Q9UP52,Transferrin receptor 2,Liver,GO:0031410;GO:0009897;GO:1990712;GO:0005886;GO:0039706;GO:0004998;GO:0006953;GO:0071281;GO:0140298;GO:0006879;GO:0006826;GO:0060586;GO:0045807;GO:0090277;GO:1903319;GO:0045944;GO:0006898;GO:0010039;GO:0033572
Q8TD90,MAGE family member E2,Brain,GO:0005634;GO:0000122
Q14432,Phosphodiesterase 3A,Heart,GO:0005829;GO:0016020;GO:0004119;GO:0004118;GO:0004115;GO:0047555;GO:0004114;GO:0099130;GO:0046872;GO:0030284;GO:0097190;GO:0019933;GO:0071321;GO:0071560;GO:0019934;GO:0007186;GO:0006629;GO:0106072;GO:0043066;GO:0043951;GO:0043116;GO:0001556;GO:0060282;GO:0043117;GO:0040020;GO:0060700;GO:0009410
Q9NT68,Teneurin transmembrane protein 2,Heart,GO:0030054;GO:0005911;GO:0030425;GO:0043197;GO:0005783;GO:0030175;GO:0005794;GO:0030426;GO:0043005;GO:0005634;GO:0005886;GO:0016605;GO:0045211;GO:0045202;GO:0005509;GO:0050839;GO:0046982;GO:0042803;GO:0005102;GO:0098609;GO:0000122;GO:0048666;GO:0051491;GO:0098942;GO:0007165
P35372,Opioid receptor mu 1,Testis,GO:0030424;GO:0030425;GO:0005783;GO:0005768;GO:0005794;GO:0043005;GO:0043204;GO:0005886;GO:0045202;GO:0004979;GO:0004930;GO:0001965;GO:0031681;GO:0038047;GO:0042923;GO:0005245;GO:0007197;GO:0048149;GO:0038003;GO:0007187;GO:0043951;GO:0008285;GO:0051481;GO:0045019;GO:0061358;GO:0007218;GO:0007200;GO:0043950;GO:0007204;GO:0070374;GO:0050769;GO:0045429;GO:0080135;GO:2000310;GO:0007600;GO:0019233
Q9C0E4,Glutamate receptor interacting protein 2,Heart,GO:0005829;GO:0030425;GO:0098978;GO:0044309;GO:0043025;GO:0005886;GO:0099092;GO:0045211;GO:0035254;GO:0014824;GO:0098887;GO:0007219;GO:0045777;GO:0099003
P51784,Ubiquitin specific peptidase 11,Brain,GO:0005694;GO:0005829;GO:0005654;GO:0005634;GO:0004843;GO:0004197;GO:0001222;GO:0016579;GO:0006508
Q9UD71,Protein phosphatase 1 regulatory inhibitor subunit 1B,Brain,GO:0005737;GO:0005829;GO:0043025;GO:0005634;GO:0004862;GO:0004860;GO:0004864;GO:0019888;GO:0048148;GO:0071314;GO:0006351;GO:0035556;GO:0007626;GO:0007621;GO:0001975;GO:0043278;GO:0007165;GO:0008542
Q86WU2,Lactate dehydrogenase D,Heart,GO:0005743;GO:0005739;GO:0004458;GO:0008720;GO:0071949;GO:0050660;GO:1903457
Q3ZCV2,Lymphocyte expansion molecule,Testis,
O95479,Hexose-6-phosphate dehydrogenase/glucose 1-dehydrogenase,Liver,GO:0005783;GO:0005788;GO:0017057;GO:0030246;GO:0047934;GO:0047935;GO:0004345;GO:0050661;GO:0006006;GO:0009051;GO:2000064;GO:0097305;GO:0031667
Q8IXA5,Sperm acrosome associated 3,Testis,GO:0043159;GO:0002080;GO:0001669;GO:0005576;GO:0030141;GO:0036126;GO:0007342;GO:0042117;GO:0043032;GO:0050766;GO:0035036
Q04741,Empty spiracles homeobox 1,Brain,GO:0000785;GO:0005694;GO:0005737;GO:0005730;GO:0005634;GO:0000981;GO:0000978;GO:1990837;GO:0007420;GO:0048854;GO:0007417;GO:0021895;GO:0021796;GO:0048872;GO:0001701;GO:0060563;GO:0030182;GO:1990138;GO:0009791;GO:0060019;GO:0070445;GO:0006357;GO:0009410
P56177,Distal-less homeobox 1,Brain,GO:0000785;GO:0005829;GO:0043231;GO:0005654;GO:0005634;GO:0003682;GO:0000981;GO:0000978;GO:1990837;GO:0030154;GO:0071773;GO:0071560;GO:0021893;GO:0048706;GO:0021879;GO:0021766;GO:0030514;GO:1903845;GO:0043524;GO:0045746;GO:0048715;GO:0046533;GO:0000122;GO:0014016;GO:0051402;GO:0007219;GO:0042475;GO:0048709;GO:1902871;GO:0045597;GO:0045944;GO:0009954;GO:0006357;GO:0021544
Q5BJE1,Coiled-coil domain containing 178,Testis,GO:0036064
Q8IYK8,RRAD and GEM like GTPase 2,Brain,GO:0005886;GO:0005246;GO:0005525;GO:0003924
Q8TCJ0,F-box protein 25,Testis,GO:0005737;GO:0005634;GO:0019005;GO:0000151;GO:0003779;GO:0004842;GO:0016567
Q96JC4,Zinc finger protein 479,Testis,GO:0005634;GO:0000981;GO:0046872;GO:0000978;GO:0006355
P00505,Glutamic-oxaloacetic transaminase 2,Liver,GO:0070062;GO:0005759;GO:0005739;GO:0005886;GO:0016212;GO:0004069;GO:0030170;GO:0003723;GO:0006103;GO:0019470;GO:0006532;GO:0006533;GO:0006531;GO:0015908;GO:0019550;GO:0006536;GO:0043490;GO:0006107;GO:0045471
Q16586,Sarcoglycan alpha,Heart,GO:0005911;GO:0005737;GO:0005856;GO:0016010;GO:0045121;GO:0016012;GO:0042383;GO:0005509;GO:0006936;GO:0007517;GO:0014894;GO:0043403
Q8NEH6,Meiosis specific nuclear structural 1,Testis,GO:0160111;GO:0005879;GO:0005930;GO:0005882;GO:0031514;GO:0005635;GO:0036126;GO:0042802;GO:0044782;GO:0030317;GO:0070986;GO:0051321;GO:0045724;GO:0007288
P25325,Mercaptopyruvate sulfurtransferase,Liver,GO:0070062;GO:0005759;GO:0005739;GO:0043005;GO:0045202;GO:0016784;GO:0042802;GO:0004792;GO:0009440;GO:0070814;GO:0001822;GO:0001889;GO:0009636;GO:0021510;GO:0000098;GO:0019346
Q9NZR1,Tropomodulin 2,Brain,GO:0005856;GO:0030016;GO:0005865;GO:0045202;GO:0003779;GO:0005523;GO:0007015;GO:0007611;GO:0006936;GO:0030239;GO:0007399;GO:0007270;GO:0051694;GO:0045745
Q7Z6W1,Transmembrane and coiled-coil domains 2,Testis,GO:0016020;GO:0005634
O60522,Tudor domain containing 6,Testis,GO:0033391;GO:0005737;GO:0043186;GO:0030719;GO:0034587;GO:0007283
P48539,Purkinje cell protein 4,Brain,GO:0005737;GO:0005829;GO:0005634;GO:0032991;GO:0005509;GO:0005516;GO:1905291;GO:0045666
A6NI87,Chibby family member 3,Testis,
O95057,DIRAS family GTPase 1,Heart,GO:0005886;GO:0019003;GO:0005525;GO:0003924;GO:0007165
Q99963,"SH3 domain containing GRB2 like 3, endophilin A3",Brain,GO:0001669;GO:0005737;GO:0031901;GO:0098978;GO:0099092;GO:0098845;GO:0098793;GO:0042802;GO:0008289;GO:0007417;GO:1900186;GO:0045666;GO:0007165;GO:0016191
Q9BQY4,Rhox homeobox family member 2,Testis,GO:0000785;GO:0005634;GO:0000981;GO:0042802;GO:0000977;GO:1990837;GO:0010628;GO:0006357
Q86UN3,Reticulon 4 receptor like 2,Brain,GO:0030424;GO:0009986;GO:0030425;GO:0009897;GO:0070062;GO:0031012;GO:0005576;GO:0005615;GO:0045121;GO:0043005;GO:0043204;GO:0005886;GO:0038023;GO:0031103;GO:0007166;GO:0010977
Q5JQF8,Poly(A) binding protein cytoplasmic 1 like 2A,Brain,GO:0010494;GO:0005829;GO:0070062;GO:0005634;GO:1990904;GO:0003730;GO:0008143;GO:0008266
Q14CZ8,Hepatic and glial cell adhesion molecule,Liver,GO:0097450;GO:0005911;GO:0005737;GO:0005886;GO:0007155;GO:0006955;GO:0150105;GO:0051726
Q8NA82,Membrane associated ring-CH-type finger 10,Testis,GO:0016740;GO:0008270;GO:0016567
Q96NB2,Sideroflexin 2,Kidney,GO:0005743;GO:0005741;GO:0005739;GO:0015075;GO:0022857;GO:1990542;GO:0140300
Q5TAT6,Collagen type XIII alpha 1 chain,Brain,GO:0005911;GO:0005600;GO:0062023;GO:0005788;GO:0005576;GO:0005615;GO:0005886;GO:0045211;GO:0030020;GO:0008201;GO:0030154;GO:0098609;GO:0007160;GO:0001958;GO:0030198;GO:0001763;GO:0001501
Q9BPU6,Dihydropyrimidinase like 5,Brain,GO:0005829;GO:0030425;GO:0098978;GO:0043025;GO:0032991;GO:0016812;GO:0007411;GO:0050774;GO:0007399;GO:0007165
P08F94,PKHD1 ciliary IPT domain containing fibrocystin/polyductin,Kidney,GO:0097731;GO:0016324;GO:0005813;GO:0000775;GO:0036064;GO:0005929;GO:0005737;GO:0005783;GO:0009897;GO:0070062;GO:0005794;GO:0072686;GO:0005634;GO:0048471;GO:0038023;GO:0048754;GO:0098609;GO:0045216;GO:0060271;GO:0003382;GO:0051660;GO:0000132;GO:0042592;GO:0006874;GO:0001822;GO:0043066;GO:1904036;GO:0032088;GO:0051898;GO:0008284;GO:0050679;GO:0030155;GO:0022407;GO:0001952;GO:0010824;GO:1904054;GO:0070372;GO:0090175;GO:0032006
Q9H813,Proton activated chloride channel 1,Brain,GO:0009986;GO:0034707;GO:0005886;GO:0061797;GO:0006821
Q3ZCN5,Otogelin like,Kidney,GO:0031012;GO:0005615;GO:0046556;GO:0060122;GO:0046373;GO:0008104;GO:0055127
P41222,Prostaglandin D2 synthase,Heart,GO:0005789;GO:0070062;GO:0005576;GO:0005615;GO:0005794;GO:0031965;GO:0048471;GO:0005791;GO:0005504;GO:0004667;GO:0005501;GO:0019371;GO:0010467;GO:0043303;GO:2000255;GO:0001516;GO:0045187;GO:0051384
P23760,Paired box 3,Brain,GO:0000785;GO:0005654;GO:0003700;GO:0000981;GO:0071837;GO:0000978;GO:0043565;GO:1990837;GO:0009887;GO:0006915;GO:0007517;GO:0007399;GO:0045893;GO:0045944;GO:0006357;GO:0007605
P56180,Transmembrane phosphatase with tensin homology,Testis,GO:0005829;GO:0016020;GO:0140793;GO:0005216;GO:0004726;GO:0016314;GO:0004725;GO:0030946;GO:0006470;GO:0007165
Q96JH8,Rap associating with DIL domain,Brain,GO:0005874;GO:0032991;GO:0051020;GO:0001755;GO:0007165;GO:0034446
Q8IXW0,Lamin tail domain containing 2,Liver,GO:0005638;GO:0030527
Q86VD1,MORC family CW-type zinc finger 1,Testis,GO:0001673;GO:0005634;GO:0008270;GO:0001662;GO:0030154;GO:0044727;GO:2000143;GO:0031047;GO:0032197;GO:0007283;GO:0141005
P37840,Synuclein alpha,Brain,GO:0015629;GO:0030424;GO:0043679;GO:0005938;GO:0005737;GO:0005829;GO:0005576;GO:0005615;GO:0030426;GO:0016234;GO:0005764;GO:0016020;GO:0005739;GO:0043025;GO:0005634;GO:0048471;GO:0005886;GO:0098794;GO:0032991;GO:0099512;GO:0030672;GO:0003779;GO:0043014;GO:0005509;GO:0005507;GO:1903136;GO:0043027;GO:0070840;GO:0008198;GO:0042393;GO:0030544;GO:0042802;GO:0019894;GO:0008289;GO:0000287;GO:0060090;GO:0016491;GO:0005543;GO:0051219;GO:0004860;GO:0000149;GO:0048156;GO:0000976;GO:0008270;GO:0008344;GO:1990000;GO:0071280;GO:0071872;GO:0034599;GO:0007268;GO:0042416;GO:0051583;GO:0060079;GO:0006631;GO:0060291;GO:0001774;GO:0042775;GO:0007006;GO:0043066;GO:1904715;GO:0051585;GO:0045920;GO:0031115;GO:1902957;GO:0032769;GO:0043524;GO:0051622;GO:0010642;GO:0006469;GO:0051612;GO:0070495;GO:0000122;GO:0032410;GO:0051402;GO:0006638;GO:0006644;GO:0043065;GO:0045807;GO:0045921;GO:1903284;GO:1903285;GO:0050729;GO:0060732;GO:0001956;GO:0033138;GO:1904377;GO:0071902;GO:0001921;GO:0051281;GO:0035543;GO:0031648;GO:0051262;GO:0031623;GO:0050812;GO:0014059;GO:0014048;GO:0040012;GO:0048169;GO:0043030;GO:0051621;GO:0010517;GO:1905606;GO:1903426;GO:1903421;GO:0022898;GO:0070555;GO:0010040;GO:0032496;GO:0032026;GO:0034341;GO:0009410;GO:0035493;GO:0097435;GO:0050808;GO:0048488;GO:0016079;GO:0016082;GO:0048489
A8MPX8,Protein phosphatase 2C like domain containing 1,Testis,GO:0004722;GO:0007165
Q8NFA2,NADPH oxidase organizer 1,Testis,GO:0005737;GO:0043020;GO:0005886;GO:0019899;GO:0035091;GO:0005543;GO:0016176;GO:0022617;GO:0010310;GO:0060263;GO:0042554
Q8TBG4,Ethanolamine-phosphate phospho-lyase,Brain,GO:0005759;GO:0050459;GO:0030170;GO:0008483
O60359,Calcium voltage-gated channel auxiliary subunit gamma 3,Brain,GO:0032281;GO:0030425;GO:0030666;GO:0060076;GO:0098978;GO:0005886;GO:0098839;GO:0098685;GO:0036477;GO:0005891;GO:0016247;GO:0035255;GO:0030165;GO:0005245;GO:0006816;GO:0099590;GO:0099645;GO:0098943;GO:0051968;GO:0098970;GO:0008104;GO:0006605;GO:2000311;GO:0019226
P27169,Paraoxonase 1,Liver,GO:0072562;GO:0005789;GO:0070062;GO:0005576;GO:0005615;GO:0034364;GO:0034366;GO:0102007;GO:0004063;GO:0004064;GO:0005509;GO:0005543;GO:0042803;GO:0046395;GO:0008203;GO:1901335;GO:0046434;GO:0046470;GO:0010875;GO:0009636
O75752,"Beta-1,3-N-acetylgalactosaminyltransferase 1 (globoside blood group)",Heart,GO:0000139;GO:0047273;GO:0008499;GO:0006688;GO:0009312;GO:0006493
P48065,Solute carrier family 6 member 12,Kidney,GO:0016323;GO:0042995;GO:0016020;GO:0005886;GO:0098793;GO:0015171;GO:0005332;GO:0008028;GO:0006865;GO:0051936;GO:0015812;GO:0031460;GO:0015718;GO:0035725
Q5VTT2,Cilia and flagella associated protein 95,Testis,GO:0160111;GO:0005879;GO:0005737;GO:0005886;GO:0036126;GO:0030317
O75334,PTPRF interacting protein alpha 2,Brain,GO:0030424;GO:0009986;GO:0005737;GO:0005829;GO:0043197;GO:0070062;GO:0098978;GO:0014069;GO:0048786;GO:0042734;GO:0008021;GO:0098919;GO:0099181;GO:0007160;GO:0099519;GO:0060998;GO:0061001;GO:2000300;GO:0050808
Q5TCY1,Tau tubulin kinase 1,Brain,GO:0005829;GO:0005875;GO:0043025;GO:0005654;GO:0005634;GO:0048471;GO:0004676;GO:0004679;GO:0005524;GO:0004677;GO:0004694;GO:0044024;GO:0072371;GO:1990244;GO:0035979;GO:0044025;GO:0140823;GO:0035175;GO:0044022;GO:0140855;GO:0035402;GO:0072354;GO:0140857;GO:0035403;GO:0044023;GO:0106310;GO:0004674;GO:0004713;GO:0072518;GO:0004711;GO:0048156;GO:0050321;GO:0007611;GO:0010629;GO:0018105;GO:0018107;GO:0018108;GO:0061890;GO:0010628;GO:1903980;GO:0032273;GO:0007165;GO:0021762
P82980,Retinol binding protein 5,Liver,GO:0005829;GO:0070062;GO:0005634;GO:0005504;GO:0016918;GO:0005501;GO:0019841;GO:0015908
Q86UF2,CTAGE family member 6,Testis,GO:0070971;GO:0005789;GO:0006888;GO:0009306;GO:0035459
Q9UN74,Protocadherin alpha 4,Brain,GO:0005886;GO:0005509;GO:0042802;GO:0007155;GO:0007156;GO:0007399
Q8NEG7,DENN domain containing 6B,Brain,GO:0005829;GO:0055037;GO:0005085
Q00973,"Beta-1,4-N-acetyl-galactosaminyltransferase 1",Brain,GO:0005794;GO:0000139;GO:0016020;GO:0003947;GO:0008376;GO:0005975;GO:0008340;GO:0001574;GO:0006687;GO:0060173;GO:0030259;GO:0019915;GO:0061744;GO:0021675;GO:0007283;GO:0007033
Q7Z4H9,Family with sequence similarity 220 member A,Testis,GO:0001669;GO:0005634;GO:0097677;GO:0000122
Q17R89,Rho GTPase activating protein 44,Brain,GO:0005829;GO:0030425;GO:0043197;GO:0098978;GO:0031256;GO:0005886;GO:0014069;GO:0048786;GO:0055037;GO:0005096;GO:0005543;GO:0031267;GO:0006887;GO:0098886;GO:0050804;GO:0051490;GO:0035021;GO:0098887;GO:0032956;GO:0061001;GO:0043087;GO:0099152;GO:0051056;GO:0007165
Q76G19,PDZ domain containing 4,Brain,GO:0005938
Q4G0Z9,Minichromosome maintenance domain containing 2,Testis,GO:0005634;GO:0005524;GO:0003677;GO:0032508;GO:0000727;GO:0051321
Q8WXF0,Serine and arginine rich splicing factor 12,Testis,GO:0016607;GO:0005654;GO:0003723;GO:0050733;GO:0051082;GO:0000395;GO:0000398;GO:0048025;GO:0000381;GO:0000244
Q6P9F7,Leucine rich repeat containing 8 VRAC subunit B,Brain,GO:0005737;GO:0005789;GO:0034702;GO:0005886;GO:0015810;GO:0140361;GO:0035556;GO:0098656
Q92915,Fibroblast growth factor 14,Brain,GO:0005737;GO:0005634;GO:0008083;GO:0008201;GO:0017080;GO:0007267;GO:0007254;GO:0007399;GO:0022008;GO:0007165
Q12879,Glutamate ionotropic receptor NMDA type subunit 2A,Brain,GO:0009986;GO:0030659;GO:0043197;GO:0005789;GO:0098978;GO:0017146;GO:0005886;GO:0014069;GO:0098839;GO:0045211;GO:0042734;GO:0097060;GO:0008021;GO:0001540;GO:0022849;GO:0004972;GO:1904315;GO:0008270;GO:0007420;GO:0097553;GO:0070588;GO:0007268;GO:0033058;GO:0042417;GO:0098976;GO:0060079;GO:0007215;GO:0035235;GO:0007611;GO:0060291;GO:0007613;GO:0098655;GO:0042177;GO:0022008;GO:0043065;GO:2000463;GO:0051968;GO:0030163;GO:1903539;GO:1904062;GO:0048168;GO:0048167;GO:0001975;GO:0045471;GO:0009611;GO:0009410;GO:0019233;GO:0042428;GO:0030431;GO:0035725;GO:0001964;GO:0035249;GO:0008542
Q96PP4,Testis specific 13,Testis,
P51589,Cytochrome P450 family 2 subfamily J member 2,Liver,GO:0005737;GO:0005789;GO:0070062;GO:0043231;GO:0008405;GO:0008404;GO:0106301;GO:0008392;GO:0020037;GO:0106255;GO:0005506;GO:0016853;GO:0071614;GO:0004497;GO:0016712;GO:0019373;GO:0006631;GO:0006690;GO:0043651;GO:0006082;GO:0008016;GO:0006805
P16389,Potassium voltage-gated channel subfamily A member 2,Brain,GO:0030424;GO:0043194;GO:0043679;GO:0044305;GO:0030425;GO:0005789;GO:0098978;GO:0044224;GO:0030027;GO:0031258;GO:0016020;GO:0032809;GO:0033010;GO:0043204;GO:0005886;GO:0045211;GO:0042734;GO:0008076;GO:0005251;GO:0019894;GO:0015271;GO:0005267;GO:1905030;GO:0099508;GO:0005249;GO:0001508;GO:0021987;GO:0022038;GO:0019228;GO:0021633;GO:0097623;GO:0071805;GO:0006813;GO:0051260;GO:0045188;GO:0014059;GO:0019233
Q3B7J2,Glucose-fructose oxidoreductase domain containing 2,Brain,GO:0031012;GO:0005576;GO:0000166;GO:0016491;GO:0030198
Q8N6N2,Tetratricopeptide repeat domain 9B,Brain,
B2RU33,POTE ankyrin domain family member C,Testis,
Q96EH5,Ribosomal protein L39 like,Testis,GO:0022625;GO:0003735;GO:0007283;GO:0006412
P0C221,Coiled-coil domain containing 175,Testis,
Q8N4N8,Kinesin family member 2B,Testis,GO:0005813;GO:0005737;GO:0005829;GO:0045171;GO:0005871;GO:0000776;GO:0005874;GO:0015630;GO:0072686;GO:0005730;GO:0005819;GO:0005524;GO:0016887;GO:0008017;GO:0003777;GO:0051301;GO:0051310;GO:0007019;GO:0007018;GO:0051983
Q8TEK3,DOT1 like histone lysine methyltransferase,Testis,GO:0000781;GO:0005737;GO:0043231;GO:0005654;GO:0005634;GO:0032991;GO:0003677;GO:0140938;GO:0031151;GO:0140956;GO:0042054;GO:0003676;GO:0061629;GO:0003713;GO:0000077;GO:0006281;GO:0010467;GO:0032259;GO:0045944;GO:0046425;GO:2000677;GO:0031509;GO:0032200
Q8IYF1,Elongin A2,Testis,GO:0070449;GO:0005654;GO:0032784;GO:0006366;GO:0006368
P54793,Arylsulfatase F,Kidney,GO:0005788;GO:0070062;GO:0004065;GO:0046872
P08519,Lipoprotein(a),Liver,GO:0005576;GO:0005615;GO:0034358;GO:0034185;GO:0004175;GO:0004866;GO:0001968;GO:0008201;GO:0004252;GO:0005102;GO:0008015;GO:0006629;GO:0006869;GO:0006508
Q9HCQ5,Polypeptide N-acetylgalactosaminyltransferase 9,Brain,GO:0005794;GO:0000139;GO:0030246;GO:0046872;GO:0004653;GO:0016266;GO:0006493
P52179,Myomesin 1,Heart,GO:0031430;GO:0005863;GO:0042802;GO:0019900;GO:0042803;GO:0008307;GO:0002074;GO:0010628;GO:0050714;GO:0010737;GO:0045214
Q9H910,Jupiter microtubule associated homolog 2,Brain,GO:0005737;GO:0005829;GO:0005634;GO:0005886;GO:0075509;GO:0050848
O95670,ATPase H+ transporting V1 subunit G2,Brain,GO:0030665;GO:0005829;GO:0042470;GO:0030672;GO:0000221;GO:0016887;GO:0046961;GO:0016241;GO:0097401
Q02410,Amyloid beta precursor protein binding family A member 1,Brain,GO:0005737;GO:0005829;GO:0043197;GO:0098978;GO:0005794;GO:0005634;GO:0048471;GO:0005886;GO:0048787;GO:0098685;GO:0008021;GO:0001540;GO:0008088;GO:0007155;GO:0007268;GO:0014051;GO:0014047;GO:0001701;GO:0006886;GO:0007626;GO:0035264;GO:0007399;GO:0099171;GO:0065003;GO:0010468
Q9UKZ4,Teneurin transmembrane protein 1,Brain,GO:0005737;GO:0005856;GO:0005783;GO:0005576;GO:0005794;GO:0043005;GO:0016363;GO:0016607;GO:0005634;GO:0048471;GO:0005886;GO:0050839;GO:0008201;GO:0046982;GO:0042803;GO:0006955;GO:0008285;GO:0007399;GO:0048666;GO:0007218;GO:0030838;GO:0051491;GO:0090316;GO:0043406;GO:0033138;GO:0006359
P09417,Quinoid dihydropteridine reductase,Liver,GO:0005737;GO:0005829;GO:0070062;GO:0005739;GO:0004155;GO:0009055;GO:0070404;GO:0070402;GO:0006520;GO:0051066;GO:0006559;GO:0006729
O15399,Glutamate ionotropic receptor NMDA type subunit 2D,Brain,GO:0005789;GO:0098978;GO:0098686;GO:0017146;GO:0005886;GO:0098839;GO:0045211;GO:0048787;GO:0016595;GO:0022849;GO:0004970;GO:0099507;GO:0004972;GO:1904315;GO:0022843;GO:0008344;GO:0007420;GO:0097553;GO:1905232;GO:0098976;GO:0060079;GO:0035235;GO:0060291;GO:0098655;GO:2000463;GO:0051968;GO:1904062;GO:0048168;GO:0051930;GO:0048167;GO:0001964;GO:0035249
Q8NDG6,Tudor domain containing 9,Testis,GO:0005737;GO:0005634;GO:0071547;GO:0005524;GO:0016887;GO:0140849;GO:0140665;GO:0140584;GO:0061775;GO:0003689;GO:0004386;GO:0003723;GO:0003724;GO:0030154;GO:0009566;GO:0007141;GO:0007140;GO:0034587;GO:0007283;GO:0141196;GO:0141006
Q99435,Neural EGFL like 2,Brain,GO:0005737;GO:0005576;GO:0005615;GO:0005509;GO:0008201;GO:0042802;GO:0005080;GO:0071679;GO:0009566;GO:0070050
A6NDN3,Golgin A6 family member B,Testis,GO:0005801;GO:0000137;GO:0032580;GO:0007030
Q8TDC3,BR serine/threonine kinase 1,Brain,GO:0030054;GO:0005813;GO:0098981;GO:0005737;GO:0150034;GO:0005654;GO:0005634;GO:0014069;GO:0048786;GO:0008021;GO:0004676;GO:0004679;GO:0005524;GO:0004677;GO:0004694;GO:0043015;GO:0044024;GO:0072371;GO:1990244;GO:0035979;GO:0044025;GO:0140823;GO:0035175;GO:0044022;GO:0140855;GO:0035402;GO:0072354;GO:0140857;GO:0035403;GO:0044023;GO:0000287;GO:0019901;GO:0106310;GO:0004674;GO:0072518;GO:0004711;GO:0048156;GO:0050321;GO:0008306;GO:0007409;GO:0051298;GO:0006974;GO:0030010;GO:0000086;GO:0090176;GO:0007095;GO:0030182;GO:0007269;GO:0018105;GO:0006468;GO:0050770;GO:0010975;GO:0048167;GO:2000807;GO:0010807;GO:0009411;GO:0099504
Q9NQV7,PR/SET domain 9,Testis,GO:0005694;GO:0005654;GO:0005634;GO:0046975;GO:0140955;GO:0042800;GO:0140999;GO:0140949;GO:0140944;GO:0140941;GO:0042803;GO:0010844;GO:0000976;GO:0008270;GO:1990918;GO:0007292;GO:0007129;GO:0048232;GO:0006311;GO:0032259;GO:0043066;GO:1905516;GO:0010845;GO:0006355;GO:0010468
P09105,Hemoglobin subunit theta 1,Brain,GO:0031838;GO:0005833;GO:0020037;GO:0005506;GO:0043177;GO:0019825;GO:0005344;GO:0098869;GO:0042744;GO:0015671
Q5H9L2,Transcription elongation factor A like 5,Testis,GO:0005634
P18827,Syndecan 1,Liver,GO:0009986;GO:0009897;GO:0070062;GO:0005796;GO:0043202;GO:0005886;GO:0032991;GO:0038024;GO:0042802;GO:0060070;GO:0016477;GO:0048627;GO:1903543;GO:1903553;GO:0006898;GO:0051592;GO:0051591;GO:0051384;GO:0042542;GO:0009636;GO:0060009;GO:0055002;GO:0001657
A6ND91,Aspartate dehydrogenase domain containing,Liver,GO:0033735;GO:0050661;GO:0009435
Q9NVF9,Ethanolamine kinase 2,Kidney,GO:0005737;GO:0005829;GO:0005524;GO:0004305;GO:0001701;GO:0035264;GO:0006646;GO:0001890;GO:0009791
Q8TDX5,Aminocarboxymuconate semialdehyde decarboxylase,Liver,GO:0005737;GO:0005829;GO:0001760;GO:0016787;GO:0008270;GO:1904985;GO:1905004;GO:1905012;GO:0019748;GO:0006569
Q9H4D0,Calsyntenin 2,Brain,GO:0009986;GO:0030425;GO:0005789;GO:0098978;GO:0000139;GO:0098839;GO:0045211;GO:0005509;GO:0008306;GO:0007156;GO:1904862;GO:0051965;GO:0050806
Q58EX7,Pleckstrin homology and RhoGEF domain containing G4,Testis,GO:0005737;GO:0005829;GO:0019898;GO:0005886;GO:0005085;GO:0007411;GO:0051056
A0A1W2PRP0,Forkhead box L3,Testis,GO:0005634;GO:0000981;GO:0000978;GO:0009653;GO:0030154;GO:0006357
P23515,Oligodendrocyte myelin glycoprotein,Brain,GO:0005886;GO:0098552;GO:0007155;GO:0031102
Q9H3H9,Transcription elongation factor A like 2,Brain,GO:0005634
Q8NHU2,Cilia and flagella associated protein 61,Testis,GO:0005930;GO:0031514;GO:0003341;GO:0044782;GO:0120316
Q15700,Discs large MAGUK scaffold protein 2,Brain,GO:0005912;GO:1904115;GO:0016323;GO:0005829;GO:0044224;GO:0016020;GO:0031594;GO:0043005;GO:0043204;GO:0005886;GO:0014069;GO:0098839;GO:0004385;GO:0035255;GO:0019900;GO:0019901;GO:0099641;GO:0098609;GO:0035865;GO:0007268;GO:0045197;GO:0007399;GO:0035418;GO:0043113;GO:0097120;GO:0099072;GO:0099642
Q5MJ07,SPANX family member N5,Testis,
Q9P209,Centrosomal protein 72,Testis,GO:0034451;GO:0005813;GO:0005829;GO:0042802;GO:0007099;GO:0033566;GO:1904779;GO:0007051
B2RUY7,Von Willebrand factor C domain containing 2 like,Brain,GO:0032281;GO:0005615;GO:0045202;GO:0030514;GO:0045666
Q8N4P6,Leucine rich repeat containing 71,Testis,
P08590,Myosin light chain 3,Heart,GO:0031672;GO:0005829;GO:0031674;GO:0005859;GO:0016460;GO:0030017;GO:0003785;GO:0005509;GO:0032038;GO:0008307;GO:0060048;GO:0032781;GO:0006942;GO:0002026;GO:0055010
Q9Y2S2,Crystallin lambda 1,Liver,GO:0005829;GO:0070062;GO:0050104;GO:0070403;GO:0042803;GO:0019640;GO:0006631
Q9H6R3,Acyl-CoA synthetase short chain family member 3,Liver,GO:0043231;GO:0005759;GO:0005739;GO:0003987;GO:0005524;GO:0031956;GO:0050218;GO:0046951
Q96MR9,Zinc finger protein 560,Testis,GO:0005634;GO:0000981;GO:0046872;GO:0000977;GO:0006357
Q9HAW9,UDP glucuronosyltransferase family 1 member A8,Liver,GO:0005783;GO:0005789;GO:0019899;GO:0004857;GO:0005504;GO:0015020;GO:0046982;GO:0042803;GO:0001972;GO:0005496;GO:0052695;GO:0009804;GO:0006631;GO:0051552;GO:0052696;GO:0001889;GO:2001030;GO:0045922;GO:0045939;GO:0042573;GO:0008202;GO:0052697;GO:0006805
Q9P1U1,Actin related protein 3B,Brain,GO:0042995;GO:0005737;GO:0005856;GO:0070062;GO:0003779;GO:0005524
Q9NQW6,"Anillin, actin binding protein",Brain,GO:0015629;GO:0005826;GO:0032059;GO:0005938;GO:0005829;GO:0030496;GO:0005654;GO:0003779;GO:0045296;GO:0000915;GO:0002244;GO:0000281;GO:0090521;GO:1904172;GO:0007096;GO:0000921;GO:0031106
Q9H2X0,Chordin,Liver,GO:0005615;GO:0036122;GO:0019955;GO:0030509;GO:0009953;GO:0033504;GO:0030514;GO:0030336;GO:0045668;GO:0045785;GO:0002053;GO:0001501;GO:0021513
Q6ZMJ2,Scavenger receptor class A member 5,Heart,GO:0009986;GO:0005886;GO:0070287;GO:0034605;GO:0006897;GO:0006879;GO:0034755;GO:0070207
Q6IPW1,Chromosome 11 open reading frame 71,Testis,
Q9BQI7,Pleckstrin and Sec7 domain containing 2,Brain,GO:0032154;GO:0030425;GO:0098978;GO:0043025;GO:0098794;GO:0032587;GO:0005085;GO:0005543;GO:0032012
Q6ZU52,KIAA0408,Brain,
Q69YU3,Ankyrin repeat domain 34A,Brain,GO:0071546
Q96EQ0,Small glutamine rich tetratricopeptide repeat co-chaperone beta,Brain,GO:0016020;GO:0072380;GO:0030544;GO:0042802;GO:0060090;GO:0006620;GO:0051291;GO:0051260
O75800,Zinc finger MYND-type containing 10,Testis,GO:0016324;GO:0034451;GO:0005737;GO:0120293;GO:0046872;GO:0060090;GO:0044183;GO:0003341;GO:0036159;GO:0044458;GO:0036158;GO:1905505;GO:0061512
Q86Y33,Cell division cycle 20B,Testis,GO:0005680;GO:0005737;GO:0098536;GO:0010997;GO:1990757;GO:0031145;GO:0097742;GO:1905786
Q96MS3,Glycosyltransferase 1 domain containing 1,Liver,GO:0005829;GO:0005576;GO:0016757
Q6P1K1,Solute carrier family 48 member 1,Brain,GO:0036019;GO:0010008;GO:0005765;GO:0061474;GO:0005886;GO:0020037;GO:0015232;GO:0030218;GO:0097037;GO:0140357;GO:0042168;GO:0015886;GO:0051674;GO:0007041;GO:0006909
Q9Y615,Actin like 7A,Testis,GO:0001669;GO:0005737;GO:0005856;GO:0005794;GO:0001673;GO:0031514;GO:0005634;GO:0032991;GO:0005200;GO:0001675;GO:0009566;GO:0007338;GO:0007286
P54764,EPH receptor A4,Brain,GO:0005912;GO:0030424;GO:0043679;GO:0044295;GO:0009986;GO:0005737;GO:0030425;GO:0043198;GO:0043197;GO:0031901;GO:0030175;GO:0098978;GO:0005741;GO:0031594;GO:0043204;GO:0005886;GO:0098839;GO:0042734;GO:0098685;GO:0001540;GO:0005524;GO:0008288;GO:0060175;GO:0097161;GO:0046875;GO:0005006;GO:0005007;GO:0005004;GO:0005008;GO:0140801;GO:0035401;GO:0042802;GO:0005009;GO:0005010;GO:0016301;GO:0005011;GO:0042731;GO:0036332;GO:0005018;GO:0005019;GO:0004672;GO:0004713;GO:1990782;GO:0038062;GO:0005020;GO:0005005;GO:0005021;GO:0034332;GO:0007628;GO:0007411;GO:0007155;GO:1904646;GO:0090102;GO:0021957;GO:0048013;GO:0097156;GO:0097155;GO:0008347;GO:0060384;GO:0008045;GO:0048681;GO:0007162;GO:0030336;GO:1900038;GO:0010719;GO:0070373;GO:1900272;GO:0043524;GO:0010977;GO:1903051;GO:0017148;GO:0072178;GO:0106030;GO:0097485;GO:0018108;GO:1902004;GO:1902961;GO:0045785;GO:0030335;GO:0008284;GO:0050775;GO:0061098;GO:2001108;GO:0046777;GO:0050821;GO:0048710;GO:0050770;GO:0061001;GO:0043087;GO:1905244;GO:1905806;GO:0098883
Q2V2M9,Formin homology 2 domain containing 3,Heart,GO:0005737;GO:0005856;GO:0030018;GO:0051015;GO:0055003;GO:0030866;GO:0045214
Q6UW60,Proprotein convertase subtilisin/kexin type 4,Testis,GO:0002080;GO:0001669;GO:0000139;GO:0005802;GO:0004252;GO:0007340;GO:0007339;GO:0009566;GO:0016486;GO:0016485;GO:0022414;GO:0048240
Q9HC77,Centromere protein J,Testis,GO:0005814;GO:0005813;GO:0036064;GO:0005737;GO:0005829;GO:0008275;GO:0005874;GO:0120099;GO:0043015;GO:0042802;GO:0019904;GO:0019901;GO:0003713;GO:0015631;GO:0030954;GO:0051301;GO:0061511;GO:0007099;GO:0060271;GO:0007020;GO:0046785;GO:0044458;GO:1905515;GO:1903724;GO:0046601;GO:1904951;GO:1900087;GO:1902857;GO:0046427;GO:1905832;GO:0046599;GO:0060236;GO:0007224
Q9Y4J8,Dystrobrevin alpha,Brain,GO:0030424;GO:0030054;GO:0005737;GO:0031234;GO:0045111;GO:0005654;GO:0005886;GO:0032991;GO:0042383;GO:0045202;GO:0030165;GO:0008270;GO:0007268;GO:0007274;GO:0007165;GO:0006941;GO:0099536
A6NHS7,MANSC domain containing 4,Brain,GO:0005886;GO:0004867;GO:0008544;GO:0060429;GO:0030198
Q9BZI1,Iroquois homeobox 2,Kidney,GO:0000785;GO:0005634;GO:0000981;GO:0001227;GO:0000978;GO:0043565;GO:0048468;GO:0000122;GO:0030182;GO:0072272;GO:0006357;GO:0072086
Q3SYC2,Monoacylglycerol O-acyltransferase 2,Liver,GO:0005783;GO:0005789;GO:1990578;GO:0003846;GO:0016407;GO:0004144;GO:0006651;GO:0006071;GO:0050892;GO:0006640;GO:0019432
Q6BCY4,Cytochrome b5 reductase 2,Testis,GO:0005789;GO:0016020;GO:0005739;GO:0005634;GO:0004128;GO:0071949;GO:0015701;GO:0016126
A7E2Y1,Myosin heavy chain 7B,Heart,GO:0097512;GO:0005737;GO:0016020;GO:0032982;GO:0016460;GO:0051015;GO:0005524;GO:0000146;GO:1905289;GO:0086004;GO:0051480
Q8N461,F-box and leucine rich repeat protein 16,Brain,GO:0005829;GO:0019005;GO:0031146
O75409,H2A.P histone,Testis,GO:0000786;GO:0005634;GO:0046982;GO:0030527;GO:0031507
Q5JY77,G protein-coupled receptor associated sorting protein 1,Brain,GO:0005829;GO:0005634;GO:0008333;GO:1990172
Q0VDD8,Dynein axonemal heavy chain 14,Testis,GO:0097729;GO:0005737;GO:0030286;GO:0005874;GO:0005524;GO:0045505;GO:0051959;GO:0008569;GO:0060294
Q5RHP9,Glutamate rich 3,Brain,GO:0005737;GO:0097730;GO:0060271
Q13609,Deoxyribonuclease 1 like 3,Liver,GO:0005783;GO:0005576;GO:0005634;GO:0005509;GO:0004530;GO:0003677;GO:0004536;GO:0006309;GO:0006259;GO:0002283;GO:0010623;GO:0002673;GO:0070948
Q8WVP5,TNF alpha induced protein 8 like 1,Liver,GO:0005737;GO:0042802;GO:0032007;GO:0042981
O43896,Kinesin family member 1C,Heart,GO:0030424;GO:1904115;GO:0005737;GO:0030425;GO:0005783;GO:0005794;GO:0005871;GO:0005874;GO:0005524;GO:0016887;GO:0003774;GO:0008017;GO:0008574;GO:0003723;GO:1990048;GO:1990049;GO:0006890;GO:0016192
Q96NL1,Transmembrane protein 74,Brain,GO:0000421;GO:0031410;GO:0005765;GO:0005886;GO:0044325;GO:0051867;GO:0016236
Q96BF6,NACC family member 2,Brain,GO:0000785;GO:0005739;GO:0005730;GO:0005634;GO:0000981;GO:0001227;GO:0042826;GO:0042803;GO:0044877;GO:0000978;GO:0008285;GO:0045892;GO:0000122;GO:1902231;GO:0051260;GO:0031503;GO:0006357
A6NDD5,Synapse differentiation inducing 1 like,Brain,GO:0005794;GO:0043231;GO:0016020
O94856,Neurofascin,Brain,GO:0030424;GO:0043194;GO:0101003;GO:0005925;GO:0033268;GO:0033010;GO:0005886;GO:0098632;GO:0007411;GO:0007420;GO:0098609;GO:0042552;GO:0007422
Q92876,Kallikrein related peptidase 6,Brain,GO:0001533;GO:0005737;GO:0005783;GO:0005576;GO:0005615;GO:0045171;GO:0005739;GO:0031965;GO:0005730;GO:0005654;GO:0030141;GO:0004252;GO:0042982;GO:0007417;GO:0030574;GO:0042445;GO:0042552;GO:0045745;GO:0016540;GO:0051604;GO:0045595;GO:0010975;GO:0009611;GO:0042246
Q56VL3,OCIA domain containing 2,Kidney,GO:0005768;GO:0005794;GO:0005764;GO:0005739;GO:0006897;GO:0061484;GO:0046427;GO:0009617
Q5SV17,Transmembrane protein 240,Brain,GO:0150053;GO:0098688;GO:0098839;GO:0097060;GO:0160045
Q8N584,Tetratricopeptide repeat domain 39C,Liver,GO:0060271;GO:0032474
Q4G0M1,Erythroferrone,Testis,GO:0005576;GO:0005615;GO:0005179;GO:0042802;GO:0051649;GO:0015908;GO:0006879;GO:0043066;GO:0010507;GO:0045721;GO:0045668;GO:0045671;GO:0046326;GO:2000193;GO:0046628;GO:0051897;GO:0019217
P63027,Vesicle associated membrane protein 2,Brain,GO:0030669;GO:0030136;GO:0061202;GO:0060203;GO:0070083;GO:0031410;GO:0005829;GO:0043231;GO:0016020;GO:0043005;GO:0044306;GO:0048471;GO:0005886;GO:0030141;GO:0030667;GO:0031201;GO:0045202;GO:0008021;GO:0030672;GO:0070044;GO:0070032;GO:0070033;GO:0005802;GO:0031982;GO:0042589;GO:0048306;GO:0005516;GO:0005543;GO:0005484;GO:0000149;GO:0019905;GO:0017075;GO:0017156;GO:0032869;GO:0043308;GO:0006887;GO:0043001;GO:0060291;GO:0061025;GO:0090316;GO:0015031;GO:0065003;GO:1902259;GO:0017157;GO:0060627;GO:0009749;GO:0035493;GO:0048488;GO:0016079;GO:0006906;GO:0016192
Q8TDW5,Synaptotagmin like 5,Brain,GO:0070382;GO:0005886;GO:0046872;GO:0042043;GO:0005543;GO:0031267;GO:0006887;GO:0006886
P0CW24,PNMA family member 6A,Brain,
Q6DHY5,TBC1 domain family member 3G,Testis,GO:0005886;GO:0005096
Q7Z7A4,PX domain containing serine/threonine kinase like,Brain,GO:0034451;GO:0005737;GO:0005829;GO:0005634;GO:0005886;GO:0032991;GO:0003779;GO:0035091;GO:0006954;GO:0050804;GO:0032780;GO:0043271
O00445,Synaptotagmin 5,Brain,GO:0030424;GO:0031045;GO:0070382;GO:0043025;GO:0099012;GO:0048471;GO:0005886;GO:1990769;GO:0055038;GO:0030672;GO:0005509;GO:0061891;GO:0005544;GO:0030276;GO:0005546;GO:0001786;GO:0046982;GO:0000149;GO:0019905;GO:0099502;GO:0007268;GO:0017158;GO:2000300;GO:0016192
Q8NBV4,Phospholipid phosphatase 7 (inactive),Heart,GO:0005789;GO:0016020;GO:0005635;GO:0042392;GO:0010832
Q9H2A9,Carbohydrate sulfotransferase 8,Brain,GO:0000139;GO:0016020;GO:0001537;GO:0008146;GO:0016051;GO:0007417;GO:0042446;GO:0030166;GO:0006790
Q8WWX8,Solute carrier family 5 member 11,Brain,GO:0016324;GO:0005886;GO:0005412;GO:0005365;GO:0015166;GO:0006915;GO:0015798
Q9H347,Ubiquilin 3,Testis,GO:0005829;GO:0031593;GO:0033554;GO:0061136;GO:0006511
A4IF30,Solute carrier family 35 member F4,Brain,GO:0016020
P35575,Glucose-6-phosphatase catalytic subunit 1,Kidney,GO:0005789;GO:0016020;GO:0004346;GO:0042301;GO:0016773;GO:0042632;GO:0006094;GO:0051156;GO:0042593;GO:0015760;GO:0005980;GO:0005977;GO:0035264;GO:0010468;GO:0008202;GO:0006641;GO:0046415
A0A0U1RRK4,LBH domain containing 2,Brain,
Q8TAC9,Secretory carrier membrane protein 5,Brain,GO:0000139;GO:0016020;GO:0005886;GO:0055038;GO:0030672;GO:0032588;GO:0044877;GO:0006887;GO:0045806;GO:0045956;GO:0001819;GO:0015031;GO:0034976
Q7Z4W2,Lysozyme like 2,Testis,GO:0005576;GO:0003796
Q9HCP6,Hedgehog acyltransferase like,Heart,GO:0005783;GO:0005789;GO:0048471;GO:0060262
Q4LDR2,Cortexin 3,Brain,GO:0016020
Q13253,Noggin,Brain,GO:0005576;GO:0005615;GO:0098793;GO:0019955;GO:0042803;GO:0055009;GO:0048318;GO:0030509;GO:0051216;GO:0021533;GO:1904888;GO:0009953;GO:0042733;GO:0060272;GO:0048706;GO:0003272;GO:0001706;GO:0050673;GO:0001837;GO:0035640;GO:0060325;GO:0008543;GO:0061384;GO:0001701;GO:0060173;GO:0060291;GO:0060425;GO:0003149;GO:0001707;GO:0042474;GO:0008045;GO:2001234;GO:0048712;GO:0030514;GO:0090090;GO:0062044;GO:0060044;GO:0061037;GO:0030336;GO:0060302;GO:0010629;GO:0045668;GO:0060392;GO:0000122;GO:0007399;GO:0021999;GO:0001839;GO:0001843;GO:0038092;GO:0048570;GO:0001649;GO:0003151;GO:0061626;GO:0021983;GO:0090190;GO:0050679;GO:0010628;GO:0090193;GO:0045944;GO:0099171;GO:0060513;GO:0040036;GO:0048168;GO:1990926;GO:0001501;GO:0007224;GO:0035019;GO:0061053;GO:0021510;GO:0048863;GO:0060676;GO:0003223;GO:0060412;GO:0008542;GO:0042060
Q86UF1,Tetraspanin 33,Kidney,GO:0005912;GO:0009986;GO:0005788;GO:0005886;GO:0046930;GO:0097197;GO:0019899;GO:0046931;GO:0072659;GO:0051604
Q6PF15,Kelch like family member 35,Brain,GO:0031463;GO:0005737;GO:1990756;GO:0043161
Q8WXH2,Junctophilin 3,Brain,GO:0005789;GO:0030314;GO:0014701;GO:0016020;GO:0005886;GO:0060402;GO:0035640;GO:0007612;GO:0040011;GO:0007613;GO:0050885;GO:0048168;GO:0060314;GO:0048167
Q7Z6G8,Ankyrin repeat and sterile alpha motif domain containing 1B,Brain,GO:0015030;GO:0005813;GO:0005829;GO:0043197;GO:0005654;GO:0005886;GO:0014069;GO:0046875;GO:0048013
P35558,Phosphoenolpyruvate carboxykinase 1,Kidney,GO:0005737;GO:0005829;GO:0005783;GO:0070062;GO:0031406;GO:0005525;GO:0000287;GO:0030145;GO:0004613;GO:0106264;GO:0071549;GO:0071333;GO:0032869;GO:0051365;GO:0006094;GO:0042593;GO:0006006;GO:0046166;GO:0046327;GO:0070365;GO:0006107;GO:0018105;GO:0046889;GO:0043382;GO:0045944;GO:0019543;GO:0046890;GO:0009617;GO:0032868;GO:0042594;GO:0072350
P35368,Adrenoceptor alpha 1B,Brain,GO:0005901;GO:0005737;GO:0031965;GO:0005634;GO:0005886;GO:0004937;GO:0046982;GO:0071880;GO:0007188;GO:0007267;GO:0007186;GO:0035556;GO:0150099;GO:0007200;GO:0007204;GO:0043410;GO:0055117;GO:0019229
Q9Y6F8,Chromodomain Y-linked 1B,Testis,GO:0005634;GO:0043999;GO:0044012;GO:0044015;GO:0044014;GO:0140908;GO:0036408;GO:0043993;GO:0043994;GO:0044017;GO:0044018;GO:0044016;GO:0032931;GO:0043992;GO:0043997;GO:0046972;GO:0043995;GO:0043996;GO:0035064;GO:0003714;GO:0007283
P0C7V8,DDB1 and CUL4 associated factor 8 like 2,Testis,GO:0080008;GO:0005737;GO:0005634
Q99624,Solute carrier family 38 member 3,Liver,GO:0016324;GO:0016323;GO:0005886;GO:0015171;GO:0015180;GO:0015182;GO:0140831;GO:0015186;GO:0140830;GO:0005290;GO:0140832;GO:0005295;GO:0003333;GO:0006865;GO:0006867;GO:0051365;GO:0007565;GO:0010585;GO:0006868;GO:0015817;GO:0080144;GO:0015808;GO:1903811;GO:1903803;GO:1903810;GO:1902024;GO:2000487;GO:0045944;GO:0150104
P62380,TATA-box binding protein like 1,Testis,GO:0005737;GO:0001673;GO:0005672;GO:0140223;GO:0000979;GO:0016251;GO:0001675;GO:0006352;GO:0006235;GO:0007289;GO:0006366
Q01484,Ankyrin 2,Brain,GO:0031672;GO:0016324;GO:0016323;GO:0043034;GO:0005856;GO:0005829;GO:0005769;GO:0014704;GO:0005764;GO:0031430;GO:0005739;GO:0043005;GO:0005886;GO:0045211;GO:0055037;GO:0042383;GO:0030315;GO:0030018;GO:0051117;GO:0008093;GO:0019899;GO:0140031;GO:0019901;GO:0030674;GO:0030507;GO:0005200;GO:0044325;GO:0086014;GO:0086066;GO:0003283;GO:0006897;GO:0006874;GO:0086046;GO:0030913;GO:1901021;GO:0051928;GO:2001259;GO:0010628;GO:1901018;GO:0043268;GO:0008104;GO:0034394;GO:0070972;GO:0036309;GO:0033365;GO:0072659;GO:0036371;GO:0050821;GO:0015031;GO:0098910;GO:1901019;GO:0051924;GO:0086004;GO:0055117;GO:0010882;GO:0010881;GO:0002027;GO:0086091;GO:0031647;GO:0051279;GO:0098907;GO:0060307;GO:0051597;GO:0086015;GO:0086070;GO:0070296;GO:0033292;GO:0086005
Q96KT7,Solute carrier family 35 member G5,Testis,GO:0016020
Q5BJF2,Transmembrane protein 97,Liver,GO:0005783;GO:0005764;GO:0031965;GO:0005886;GO:0005791;GO:0030867;GO:0015485;GO:0008142;GO:0042632;GO:0140077;GO:0090303;GO:0001558;GO:0032383;GO:0032377
Q9NYW5,Taste 2 receptor member 4,Brain,GO:0060170;GO:0016020;GO:0005886;GO:0033038;GO:0004930;GO:0008527;GO:0001580;GO:0007585
Q6ZP65,BICD family like cargo adaptor 1,Kidney,GO:0005813;GO:0005737;GO:0034452;GO:0031267;GO:0055107;GO:0031175;GO:0047496
Q6W3E5,Glycerophosphodiester phosphodiesterase domain containing 4,Testis,GO:0016020;GO:0008889;GO:0046872;GO:0006629
Q8IYJ2,Chromosome 10 open reading frame 67,Testis,GO:0005739
Q9NQ66,Phospholipase C beta 1,Brain,GO:0000785;GO:0005737;GO:0005829;GO:0070062;GO:0098982;GO:0098978;GO:0031965;GO:0016607;GO:0005634;GO:0099524;GO:0032991;GO:0005509;GO:0005516;GO:0019899;GO:0005096;GO:0042802;GO:0005521;GO:0004435;GO:0005546;GO:0004629;GO:0060466;GO:1902618;GO:1905631;GO:1904637;GO:1904117;GO:0021987;GO:0045444;GO:0007213;GO:0007186;GO:0000086;GO:0007215;GO:0032957;GO:0048009;GO:0070498;GO:0035722;GO:0035723;GO:0099105;GO:0007612;GO:1990806;GO:0007613;GO:0045892;GO:2000438;GO:0031161;GO:0046488;GO:0048015;GO:0007207;GO:2000344;GO:2000560;GO:0048639;GO:0045893;GO:0040019;GO:1900087;GO:0032024;GO:0032735;GO:0046330;GO:0045663;GO:0099170;GO:1903140;GO:0080154;GO:0008277;GO:0099178;GO:0051209;GO:0007165
Q9Y2C5,Solute carrier family 17 member 4,Liver,GO:0016324;GO:0031526;GO:0016020;GO:0005886;GO:0005436;GO:0015349;GO:0022857;GO:0015143;GO:0006820;GO:0006796;GO:0006814;GO:0044341
Q9H4I0,RAD21 cohesin complex component like 1,Testis,GO:0005694;GO:0030893;GO:0005634;GO:0003682;GO:0007059;GO:0051321;GO:1990414;GO:0007062
Q8TD31,Coiled-coil alpha-helical rod protein 1,Testis,GO:0005814;GO:0005829;GO:0005634;GO:0042802;GO:0030154;GO:0006611
O15020,"Spectrin beta, non-erythrocytic 2",Brain,GO:0016324;GO:0030054;GO:0042995;GO:0030864;GO:0005829;GO:0005615;GO:0098978;GO:0043231;GO:0043025;GO:0098688;GO:0033010;GO:0005886;GO:0099189;GO:0098793;GO:0008091;GO:0003779;GO:0051015;GO:0045296;GO:0005543;GO:0005200;GO:0099186;GO:0098918;GO:0030036;GO:0051693;GO:0030534;GO:0021692;GO:0035264;GO:0099150;GO:0007416;GO:0016192
Q7L1I2,Synaptic vesicle glycoprotein 2B,Brain,GO:0001669;GO:0016020;GO:0005886;GO:0008021;GO:0030672;GO:0022857;GO:0007268;GO:0006836;GO:0099509;GO:2000300
Q96HP8,Transmembrane protein 176A,Liver,GO:0016020;GO:2001199
P78508,Potassium inwardly rectifying channel subfamily J member 10,Kidney,GO:0097449;GO:0016323;GO:0044297;GO:0097546;GO:0034702;GO:0005886;GO:0098793;GO:0005524;GO:0015272;GO:0005242;GO:0007628;GO:0035865;GO:0022010;GO:0051935;GO:1905515;GO:0055075;GO:1990573;GO:0071805;GO:0006813;GO:0048169;GO:0034765;GO:0060075;GO:0007601
O43557,TNF superfamily member 14,Liver,GO:0005737;GO:0005615;GO:0005886;GO:0043027;GO:0005125;GO:0042802;GO:0005102;GO:0005164;GO:0006915;GO:0007166;GO:0071260;GO:0006955;GO:0043123;GO:2001238;GO:0045663;GO:1901741;GO:1901224;GO:0010820;GO:0007165;GO:0042110;GO:0010818;GO:0031295;GO:0043029;GO:0042098
Q9UPZ3,HPS5 biogenesis of lysosomal organelles complex 2 subunit 2,Liver,GO:0031084;GO:0005737;GO:0005829;GO:0005769;GO:0007596;GO:0048066;GO:0046907;GO:1903232;GO:0060155
P49802,Regulator of G protein signaling 7,Brain,GO:0005737;GO:0005829;GO:0043005;GO:0005635;GO:0005886;GO:0032991;GO:0001965;GO:0031681;GO:0005096;GO:0003924;GO:0007186;GO:0035556;GO:0045744;GO:0043547;GO:1901381;GO:0001975;GO:0045471
Q9NQ86,Tripartite motif containing 36,Testis,GO:0001669;GO:0005737;GO:0005856;GO:0005829;GO:0005886;GO:0043014;GO:0004842;GO:0008270;GO:0007340;GO:0000281;GO:0051726;GO:0070507;GO:0007051
P25713,Metallothionein 3,Brain,GO:0097450;GO:0030424;GO:0005737;GO:0005829;GO:0043197;GO:0005615;GO:0016234;GO:0005874;GO:0005741;GO:0005634;GO:0048471;GO:0005840;GO:0008021;GO:0016209;GO:0046870;GO:0005507;GO:0046872;GO:0030295;GO:0008270;GO:0032148;GO:1990748;GO:0071276;GO:0071280;GO:0071456;GO:0034599;GO:0034614;GO:0071294;GO:0010273;GO:0006112;GO:0030003;GO:0006882;GO:0033210;GO:0030517;GO:0030308;GO:2000296;GO:0043524;GO:0010977;GO:0051354;GO:0045893;GO:0070374;GO:0010628;GO:2000376;GO:0001934;GO:0030949;GO:0050821;GO:0032095;GO:0019430;GO:0001666;GO:0006829
Q9BXU3,Testis expressed 13A,Testis,GO:0046872;GO:0003729
Q9HCU4,Cadherin EGF LAG seven-pass G-type receptor 2,Brain,GO:0005737;GO:0016020;GO:0005886;GO:0005509;GO:0004930;GO:0098609;GO:0033326;GO:0060271;GO:0003341;GO:0048813;GO:0007186;GO:0007156;GO:0097475;GO:0021999;GO:0022407;GO:0006355;GO:0032880;GO:0021591;GO:0016055;GO:0060071
Q9H2X9,Solute carrier family 12 member 5,Brain,GO:0071944;GO:0032590;GO:0098978;GO:0016020;GO:0043005;GO:0043025;GO:0043204;GO:0005886;GO:0099634;GO:0008519;GO:0015108;GO:0046872;GO:0015379;GO:0019901;GO:0006884;GO:0007268;GO:0055064;GO:1902476;GO:0060996;GO:0006971;GO:0030644;GO:0051452;GO:0007612;GO:0006811;GO:0035264;GO:0098970;GO:0055075;GO:1990573;GO:0150052;GO:0009410;GO:0040040
Q99574,Serpin family I member 1,Brain,GO:0060205;GO:0070062;GO:0005615;GO:0043025;GO:0043204;GO:0034774;GO:0004867;GO:0007417;GO:0007422;GO:0010976
Q9NQ40,Solute carrier family 52 member 3,Testis,GO:0016324;GO:0005737;GO:0031965;GO:0005634;GO:0005886;GO:0032217;GO:0034605;GO:0072388;GO:0006771;GO:0032218;GO:0007605
Q6QHF9,Polyamine oxidase,Testis,GO:0005737;GO:0005829;GO:0005782;GO:0052903;GO:0046592;GO:0006598;GO:1901307;GO:0009446;GO:0009447;GO:0046203;GO:0046208
Q6ZVH7,Espin like,Brain,GO:0005737;GO:0032426;GO:0051015;GO:0051017;GO:0007605
Q8IYA8,Interactor of HORMAD1 1,Testis,GO:0000794;GO:0006310;GO:0007129;GO:0042138;GO:0048477;GO:0060629;GO:0007283
P78333,Glypican 5,Testis,GO:0009986;GO:0062023;GO:0005576;GO:0005796;GO:0043202;GO:0016020;GO:0005886;GO:0098552;GO:0016477;GO:0090263;GO:1905475
Q8WUY9,DEP domain containing 1B,Testis,GO:0005096;GO:0016477;GO:0035556;GO:0030177
Q5VV63,Attractin like 1,Brain,GO:0016020;GO:0030246;GO:0005112;GO:0007186
P26367,Paired box 6,Brain,GO:0000785;GO:0005737;GO:0005829;GO:0005654;GO:0005634;GO:0031490;GO:0070410;GO:0003677;GO:0001228;GO:0003700;GO:0000981;GO:0001227;GO:0035035;GO:0071837;GO:0003680;GO:0019901;GO:0070412;GO:0003723;GO:0000978;GO:0000979;GO:1990837;GO:0000976;GO:0001221;GO:0031625;GO:0009887;GO:0048708;GO:0007411;GO:0001568;GO:0007420;GO:0001709;GO:0044344;GO:0071333;GO:0032869;GO:1990830;GO:0071380;GO:0071466;GO:0007417;GO:0021549;GO:0021796;GO:0006338;GO:0021902;GO:0061303;GO:0009950;GO:0048596;GO:0000132;GO:0001654;GO:0042462;GO:0030900;GO:0021798;GO:0021905;GO:0042593;GO:0021986;GO:1901142;GO:0022027;GO:0061072;GO:0030216;GO:0032808;GO:0098598;GO:0002088;GO:0050680;GO:0007406;GO:0050768;GO:0045665;GO:0000122;GO:0007399;GO:0001755;GO:0007405;GO:0048663;GO:0061034;GO:0021778;GO:0003322;GO:0021983;GO:0042660;GO:1904798;GO:0045893;GO:0030858;GO:0010628;GO:0120008;GO:1902895;GO:0002052;GO:2001224;GO:0045944;GO:0033365;GO:0009786;GO:0010975;GO:0048505;GO:0006357;GO:0045471;GO:0009611;GO:0060041;GO:0021593;GO:0007435;GO:1904937;GO:0007423;GO:0023019;GO:0007224;GO:0006366;GO:0003309;GO:0021517;GO:0007601
P35125,Ubiquitin specific peptidase 6,Testis,GO:0005737;GO:0098978;GO:0005794;GO:0005764;GO:0005886;GO:0099092;GO:0055037;GO:0005516;GO:0004843;GO:0004197;GO:0003676;GO:0016579;GO:0036211;GO:0006508;GO:0099149;GO:0060627
P22455,Fibroblast growth factor receptor 4,Liver,GO:0005783;GO:0005768;GO:0005576;GO:0005794;GO:0005886;GO:0043235;GO:0030133;GO:0005524;GO:0008288;GO:0060175;GO:0005006;GO:0017134;GO:0005007;GO:0005004;GO:0008201;GO:0005008;GO:0140801;GO:0035401;GO:0005009;GO:0005010;GO:0005011;GO:0036332;GO:0005018;GO:0005019;GO:0038062;GO:0005020;GO:0005005;GO:0005021;GO:0016477;GO:0007169;GO:0042632;GO:0008543;GO:0042593;GO:0018108;GO:0055062;GO:0043085;GO:0008284;GO:2000573;GO:0070374;GO:0010628;GO:0045862;GO:0046777;GO:0070857;GO:0010715;GO:0019216
Q14500,Potassium inwardly rectifying channel subfamily J member 12,Brain,GO:0016020;GO:0034702;GO:0005886;GO:0030315;GO:0005242;GO:0006936;GO:1990573;GO:0006813;GO:0051289;GO:0008016;GO:0034765
Q6ZU64,Cilia and flagella associated protein 65,Testis,GO:0002080;GO:0001669;GO:0005737;GO:0005886;GO:0036126;GO:0097225;GO:0003723;GO:0030317;GO:0007288
Q9BYG7,Maestro,Testis,GO:0005730
Q63ZE4,Solute carrier family 22 member 10,Liver,GO:0016020;GO:0022857;GO:0015711
O75602,Sperm associated antigen 6,Testis,GO:0001669;GO:0005930;GO:0005576;GO:0005874;GO:0015630;GO:0005634;GO:0097228;GO:0008017;GO:0003351;GO:0046847;GO:1990138;GO:0007288
Q17RG1,Potassium channel tetramerization domain containing 19,Testis,GO:0005634;GO:0042802;GO:0030154;GO:0007140;GO:0051260;GO:0007283
O15273,Titin-cap,Heart,GO:0005829;GO:0031674;GO:0030018;GO:0036122;GO:0051373;GO:0060090;GO:0030674;GO:0008307;GO:0031432;GO:0070080;GO:0044325;GO:0007512;GO:0055013;GO:0060048;GO:0003300;GO:0014898;GO:0055008;GO:0055003;GO:0050982;GO:0035995;GO:0030916;GO:0065003;GO:0035994;GO:0045214;GO:0048769;GO:0003009;GO:0030241;GO:0030240;GO:0001756
P46952,"3-hydroxyanthranilate 3,4-dioxygenase",Liver,GO:0005737;GO:0005829;GO:0000334;GO:0009055;GO:0008198;GO:0034354;GO:0043420;GO:0009435;GO:0070050;GO:0019805;GO:0046874;GO:0046686;GO:0010043;GO:0006569
Q86VL8,Solute carrier family 47 member 2,Kidney,GO:0016324;GO:0016020;GO:0005886;GO:0015297;GO:0015101;GO:0140968;GO:0022857;GO:0042910;GO:0015695;GO:0055085;GO:1990961
A2PYH4,Helicase for meiosis 1,Testis,GO:0005634;GO:0005524;GO:0016887;GO:0140849;GO:0140665;GO:0140584;GO:0061775;GO:0003689;GO:0003678;GO:0036121;GO:0061749;GO:0009378;GO:0003676;GO:1990518;GO:0000712
Q96JE7,"SEC16 homolog B, endoplasmic reticulum export factor",Liver,GO:0005829;GO:0070971;GO:0005789;GO:0012507;GO:0000139;GO:0043231;GO:0007029;GO:0006888;GO:0007030;GO:0016559;GO:0007031;GO:0010628;GO:0070863;GO:0070973;GO:0015031
Q9NZV7,Zinc finger imprinted 2,Testis,GO:0005634;GO:0003677;GO:0003700;GO:0008270;GO:0006355;GO:0006357
O14490,DLG associated protein 1,Brain,GO:0098978;GO:0005886;GO:0014069;GO:0099572;GO:0060090;GO:0044877;GO:0007268;GO:0050804
Q8NE31,Family with sequence similarity 13 member C,Brain,
P48050,Potassium inwardly rectifying channel subfamily J member 4,Brain,GO:0016323;GO:0030659;GO:0005886;GO:0045211;GO:0008076;GO:0005242;GO:0030165;GO:1990573;GO:0006813;GO:0034765
O95622,Adenylate cyclase 5,Heart,GO:0005929;GO:0016020;GO:0005886;GO:0004016;GO:0008179;GO:0005524;GO:0046872;GO:0097110;GO:0007191;GO:0007189;GO:0007195;GO:0007193;GO:0006171;GO:1904322;GO:0001973;GO:0035556;GO:0007626;GO:0050885;GO:0007204;GO:0061178
O60732,MAGE family member C1,Testis,GO:0005634;GO:0000122
Q9GZK4,Olfactory receptor family 2 subfamily H member 1,Testis,GO:0005886;GO:0004930;GO:0004984;GO:0050911
Q96P66,G protein-coupled receptor 101,Brain,GO:0005886;GO:0043235;GO:0004930;GO:0071880;GO:0043410
Q9H9L3,Interferon stimulated exonuclease gene 20 like 2,Testis,GO:0005730;GO:0005634;GO:0000175;GO:0004527;GO:0003723;GO:0042254;GO:0006396
Q9HBI6,Cytochrome P450 family 4 subfamily F member 11,Liver,GO:0005789;GO:0052869;GO:0005504;GO:0020037;GO:0005506;GO:0102033;GO:0004497;GO:0016709;GO:0019369;GO:0007596;GO:1903604;GO:0006631;GO:0042361;GO:0097267;GO:0031408;GO:0042376;GO:0042377
Q9Y274,"ST3 beta-galactoside alpha-2,3-sialyltransferase 6",Liver,GO:0070062;GO:0000139;GO:0016020;GO:0003836;GO:0008118;GO:0008373;GO:0071354;GO:0009247;GO:0018146;GO:0009312;GO:0006486
O15514,RNA polymerase II subunit D,Testis,GO:0005829;GO:0016607;GO:0005654;GO:0005634;GO:0005665;GO:0000166;GO:0031369;GO:0006366;GO:0006367
P30038,Aldehyde dehydrogenase 4 family member A1,Liver,GO:0005829;GO:0005759;GO:0005739;GO:0003842;GO:0004029;GO:0009055;GO:0042802;GO:0019470;GO:0006562;GO:0010133;GO:0006560
Q96EE4,Coiled-coil domain containing 126,Testis,GO:0005576;GO:0016020
Q5J8X5,Membrane spanning 4-domains A13,Testis,GO:0005886;GO:0007166
P21728,Dopamine receptor D1,Brain,GO:0060170;GO:0005929;GO:0043197;GO:0005789;GO:0097648;GO:0098982;GO:0098978;GO:0097730;GO:0005634;GO:0005886;GO:0045211;GO:0042734;GO:1990763;GO:0035240;GO:0004952;GO:0001588;GO:0004930;GO:0001965;GO:0032795;GO:0007190;GO:0071880;GO:0007191;GO:0007189;GO:0007628;GO:0014002;GO:0001662;GO:0048148;GO:0071870;GO:0021853;GO:0001661;GO:0046323;GO:0021542;GO:0042417;GO:0015872;GO:0007212;GO:0007187;GO:0007625;GO:0046959;GO:0060292;GO:0060291;GO:0042711;GO:0007617;GO:0007613;GO:0099010;GO:0019228;GO:0035106;GO:0030432;GO:0060158;GO:0030335;GO:0043410;GO:2001224;GO:0043268;GO:0051281;GO:0051968;GO:0060134;GO:0099171;GO:0006606;GO:0042053;GO:0051584;GO:0001975;GO:0009410;GO:0046960;GO:0021756;GO:0007416;GO:0035249;GO:0001659;GO:0019226;GO:0042311;GO:0008542
Q5M9Q1,NFKB activating protein like,Testis,GO:0005634;GO:0003682;GO:0030154;GO:0010468;GO:0007283
P01008,Serpin family C member 1,Liver,GO:0072562;GO:0062023;GO:0005788;GO:0070062;GO:0005576;GO:0005615;GO:0005886;GO:0008201;GO:0042802;GO:0002020;GO:0004867;GO:0007596;GO:0030193
Q96SC8,DMRT like family A2,Testis,GO:0000785;GO:0005634;GO:0000981;GO:0042802;GO:0046872;GO:0000978;GO:1990837;GO:0021796;GO:0071542;GO:0007281;GO:0007405;GO:0048665;GO:0002052;GO:0006357;GO:0007548;GO:0035914;GO:0048866
Q8NEV8,Exophilin 5,Brain,GO:0005768;GO:0031267;GO:0006886;GO:0003334;GO:0071985;GO:0045921;GO:0050714
Q9NYZ4,Sialic acid binding Ig like lectin 8,Brain,GO:0016020;GO:0005886;GO:0030246;GO:0033691;GO:0004888;GO:0007155;GO:0007165
Q9Y5F6,"Protocadherin gamma subfamily C, 5",Brain,GO:0005886;GO:0005509;GO:0007155;GO:0007156;GO:0043524;GO:0007399;GO:0050808
Q9UJ90,Potassium voltage-gated channel subfamily E regulatory subunit 5,Brain,GO:0005886;GO:0008076;GO:0015459;GO:0044325;GO:0005249;GO:0086014;GO:0060048;GO:0086011;GO:0098915;GO:1903765;GO:1901380;GO:1901381;GO:0097623;GO:0060372;GO:0008016;GO:0086091;GO:0060306;GO:1901379;GO:0060307;GO:0086005
C9JBD0,KRAB box domain containing 1,Testis,GO:0006355
Q96KW2,POM121 transmembrane nucleoporin like 2,Testis,GO:0005643;GO:0008139;GO:0017056;GO:0006606;GO:0006405
P0C1H6,H2B.W histone 2,Testis,GO:0000786;GO:0005634;GO:0003677;GO:0046982;GO:0030527
P48380,Regulatory factor X3,Testis,GO:0000785;GO:0005576;GO:0005634;GO:0005667;GO:0003677;GO:0003700;GO:0000981;GO:0000978;GO:1990837;GO:0000976;GO:0048469;GO:0060271;GO:0060285;GO:0006351;GO:0031018;GO:0060287;GO:0045892;GO:0045893;GO:0045944;GO:2000078;GO:0006355;GO:0050796;GO:0006357;GO:0072560
Q9H0M4,Zinc finger CW-type and PWWP domain containing 1,Testis,GO:0005694;GO:0005634;GO:0140566;GO:0008327;GO:0035064;GO:0008270;GO:0030154;GO:0007129;GO:0007127;GO:0045911;GO:2000781;GO:0007283
Q9Y2M2,Ssu-2 homolog,Testis,GO:0005737;GO:0005634;GO:0031072;GO:0051082;GO:0042476
P05166,Propionyl-CoA carboxylase subunit beta,Liver,GO:1902494;GO:0005829;GO:0005759;GO:0005739;GO:0005524;GO:0004658;GO:0009081;GO:0006631;GO:0019626
Q8IUL8,Cartilage intermediate layer protein 2,Testis,GO:0070062;GO:0005615
Q6UWQ5,Lysozyme like 1,Testis,GO:0005576;GO:0003796
Q9BYT9,Anoctamin 3,Brain,GO:0005886;GO:0005254;GO:0017128;GO:0046983;GO:0061591;GO:0061590;GO:1902476;GO:0050982;GO:0016048;GO:0051649;GO:0034220
Q5BKY1,Leucine rich repeat containing 10,Heart,GO:0005856;GO:0005739;GO:0005634;GO:0030017;GO:0003779;GO:0051393;GO:0055013
Q9UI38,Serine protease 50,Testis,GO:0005737;GO:0005783;GO:0004252;GO:0004298;GO:0006508
P35225,Interleukin 13,Testis,GO:0005737;GO:0009897;GO:0005576;GO:0005615;GO:0005125;GO:0005144;GO:0071260;GO:0006955;GO:0006954;GO:0035772;GO:0042116;GO:0001774;GO:1903660;GO:2000352;GO:0050728;GO:1901247;GO:0071635;GO:0030890;GO:0120162;GO:0032723;GO:0010628;GO:0002639;GO:0032733;GO:1901251;GO:0043032;GO:0043306;GO:2000231;GO:0050714;GO:0051281;GO:0048661;GO:0045944;GO:0010155;GO:0045471;GO:0032496;GO:0009624;GO:0035094;GO:0010269
Q8NA54,IQ motif and ubiquitin domain containing,Testis,GO:0097729;GO:0001669;GO:0031514;GO:0001534;GO:0036126;GO:0060271;GO:0030317;GO:0007618;GO:0007224
Q9UPA5,Bassoon presynaptic cytomatrix protein,Brain,GO:0030424;GO:0009986;GO:0098683;GO:0048788;GO:0030425;GO:0060076;GO:0098982;GO:0098978;GO:0044306;GO:0005634;GO:0014069;GO:0048786;GO:0098685;GO:0008021;GO:0030672;GO:0004857;GO:0046872;GO:0098882;GO:0007268;GO:0050804;GO:1904071;GO:0035418;GO:0098693;GO:0097091
P16219,Acyl-CoA dehydrogenase short chain,Liver,GO:0005813;GO:0005759;GO:0005739;GO:0005654;GO:0005634;GO:0003995;GO:0050660;GO:0016937;GO:0046359;GO:0006635;GO:0033539
Q96A29,Solute carrier family 35 member C1,Liver,GO:0005794;GO:0000139;GO:0015297;GO:0005457;GO:0036085;GO:0042350;GO:0030259;GO:0045746;GO:0036066
O75541,Zinc finger protein 821,Brain,GO:0005634;GO:0003700;GO:0046872;GO:0000978;GO:1990837;GO:0006357
Q9Y2D8,SSX family member 2 interacting protein,Testis,GO:0005912;GO:0031252;GO:0034451;GO:0036064;GO:0005737;GO:0005634;GO:0032991;GO:0007155;GO:0007098;GO:0060271;GO:0035735;GO:2000145;GO:0035020
P30086,Phosphatidylethanolamine binding protein 1,Liver,GO:0005829;GO:0070062;GO:0005634;GO:0005524;GO:0019899;GO:0008429;GO:0019901;GO:0003723;GO:0004867;GO:0043409
P49758,Regulator of G protein signaling 6,Testis,GO:0005737;GO:0005829;GO:0016020;GO:0043005;GO:0005634;GO:0005886;GO:0005096;GO:0003924;GO:0007186;GO:0035556;GO:0009968;GO:0043547;GO:0008277
P41225,SRY-box transcription factor 3,Brain,GO:0000785;GO:0005654;GO:0005634;GO:0003677;GO:0001228;GO:0000981;GO:0000978;GO:1990837;GO:0007420;GO:0007417;GO:0060324;GO:0021854;GO:0045665;GO:0000122;GO:0030182;GO:0021983;GO:0045944;GO:0007423;GO:0007530
Q8N7Z5,Ankyrin repeat domain 31,Testis,GO:0000785;GO:0005634;GO:0007129;GO:0010780;GO:1903343
Q4LEZ3,Alanine and arginine rich domain containing protein,Testis,GO:0033574
P20674,Cytochrome c oxidase subunit 5A,Heart,GO:0005743;GO:0005758;GO:0031966;GO:0005739;GO:0045277;GO:0004129;GO:0009055;GO:0046872;GO:0045333;GO:0006123
O14514,Adhesion G protein-coupled receptor B1,Brain,GO:0005911;GO:0030425;GO:0043197;GO:0005615;GO:0005925;GO:0016020;GO:0048471;GO:0001891;GO:0005886;GO:0014069;GO:0004930;GO:0001530;GO:0030165;GO:0001786;GO:0007189;GO:0043277;GO:0007409;GO:0007155;GO:0007166;GO:0050829;GO:0043652;GO:0007186;GO:0045087;GO:0007517;GO:0016525;GO:0008285;GO:0010596;GO:0042177;GO:0031397;GO:0007422;GO:0006910;GO:1901741;GO:1903428;GO:0051965;GO:0048167;GO:0007165
Q9BTM1,H2A.J histone,Testis,GO:0070062;GO:0000786;GO:0005634;GO:0003677;GO:0046982;GO:0030527;GO:0071480;GO:0090398;GO:0021987;GO:0031507;GO:0007283
Q6ZVD7,Storkhead box 1,Brain,GO:0005938;GO:0005813;GO:0005737;GO:0005829;GO:0001650;GO:0005654;GO:0005634;GO:0003700;GO:0000977;GO:0051301;GO:0071500;GO:0048839;GO:0010629;GO:1904031;GO:1900087;GO:0010971;GO:0010628;GO:1904120;GO:0033138;GO:0010800;GO:0051897;GO:0010468;GO:1901858;GO:0051881;GO:0010821;GO:1902882;GO:0006357
Q6ZVC0,Neuronal tyrosine phosphorylated phosphoinositide-3-kinase adaptor 1,Brain,GO:0048812;GO:0043491
Q96JW4,Solute carrier family 41 member 2,Liver,GO:0005886;GO:0015095;GO:0006824;GO:0006826;GO:0015693;GO:0006828;GO:0015675
P54750,Phosphodiesterase 1A,Kidney,GO:0005829;GO:0043025;GO:0004119;GO:0004118;GO:0005516;GO:0048101;GO:0004117;GO:0046872;GO:0019933;GO:0046069;GO:0034391;GO:0048660
Q8IYP2,Serine protease 58,Testis,GO:0005615;GO:0030141;GO:0004252;GO:0051604;GO:0006508
Q9Y651,SRY-box transcription factor 21,Brain,GO:0000785;GO:0005634;GO:0003677;GO:0001228;GO:0003700;GO:0000981;GO:0000978;GO:0007420;GO:0001942;GO:0000122;GO:0030182;GO:0045944;GO:0006355;GO:0006357;GO:0048863
P48058,Glutamate ionotropic receptor AMPA type subunit 4,Brain,GO:0032281;GO:0030425;GO:0043197;GO:0030666;GO:1903561;GO:0043025;GO:0005886;GO:0098839;GO:0004971;GO:0001540;GO:0004970;GO:0099507;GO:1904315;GO:0007215;GO:0050804;GO:0034392;GO:0035249
P36222,Chitinase 3 like 1,Liver,GO:0005737;GO:0005783;GO:0070062;GO:0031012;GO:0005576;GO:0005615;GO:0048471;GO:0035580;GO:0030246;GO:0008061;GO:0005201;GO:0007250;GO:0006915;GO:0005975;GO:0051216;GO:0071356;GO:0006032;GO:0006954;GO:0030324;GO:0045766;GO:0070374;GO:0032757;GO:0010800;GO:0051897;GO:0070555;GO:0070741;GO:0009612;GO:0034612
P09104,Enolase 2,Brain,GO:0005829;GO:0070062;GO:0005615;GO:0016020;GO:0043204;GO:0000015;GO:0001917;GO:0005886;GO:0000287;GO:0004634;GO:0061621;GO:0006094;GO:0006096
O97980,Histocompatibility minor HB-1,Testis,GO:0002250;GO:0071356;GO:0032729;GO:0010468
O43497,Calcium voltage-gated channel subunit alpha1 G,Brain,GO:0005737;GO:0005886;GO:0045202;GO:0005891;GO:0008331;GO:0008332;GO:0097110;GO:0005245;GO:0086056;GO:0086059;GO:0086016;GO:0086027;GO:0070509;GO:0098703;GO:0070588;GO:0086002;GO:0007268;GO:0086045;GO:0086046;GO:0060371;GO:0086091;GO:0042391;GO:0010045;GO:0086015;GO:0086018;GO:0003163
O15083,ELKS/RAB6-interacting/CAST family member 2,Brain,GO:0005856;GO:0098982;GO:0098978;GO:0030426;GO:0048786;GO:0098831;GO:0042734;GO:0098882;GO:0048790;GO:0150037;GO:0099509;GO:0016082
Q6TCH4,Progestin and adipoQ receptor family member 6,Brain,GO:0005886;GO:0038023;GO:0005496
O14519,Cyclin dependent kinase 2 associated protein 1,Brain,GO:0000785;GO:0005737;GO:0005829;GO:0005654;GO:0005634;GO:0016581;GO:0048471;GO:0070182;GO:0006261;GO:0001934;GO:0006357
Q9HCP0,Casein kinase 1 gamma 1,Testis,GO:0005829;GO:0005634;GO:0005886;GO:0004676;GO:0004679;GO:0005524;GO:0004677;GO:0004694;GO:0044024;GO:0072371;GO:1990244;GO:0035979;GO:0044025;GO:0140823;GO:0035175;GO:0044022;GO:0140855;GO:0035402;GO:0072354;GO:0140857;GO:0035403;GO:0044023;GO:0106310;GO:0004674;GO:0072518;GO:0004711;GO:0006897;GO:0090263;GO:0007165;GO:0016055
P0C5Z0,H2A.B variant histone 2,Testis,GO:0000791;GO:0000786;GO:0005634;GO:0003677;GO:0046982;GO:0030527;GO:0031507;GO:0006397;GO:0006334
P14324,Farnesyl diphosphate synthase,Liver,GO:0005737;GO:0005829;GO:0005759;GO:0005654;GO:0005777;GO:0004161;GO:0004337;GO:0046872;GO:0003723;GO:0006695;GO:0045337;GO:0033384
Q9UBM7,7-dehydrocholesterol reductase,Liver,GO:0005783;GO:0005789;GO:0016020;GO:0005640;GO:0047598;GO:0050661;GO:0006695;GO:0033489;GO:0033490;GO:0160020
Q13574,Diacylglycerol kinase zeta,Brain,GO:0005737;GO:0005829;GO:0098978;GO:0030027;GO:0016020;GO:0016607;GO:0005634;GO:0005886;GO:0047649;GO:0005524;GO:0004143;GO:0016301;GO:0001727;GO:0046872;GO:0016477;GO:0046339;GO:0046486;GO:0035556;GO:0046834;GO:0031571;GO:0050860;GO:0006654;GO:0007200;GO:0030168
Q8NEC5,Cation channel sperm associated 1,Testis,GO:0036128;GO:0005886;GO:0036126;GO:0097228;GO:0005227;GO:0005245;GO:0006816;GO:0030154;GO:0030317;GO:0060296;GO:0007283
P80108,Glycosylphosphatidylinositol specific phospholipase D1,Liver,GO:0005737;GO:0070062;GO:0031012;GO:0005576;GO:0005615;GO:0043231;GO:0005765;GO:0004621;GO:0004630;GO:0017080;GO:0002042;GO:0071397;GO:0032869;GO:0071467;GO:0071401;GO:0071466;GO:0002062;GO:0002430;GO:0035701;GO:0097241;GO:0008286;GO:0008285;GO:0010897;GO:0001503;GO:0046470;GO:0010694;GO:0043065;GO:0010595;GO:0010907;GO:0010983;GO:0035774;GO:0051044;GO:0010867;GO:0009306;GO:1900076;GO:0009749;GO:0070633
Q7Z5M8,Abhydrolase domain containing 12B,Brain,GO:0005789;GO:0004622;GO:0047372;GO:0052651;GO:0006660
P19440,Gamma-glutamyltransferase 1,Liver,GO:0070062;GO:0005615;GO:0005886;GO:0036374;GO:0103068;GO:0002951;GO:0000048;GO:0006520;GO:0019344;GO:0006631;GO:0006536;GO:0006750;GO:0006751;GO:1901750;GO:0006691;GO:0031179;GO:0006508;GO:0002682;GO:0050727;GO:0007283;GO:0031638
Q8N139,ATP binding cassette subfamily A member 6,Liver,GO:0000139;GO:0043231;GO:0005654;GO:0005886;GO:0140359;GO:0005524;GO:0016887;GO:0042626;GO:0005319;GO:0006869
B5MCY1,Tudor domain containing 15,Testis,
O15467,C-C motif chemokine ligand 16,Liver,GO:0005576;GO:0005615;GO:0048020;GO:0042056;GO:0008009;GO:0061844;GO:0007154;GO:0007267;GO:0070098;GO:0006935;GO:0048245;GO:0006954;GO:0030335
O14531,Dihydropyrimidinase like 4,Heart,GO:0005829;GO:0031005;GO:0016812;GO:0007399
A0PJX4,Shisa family member 3,Kidney,GO:0005789;GO:0090090
Q9NZI8,Insulin like growth factor 2 mRNA binding protein 1,Testis,GO:0070937;GO:0005737;GO:0010494;GO:0005829;GO:0043197;GO:0030175;GO:0030426;GO:0030027;GO:0043025;GO:0005654;GO:0005634;GO:0000932;GO:0048471;GO:1990904;GO:0003730;GO:0048027;GO:0003729;GO:1990247;GO:0003723;GO:0045182;GO:0070934;GO:0140059;GO:0051028;GO:1900152;GO:0017148;GO:0007399;GO:0097150;GO:0022013;GO:2000767;GO:0001817;GO:0010610
Q5MJ70,Speedy/RINGO cell cycle regulator family member A,Testis,GO:0000781;GO:0005635;GO:0005654;GO:0005634;GO:0001741;GO:0030295;GO:0019901;GO:0006974;GO:0070200;GO:0000082;GO:0007140;GO:0070197;GO:0048477;GO:0008284;GO:0045860;GO:0007283;GO:0016233
Q9NYM4,G protein-coupled receptor 83,Brain,GO:0005929;GO:0097730;GO:0005886;GO:0004930;GO:0008188;GO:0004983;GO:0007631;GO:0007186;GO:0007218;GO:0007200;GO:0051384
P31321,Protein kinase cAMP-dependent type I regulatory subunit beta,Brain,GO:0005952;GO:0097546;GO:0005829;GO:0098978;GO:0098686;GO:0005771;GO:0005886;GO:0098794;GO:0098685;GO:0030552;GO:0004862;GO:0008603;GO:0034236;GO:0007189;GO:0007611;GO:0141162;GO:2000463;GO:1903367;GO:1900273;GO:0098693
Q86YJ7,Ankyrin repeat domain 13B,Brain,GO:0005737;GO:0005769;GO:0043231;GO:0005770;GO:0048471;GO:0005886;GO:0140036;GO:0002091
Q9UDT6,CAP-Gly domain containing linker protein 2,Brain,GO:0005938;GO:0005875;GO:0035371;GO:0005634;GO:0008017;GO:0051010;GO:0031122
P0DPH8,Tubulin alpha 3d,Testis,GO:0005737;GO:0005874;GO:0015630;GO:0005525;GO:0016787;GO:0046872;GO:0005200;GO:0000226;GO:0000278
P04554,Protamine 2,Testis,GO:0001673;GO:0005654;GO:0000786;GO:0005634;GO:0046870;GO:0003677;GO:0008270;GO:0030261;GO:0051276;GO:0006997;GO:0051238;GO:0007286;GO:0007283
P78508,Potassium inwardly rectifying channel subfamily J member 10,Brain,GO:0097449;GO:0016323;GO:0044297;GO:0097546;GO:0034702;GO:0005886;GO:0098793;GO:0005524;GO:0015272;GO:0005242;GO:0007628;GO:0035865;GO:0022010;GO:0051935;GO:1905515;GO:0055075;GO:1990573;GO:0071805;GO:0006813;GO:0048169;GO:0034765;GO:0060075;GO:0007601
Q6UWW8,Carboxylesterase 3,Liver,GO:0005829;GO:0005788;GO:0070062;GO:0106435;GO:0052689;GO:0034383;GO:0006805
Q8NEV9,Interleukin 27,Liver,GO:0009986;GO:0005829;GO:0005788;GO:0005576;GO:0005615;GO:0005125;GO:0045523;GO:0005102;GO:0006954;GO:0045087;GO:0002230;GO:0032729;GO:0042129;GO:0045625;GO:0140459
Q5T7B8,Kinesin family member 24,Testis,GO:0005814;GO:0005813;GO:0005829;GO:0005874;GO:0032991;GO:0005524;GO:0042802;GO:0008017;GO:0003777;GO:0060271;GO:0007019;GO:0007018;GO:1902018
Q9H254,"Spectrin beta, non-erythrocytic 4",Brain,GO:0005884;GO:0043203;GO:0043194;GO:0070852;GO:0030054;GO:0042995;GO:0030864;GO:0005737;GO:0005829;GO:0070062;GO:0014704;GO:0044224;GO:0016020;GO:0043025;GO:0033268;GO:0016363;GO:0033270;GO:0005886;GO:0016605;GO:0008091;GO:0003779;GO:0051015;GO:0030506;GO:0106006;GO:0019902;GO:0005543;GO:0030507;GO:0005200;GO:0030036;GO:0051693;GO:0007628;GO:0007409;GO:0061337;GO:0021952;GO:0045162;GO:0009566;GO:0010459;GO:0007528;GO:0050905;GO:0040018;GO:0072659;GO:0065003;GO:0002028;GO:0007605;GO:0019226;GO:0016192
Q9Y5P8,Protein phosphatase 2 regulatory subunit B''beta,Heart,GO:0005829;GO:0005654;GO:0005634;GO:0000159;GO:0005509;GO:0019888;GO:0006470;GO:0051726
Q13113,PDZK1 interacting protein 1,Kidney,GO:0016324;GO:0070062
Q5JQS6,Germinal center associated signaling and motility like,Brain,GO:0050855;GO:2000401
O75911,Dehydrogenase/reductase 3,Liver,GO:0005789;GO:0005811;GO:0042622;GO:0004745;GO:0052650;GO:0009055;GO:0000166;GO:0060349;GO:0060411;GO:0048387;GO:0003151;GO:0030278;GO:0048385;GO:0001523;GO:0042572;GO:0060021;GO:0007601
Q6PKH6,Dehydrogenase/reductase 4 like 2,Kidney,GO:0005576;GO:0005739;GO:0005777;GO:0004090;GO:0042574
P07099,Epoxide hydrolase 1,Liver,GO:0005789;GO:0033961;GO:0004301;GO:0008142;GO:0019369;GO:0097176;GO:0120253;GO:1903165;GO:0009636;GO:0006805
Q5IJ48,Crumbs cell polarity complex component 2,Brain,GO:0043296;GO:0016324;GO:0016327;GO:0005737;GO:0070062;GO:0005886;GO:0032991;GO:0035003;GO:0019828;GO:0005509;GO:0044877;GO:0072359;GO:0030010;GO:0045197;GO:0007157;GO:0055111;GO:0045199;GO:0001707;GO:0010951;GO:0014028;GO:0045494;GO:0030513;GO:0010718;GO:0010470;GO:0001895;GO:0046549;GO:0001756;GO:0007601
Q2KJY2,Kinesin family member 26B,Brain,GO:0005737;GO:0005874;GO:0005524;GO:0008017;GO:0003777;GO:0030010;GO:0007018;GO:0022409;GO:0072092
Q8IYD8,FA complementation group M,Testis,GO:0000785;GO:0005829;GO:0071821;GO:0043240;GO:0005654;GO:0043138;GO:0005524;GO:0016887;GO:0140849;GO:0140665;GO:0003682;GO:0140584;GO:0061775;GO:0003689;GO:0000400;GO:0009378;GO:0004518;GO:0003724;GO:0045003;GO:0036297;GO:1902527;GO:0031297;GO:0000712
O14668,Proline rich and Gla domain 1,Brain,GO:0005615;GO:0005886;GO:0005509;GO:0004252;GO:0007596
Q9Y566,SH3 and multiple ankyrin repeat domains 1,Brain,GO:0005829;GO:0030425;GO:0043197;GO:0060076;GO:0098978;GO:0016020;GO:0043005;GO:0005886;GO:0014069;GO:0045211;GO:0098685;GO:0071532;GO:0042802;GO:0035255;GO:0044877;GO:0097110;GO:0017124;GO:0031877;GO:0098919;GO:0030160;GO:0030534;GO:0008306;GO:0060997;GO:0050894;GO:0046959;GO:0007616;GO:0032232;GO:0050885;GO:0042048;GO:0060999;GO:2000463;GO:0035418;GO:0065003;GO:2000311;GO:0060013;GO:0035176;GO:0060074;GO:0071625
Q9BYV7,Beta-carotene oxygenase 2,Heart,GO:0005759;GO:0005739;GO:0010437;GO:0102076;GO:0003834;GO:0010436;GO:0046872;GO:0016702;GO:0016121;GO:0016119;GO:0016116;GO:0062172;GO:1901176;GO:0051881;GO:2000377;GO:0042574;GO:0042573;GO:0016124;GO:1901826
Q8IW40,Coiled-coil domain containing 103,Testis,GO:0005930;GO:0005737;GO:0005576;GO:0031514;GO:0036157;GO:0042803;GO:0070286;GO:0003341;GO:0071907;GO:0007368;GO:0060287;GO:0003351;GO:0001947;GO:0036159;GO:0036158
Q76B58,BMP/retinoic acid inducible neural specific 3,Brain,GO:0005737;GO:0030425;GO:0005576;GO:0005739;GO:0043025;GO:0071300;GO:0021953;GO:0045930;GO:0045666
Q14114,LDL receptor related protein 8,Testis,GO:0030424;GO:0005901;GO:0009986;GO:0030425;GO:0005615;GO:0098978;GO:0016020;GO:0005875;GO:0043025;GO:0005886;GO:0098839;GO:0043235;GO:0098685;GO:0001540;GO:0034185;GO:0005509;GO:0048306;GO:0038024;GO:0008035;GO:0019894;GO:0005041;GO:0038025;GO:0004888;GO:0030229;GO:0021541;GO:0071397;GO:0071363;GO:0007268;GO:0019221;GO:0048813;GO:0006897;GO:0021819;GO:0006629;GO:0050804;GO:1900006;GO:0061003;GO:0006508;GO:0038026;GO:0042981;GO:0045088;GO:0009410;GO:0001523;GO:0007165;GO:0021517
Q96NK8,Neuronal differentiation 6,Brain,GO:0000785;GO:0005634;GO:0001228;GO:0000981;GO:0070888;GO:0046983;GO:0061564;GO:0021542;GO:0045944;GO:0007423
P45954,Acyl-CoA dehydrogenase short/branched chain,Liver,GO:0005759;GO:0005739;GO:0003995;GO:0050660;GO:0042802;GO:0003853;GO:0016937;GO:0006631;GO:0006550
P05154,Serpin family A member 5,Liver,GO:0002080;GO:0009897;GO:0070062;GO:0005576;GO:0005615;GO:0016020;GO:0031091;GO:0031094;GO:0097181;GO:0097182;GO:0097183;GO:0036029;GO:0036030;GO:0036026;GO:0036027;GO:0036028;GO:0036025;GO:0036024;GO:0032991;GO:0032190;GO:0005539;GO:0008201;GO:0031210;GO:0002020;GO:0001972;GO:0004867;GO:0007342;GO:0006869;GO:0051346;GO:0007283
Q9BZD4,NUF2 component of NDC80 kinetochore complex,Testis,GO:0005829;GO:0000776;GO:0016020;GO:0031262;GO:0005654;GO:0000940;GO:0008017;GO:0044877;GO:0051315;GO:0008608;GO:0051301;GO:0007059;GO:0051383;GO:0045132;GO:0007094;GO:0007052
O75387,Solute carrier family 43 member 1,Liver,GO:0016324;GO:0005789;GO:0005886;GO:0098846;GO:0015171;GO:0015179;GO:0015188;GO:0015190;GO:0005304;GO:0015175;GO:0006865;GO:0015818;GO:0015820;GO:1903785;GO:0051956;GO:1905533;GO:0015804
P00749,"Plasminogen activator, urokinase",Kidney,GO:0009986;GO:0009897;GO:0070062;GO:0005576;GO:0005615;GO:0005925;GO:0005886;GO:0098637;GO:0097180;GO:1905370;GO:0035579;GO:0070821;GO:0004252;GO:0007596;GO:0006935;GO:0042730;GO:0051918;GO:0010757;GO:0031639;GO:0030335;GO:0006508;GO:0030155;GO:0033628;GO:0042127;GO:0051917;GO:0010755;GO:0010469;GO:0014910;GO:2000097;GO:0061041;GO:0001666;GO:0007165;GO:0014909;GO:0038195
Q6NUP7,Protein phosphatase 4 regulatory subunit 4,Brain,GO:0005737;GO:0005829;GO:0008287;GO:0004864;GO:0019888;GO:0004865;GO:0001835
Q5TA89,Hes family bHLH transcription factor 5,Brain,GO:0000785;GO:0005654;GO:0005634;GO:0003682;GO:0000981;GO:0001227;GO:0046983;GO:0000978;GO:1990837;GO:0009952;GO:0048708;GO:0030509;GO:0007420;GO:0043010;GO:0051216;GO:0007155;GO:0048469;GO:0022010;GO:0072049;GO:0090162;GO:0021861;GO:0021781;GO:0042491;GO:0060122;GO:0072282;GO:0048712;GO:2000978;GO:0045608;GO:0045665;GO:0048715;GO:2000974;GO:2000737;GO:0000122;GO:0021915;GO:0097150;GO:0007219;GO:0014003;GO:0030513;GO:0008284;GO:0045893;GO:0045747;GO:0046427;GO:0048661;GO:0045944;GO:0042531;GO:0065003;GO:0045595;GO:0050678;GO:0031641;GO:0050767;GO:0006357;GO:0072050;GO:0007224;GO:0072086;GO:0021537
Q99679,G protein-coupled receptor 21,Brain,GO:0005886;GO:0001594;GO:0007186;GO:0042593;GO:0008286;GO:0046627;GO:0040018
O75344,FKBP prolyl isomerase family member 6 (inactive),Testis,GO:0005737;GO:0005829;GO:0000795;GO:0005528;GO:0051879;GO:0042802;GO:0030154;GO:0051321;GO:0034587;GO:0045070;GO:0006457;GO:0031047;GO:0007283;GO:0141196
Q6QNK2,Adhesion G protein-coupled receptor D1,Heart,GO:0005829;GO:0016020;GO:0016607;GO:0005654;GO:0005886;GO:0004930;GO:0007189;GO:0007166;GO:0007186
Q15910,Enhancer of zeste 2 polycomb repressive complex 2 subunit,Testis,GO:0000785;GO:0005677;GO:0005694;GO:0000781;GO:0035098;GO:0005654;GO:0005634;GO:0005721;GO:0045120;GO:0045202;GO:0003682;GO:0031490;GO:0042393;GO:0140938;GO:0046976;GO:0140951;GO:0042054;GO:0106222;GO:0031491;GO:0070878;GO:1990841;GO:0016279;GO:0043021;GO:0003723;GO:0000978;GO:0000979;GO:0003714;GO:0001222;GO:0030183;GO:0014898;GO:0070301;GO:0035984;GO:0021695;GO:0006325;GO:0006346;GO:0140718;GO:0070314;GO:0000082;GO:0036333;GO:0031507;GO:0021766;GO:0030216;GO:0097421;GO:0032259;GO:1900016;GO:0045892;GO:2000134;GO:0045814;GO:0045617;GO:0048387;GO:2000737;GO:0051154;GO:0000122;GO:0034244;GO:1902808;GO:0030335;GO:0008284;GO:1900006;GO:0010718;GO:0043547;GO:0043406;GO:0071902;GO:0071168;GO:0036211;GO:0042752;GO:0006355;GO:0014013;GO:0090183;GO:0031048;GO:0032355;GO:1904772;GO:0048511;GO:0014834;GO:0048863;GO:0031509;GO:0051932
Q9Y5Z6,"Beta-1,3-galactosyltransferase 1",Brain,GO:0000139;GO:0016020;GO:0047275;GO:0008499;GO:0006682;GO:0030259;GO:0009312;GO:0006493
Q8NHP7,Exonuclease 3'-5' domain containing 1,Testis,GO:0043186;GO:1990923;GO:0042803;GO:0003723;GO:0051321;GO:0034587;GO:0031047
Q5JVX7,Chromosome 1 open reading frame 141,Testis,
Q15622,Olfactory receptor family 7 subfamily A member 5,Brain,GO:0016020;GO:0005886;GO:0004930;GO:0004984;GO:0007608;GO:0007165
Q14168,MAGUK p55 scaffold protein 2,Brain,GO:0005911;GO:0005737;GO:0005856;GO:0032590;GO:0043198;GO:0043197;GO:0005886;GO:0014069;GO:0060079;GO:0060291;GO:0051260
Q96NT1,Nucleosome assembly protein 1 like 5,Brain,GO:0005634;GO:0006334
Q5MAI5,Cyclin dependent kinase like 4,Testis,GO:0005737;GO:0005634;GO:0005524;GO:0004693;GO:0106310;GO:0004674
O75493,Carbonic anhydrase 11,Brain,GO:0016323;GO:0005576;GO:0016836;GO:0008270;GO:0006730
Q9NWM0,Spermine oxidase,Brain,GO:0005737;GO:0005829;GO:0043231;GO:0031965;GO:0005654;GO:0005634;GO:0046592;GO:0052901;GO:0006596;GO:0006598;GO:0046208;GO:0006805
A4D1T9,Serine protease 37,Testis,GO:0001669;GO:0005615;GO:0005634;GO:0004252;GO:0007339;GO:0016477;GO:0008354;GO:2000344;GO:1905516;GO:0051604;GO:0006508;GO:0070613
Q16568,CART prepropeptide,Brain,GO:0005615;GO:0030141;GO:0045202;GO:0005184;GO:0008343;GO:0007267;GO:0009267;GO:0007268;GO:0032922;GO:0007186;GO:0001678;GO:0032099;GO:0045779;GO:0070093;GO:0045671;GO:0007218;GO:0045777;GO:0032812;GO:0043410;GO:0045860;GO:0051971;GO:0050796;GO:0007165;GO:0070253
Q9HBX9,Relaxin family peptide receptor 1,Brain,GO:0005886;GO:0008528;GO:0004930;GO:0042562;GO:0046872;GO:0007189;GO:0030198;GO:0009755;GO:0060427;GO:0036446;GO:0060658;GO:0007567
A6NNM3,RIMS binding protein 3B,Testis,GO:0005737;GO:0005856;GO:0005634;GO:0030156;GO:0009566;GO:0007286
Q99963,"SH3 domain containing GRB2 like 3, endophilin A3",Testis,GO:0001669;GO:0005737;GO:0031901;GO:0098978;GO:0099092;GO:0098845;GO:0098793;GO:0042802;GO:0008289;GO:0007417;GO:1900186;GO:0045666;GO:0007165;GO:0016191
P78414,Iroquois homeobox 1,Kidney,GO:0000785;GO:0005634;GO:0000981;GO:0001227;GO:0000978;GO:0043565;GO:1990837;GO:0048468;GO:0000122;GO:0030182;GO:0010628;GO:0072272;GO:0006357;GO:0014070;GO:0072086
Q15842,Potassium inwardly rectifying channel subfamily J member 8,Heart,GO:0098978;GO:0008282;GO:0030016;GO:0005886;GO:0031004;GO:0048787;GO:0042383;GO:0008076;GO:0005524;GO:0015272;GO:0019829;GO:0005242;GO:0017098;GO:0099508;GO:1902282;GO:0002250;GO:0006915;GO:0060922;GO:0070588;GO:0061762;GO:0060976;GO:0051607;GO:0008340;GO:0030010;GO:0045444;GO:0015908;GO:0048144;GO:0010467;GO:0061535;GO:0003007;GO:0098662;GO:0001822;GO:0098915;GO:0001774;GO:0050905;GO:0044546;GO:0038066;GO:1990573;GO:0071805;GO:0006813;GO:0009306;GO:0150103;GO:0008217;GO:0002027;GO:0034765;GO:0033198;GO:0034097;GO:0034976;GO:0043330;GO:0001666;GO:0032868;GO:0002931;GO:0032496;GO:1904638;GO:0009410;GO:0051124;GO:0019226;GO:0150104;GO:0042311;GO:0003229
Q6NV74,CRACD like,Brain,
Q4ZJI4,Solute carrier family 9 member B1,Testis,GO:0005886;GO:0097228;GO:0015385;GO:0030317;GO:0098662;GO:0034220;GO:0051453;GO:0007338
Q9H2B4,Solute carrier family 26 member 1,Liver,GO:0016323;GO:0016020;GO:0005886;GO:0015106;GO:0015108;GO:0019531;GO:0005452;GO:0015116;GO:0015383;GO:1902476;GO:0006821;GO:0019532;GO:1902358
Q9NR90,Deleted in azoospermia 3,Testis,GO:0005737;GO:0005634;GO:0032991;GO:0003730;GO:0008494;GO:0070935;GO:0030154;GO:0045948;GO:0007283
O94761,RecQ like helicase 4,Testis,GO:0005694;GO:0000781;GO:0005737;GO:0016020;GO:0005654;GO:0005634;GO:0005524;GO:0016887;GO:0140849;GO:0140665;GO:0000405;GO:0140584;GO:0061775;GO:0003689;GO:1990814;GO:0036121;GO:0061749;GO:0009378;GO:0004386;GO:0016853;GO:0046872;GO:0032357;GO:0061821;GO:0032508;GO:0006281;GO:0006260;GO:0006268;GO:0000724;GO:0000723;GO:0061820
Q14451,Growth factor receptor bound protein 7,Kidney,GO:0042995;GO:0010494;GO:0005829;GO:0005925;GO:0005886;GO:0042802;GO:0035091;GO:0019901;GO:0003723;GO:0007173;GO:0017148;GO:0030335;GO:0034063
Q8N8D7,Sodium/potassium transporting ATPase interacting 3,Brain,GO:0005886;GO:0002028
P48165,Gap junction protein alpha 8,Testis,GO:0005922;GO:0005886;GO:0005243;GO:0042802;GO:0007267;GO:1990349;GO:0002088;GO:0032645
A0A1B0GTU2,Cortexin domain containing 1,Brain,GO:0016020
P34741,Syndecan 2,Liver,GO:0009986;GO:0062023;GO:0005788;GO:0005796;GO:0043202;GO:0005886;GO:0042802;GO:0030165;GO:0016477;GO:0048813;GO:0048814
P48065,Solute carrier family 6 member 12,Brain,GO:0016323;GO:0042995;GO:0016020;GO:0005886;GO:0098793;GO:0015171;GO:0005332;GO:0008028;GO:0006865;GO:0051936;GO:0015812;GO:0031460;GO:0015718;GO:0035725
Q86YB7,Enoyl-CoA hydratase domain containing 2,Liver,GO:0005739;GO:0016829;GO:0006635
Q8NET6,Carbohydrate sulfotransferase 13,Liver,GO:0000139;GO:0016020;GO:0047756;GO:0001537;GO:0008146;GO:0016051;GO:0030206;GO:0030166
Q9P2K9,Dispatched RND transporter family member 3,Testis,GO:0005737;GO:0030659;GO:0005783;GO:0005789;GO:0016020;GO:0031965;GO:0030154;GO:0042632;GO:0008203;GO:0045665;GO:0045834;GO:2000179;GO:0032368;GO:0007224
P0CV98,Testis specific protein Y-linked 3,Testis,GO:0000785;GO:0005737;GO:0005634;GO:0003682;GO:0042393;GO:0030154;GO:0007506;GO:0006334;GO:0007283
Q9Y365,StAR related lipid transfer domain containing 10,Liver,GO:0005829;GO:0046581;GO:0016020;GO:0005902;GO:0031514;GO:0008289;GO:0006869
P30793,GTP cyclohydrolase 1,Liver,GO:0005737;GO:0031410;GO:0005829;GO:0005739;GO:0044306;GO:0031965;GO:0005654;GO:0005634;GO:0032991;GO:0005509;GO:0005525;GO:0003934;GO:0030742;GO:0003924;GO:0042802;GO:0051019;GO:0042803;GO:0044877;GO:0008270;GO:0051066;GO:0042416;GO:0045776;GO:0010667;GO:2000773;GO:0050884;GO:0006809;GO:0010460;GO:0043525;GO:0051000;GO:0032212;GO:0065003;GO:0042559;GO:0008217;GO:0014916;GO:2000121;GO:0032496;GO:0048265;GO:0034612;GO:0034341;GO:0006729;GO:0046654;GO:0042311
Q08462,Adenylate cyclase 2,Brain,GO:0005737;GO:0030425;GO:0016020;GO:0045121;GO:0005886;GO:0004016;GO:0008179;GO:0005524;GO:0000287;GO:0030145;GO:0007189;GO:0007193;GO:0007188;GO:0006171;GO:1904322;GO:0035556
Q9C0I9,Leucine rich repeat containing 27,Testis,GO:0005856;GO:0030017;GO:0003779;GO:0055013
P08185,Serpin family A member 6,Liver,GO:0070062;GO:0005576;GO:0005615;GO:0004867;GO:0005496;GO:0008211
Q69YW2,"Stum, mechanosensory transduction mediator homolog",Brain,GO:0016020
P46459,"N-ethylmaleimide sensitive factor, vesicle fusing ATPase",Brain,GO:0005829;GO:0043198;GO:0005794;GO:0005795;GO:0005765;GO:0005886;GO:0014069;GO:0005524;GO:0016887;GO:0140849;GO:0140665;GO:0140545;GO:0140584;GO:0061775;GO:0003689;GO:0035255;GO:0046872;GO:0030165;GO:0019901;GO:0044877;GO:0000149;GO:0017075;GO:0006887;GO:0043001;GO:0006891;GO:0006886;GO:0045026;GO:0045732;GO:0001921;GO:0006813;GO:0017157;GO:0035494;GO:0016192
Q14CX5,Major facilitator superfamily domain containing 13A,Brain,GO:0005886
Q6U841,Solute carrier family 4 member 10,Brain,GO:0097440;GO:0016324;GO:0043679;GO:0097441;GO:0016323;GO:0097442;GO:0030425;GO:0098982;GO:0016020;GO:0043025;GO:0043204;GO:0005886;GO:0098794;GO:0036477;GO:0045202;GO:0140892;GO:0008510;GO:0005452;GO:0015701;GO:0048854;GO:0006821;GO:0035641;GO:0035264;GO:0009791;GO:1902600;GO:0021860;GO:0051453;GO:0048172;GO:0009416;GO:0055085;GO:0007601
Q9Y261,Forkhead box A2,Liver,GO:0030054;GO:0000785;GO:0005737;GO:0005654;GO:0005634;GO:0003677;GO:0003700;GO:0000981;GO:0001227;GO:0003676;GO:0019904;GO:0000978;GO:1990837;GO:0000976;GO:0008344;GO:0009653;GO:0030154;GO:0001708;GO:0006325;GO:0071542;GO:0031018;GO:0043433;GO:0010719;GO:0000122;GO:2000049;GO:0045893;GO:0040019;GO:2000543;GO:0045944;GO:0090009;GO:0030193;GO:0061178;GO:0006357;GO:0070741
O14975,Solute carrier family 27 member 2,Liver,GO:0005829;GO:0005788;GO:0005789;GO:0070062;GO:0005778;GO:0005886;GO:0035579;GO:0047676;GO:0005524;GO:0047747;GO:0019899;GO:0005324;GO:0004467;GO:1901480;GO:0050197;GO:0070251;GO:0031957;GO:0006699;GO:0008206;GO:0001561;GO:0006635;GO:0046949;GO:0044539;GO:0001676;GO:0097089;GO:0042760
P43360,MAGE family member A6,Testis,GO:0005634;GO:0042826;GO:0010507;GO:0000122
Q9C019,Tripartite motif containing 15,Kidney,GO:0005737;GO:0005925;GO:0005634;GO:0140313;GO:0003713;GO:0061630;GO:0008270;GO:0045087;GO:0007500;GO:1901253;GO:1901223;GO:0051091;GO:0051092;GO:1900246;GO:0032481;GO:0044790
Q8IZP7,Heparan sulfate 6-O-sulfotransferase 3,Brain,GO:0005794;GO:0016020;GO:0017095;GO:0015015
P23786,Carnitine palmitoyltransferase 2,Liver,GO:0005743;GO:0005739;GO:0005730;GO:0005654;GO:0016746;GO:0008458;GO:0004095;GO:0009437;GO:0006853;GO:0006635;GO:0001701;GO:0001676;GO:0120162
P55316,Forkhead box G1,Brain,GO:0000785;GO:0005654;GO:0005634;GO:0003677;GO:0000981;GO:1990837;GO:0016199;GO:0007420;GO:0009953;GO:0042472;GO:0045892;GO:0045665;GO:0000122;GO:0007405;GO:0048664;GO:0045787;GO:0002052;GO:0045666;GO:0021852;GO:0007346;GO:0006357
Q9BZA8,Protocadherin 11 Y-linked,Brain,GO:0005886;GO:0061827;GO:0097225;GO:0005509;GO:0007155;GO:0007156;GO:0030177;GO:0007283
O14576,Dynein cytoplasmic 1 intermediate chain 1,Brain,GO:0005737;GO:0005868;GO:0036464;GO:0005829;GO:0000776;GO:0005874;GO:0005634;GO:0048471;GO:0055037;GO:0000922;GO:0031982;GO:0003774;GO:0045504;GO:0045503;GO:0008017;GO:0003777;GO:0030507;GO:0010970;GO:0047496
Q9H310,Rh family B glycoprotein,Kidney,GO:0016323;GO:0005886;GO:0014731;GO:0008519;GO:0030506;GO:0035379;GO:0097272;GO:0072488;GO:0070634
Q5T7N3,KN motif and ankyrin repeat domains 4,Brain,GO:0005737;GO:0005856;GO:0005829;GO:0015630;GO:0030837
P15259,Phosphoglycerate mutase 2,Heart,GO:0005829;GO:0070062;GO:0005634;GO:0046538;GO:0004082;GO:0016787;GO:0042802;GO:0004619;GO:0061621;GO:0006094;GO:0006096;GO:0007219;GO:0046689;GO:0007283;GO:0006941
Q96PX6,Coiled-coil domain containing 85A,Brain,GO:0005912
Q96S37,Solute carrier family 22 member 12,Kidney,GO:0016324;GO:0031526;GO:0070062;GO:0016020;GO:0005886;GO:0030165;GO:0015143;GO:0019725;GO:0032869;GO:0006811;GO:0015711;GO:0097744;GO:0009410;GO:0046415;GO:0015747
P68431,H3 clustered histone 1,Testis,GO:0070062;GO:0005576;GO:0016020;GO:0005654;GO:0000786;GO:0005634;GO:0032991;GO:0045296;GO:0003677;GO:0046982;GO:0030527;GO:0006325;GO:0040029;GO:0010467;GO:0006334;GO:0032200
Q68CZ1,RPGRIP1 like,Testis,GO:0005879;GO:0005930;GO:0005923;GO:0005911;GO:0005813;GO:0036064;GO:0035253;GO:0035869;GO:0005929;GO:0005737;GO:0005829;GO:0005654;GO:0032391;GO:0005886;GO:0031870;GO:0021549;GO:0090102;GO:0022038;GO:0007368;GO:0035115;GO:0035116;GO:0001736;GO:0007163;GO:0001701;GO:0001822;GO:0021670;GO:0001889;GO:0045744;GO:0021532;GO:1905515;GO:0043584;GO:0021772;GO:0060039;GO:0008589;GO:0046548
Q9UBL9,Purinergic receptor P2X 2,Brain,GO:0016324;GO:0043025;GO:0098992;GO:0005886;GO:0098794;GO:0043235;GO:0005524;GO:0004931;GO:0042802;GO:0015276;GO:0001614;GO:0048266;GO:0070588;GO:0003029;GO:0007528;GO:0007274;GO:0030432;GO:0010524;GO:0050850;GO:0033198;GO:0009743;GO:0001666;GO:0002931;GO:0007605;GO:0050909;GO:0048741;GO:0014832
Q5SZD4,Glycine-N-acyltransferase like 3,Liver,GO:0005739;GO:0047961;GO:0006629
Q7L5A8,Fatty acid 2-hydroxylase,Brain,GO:0005783;GO:0005789;GO:0016020;GO:0120521;GO:0080132;GO:0120520;GO:0020037;GO:0005506;GO:0032286;GO:0046513;GO:0061436;GO:0006633;GO:0006631;GO:0006682;GO:0006679;GO:0030258;GO:0032287;GO:0044857;GO:1904697;GO:0042634;GO:1904002;GO:0001949;GO:0030148
Q2TAL6,Von Willebrand factor C domain containing 2,Brain,GO:0032281;GO:0005604;GO:0005615;GO:0098890;GO:0098978;GO:0005614;GO:0030514;GO:0099645;GO:0010811;GO:0045666
Q7L0J3,Synaptic vesicle glycoprotein 2A,Brain,GO:0005911;GO:0030425;GO:0005783;GO:0098982;GO:0098978;GO:0031594;GO:0043005;GO:0043025;GO:0005886;GO:0048786;GO:0008021;GO:0030672;GO:0019901;GO:0022857;GO:0006874;GO:0014052;GO:0016082
P10912,Growth hormone receptor,Liver,GO:0009986;GO:0036464;GO:0005829;GO:0009897;GO:0005576;GO:0005615;GO:0070195;GO:0016020;GO:0043025;GO:0005886;GO:0043235;GO:0019955;GO:0019838;GO:0004903;GO:0042802;GO:0008289;GO:0017046;GO:0070064;GO:0042803;GO:0019901;GO:0019903;GO:0042169;GO:0060351;GO:0007259;GO:0032870;GO:0032869;GO:0019221;GO:0006897;GO:0060396;GO:0042445;GO:0009755;GO:0048009;GO:0045597;GO:0008284;GO:0043406;GO:0040018;GO:0046427;GO:0031623;GO:0040014;GO:0032107;GO:0046898;GO:0032355;GO:0032094;GO:0051384;GO:0009629;GO:0070555;GO:0019530
O95389,Cellular communication network factor 6,Brain,GO:0031012;GO:0005615;GO:0005739;GO:0008083;GO:0008201;GO:0005178;GO:0007155;GO:0007267;GO:0016525;GO:0008285;GO:0045597;GO:0051881;GO:1903426;GO:0007165
A0MZ66,Shootin 1,Brain,GO:0030424;GO:0044295;GO:0031252;GO:0005737;GO:0030175;GO:0030426;GO:0030027;GO:0005874;GO:0005875;GO:0015630;GO:0043204;GO:0048471;GO:0051015;GO:0045296;GO:0042802;GO:0019894;GO:0061573;GO:0007409;GO:0032488;GO:0060327;GO:0061163;GO:0038007;GO:0048812;GO:0045773;GO:2001224;GO:0007265;GO:2000114;GO:0006930
Q8N2C3,DEP domain containing 4,Testis,GO:0035556
Q8N8M0,N-acetyltransferase 16 (putative),Brain,GO:0016747
Q8NFP4,MAM domain containing glycosylphosphatidylinositol anchor 1,Brain,GO:0030424;GO:0009986;GO:0030425;GO:0005576;GO:0005615;GO:0098982;GO:0005794;GO:0005886;GO:0098552;GO:0007420;GO:0021799;GO:1904862;GO:0007399;GO:0001764;GO:0099054;GO:1905606;GO:0099179;GO:0021527
Q8IZ63,Proline rich 22,Testis,
O94805,Actin like 6B,Brain,GO:0140092;GO:0035060;GO:0000785;GO:0140288;GO:0000776;GO:0071565;GO:0035267;GO:0016363;GO:0005634;GO:0016586;GO:0016514;GO:0003682;GO:0005200;GO:0003713;GO:0006325;GO:0006338;GO:0016358;GO:0045596;GO:0007399;GO:0042551;GO:0045597;GO:0008284;GO:2000781;GO:0045663;GO:1902459;GO:0045582;GO:0070316;GO:2000045;GO:0030071;GO:2000819;GO:0006357
Q9NY28,Polypeptide N-acetylgalactosaminyltransferase 8,Testis,GO:0005794;GO:0000139;GO:0030246;GO:0046872;GO:0004653;GO:0016266;GO:0006493
Q8IWB4,SPATA31 subfamily A member 7,Testis,GO:0016020;GO:0030154;GO:0007283
Q9UJD0,Regulating synaptic membrane exocytosis 3,Brain,GO:0048786;GO:0098831;GO:0042734;GO:0031267;GO:0098882;GO:0044325;GO:0017156;GO:0042391;GO:2000300;GO:0016081;GO:0016082
Q3LXA3,Triokinase and FMN cyclase,Liver,GO:0005829;GO:0070062;GO:0005634;GO:0005524;GO:0034012;GO:0004371;GO:0046872;GO:0050354;GO:0005975;GO:0046835;GO:0061624;GO:0019563;GO:0039534;GO:0045088
Q8NE35,Cytoplasmic polyadenylation element binding protein 3,Liver,GO:0097440;GO:0030014;GO:0005737;GO:0005829;GO:0030425;GO:0030496;GO:0043005;GO:0005654;GO:0005634;GO:0005886;GO:0014069;GO:0045202;GO:0035925;GO:0003730;GO:0000900;GO:0043022;GO:0003723;GO:0035613;GO:0008135;GO:0061158;GO:0071230;GO:0007616;GO:2000766;GO:1900248;GO:0000122;GO:0017148;GO:0060999;GO:1900153;GO:0060213;GO:0045727;GO:0060998;GO:0048167
O14556,"Glyceraldehyde-3-phosphate dehydrogenase, spermatogenic",Testis,GO:0005829;GO:0005634;GO:0004365;GO:0051287;GO:0050661;GO:0030317;GO:0006006;GO:0006096;GO:0045821
Q8IV63,VRK serine/threonine kinase 3,Testis,GO:0005737;GO:0043231;GO:0005654;GO:0005634;GO:0005524;GO:0019903;GO:0004674;GO:0006974;GO:0070373;GO:0007165;GO:0007519
Q8NA58,PARN like ribonuclease domain containing exonuclease 1,Testis,GO:0005783;GO:0005789;GO:0005634;GO:0000175;GO:0046872;GO:0004535;GO:0003723;GO:0001825;GO:0000184;GO:0000289;GO:0034587;GO:1990431;GO:1990432;GO:0007283
Q5MJ68,Speedy/RINGO cell cycle regulator family member C,Testis,GO:0005737;GO:0005634;GO:0019901
A6NCJ1,Tektin bundle interacting protein 1,Testis,GO:0160111;GO:0005879;GO:0036126;GO:0030317
Q6T311,ADP ribosylation factor like GTPase 9,Testis,GO:0005525;GO:0003924
Q9C098,Doublecortin like kinase 3,Testis,GO:0005737;GO:0005634;GO:0004676;GO:0004679;GO:0005524;GO:0004677;GO:0004694;GO:0044024;GO:0072371;GO:1990244;GO:0035979;GO:0044025;GO:0140823;GO:0035175;GO:0044022;GO:0140855;GO:0035402;GO:0072354;GO:0140857;GO:0035403;GO:0044023;GO:0106310;GO:0004674;GO:0072518;GO:0004711;GO:0034504
Q7Z4L9,Protein phosphatase 1 regulatory subunit 42,Testis,GO:0005813;GO:0005737;GO:0002177;GO:0015630;GO:0005815;GO:0003779;GO:0070840;GO:0015631
Q9UFH2,Dynein axonemal heavy chain 17,Testis,GO:0097729;GO:0005858;GO:0005930;GO:0030286;GO:0005874;GO:0036157;GO:0036126;GO:0005524;GO:0045505;GO:0051959;GO:0003777;GO:0008569;GO:0060294;GO:0060285;GO:0036158
Q53QW1,Testis expressed 44,Testis,GO:0005737
Q3SXP7,Shisa like 1,Brain,GO:0016020
Q9Y6M0,Serine protease 21,Testis,GO:0005737;GO:0005576;GO:0005615;GO:0016020;GO:0005886;GO:0098552;GO:0004252;GO:0008236;GO:0006508;GO:0007283
Q96QV1,Hedgehog interacting protein,Brain,GO:0009986;GO:0060170;GO:0005737;GO:0005576;GO:0005886;GO:0097108;GO:0008270;GO:0009953;GO:0060441;GO:0043066;GO:0009968;GO:0045879;GO:0007405;GO:0040036;GO:0007165;GO:0048705
P78369,Claudin 10,Brain,GO:0005923;GO:0005737;GO:0005886;GO:0070160;GO:0042802;GO:0160187;GO:0005198;GO:0070830;GO:0016338;GO:0007155;GO:0006811;GO:0160184;GO:0043269
Q9UJH8,"Meteorin, glial cell differentiation regulator",Brain,GO:0005615;GO:0005179;GO:0007409;GO:0010001;GO:0050772;GO:0060019
A6NNY8,Ubiquitin specific peptidase 27 X-linked,Brain,GO:0005829;GO:0005634;GO:0004843;GO:0004197;GO:1990380;GO:0061578;GO:0051607;GO:0045087;GO:0043065;GO:0060340;GO:0016579;GO:0071108;GO:0070536;GO:0050821;GO:0006508
O00767,Stearoyl-CoA desaturase,Liver,GO:0005783;GO:0005789;GO:0016020;GO:0005730;GO:0005506;GO:0016491;GO:0032896;GO:0004768;GO:1903966;GO:0120162;GO:0070542;GO:0006636
P00742,Coagulation factor X,Liver,GO:0005788;GO:0009897;GO:0005576;GO:0005615;GO:0005796;GO:0005886;GO:0005509;GO:0005543;GO:0004252;GO:0007596;GO:0030335;GO:0032008;GO:0006508
Q8N1H7,Chromosome 14 open reading frame 39,Testis,GO:0000801;GO:0005694;GO:0007129;GO:0010705;GO:0048477;GO:0051090;GO:0007283;GO:0007130
Q9UKE5,TRAF2 and NCK interacting kinase,Brain,GO:0016324;GO:0005737;GO:0005856;GO:0005829;GO:0070062;GO:0098978;GO:0005654;GO:0005634;GO:0099092;GO:0098793;GO:0055037;GO:0004676;GO:0004679;GO:0005524;GO:0004677;GO:0004694;GO:0044024;GO:0072371;GO:1990244;GO:0035979;GO:0044025;GO:0140823;GO:0035175;GO:0044022;GO:0140855;GO:0035402;GO:0072354;GO:0140857;GO:0035403;GO:0044023;GO:0004672;GO:0106310;GO:0004674;GO:0072518;GO:0004711;GO:0030036;GO:0007010;GO:0035556;GO:0000165;GO:0030033;GO:0048812;GO:0046330;GO:0001934;GO:0046777;GO:0072659;GO:0006468;GO:0048814;GO:0043408;GO:0016055
Q8NC24,RELT like 2,Brain,GO:0005604;GO:0005886;GO:0005518;GO:0010811;GO:1900745
P63096,G protein subunit alpha i1,Brain,GO:0005938;GO:0005813;GO:0005737;GO:0005829;GO:0070062;GO:0005834;GO:0005765;GO:0030496;GO:0005730;GO:0005654;GO:0005886;GO:0010854;GO:0031749;GO:0003925;GO:0001664;GO:0031821;GO:0031683;GO:0019003;GO:0005525;GO:0003924;GO:0000287;GO:0007193;GO:0007198;GO:0007188;GO:0051301;GO:1904322;GO:0007186;GO:0045542;GO:1904778;GO:0060236;GO:0043434;GO:0034695;GO:0072678
Q5T5S1,Coiled-coil domain containing 183,Testis,
O14526,FCH and mu domain containing endocytic adaptor 1,Brain,GO:0005905;GO:0005737;GO:0005829;GO:0005654;GO:0005886;GO:0098843;GO:0035612;GO:0048268;GO:0072583;GO:0050870;GO:0050852
Q9H2B2,Synaptotagmin 4,Brain,GO:0097449;GO:0030424;GO:0030425;GO:0032127;GO:0070382;GO:0098978;GO:0000139;GO:1990742;GO:0043025;GO:0098992;GO:0099012;GO:0048471;GO:0005886;GO:0045202;GO:0030672;GO:0005509;GO:0061891;GO:0005544;GO:0000149;GO:0099502;GO:0030154;GO:0099519;GO:0007613;GO:0045955;GO:0033604;GO:0050709;GO:1905433;GO:0048174;GO:2000301;GO:0045956;GO:1903861;GO:1905415;GO:0014049;GO:0017158;GO:0014059;GO:0030100;GO:0150044;GO:0150035;GO:0006906;GO:0016192
B2RUZ4,Small integral membrane protein 1 (Vel blood group),Heart,GO:0009986;GO:0005886;GO:0042803
O75526,RBMX like 2,Testis,GO:0005634;GO:1990904;GO:0003729;GO:0017069;GO:0000398
Q7Z4T8,Polypeptide N-acetylgalactosaminyltransferase like 5,Testis,GO:0005794;GO:0031902;GO:0046872;GO:0007286
B4DS77,Shisa family member 9,Brain,GO:0032281;GO:0032591;GO:0098978;GO:0008328;GO:0014069;GO:0098839;GO:0045211;GO:0045202;GO:0030165;GO:0048172
Q5VU65,Nucleoporin 210 like,Testis,GO:0016020;GO:0005643
P0DMU8,Cancer/testis antigen family 45 member A5,Brain,
O14917,Protocadherin 17,Brain,GO:0098982;GO:0098978;GO:0005886;GO:0045211;GO:0042734;GO:0005509;GO:0030534;GO:0007155;GO:0007156;GO:0050805;GO:1904071;GO:2000807;GO:0099560
Q8N4F7,Ring finger protein 175,Brain,GO:0005789;GO:0000139;GO:0046872;GO:0061630;GO:0036503
Q8WWL7,Cyclin B3,Testis,GO:0000307;GO:0005737;GO:0005815;GO:0016607;GO:0005634;GO:0016538;GO:0051301;GO:0000082;GO:0051321
Q96DF8,Ess-2 splicing factor homolog,Brain,GO:0071013;GO:0005634;GO:0000398;GO:0007399
Q96A04,TSSK6 activating cochaperone,Testis,GO:0005737;GO:0051087
A8MTL0,IQ motif containing F5,Testis,GO:0005516
Q9H321,Variable charge X-linked 3B,Testis,GO:0005730;GO:0005634;GO:0007420
A2A2Z9,Ankyrin repeat domain 18B,Brain,
Q04828,Aldo-keto reductase family 1 member C1,Liver,GO:0005829;GO:0070062;GO:0047006;GO:0033703;GO:0047024;GO:0004033;GO:0004032;GO:0047044;GO:0047042;GO:0047023;GO:0032052;GO:0031406;GO:0004303;GO:0047718;GO:0047086;GO:0016655;GO:0033764;GO:0047045;GO:0030283;GO:0047115;GO:0015721;GO:0008206;GO:0071395;GO:0042632;GO:0044597;GO:0007586;GO:0044598;GO:0030855;GO:0030299;GO:2000379;GO:0042448;GO:0006693;GO:0046683;GO:0042574;GO:0001523;GO:0006805
Q9BYP7,WNK lysine deficient protein kinase 3,Testis,GO:0005912;GO:0005923;GO:0005737;GO:0004676;GO:0004679;GO:0005524;GO:0004677;GO:0004694;GO:0044024;GO:0072371;GO:1990244;GO:0035979;GO:0044025;GO:0140823;GO:0035175;GO:0044022;GO:0140855;GO:0035402;GO:0072354;GO:0140857;GO:0035403;GO:0044023;GO:0140693;GO:0004672;GO:0106310;GO:0004674;GO:0072518;GO:0004711;GO:0006884;GO:0071474;GO:0035556;GO:0035633;GO:0050801;GO:0043066;GO:0090188;GO:1903077;GO:0140694;GO:0007231;GO:0018107;GO:0051928;GO:0032414;GO:0010800;GO:1903078;GO:2000651;GO:0010765;GO:0046777;GO:0072659;GO:0006468;GO:0090279;GO:1904062
Q5VTB9,Ring finger protein 220,Brain,GO:0005737;GO:0098978;GO:0005652;GO:0005634;GO:0098794;GO:0032991;GO:0008013;GO:0046872;GO:0061630;GO:0004842;GO:0021904;GO:0003358;GO:0090263;GO:0051091;GO:0051865;GO:0006513;GO:0016567;GO:0099149;GO:2000677
Q9UFC0,Leucine rich repeats and WD repeat domain containing 1,Testis,GO:0005813;GO:0000781;GO:0005737;GO:0043231;GO:0000776;GO:0005664;GO:0005730;GO:0005654;GO:0005634;GO:0005721;GO:0003682;GO:0008327;GO:0035064;GO:0006325;GO:0006270;GO:0071169
Q9BZ71,PITPNM family member 3,Brain,GO:0044297;GO:0042995;GO:0005737;GO:0005829;GO:0012505;GO:0016020;GO:0005509;GO:0008289;GO:0008526;GO:0004620;GO:0030971;GO:0006661
Q5JV73,FERM and PDZ domain containing 3,Brain,GO:0005856;GO:0005886;GO:0030667;GO:0070821
Q9UQ07,MOK protein kinase,Testis,GO:0097546;GO:0005929;GO:0005737;GO:0005634;GO:0005524;GO:0004693;GO:0046872;GO:0004672;GO:0106310;GO:0004674;GO:0035556;GO:0006468;GO:0007165
Q86YD7,Family with sequence similarity 90 member A1,Brain,
Q32MK0,Myosin light chain kinase 3,Heart,GO:0015629;GO:0005737;GO:0005829;GO:0005524;GO:0004683;GO:0004687;GO:0055003;GO:0071347;GO:1905710;GO:0060298;GO:1905075;GO:0006468;GO:0045214;GO:0048769;GO:0007165
Q7Z7J7,LHFPL tetraspan subfamily member 4,Brain,GO:0030425;GO:0098982;GO:0060077;GO:0005886;GO:0045211;GO:0099572;GO:0050811;GO:0097112;GO:0099645;GO:1905702;GO:0007605
Q6PEY2,Tubulin alpha 3e,Testis,GO:0036064;GO:0005737;GO:0005874;GO:0015630;GO:0005634;GO:0036126;GO:0005525;GO:0016787;GO:0046872;GO:0005200;GO:0030317;GO:0036098;GO:0000226;GO:0000278
Q5VT66,Mitochondrial amidoxime reducing component 1,Liver,GO:0005741;GO:0005739;GO:1903958;GO:0030151;GO:0043546;GO:0008940;GO:0098809;GO:0016661;GO:0030170;GO:0070458;GO:0051410;GO:0042126;GO:0006809
P47869,Gamma-aminobutyric acid type A receptor subunit alpha2,Brain,GO:0030424;GO:0034707;GO:0032590;GO:1902711;GO:0098982;GO:0060077;GO:0043005;GO:0043025;GO:0005886;GO:0098794;GO:0099634;GO:0045202;GO:0030672;GO:1902495;GO:0008503;GO:0004890;GO:0022851;GO:0099507;GO:1904315;GO:1902476;GO:0007214;GO:1904862;GO:0060078;GO:0051932
Q96AA8,Janus kinase and microtubule interacting protein 2,Brain,GO:0005794;GO:0019900;GO:0008017
Q96BI1,Solute carrier family 22 member 18,Liver,GO:0016324;GO:0005737;GO:0016020;GO:0005635;GO:0005886;GO:0015293;GO:0031625;GO:0042910;GO:0006811;GO:0015695;GO:1990961;GO:0042908
P19224,UDP glucuronosyltransferase family 1 member A6,Kidney,GO:0005783;GO:0005789;GO:0043231;GO:0019899;GO:0004857;GO:0015020;GO:0046982;GO:0042803;GO:0052695;GO:2001030;GO:0045922;GO:0006805
Q9BYZ2,Lactate dehydrogenase A like 6B,Testis,GO:0005737;GO:0005759;GO:0005739;GO:0005634;GO:1990204;GO:0004459;GO:0006089;GO:0006090
A0A1B0GTR3,Chromosome X open reading frame 51A,Testis,
Q8NHS2,Glutamic-oxaloacetic transaminase 1 like 1,Testis,GO:0005829;GO:0004069;GO:0030170;GO:0006532
Q8N0X4,Citramalyl-CoA lyase,Liver,GO:0005739;GO:0047777;GO:0016787;GO:0000287;GO:0004474;GO:0106121;GO:0070207;GO:0106064
Q9NTU4,Catsper channel auxiliary subunit zeta,Testis,GO:0036128;GO:0005737;GO:0097228;GO:0030317;GO:0007140;GO:0048240;GO:0007283
A6NGA9,Transmembrane protein 202,Testis,GO:0005886
Q9NSN8,Syntrophin gamma 1,Brain,GO:0005737;GO:0005856;GO:0016010;GO:0005634;GO:0032587;GO:0016013;GO:0003779;GO:0005198;GO:0007154
Q6S5L8,SHC adaptor protein 4,Brain,GO:0005886;GO:0045211;GO:0019904;GO:0030971;GO:0006915;GO:0007169;GO:0035556;GO:0008284;GO:0010468;GO:0048863
Q5SZL2,Centrosomal protein 85 like,Testis,GO:0005813;GO:0005737;GO:0000242;GO:0001764
Q9BYZ6,Rho related BTB domain containing 2,Brain,GO:0010008;GO:0005886;GO:0005525;GO:0003924;GO:0019901;GO:0007015;GO:0032488;GO:0006897;GO:0030010
P31512,Flavin containing dimethylaniline monoxygenase 4,Kidney,GO:0005789;GO:0050660;GO:0047822;GO:0004499;GO:0050661;GO:0097009;GO:0046322;GO:0042178
P07358,Complement C8 beta chain,Liver,GO:0070062;GO:0005576;GO:0005615;GO:1903561;GO:0016020;GO:0005579;GO:0005886;GO:0044877;GO:0006956;GO:0006957;GO:0006958;GO:0006955;GO:0031640;GO:0050778
P55089,Urocortin,Brain,GO:0043679;GO:0030425;GO:0005576;GO:0043204;GO:0043196;GO:0051430;GO:0051431;GO:0046811;GO:0005184;GO:0009060;GO:0008306;GO:0042756;GO:0007565;GO:0007186;GO:0032099;GO:0045776;GO:0045792;GO:2000252;GO:0010629;GO:0046888;GO:0043524;GO:0031175;GO:0007218;GO:2000987;GO:0090280;GO:0043950;GO:0060452;GO:0030307;GO:0032967;GO:0051461;GO:0045740;GO:0032755;GO:0045944;GO:0045727;GO:0043117;GO:0051966;GO:0010996;GO:0032355;GO:0051384;GO:0006979;GO:0048265;GO:0007605;GO:0035176;GO:0001964;GO:0042311
Q2HXU8,C-type lectin domain family 12 member B,Testis,GO:0009897;GO:0032991;GO:0030246;GO:0019903;GO:0030547;GO:0097325;GO:0002769;GO:0045953;GO:1904893;GO:2000272
O60669,Solute carrier family 16 member 7,Heart,GO:0016323;GO:0005829;GO:0098978;GO:0098686;GO:0005654;GO:0098688;GO:0005886;GO:0098839;GO:0098685;GO:0042802;GO:0015129;GO:0005477;GO:0050833;GO:0015293;GO:0035873;GO:0035879;GO:1901475;GO:0150104
Q93038,TNF receptor superfamily member 25,Brain,GO:0005829;GO:0005576;GO:0005886;GO:0038023;GO:0005031;GO:0006915;GO:0097190;GO:0007166;GO:0042981;GO:0007165
Q15849,Solute carrier family 14 member 2,Kidney,GO:0016324;GO:0016020;GO:0005886;GO:0050839;GO:0015204;GO:0055085;GO:0071918;GO:0015840
O60688,Yippee like 1,Testis,GO:0005634;GO:0046872
P07492,Gastrin releasing peptide,Brain,GO:0005576;GO:0005615;GO:0043005;GO:0098992;GO:0034774;GO:0005184;GO:0005102;GO:1904384;GO:0043303;GO:1903817;GO:1905151;GO:0007218;GO:0001503;GO:2000987;GO:0090277;GO:1900738;GO:1903942;GO:1905461;GO:0036343;GO:0010468;GO:0043207;GO:0007165;GO:0035176
Q05901,Cholinergic receptor nicotinic beta 3 subunit,Brain,GO:0005892;GO:0098691;GO:0016020;GO:0043005;GO:0005886;GO:0045211;GO:0098793;GO:0045202;GO:0042166;GO:0022848;GO:0015267;GO:1901363;GO:0004888;GO:0095500;GO:0051899;GO:0099171;GO:0035094;GO:0007165;GO:0007271
O60676,Cystatin 8,Testis,GO:0009986;GO:0005737;GO:0005576;GO:0004869
Q7Z4K8,Tripartite motif containing 46,Brain,GO:1904115;GO:0043194;GO:0005856;GO:0044304;GO:1990769;GO:0008270;GO:0048490;GO:0007409;GO:0001578;GO:0030517;GO:0001764;GO:1901953;GO:0099612;GO:0032880
Q92599,Septin 8,Brain,GO:0030424;GO:0032153;GO:0015630;GO:0098793;GO:0031105;GO:0005940;GO:0030672;GO:0005525;GO:0003924;GO:0060090;GO:0061640;GO:0008104;GO:0033157;GO:0031647;GO:0035542
Q9Y6T7,Diacylglycerol kinase beta,Brain,GO:0005737;GO:0005829;GO:0005886;GO:0045211;GO:0005524;GO:0004143;GO:0005509;GO:0008289;GO:0046339;GO:0046486;GO:0035556;GO:0046834;GO:0006654;GO:0007200;GO:0030168
Q9H4M3,F-box protein 44,Brain,GO:0005737;GO:0005829;GO:0019005;GO:0036503;GO:0006516;GO:0010498;GO:0031146
O95456,Proteasome assembly chaperone 1,Testis,GO:0005737;GO:0005829;GO:0005783;GO:0005794;GO:0005654;GO:0005634;GO:0101031;GO:0060090;GO:0070628;GO:0021930;GO:0051131;GO:0080129
P54793,Arylsulfatase F,Brain,GO:0005788;GO:0070062;GO:0004065;GO:0046872
Q96IW2,Src homology 2 domain containing transforming protein D,Heart,GO:0001784
Q1EHB4,Solute carrier family 5 member 12,Kidney,GO:0016324;GO:0070062;GO:0005654;GO:0005886;GO:0015129;GO:0140161;GO:0005343;GO:0015293;GO:0006811;GO:0015718;GO:0006814
Q16762,Thiosulfate sulfurtransferase,Liver,GO:0005615;GO:0005759;GO:0005739;GO:0016784;GO:0008097;GO:0004792;GO:0009440;GO:0030855;GO:0035928;GO:0051029;GO:0000098
Q8N4E4,Phosducin like 2,Testis,GO:0005737;GO:0005783;GO:0001675;GO:0006457;GO:0007288;GO:0007286
P06276,Butyrylcholinesterase,Liver,GO:0072562;GO:0005788;GO:0005576;GO:0005615;GO:0005641;GO:0005886;GO:0003990;GO:0001540;GO:0003824;GO:0033265;GO:0004104;GO:0019899;GO:0016788;GO:0042802;GO:0006581;GO:0019695;GO:0050783;GO:0007612;GO:0008285;GO:0050805;GO:0014016;GO:0016486;GO:0043279;GO:0051593;GO:0051384;GO:0006805
P43694,GATA binding protein 4,Heart,GO:0000785;GO:0016604;GO:0005654;GO:0005634;GO:0090575;GO:0070410;GO:0003677;GO:0001216;GO:0001228;GO:0000981;GO:0051525;GO:0019901;GO:0000978;GO:0000977;GO:0061629;GO:0043565;GO:1990837;GO:0000976;GO:0008270;GO:0003180;GO:0060413;GO:0003289;GO:0003290;GO:0036302;GO:0003162;GO:0003190;GO:0061026;GO:0003215;GO:0003208;GO:0045165;GO:0061049;GO:0007267;GO:0071333;GO:0048617;GO:0035054;GO:0003197;GO:0007492;GO:0001947;GO:0060575;GO:0008584;GO:2001234;GO:0010507;GO:0010667;GO:1902176;GO:0000122;GO:0045766;GO:0030513;GO:0045893;GO:0045944;GO:0010575;GO:0086004;GO:0006355;GO:0009612;GO:0033189;GO:0009410;GO:0060290;GO:0003281;GO:0042060
Q96PB7,Olfactomedin 3,Brain,GO:0032281;GO:0005615;GO:0005794;GO:0045202;GO:0042462;GO:0007165
Q15406,Nuclear receptor subfamily 6 group A member 1,Testis,GO:0000785;GO:0005654;GO:0005667;GO:0003677;GO:0001228;GO:0000981;GO:0034056;GO:0004879;GO:0042803;GO:0043565;GO:1990837;GO:0008270;GO:0007276;GO:0000122;GO:0006357
Q8N0S6,Centromere protein L,Testis,GO:0005829;GO:0000939;GO:0005654;GO:0005634;GO:0007059
P68106,FKBP prolyl isomerase 1B,Brain,GO:0034704;GO:0005737;GO:0016020;GO:0033017;GO:0030018;GO:0019855;GO:0016247;GO:0030551;GO:0005528;GO:0003755;GO:0140839;GO:0140840;GO:0005102;GO:0044325;GO:0006458;GO:0019722;GO:0035773;GO:0050849;GO:0010459;GO:0061179;GO:0051280;GO:0019227;GO:0048680;GO:0007204;GO:0051284;GO:0022417;GO:0042026;GO:0010881;GO:0010880;GO:0051209;GO:0042542;GO:0051775;GO:0033197;GO:0006939;GO:0042098
O43426,Synaptojanin 1,Brain,GO:0030132;GO:0005737;GO:0005829;GO:0016020;GO:0030117;GO:0048471;GO:0098793;GO:0097060;GO:0043195;GO:0012506;GO:0052658;GO:0034596;GO:0034595;GO:0052629;GO:0043813;GO:0004438;GO:0004439;GO:0043812;GO:0003723;GO:0043647;GO:0007612;GO:0061024;GO:0006836;GO:0006661;GO:0046856;GO:0046488;GO:1904980;GO:0048488;GO:0016082;GO:0048489;GO:0016191
Q9H3Z7,Abhydrolase domain containing 16B,Testis,GO:0005654;GO:0047372;GO:0004620;GO:0052651;GO:0006660
Q8TDX7,NIMA related kinase 7,Heart,GO:0005813;GO:0005737;GO:0005874;GO:0005815;GO:0005654;GO:0005634;GO:0000922;GO:0004676;GO:0004679;GO:0005524;GO:0004677;GO:0004694;GO:0044024;GO:0072371;GO:1990244;GO:0035979;GO:0044025;GO:0140823;GO:0035175;GO:0044022;GO:0140855;GO:0035402;GO:0072354;GO:0140857;GO:0035403;GO:0044023;GO:0046872;GO:0140677;GO:0106310;GO:0004674;GO:0072518;GO:0004711;GO:0035865;GO:1900227;GO:0032206;GO:0032212;GO:0006468;GO:0007346;GO:0051225
A1L443,NUT family member 2F,Testis,
Q96RD6,Pannexin 2,Brain,GO:0005789;GO:0000139;GO:0005886;GO:0005198;GO:0022829;GO:0007267;GO:0006812;GO:0034220;GO:0032732;GO:0002931
Q5HYW2,NHS like 2,Brain,GO:0030154
P23141,Carboxylesterase 1,Liver,GO:0005737;GO:0005829;GO:0005783;GO:0005788;GO:0005811;GO:0106435;GO:0052689;GO:0047374;GO:0004771;GO:0071397;GO:0071404;GO:0006695;GO:0090122;GO:0042632;GO:0008203;GO:0030855;GO:0016042;GO:0051791;GO:0010887;GO:0010875;GO:0090205;GO:0070857;GO:0120188;GO:0009636;GO:0043691
Q8TAZ6,CKLF like MARVEL transmembrane domain containing 2,Testis,GO:0005615;GO:0016020;GO:0005125;GO:0006935
Q96RA2,Olfactory receptor family 7 subfamily D member 2,Testis,GO:0005886;GO:0004930;GO:0004984;GO:0006355;GO:0007165
Q96JN2,Coiled-coil domain containing 136,Testis,GO:0002080;GO:0001675;GO:0007338;GO:0007283
Q08209,Protein phosphatase 3 catalytic subunit alpha,Brain,GO:0005955;GO:0005737;GO:0005829;GO:0043197;GO:0019897;GO:0098978;GO:0005739;GO:0005654;GO:0005886;GO:0008287;GO:0042383;GO:0098685;GO:0036057;GO:0030018;GO:0051117;GO:0005509;GO:0005516;GO:0033192;GO:0019899;GO:0140791;GO:1990439;GO:0017018;GO:0046983;GO:0004722;GO:0044877;GO:0180006;GO:0180007;GO:0180008;GO:0180005;GO:0180004;GO:0097720;GO:0033173;GO:0006816;GO:0014898;GO:0071333;GO:0048813;GO:0016311;GO:0008544;GO:0060079;GO:0000082;GO:0030216;GO:0050804;GO:0033555;GO:0110062;GO:1905949;GO:0050774;GO:0010629;GO:0046676;GO:0023057;GO:0070262;GO:0042104;GO:0070886;GO:1905665;GO:1903244;GO:0045785;GO:0030335;GO:1905205;GO:0045807;GO:0010628;GO:0090193;GO:0045669;GO:0045672;GO:0046878;GO:0045944;GO:0099170;GO:0006470;GO:0006606;GO:0061006;GO:0097205;GO:0001975;GO:0051592;GO:0048741;GO:0043403;GO:0042110;GO:0014883;GO:0042060
O15068,MCF.2 cell line derived transforming sequence like,Brain,GO:0005737;GO:0005829;GO:0012505;GO:0005615;GO:0031234;GO:0019898;GO:0005886;GO:0005085;GO:0035091;GO:0035556;GO:0035025;GO:0051056
Q96JY0,Maelstrom spermatogenic transposon silencer,Testis,GO:0030849;GO:0000785;GO:0033391;GO:0005737;GO:0001673;GO:0005634;GO:0043186;GO:0048471;GO:0071547;GO:0001741;GO:0043565;GO:0000902;GO:0035234;GO:0009566;GO:0071514;GO:0007129;GO:0008630;GO:0007140;GO:0043066;GO:0051093;GO:0045892;GO:2000242;GO:0000122;GO:0034587;GO:0060964;GO:0046620;GO:0031047;GO:0007283;GO:0141196
Q3C1V1,Chromosome 11 open reading frame 91,Testis,
O95237,Lecithin retinol acyltransferase,Liver,GO:0005783;GO:0005789;GO:0005771;GO:0048471;GO:0005791;GO:0016746;GO:0016416;GO:0047173;GO:0001972;GO:0019841;GO:1990830;GO:0032370;GO:0009617;GO:0032526;GO:0033189;GO:0001523;GO:0042572;GO:0007601;GO:0006776
Q2M2E3,Outer dense fiber of sperm tails 4,Testis,GO:0016020;GO:0030154;GO:0007283
Q6PIU1,Potassium voltage-gated channel modifier subfamily V member 1,Brain,GO:0045171;GO:0016020;GO:0005886;GO:0008076;GO:0008200;GO:0015459;GO:0005249;GO:0001508;GO:0071805;GO:0006813;GO:0051260
Q8N4V2,SV2 related protein,Brain,GO:0009925;GO:0008021;GO:0030672;GO:0022857;GO:0042908
Q9UNN4,General transcription factor IIA subunit 1 like,Testis,GO:0005737;GO:0001673;GO:0005672;GO:0003677;GO:0003713;GO:0050890;GO:0006366;GO:0006367
Q9H0J4,Glutamine rich 2,Testis,GO:0005737;GO:0031965;GO:0036126;GO:0030031;GO:0030317;GO:2000059
Q86Y33,Cell division cycle 20B,Kidney,GO:0005680;GO:0005737;GO:0098536;GO:0010997;GO:1990757;GO:0031145;GO:0097742;GO:1905786
Q9NYX4,Calcyon neuron specific vesicular protein,Brain,GO:1904115;GO:0031410;GO:0030659;GO:0005768;GO:0098978;GO:0016020;GO:0005886;GO:0098843;GO:0032051;GO:0044877;GO:0008089;GO:0048268;GO:0016197;GO:1905445;GO:0045807;GO:2001019;GO:0098884
P35663,Cylicin 1,Testis,GO:0043159;GO:0033150;GO:0005634;GO:0061827;GO:0005200;GO:0005198;GO:0001675;GO:0007283
Q7LFL8,CXXC finger protein 5,Brain,GO:0005829;GO:0005654;GO:0005634;GO:0140297;GO:0008327;GO:0043565;GO:0008270;GO:0000122;GO:0043123;GO:0043467
Q53EZ4,Centrosomal protein 55,Testis,GO:0005814;GO:0005813;GO:0032154;GO:0005737;GO:0090543;GO:0045171;GO:0016020;GO:0030496;GO:0042802;GO:1904888;GO:0045184;GO:0061952;GO:0000281;GO:0051896
Q9UHC3,Acid sensing ion channel subunit 3,Brain,GO:0048471;GO:0005886;GO:0042931;GO:0015280;GO:0005261;GO:0160128;GO:0005272;GO:0050968;GO:0050966;GO:0050965;GO:0010447;GO:0009408;GO:0007600;GO:0050915;GO:0007165;GO:0035725
O60296,Trafficking kinesin protein 2,Brain,GO:1904115;GO:0005737;GO:0031410;GO:0005829;GO:0030425;GO:0005769;GO:0005739;GO:0005886;GO:0050811;GO:0017022;GO:0005102;GO:0098957;GO:0048311;GO:0022008;GO:0006605;GO:0047496
Q8IV01,Synaptotagmin 12,Liver,GO:0070382;GO:0098686;GO:0005886;GO:0030672;GO:0061891;GO:0005544;GO:0000149;GO:0060291;GO:0099171;GO:0017158;GO:0048792;GO:0016192
Q7Z3J3,RANBP2 like and GRIP domain containing 4,Testis,GO:0005737;GO:0005643;GO:0006607
Q96M20,Cyclic nucleotide binding domain containing 2,Testis,GO:0005829;GO:0030552;GO:0007283
Q9BPW9,Dehydrogenase/reductase 9,Heart,GO:0005789;GO:0043231;GO:0004022;GO:0004745;GO:0047044;GO:0047023;GO:0016854;GO:0047035;GO:0042904;GO:0008209;GO:0030855;GO:0042448;GO:0042572;GO:0008202
P10636,Microtubule associated protein tau,Brain,GO:0030673;GO:0030424;GO:1904115;GO:0044297;GO:0005737;GO:0036464;GO:0005829;GO:0030425;GO:0043197;GO:0005576;GO:0097386;GO:0030426;GO:0044304;GO:0045121;GO:0005874;GO:0015630;GO:0005739;GO:0097418;GO:0043005;GO:0043025;GO:0034399;GO:0016607;GO:0005634;GO:0005886;GO:0036477;GO:0045298;GO:0003779;GO:0034185;GO:0003677;GO:0003690;GO:0034452;GO:0019899;GO:0099077;GO:0051879;GO:0042802;GO:0071813;GO:0008017;GO:0099609;GO:0003680;GO:0035091;GO:1902936;GO:0019901;GO:0051721;GO:0051087;GO:0030674;GO:0003723;GO:0043565;GO:0017124;GO:0003697;GO:1990000;GO:0048143;GO:0061564;GO:0098930;GO:0019896;GO:0007267;GO:1990416;GO:0034605;GO:1990090;GO:0034614;GO:0021954;GO:0031122;GO:0006974;GO:0048699;GO:0048312;GO:0007611;GO:0007613;GO:0001774;GO:0000226;GO:0046785;GO:1903748;GO:0010629;GO:0090258;GO:0010917;GO:1904428;GO:1902988;GO:0031175;GO:0072386;GO:0045773;GO:0031116;GO:1903829;GO:1902474;GO:0032930;GO:0051260;GO:0051258;GO:0010506;GO:0050848;GO:1900034;GO:0033044;GO:1900452;GO:0070507;GO:0031113;GO:0031110;GO:0090140;GO:0048167;GO:0010288;GO:0016072;GO:0034063;GO:0097435;GO:0007416;GO:0050808
Q7L592,NADH:ubiquinone oxidoreductase complex assembly factor 7,Testis,GO:0005615;GO:0005759;GO:0005739;GO:0019899;GO:0008469;GO:1990259;GO:0062122;GO:0140759;GO:0035642;GO:0070611;GO:0140903;GO:0140592;GO:0140984;GO:0044020;GO:0008168;GO:0035243;GO:0032981;GO:0019918
Q92526,Chaperonin containing TCP1 subunit 6B,Testis,GO:0005832;GO:0005829;GO:0005524;GO:0016887;GO:0140662;GO:0044183;GO:0051082;GO:0006457
Q5T681,Chromosome 10 open reading frame 62,Testis,
Q9NVP2,Anti-silencing function 1B histone chaperone,Testis,GO:0000785;GO:0005829;GO:0005654;GO:0005634;GO:0032991;GO:0042393;GO:0140713;GO:0001835;GO:0030154;GO:0006335;GO:0006334;GO:0007283
Q07973,Cytochrome P450 family 24 subfamily A member 1,Kidney,GO:0005743;GO:0005739;GO:0062181;GO:0030342;GO:0062180;GO:0008403;GO:0020037;GO:0005506;GO:0070643;GO:0001649;GO:0033280;GO:0042369;GO:0042359;GO:0070561;GO:0006766
Q96FL9,Polypeptide N-acetylgalactosaminyltransferase 14,Kidney,GO:0005794;GO:0000139;GO:0030246;GO:0046872;GO:0004653;GO:0016266;GO:0006493
P22914,Crystallin gamma S,Brain,GO:0005212;GO:0002088;GO:0002009;GO:0007601
Q96KX1,Chromosome 4 open reading frame 36,Testis,
Q07002,Cyclin dependent kinase 18,Brain,GO:0005737;GO:0005739;GO:0005634;GO:0005524;GO:0004693;GO:0106310;GO:0031643;GO:1901987
Q13875,Myelin associated oligodendrocyte basic protein,Brain,GO:0005739;GO:0048471;GO:0019911;GO:0032289;GO:0007399
Q8TAP4,LIM domain only 3,Brain,GO:0005737;GO:0005634;GO:0140297;GO:0046872;GO:0003713;GO:0070373;GO:0045600;GO:2000324;GO:0035360;GO:0045944
A6NHZ5,Leucine rich repeat containing 14B,Heart,
Q8IWD5,Major facilitator superfamily domain containing 6 like,Testis,GO:0016020
Q86VD7,Solute carrier family 25 member 42,Liver,GO:0005743;GO:0005739;GO:0005634;GO:0043262;GO:0015217;GO:0080122;GO:0005347;GO:0015228;GO:0015866;GO:0080121;GO:0015867;GO:0035349;GO:0015939
P60893,G protein-coupled receptor 85,Brain,GO:0005783;GO:0005886;GO:0004930;GO:0007165
P78509,Reelin,Brain,GO:0005737;GO:0030425;GO:0031012;GO:0005576;GO:0005615;GO:0043005;GO:0005886;GO:0110157;GO:0070325;GO:0046872;GO:0048018;GO:0008236;GO:0070326;GO:0008306;GO:0007411;GO:0007420;GO:0007155;GO:0000902;GO:0007417;GO:0021800;GO:0016358;GO:0010001;GO:0021766;GO:1904936;GO:0097477;GO:0021819;GO:0007626;GO:0007616;GO:0060291;GO:0050804;GO:0001764;GO:0097114;GO:0018108;GO:0061003;GO:2000463;GO:1902078;GO:1900273;GO:0010976;GO:0050731;GO:0051897;GO:0045860;GO:0051057;GO:0090129;GO:0051968;GO:0032008;GO:0097107;GO:0097119;GO:0035418;GO:0006508;GO:0097120;GO:0038026;GO:0050795;GO:0010468;GO:0045664;GO:2001222;GO:2000310;GO:0060025;GO:0048265;GO:0021511;GO:0021517
Q8N7S2,DnaJ heat shock protein family (Hsp40) member C5 gamma,Testis,GO:0005737;GO:0016020
Q14244,Microtubule associated protein 7,Brain,GO:0030424;GO:0016323;GO:0005829;GO:0005874;GO:0005875;GO:0015630;GO:0048471;GO:0005102;GO:0005198;GO:0007163;GO:0000226;GO:0072659;GO:0006970
Q6ZW13,Chromosome 16 open reading frame 86,Testis,
Q8NC06,Acyl-CoA binding domain containing 4,Liver,GO:0005737;GO:0000062;GO:0006631
O76093,Fibroblast growth factor 18,Heart,GO:0005737;GO:0005576;GO:0005615;GO:0005730;GO:0008083;GO:0005105;GO:0005111;GO:0009653;GO:0001525;GO:0008283;GO:0007267;GO:0002063;GO:0001958;GO:0070371;GO:0008543;GO:0001957;GO:0030324;GO:0022008;GO:0045766;GO:0043536;GO:0008284;GO:0032332;GO:2000546;GO:0070374;GO:0043406;GO:0043410;GO:0030949;GO:0030334;GO:0007165;GO:0048010
P42127,Agouti signaling protein,Heart,GO:0005615;GO:0031779;GO:0005184;GO:0005102;GO:0031781;GO:0031782;GO:0008343;GO:0007267;GO:0044725;GO:0006091;GO:0009755;GO:0042438;GO:0032438;GO:0032402;GO:0048023;GO:0007165
P23763,Vesicle associated membrane protein 1,Brain,GO:0005829;GO:0005741;GO:0043005;GO:0005886;GO:0031201;GO:0035579;GO:0030672;GO:0070821;GO:0005484;GO:0019905;GO:0035493;GO:0006906
Q99726,Solute carrier family 30 member 3,Brain,GO:0005737;GO:0098978;GO:0097457;GO:0098686;GO:0005770;GO:0031902;GO:0005765;GO:1990742;GO:0043005;GO:0005886;GO:0008021;GO:0030672;GO:0015297;GO:0046872;GO:0005385;GO:0051050;GO:0010043;GO:0140916;GO:0099180;GO:0071577
A8MWV9,Small integral membrane protein 34,Kidney,GO:0016020
Q9BY49,Peroxisomal trans-2-enoyl-CoA reductase,Liver,GO:0005829;GO:0005739;GO:0005778;GO:0005777;GO:0005102;GO:0019166;GO:0006633;GO:0033306
A0A1B0GUA9,Chromosome 13 open reading frame 46,Testis,
Q8N9V2,Tripartite motif family like 1,Testis,GO:0005737;GO:0046872;GO:0061630;GO:0045087;GO:0016567;GO:0010468
A6NDB9,Paralemmin 3,Kidney,GO:0005737;GO:0005886;GO:0005524;GO:0001960;GO:0008360;GO:0032496;GO:0008063
Q8IVU1,Immunoglobulin superfamily DCC subclass member 3,Brain,GO:0016020;GO:0098609;GO:0050885
P0C7Q2,Age-related maculopathy susceptibility 2,Testis,GO:0005739;GO:0001917;GO:0001895
A0A1B0GVM6,Chromosome 11 open reading frame 97,Testis,GO:0036064;GO:0097546;GO:0005737
A6NDE8,G antigen 12H,Testis,
Q9NPH2,Inositol-3-phosphate synthase 1,Testis,GO:0005737;GO:0005829;GO:0004512;GO:0006021;GO:0008654
Q96N76,Urocanate hydratase 1,Liver,GO:0005829;GO:0016153;GO:0006548;GO:0019556;GO:0019557
A6NCC3,Golgin A8 family member O,Testis,GO:0005801;GO:0000137;GO:0032580;GO:0007030
E9PJ23,Nuclear pore complex interacting protein family member B6,Testis,
Q6ZR85,Chromosome 17 open reading frame 107,Heart,
Q99962,"SH3 domain containing GRB2 like 2, endophilin A1",Brain,GO:0042995;GO:0030669;GO:0005737;GO:0005829;GO:0005769;GO:0098978;GO:0000139;GO:0048471;GO:0005886;GO:0098793;GO:0042802;GO:0008289;GO:1990416;GO:0007417;GO:0097484;GO:1905604;GO:0010629;GO:0001933;GO:0031175;GO:0007165;GO:0016191
Q6IPX1,TBC1 domain family member 3C,Testis,GO:0005886;GO:0005096
O95198,Kelch like family member 2,Brain,GO:0015629;GO:0031463;GO:0005737;GO:0005829;GO:0030027;GO:0001726;GO:0003779;GO:0042802;GO:1990756;GO:0043161;GO:0016567
Q9BXU9,Calneuron 1,Brain,GO:0048471;GO:0005886;GO:0032588;GO:0005509
O75525,"KH RNA binding domain containing, signal transduction associated 3",Testis,GO:0005654;GO:0005634;GO:0032991;GO:0042802;GO:0003729;GO:0019904;GO:0003723;GO:0017124;GO:0006397;GO:0000381
Q9NZQ0,DnaJ heat shock protein family (Hsp40) member C27,Testis,GO:0031410;GO:0005634;GO:0005525;GO:0003924;GO:0006886;GO:0070374
Q76LX8,ADAM metallopeptidase with thrombospondin type 1 motif 13,Liver,GO:0009986;GO:0005788;GO:0031012;GO:0005576;GO:0005615;GO:0005509;GO:0005178;GO:0004222;GO:0008237;GO:0008270;GO:0007596;GO:0007160;GO:0071353;GO:0071222;GO:0071356;GO:0071346;GO:0030198;GO:0009100;GO:0007229;GO:0043171;GO:0030168;GO:0030163;GO:0016485;GO:0006508;GO:0014075;GO:0035864;GO:0009636
Q86WR6,CHD1 helical C-terminal domain containing 1,Testis,GO:0005737
O00187,MBL associated serine protease 2,Liver,GO:0070062;GO:0005576;GO:0005615;GO:0005509;GO:0048306;GO:0001855;GO:0042802;GO:0008233;GO:0004252;GO:0006958;GO:0001867;GO:0006508
P0C5Z0,H2A.B variant histone 3,Testis,GO:0000791;GO:0000786;GO:0005634;GO:0003677;GO:0046982;GO:0030527;GO:0031507;GO:0006397;GO:0006334
P78412,Iroquois homeobox 6,Heart,GO:0000785;GO:0005634;GO:0001228;GO:0000981;GO:0000978;GO:0048468;GO:0030182;GO:0045893;GO:0006357
P08603,Complement factor H,Liver,GO:0072562;GO:0070062;GO:0005576;GO:0005615;GO:1905370;GO:0106139;GO:0001851;GO:0043395;GO:0008201;GO:0042802;GO:0006956;GO:0006957;GO:0006508;GO:0030449;GO:0030451;GO:1903659
A0A0U1RRK4,LBH domain containing 2,Testis,
Q8IWK6,Adhesion G protein-coupled receptor A3,Liver,GO:0009897;GO:0016020;GO:0005886;GO:0004930;GO:0007166;GO:0007186
A0A0G2JMD5,PRAME family member 33,Liver,GO:0031462;GO:0005737;GO:1990756;GO:0043066;GO:0045596;GO:0045892;GO:0008284;GO:0043161
P56373,Purinergic receptor P2X 3,Testis,GO:0030424;GO:0098686;GO:0005886;GO:0098794;GO:0043235;GO:0098685;GO:0005524;GO:0004931;GO:0046872;GO:0001614;GO:0048266;GO:0070588;GO:0071318;GO:0051649;GO:0098662;GO:0007274;GO:0030432;GO:0010524;GO:0050850;GO:0070207;GO:0048167;GO:0009743;GO:0009409;GO:0009408;GO:0001666;GO:0009612;GO:0050909;GO:0007165;GO:0014832
P84074,Hippocalcin,Brain,GO:0030424;GO:0005737;GO:0005829;GO:0032839;GO:0032590;GO:0044327;GO:0098978;GO:0016020;GO:0032809;GO:0043204;GO:0003779;GO:0005509;GO:0042802;GO:0019900;GO:0019722;GO:0071277;GO:0071257;GO:1905232;GO:0048839;GO:0090314;GO:0099149;GO:0009966;GO:1901385;GO:1904010;GO:1901986;GO:0060041
P50053,Ketohexokinase,Kidney,GO:0005737;GO:0005829;GO:0070062;GO:0005524;GO:0070061;GO:0042802;GO:0004454;GO:0042803;GO:0006000;GO:0070873;GO:0009750;GO:0009749;GO:0032868;GO:0009744;GO:0010043
O95918,Olfactory receptor family 2 subfamily H member 2,Testis,GO:0005886;GO:0004930;GO:0004984;GO:0006952;GO:0050911;GO:0007618
Q8N4B4,F-box protein 39,Testis,GO:0019005;GO:0031146
Q9H0W9,Chromosome 11 open reading frame 54,Liver,GO:0070062;GO:0016604;GO:0005654;GO:0005634;GO:0016788;GO:0008270
P60880,Synaptosome associated protein 25,Brain,GO:0015629;GO:0044295;GO:0005938;GO:0005737;GO:0005856;GO:0005829;GO:0005768;GO:0098888;GO:0030175;GO:0098978;GO:0030426;GO:0030027;GO:0016020;GO:0043005;GO:0043025;GO:0048471;GO:0001917;GO:0005886;GO:0042734;GO:0097470;GO:0031201;GO:0035579;GO:0008021;GO:0070044;GO:0070032;GO:0070033;GO:0070821;GO:0005802;GO:0008076;GO:0048306;GO:0008289;GO:0017022;GO:0019904;GO:0005484;GO:0017075;GO:0044325;GO:0005249;GO:0008306;GO:0007409;GO:0007268;GO:0016197;GO:0006887;GO:0007626;GO:0007616;GO:0060291;GO:0001504;GO:0032024;GO:0099525;GO:0050796;GO:0010975;GO:0051963;GO:0035493;GO:0016081;GO:0016079;GO:0031629;GO:0016082
P13804,Electron transfer flavoprotein subunit alpha,Liver,GO:0045251;GO:0005759;GO:0005739;GO:0009055;GO:0050660;GO:0016491;GO:0009063;GO:0033539;GO:0022904
O60331,Phosphatidylinositol-4-phosphate 5-kinase type 1 gamma,Brain,GO:0005912;GO:0005829;GO:0010008;GO:0005925;GO:0005654;GO:0001891;GO:0005886;GO:0098793;GO:0032587;GO:0001931;GO:0016308;GO:0005524;GO:0052742;GO:0030036;GO:0034333;GO:0098609;GO:0072583;GO:0061024;GO:0030593;GO:0006909;GO:0006661;GO:0046854;GO:0051896;GO:0048488;GO:0016079
Q8N2Z9,Centromere protein S,Testis,GO:0000785;GO:0005829;GO:0071821;GO:0043240;GO:0000939;GO:0005654;GO:0005634;GO:0003682;GO:0003677;GO:0046982;GO:0051301;GO:0007059;GO:0006974;GO:0006281;GO:0036297;GO:0031398;GO:0031297;GO:0000712
P22676,Calbindin 2,Brain,GO:0005829;GO:0030425;GO:0005921;GO:0005634;GO:0098688;GO:0045202;GO:0043195;GO:0005509;GO:0099534;GO:1900271;GO:0099509
Q7Z7A1,Centriolin,Testis,GO:0034451;GO:0120103;GO:0005813;GO:0005829;GO:0090543;GO:0090619;GO:0016020;GO:0005815;GO:0097431;GO:0048471;GO:0035904;GO:0051301;GO:0060976;GO:0001822;GO:0003281
Q16534,"HLF transcription factor, PAR bZIP family member",Liver,GO:0000785;GO:0005654;GO:0005634;GO:0090575;GO:0003677;GO:0001228;GO:0000981;GO:0003690;GO:0000978;GO:0043565;GO:1990837;GO:0045944;GO:0006357;GO:0048511;GO:0035914
Q8WVF2,Upper zone of growth plate and cartilage matrix associated,Brain,GO:0005737;GO:0031012;GO:0005576;GO:0036122;GO:0048706;GO:0045668;GO:0060392;GO:0001649
Q9BZB8,Cytoplasmic polyadenylation element binding protein 1,Testis,GO:0005737;GO:0005829;GO:0030425;GO:0016020;GO:0043005;GO:0005654;GO:0005634;GO:0000932;GO:0014069;GO:1990904;GO:0045202;GO:0046872;GO:0035925;GO:0003730;GO:0000900;GO:0043022;GO:0008135;GO:0071230;GO:0071456;GO:0032869;GO:0006397;GO:2000766;GO:0031440
Q14964,"RAB39A, member RAS oncogene family",Brain,GO:0005829;GO:0000139;GO:0005764;GO:0045335;GO:0030670;GO:0005886;GO:0005525;GO:0003924;GO:0006914;GO:0090383;GO:0090385;GO:0015031;GO:0032482;GO:0016192
Q92561,Phytanoyl-CoA 2-hydroxylase interacting protein,Brain,GO:0005737;GO:1990782;GO:0008104
Q9NZN1,Interleukin 1 receptor accessory protein like 1,Brain,GO:0030424;GO:0009986;GO:0005737;GO:0030425;GO:0098978;GO:0005886;GO:0045211;GO:0003953;GO:0061809;GO:0005102;GO:0007166;GO:0045920;GO:0030182;GO:0061003;GO:0051965;GO:0097105;GO:0010975;GO:0099175;GO:1905606;GO:0099560;GO:0099545
Q9NSY0,Nuclear receptor binding protein 2,Brain,GO:0005737;GO:0005524;GO:0004674;GO:0016242;GO:0043524;GO:0030182
P0CAP1,Myocardial zonula adherens protein,Heart,GO:0070161;GO:0030864;GO:0009898;GO:0031674;GO:0005665;GO:0030018;GO:0035556
A6NK44,Glyoxalase domain containing 5,Kidney,
Q96NI6,Leucine rich repeat and fibronectin type III domain containing 5,Brain,GO:0009986;GO:0098982;GO:0098978;GO:0098839;GO:0050728;GO:0043031;GO:1905606;GO:0099560
Q9HBH1,"Peptide deformylase, mitochondrial",Liver,GO:0005739;GO:0046872;GO:0042586;GO:0043686;GO:0031365;GO:0018206;GO:0008284;GO:0006412
Q15003,Non-SMC condensin I complex subunit H,Testis,GO:0000794;GO:0000796;GO:0005829;GO:0016020;GO:0005654;GO:0003682;GO:0051301;GO:0051309;GO:0010032;GO:0007076;GO:1905821;GO:0051984;GO:1905820
Q86VH4,Leucine rich repeat transmembrane neuronal 4,Brain,GO:0031012;GO:0005615;GO:0045211
Q6PGN9,Proline and serine rich coiled-coil 1,Brain,GO:0005737;GO:0005829;GO:0015630;GO:0030496;GO:0005654;GO:0005819;GO:0000922;GO:0008017;GO:0051301;GO:0001578;GO:0007080;GO:0030308;GO:0045737;GO:0045893;GO:0031116;GO:0060236
Q15078,Cyclin dependent kinase 5 regulatory subunit 1,Brain,GO:0030424;GO:0043292;GO:0000307;GO:0005737;GO:0005829;GO:0030425;GO:0043197;GO:0030426;GO:0043231;GO:0016020;GO:0031594;GO:0043005;GO:0043025;GO:0005654;GO:0005634;GO:0043204;GO:0048471;GO:0005886;GO:0014069;GO:0098793;GO:0016533;GO:0051015;GO:0043014;GO:0048487;GO:0045296;GO:0005509;GO:0061575;GO:0046875;GO:0035255;GO:0016301;GO:0002020;GO:0030295;GO:0004672;GO:0019901;GO:0043539;GO:0007411;GO:0007413;GO:0007420;GO:0021549;GO:0009792;GO:0048013;GO:0007213;GO:0070315;GO:0021766;GO:0035235;GO:0021819;GO:0000226;GO:0045892;GO:0007158;GO:0030182;GO:0001764;GO:0031175;GO:0018105;GO:0018107;GO:0031116;GO:0043525;GO:0090314;GO:0032956;GO:0000079;GO:0061001;GO:0016241;GO:0045664;GO:0098693;GO:0048511;GO:0021722
Q7LC44,Activity regulated cytoskeleton associated protein,Brain,GO:0001669;GO:0015629;GO:0005938;GO:0030665;GO:0005737;GO:0005829;GO:0043197;GO:0031901;GO:1903561;GO:0098978;GO:0045121;GO:0043025;GO:0071598;GO:0005886;GO:0098839;GO:0098845;GO:0170047;GO:0003729;GO:0005198;GO:0009952;GO:0016477;GO:0007010;GO:0060997;GO:0006897;GO:0007492;GO:0007612;GO:0007616;GO:0060291;GO:0050804;GO:0051028;GO:0051260;GO:0022604;GO:0061001;GO:1900452;GO:1900271;GO:0048168;GO:0099149;GO:0042220;GO:0045471;GO:0043278;GO:0110077
P59768,G protein subunit gamma 2,Brain,GO:0070062;GO:0005834;GO:0016020;GO:0005886;GO:0045202;GO:0031681;GO:0007191;GO:0071870;GO:0071380;GO:0048144;GO:0007186
P48067,Solute carrier family 6 member 9,Brain,GO:0016324;GO:0009925;GO:0016323;GO:0031045;GO:0005768;GO:0098686;GO:0016328;GO:0016020;GO:0098688;GO:0005886;GO:0014069;GO:0045211;GO:0042734;GO:0030672;GO:0015187;GO:0015375;GO:1903804;GO:0015816;GO:1904782;GO:0006836;GO:0070455;GO:0046985;GO:0060092;GO:0035725;GO:0060012;GO:0150104
Q92985,Interferon regulatory factor 7,Liver,GO:0000785;GO:0005737;GO:0005829;GO:0010008;GO:0005654;GO:0005634;GO:0003677;GO:0000981;GO:0000978;GO:1990837;GO:0002753;GO:0051607;GO:0006974;GO:0019043;GO:0002376;GO:0016064;GO:0045087;GO:0039530;GO:2000110;GO:0000122;GO:0045893;GO:0032727;GO:0032728;GO:0045944;GO:0032481;GO:0060340;GO:0002819;GO:0050776;GO:0045655;GO:0034124;GO:0034127;GO:0006357;GO:0032479;GO:0009615;GO:0060337
Q7RTY1,Solute carrier family 16 member 9,Kidney,GO:0005886;GO:0015226;GO:0005308;GO:0008028;GO:0015293;GO:1905039;GO:1902603;GO:0015881;GO:0046415
Q96PN6,Adenylate cyclase 10,Testis,GO:0016324;GO:0097450;GO:0045178;GO:0090724;GO:0005929;GO:0005737;GO:0005856;GO:0005829;GO:0030425;GO:0005576;GO:0005739;GO:0043025;GO:0005634;GO:0048471;GO:0004016;GO:0005524;GO:0051117;GO:0071890;GO:0000287;GO:0030145;GO:0006171;GO:0003351;GO:0006007;GO:0035556;GO:1990544;GO:0106135;GO:0010917;GO:1903427;GO:1990138;GO:1990535;GO:0106028;GO:2001171;GO:0045773;GO:0010666;GO:0010613;GO:0045819;GO:0051901;GO:0045778;GO:1903378;GO:1903955;GO:1903428;GO:1905461;GO:0060306;GO:1901524;GO:0007286
O14949,Ubiquinol-cytochrome c reductase complex III subunit VII,Heart,GO:0005743;GO:0005739;GO:0045275;GO:0045333;GO:0021680;GO:0021766;GO:0021854;GO:0030901;GO:0006122;GO:0021548;GO:0021860;GO:0021539;GO:0021794
Q13572,Inositol-tetrakisphosphate 1-kinase,Brain,GO:0016324;GO:0005829;GO:0005524;GO:0003824;GO:0016787;GO:0000825;GO:0052726;GO:0052725;GO:0047325;GO:0052835;GO:0016853;GO:0000287;GO:0007596;GO:0032957;GO:0070266;GO:0021915;GO:0007165
O15015,Zinc finger protein 646,Testis,GO:0005634;GO:0000981;GO:0046872;GO:0000978;GO:0006355
P41235,Hepatocyte nuclear factor 4 alpha,Kidney,GO:0000785;GO:0005737;GO:0005654;GO:0005634;GO:0003682;GO:0003677;GO:0001228;GO:0003700;GO:0000981;GO:0005504;GO:0004879;GO:0042803;GO:0000978;GO:0061629;GO:1990837;GO:0005102;GO:0000976;GO:0008270;GO:0007596;GO:0030154;GO:0042632;GO:0042593;GO:0055088;GO:0006629;GO:0030308;GO:0008285;GO:0045892;GO:0055091;GO:0045893;GO:0045944;GO:0042752;GO:0010470;GO:0060398;GO:0050796;GO:0019216;GO:0090368;GO:0006357;GO:0009749;GO:0048511;GO:0007548;GO:0023019;GO:0006366;GO:0070328;GO:0006805
O15392,Baculoviral IAP repeat containing 5,Testis,GO:0005814;GO:0032133;GO:0000775;GO:0005737;GO:0005881;GO:0005829;GO:0031021;GO:0000776;GO:0005874;GO:0015630;GO:0030496;GO:0000228;GO:0005654;GO:0005634;GO:0032991;GO:0005876;GO:0051233;GO:1990713;GO:0050897;GO:0004869;GO:0043027;GO:0019899;GO:0042802;GO:0046872;GO:0008017;GO:0046982;GO:0042803;GO:0051087;GO:0031267;GO:0015631;GO:0008270;GO:0006915;GO:0051301;GO:0007059;GO:0051303;GO:0000086;GO:0000278;GO:0000281;GO:0090307;GO:0007094;GO:0051256;GO:0007052;GO:0043066;GO:2000117;GO:0045892;GO:1902425;GO:0008284;GO:0031536;GO:0045931;GO:0090267;GO:1903490;GO:1901970;GO:0006468;GO:0031503;GO:0007605
P00846,Mitochondrially encoded ATP synthase membrane subunit 6,Heart,GO:0005743;GO:0005739;GO:0045259;GO:0045263;GO:0015078;GO:0015986;GO:0042776;GO:0055093
Q8IYX4,DND microRNA-mediated repression inhibitor 1,Testis,GO:0005737;GO:0005654;GO:0005634;GO:0003730;GO:0003729;GO:0061158;GO:0007281;GO:0048255;GO:0060965
Q9UHK6,Alpha-methylacyl-CoA racemase,Liver,GO:0005737;GO:0005829;GO:0043231;GO:0005739;GO:0005782;GO:0005777;GO:0005886;GO:0008111;GO:0005102;GO:0006699;GO:0008206;GO:0033540
Q9H4K1,RIB43A domain with coiled-coils 2,Testis,GO:0160111;GO:0005879;GO:0005634;GO:0036126;GO:0030317
Q3V6T2,Coiled-coil domain containing 88A,Testis,GO:0005814;GO:0005813;GO:0036064;GO:0030142;GO:0005737;GO:0031410;GO:0005829;GO:0005783;GO:0005794;GO:0030027;GO:0016020;GO:0005886;GO:0003779;GO:0051959;GO:0005154;GO:0001965;GO:0031682;GO:0005092;GO:0005085;GO:0005158;GO:0008017;GO:0035091;GO:0042803;GO:0043422;GO:0005080;GO:0043539;GO:0042169;GO:0043184;GO:0032147;GO:0016477;GO:0031122;GO:0030705;GO:0030032;GO:0072660;GO:0061024;GO:0007399;GO:0045724;GO:0045742;GO:0051897;GO:1903566;GO:0051496;GO:0032956;GO:0042127;GO:0010975;GO:0007264;GO:0031929
Q8N100,Atonal bHLH transcription factor 7,Brain,GO:0030424;GO:0000785;GO:0005634;GO:0043204;GO:0003700;GO:0000981;GO:0070888;GO:0046983;GO:1990837;GO:0000976;GO:0061564;GO:0007623;GO:0043153;GO:0003407;GO:0048663;GO:0021554;GO:1902336;GO:0045944;GO:0006357;GO:0010996;GO:0007423
Q8TD57,Dynein axonemal heavy chain 3,Testis,GO:0097729;GO:0005858;GO:0030286;GO:0005874;GO:0005524;GO:0016887;GO:0045505;GO:0051959;GO:0003777;GO:0008569;GO:0060294;GO:0060285
Q9UBM1,Phosphatidylethanolamine N-methyltransferase,Liver,GO:0005829;GO:0005783;GO:0005789;GO:0043231;GO:0031966;GO:0005739;GO:0000773;GO:0004608;GO:0001835;GO:0032259;GO:0006656;GO:0120162;GO:0006686
P08571,CD14 molecule,Liver,GO:0010008;GO:0009897;GO:0070062;GO:0005576;GO:0005615;GO:0005794;GO:0046696;GO:0045121;GO:0005886;GO:0030667;GO:0001530;GO:0001875;GO:0070891;GO:0001847;GO:0016019;GO:0006915;GO:0002752;GO:0007166;GO:0071726;GO:0071222;GO:0071223;GO:0071219;GO:0071727;GO:0006954;GO:0045087;GO:0006909;GO:0001819;GO:0045807;GO:0032757;GO:0031666;GO:0034145;GO:0032760;GO:0032481;GO:0032729;GO:0006898;GO:0051602;GO:0045471;GO:0032026;GO:0034612;GO:0034142
Q8IX05,CD302 molecule,Liver,GO:0005938;GO:0009897;GO:0030175;GO:0016020;GO:0005902;GO:0030246;GO:0038023;GO:0006909
Q9Y661,Heparan sulfate-glucosamine 3-sulfotransferase 4,Brain,GO:0000139;GO:0008467;GO:0015012;GO:0030201
Q9BXJ7,Amnion associated transmembrane protein,Kidney,GO:0016324;GO:0031526;GO:0005905;GO:0030139;GO:0010008;GO:0070062;GO:0005615;GO:0016020;GO:0031528;GO:0005886;GO:0043235;GO:0038024;GO:0005102;GO:0009235;GO:0015889;GO:0043001;GO:0008104;GO:0006898;GO:0097017
P81277,Prolactin releasing hormone,Brain,GO:0005576;GO:0005179;GO:0005184;GO:0031861;GO:0048483;GO:0042755;GO:0006112;GO:0045444;GO:0007631;GO:0007186;GO:0006629;GO:0040014;GO:0002021;GO:0009749;GO:0032868;GO:0043434;GO:0001894
Q3SYB3,Forkhead box D4 like 6,Brain,GO:0000785;GO:0005634;GO:0000981;GO:0000978;GO:0009653;GO:0030154;GO:0006357
Q96QF7,Germ cell nuclear acidic peptidase,Testis,GO:0005694;GO:0005654;GO:0005634;GO:0016605;GO:0032184;GO:0106300
Q6DHV5,Coiled-coil and C2 domain containing 2B,Testis,GO:0035869;GO:1905515;GO:1904491
Q9UPU3,Sortilin related VPS10 domain containing receptor 3,Brain,GO:0098978;GO:0016020;GO:0098839;GO:0008188;GO:0007612;GO:0007613;GO:0007218;GO:0099170;GO:1900452
Q14554,Protein disulfide isomerase family A member 5,Liver,GO:0005783;GO:0005788;GO:0005789;GO:0016491;GO:0003756;GO:0015035;GO:0022900;GO:0006457
A6NNX1,Regulatory subunit of type II PKA R-subunit domain containing 1,Brain,
Q5GH72,XK related 7,Brain,GO:0005886;GO:1902742;GO:0043652;GO:0070782
Q4G0N8,Solute carrier family 9 member C1,Testis,GO:0031514;GO:0005886;GO:0005216;GO:0015386;GO:0015385;GO:0030154;GO:0030317;GO:0071805;GO:0051453;GO:0098719;GO:0007283
Q8NGD1,Olfactory receptor family 4 subfamily N member 2,Testis,GO:0005886;GO:0004930;GO:0004984
Q9UBQ7,Glyoxylate and hydroxypyruvate reductase,Liver,GO:1902494;GO:0005737;GO:0005829;GO:0070062;GO:0005739;GO:0005782;GO:0031406;GO:0030267;GO:0008465;GO:0120509;GO:0016618;GO:0051287;GO:0070402;GO:0042803;GO:0019752;GO:0043648;GO:0046487
Q9BZJ7,G protein-coupled receptor 62,Brain,GO:0005768;GO:0010008;GO:0005886;GO:0043235;GO:1990763;GO:0004930;GO:0042802;GO:0007186;GO:0038035;GO:0050850
O14829,Protein phosphatase with EF-hand domain 1,Testis,GO:0005829;GO:0005634;GO:0005509;GO:0033192;GO:0140791;GO:0005506;GO:0030145;GO:1990439;GO:0017018;GO:0004722;GO:0180006;GO:0180007;GO:0180008;GO:0180005;GO:0180004;GO:0050906;GO:0006470
Q9UJS0,Solute carrier family 25 member 13,Liver,GO:0005743;GO:0005739;GO:0005886;GO:0000514;GO:0000515;GO:0005509;GO:0042802;GO:0015183;GO:0005313;GO:0015810;GO:0006754;GO:0045333;GO:0006094;GO:0015813;GO:0043490;GO:0006839;GO:0051592
Q9Y2K9,Syntaxin binding protein 5L,Brain,GO:0005737;GO:0005886;GO:0031201;GO:0005096;GO:0045159;GO:0019905;GO:0006887;GO:0006893;GO:0015031
B0YJ81,3-hydroxyacyl-CoA dehydratase 1,Heart,GO:0005783;GO:0005789;GO:0016020;GO:0018812;GO:0019899;GO:0046848;GO:0102158;GO:0071529;GO:0030497;GO:0035338;GO:0010811;GO:0065003;GO:0030148;GO:0042761
P01031,Complement C5,Liver,GO:0070062;GO:0005576;GO:0005615;GO:0005579;GO:0008009;GO:0004866;GO:0005102;GO:0007166;GO:0006935;GO:0006957;GO:0006958;GO:0007186;GO:0006954;GO:0031640;GO:0010760;GO:0032722;GO:0010575
Q8IV45,Unc-5 family C-terminal like,Liver,GO:0005737;GO:0016020;GO:0005042;GO:0008233;GO:0043123;GO:0046330
P02771,Alpha fetoprotein,Liver,GO:0005737;GO:0005788;GO:0005615;GO:0046872;GO:0006915;GO:0048872;GO:0006955;GO:0001542;GO:0042448
Q8NCX0,Coiled-coil domain containing 150,Testis,
P56817,Beta-secretase 1,Brain,GO:0030424;GO:0009986;GO:0030425;GO:0005769;GO:0005788;GO:0005768;GO:0010008;GO:0005794;GO:0070931;GO:0098686;GO:0005770;GO:0005764;GO:0016020;GO:0045121;GO:0005771;GO:0043025;GO:0005886;GO:0055037;GO:0008021;GO:0005802;GO:0001540;GO:0004190;GO:0008798;GO:0004175;GO:0019899;GO:0008233;GO:0120283;GO:1990000;GO:0042987;GO:0034205;GO:0050435;GO:1904646;GO:0071280;GO:0071287;GO:0050966;GO:0006509;GO:0043525;GO:0060134;GO:0099171;GO:0016485;GO:0006508;GO:0010288;GO:0140448
Q8N456,Leucine rich repeat containing 18,Testis,GO:0005737;GO:0004722;GO:0035556
Q969I3,Glycine-N-acyltransferase like 1,Kidney,GO:0005739;GO:0047946;GO:0047961;GO:0006541
P01303,Neuropeptide Y,Brain,GO:0005576;GO:0005615;GO:0098982;GO:0005794;GO:0098992;GO:0005246;GO:0004930;GO:0005184;GO:0031841;GO:0005102;GO:0008343;GO:0021954;GO:0021987;GO:0007268;GO:0007631;GO:0007187;GO:0060575;GO:0031175;GO:0007218;GO:0032100;GO:0008217;GO:0099538
P04553,Protamine 1,Testis,GO:0005829;GO:0005654;GO:0000786;GO:0003677;GO:0030261;GO:0051276;GO:0035092;GO:0007283
Q8IY49,Monocyte to macrophage differentiation associated 2,Brain,GO:0000139;GO:0048471;GO:0004672;GO:0045666;GO:0045860;GO:0046579;GO:0032880
Q01726,Melanocortin 1 receptor,Testis,GO:0005737;GO:0005886;GO:0008528;GO:0042562;GO:0004977;GO:0004980;GO:0031625;GO:0007189;GO:0007187;GO:0035556;GO:0042438;GO:0032720;GO:0007200;GO:0043473;GO:0141163;GO:2000253;GO:0045944;GO:0019222;GO:0019233;GO:0009650;GO:0070914
Q7Z6L0,Proline rich transmembrane protein 2,Brain,GO:0043679;GO:0043197;GO:0098978;GO:0016020;GO:0005886;GO:0098839;GO:0098793;GO:0042734;GO:0008021;GO:0030672;GO:0031982;GO:0017075;GO:1905513;GO:0035544;GO:0050884;GO:0150037;GO:0031629
O43825,"Beta-1,3-galactosyltransferase 2",Brain,GO:0000139;GO:0047275;GO:0008499;GO:0006682;GO:0009312;GO:0006486;GO:0006493
Q6ZRI8,Rho GTPase activating protein 36,Brain,GO:0005096;GO:0007165
Q6ZVX9,Progestin and adipoQ receptor family member 9,Liver,GO:0005886;GO:0038023;GO:0005496
Q86TM3,DEAD-box helicase 53,Testis,GO:0005829;GO:0043231;GO:0005730;GO:0005654;GO:0005524;GO:0016887;GO:0140849;GO:0140665;GO:0140584;GO:0061775;GO:0003689;GO:0003729;GO:0003724
P58401,Neurexin 2,Brain,GO:0042995;GO:0005886;GO:0042734;GO:0050839;GO:0046872;GO:0097109;GO:0004888;GO:0007158;GO:0007165
Q8NFN8,G protein-coupled receptor 156,Testis,GO:0038039;GO:0005886;GO:0004965;GO:0007214;GO:0160194
Q9UF11,Pleckstrin homology domain containing B1,Brain,GO:0005737;GO:0016020;GO:0007602;GO:0045595
Q9UHY7,Enolase-phosphatase 1,Brain,GO:0005829;GO:0005634;GO:0043715;GO:0043716;GO:0043874;GO:0000287;GO:0019509
Q6ZRI6,Chromosome 15 open reading frame 39,Testis,GO:0005829
P20264,POU class 3 homeobox 3,Brain,GO:0000785;GO:0005654;GO:0005634;GO:0003700;GO:0000981;GO:0071837;GO:0042803;GO:0000978;GO:0043565;GO:0007417;GO:0021799;GO:0048878;GO:0021869;GO:0072218;GO:0072240;GO:0072236;GO:0072227;GO:0072233;GO:0043066;GO:0045892;GO:0008284;GO:0045893;GO:0010628;GO:0045944;GO:0006357;GO:0071918
Q86YG4,5'-nucleotidase domain containing 4,Testis,GO:0008253;GO:0046872
P0DO97,Coiled-coil domain containing 192,Testis,
Q8N7N1,Family with sequence similarity 86 member B1,Brain,GO:0032991;GO:0016279;GO:0032259;GO:0006417
P61457,Pterin-4 alpha-carbinolamine dehydratase 1,Liver,GO:0005829;GO:0070062;GO:0005654;GO:0008124;GO:0042802;GO:0004505;GO:0003713;GO:0006729
Q9H361,Poly(A) binding protein cytoplasmic 3,Testis,GO:0005737;GO:0010494;GO:0005829;GO:0070062;GO:0005634;GO:1990904;GO:0003730;GO:0008143;GO:0008266;GO:0016071
Q9ULR5,Poly(A) binding protein interacting protein 2B,Brain,GO:0005737;GO:0000900;GO:0030371;GO:0017148;GO:0045947
P07949,Ret proto-oncogene,Brain,GO:0030424;GO:0030425;GO:0005769;GO:0010008;GO:0043025;GO:0005886;GO:0098797;GO:0043235;GO:0005524;GO:0008288;GO:0060175;GO:0005509;GO:0005006;GO:0005007;GO:0005004;GO:0005008;GO:0140801;GO:0035401;GO:0005009;GO:0005010;GO:0005011;GO:0036332;GO:0005018;GO:0005019;GO:0004713;GO:0038062;GO:0038023;GO:0005020;GO:0004714;GO:0005005;GO:0005021;GO:0007411;GO:0007169;GO:0071300;GO:0001838;GO:0048484;GO:0160144;GO:0035860;GO:0007156;GO:0060384;GO:0097021;GO:0000165;GO:0033619;GO:0001755;GO:0007158;GO:0042551;GO:0061146;GO:0033630;GO:0030335;GO:0045793;GO:2001056;GO:0045893;GO:2001241;GO:0010628;GO:0043410;GO:0072300;GO:0014042;GO:0010976;GO:0051897;GO:0007497;GO:0006468;GO:0050770;GO:0030155;GO:0048265;GO:0009410;GO:0060041;GO:0007165;GO:0035799;GO:0001657
O14753,Ovo like transcriptional repressor 1,Testis,GO:0005634;GO:0000981;GO:0001227;GO:0046872;GO:0000978;GO:1990837;GO:0009913;GO:0051729;GO:0043616;GO:0001822;GO:0044771;GO:0007498;GO:0010839;GO:1901994;GO:2000647;GO:0006357;GO:0043588;GO:0007283;GO:0072089
Q9HDB5,Neurexin 3,Brain,GO:0042995;GO:0005886;GO:0042734;GO:0098820;GO:0050839;GO:0046872;GO:0097109;GO:0004888;GO:0030534;GO:0001525;GO:0007612;GO:0007158;GO:0007165;GO:0035176;GO:0071625
O75952,Calcium binding tyrosine phosphorylation regulated,Testis,GO:0005737;GO:0005856;GO:0005829;GO:0005576;GO:0031514;GO:0005654;GO:0005634;GO:0035686;GO:0097228;GO:0005509;GO:0019899;GO:0017124;GO:0003351;GO:0048240
Q96PS1,FANCD2 opposite strand,Testis,
Q9NR22,Protein arginine methyltransferase 8,Brain,GO:0009898;GO:0098978;GO:0005886;GO:0098794;GO:0019899;GO:1990259;GO:0062122;GO:0140759;GO:0035642;GO:0070611;GO:0140903;GO:0140592;GO:0140939;GO:0140984;GO:0044020;GO:0042054;GO:0042802;GO:0042803;GO:0035242;GO:0035241;GO:1904047;GO:0008757;GO:0006338;GO:0018216;GO:0051260;GO:0006479;GO:0006355;GO:1905274
Q92887,ATP binding cassette subfamily C member 2,Liver,GO:0016324;GO:0009986;GO:0046581;GO:0005886;GO:0015431;GO:0140359;GO:0008559;GO:0005524;GO:0016887;GO:0043225;GO:0042626;GO:0015127;GO:0008514;GO:0042910;GO:0015721;GO:0015723;GO:0042167;GO:0071716;GO:0010629;GO:0070633;GO:0055085;GO:0150104;GO:0046618;GO:0006805;GO:0006855;GO:1990962
Q8IXS0,Family with sequence similarity 217 member A,Testis,
P45379,"Troponin T2, cardiac type",Heart,GO:0097512;GO:1990584;GO:0005829;GO:0030017;GO:0005865;GO:0005861;GO:0003779;GO:0042802;GO:0005523;GO:0030172;GO:0031013;GO:0060048;GO:0030049;GO:0032780;GO:0032781;GO:0008016;GO:0006937;GO:0051592;GO:0045214;GO:0055010
P01011,Serpin family A member 3,Liver,GO:0035578;GO:0072562;GO:0062023;GO:0070062;GO:0005576;GO:0005615;GO:0005634;GO:0031093;GO:0034774;GO:0003677;GO:0004867;GO:0006953;GO:0006954;GO:0030277;GO:0019216
Q9BR39,Junctophilin 2,Heart,GO:0005789;GO:0030314;GO:0014701;GO:0005634;GO:0005886;GO:0016529;GO:0030018;GO:0003677;GO:0001227;GO:0070300;GO:0005547;GO:0080025;GO:0032266;GO:0005546;GO:0070273;GO:0010314;GO:0001786;GO:0055074;GO:0060402;GO:0060316;GO:0055024;GO:0060314
P54855,UDP glucuronosyltransferase family 2 member B15,Liver,GO:0005789;GO:0015020;GO:0052695;GO:0008210;GO:0008202;GO:0006805
A0PJY2,FEZ family zinc finger 1,Brain,GO:0005829;GO:0005654;GO:0003700;GO:0001227;GO:0046872;GO:0000978;GO:0007411;GO:0043697;GO:0021797;GO:1904936;GO:0008285;GO:0021772;GO:0045893;GO:0045666;GO:0050767;GO:0006357
P0DTE5,UDP glucuronosyltransferase family 2 member A2,Liver,GO:0005789;GO:0015020;GO:0008206;GO:0052695
Q9UK17,Potassium voltage-gated channel subfamily D member 3,Brain,GO:0043197;GO:0098982;GO:0071196;GO:0043025;GO:0005886;GO:0045211;GO:0099634;GO:0042383;GO:0008076;GO:0005250;GO:0046872;GO:0086008;GO:0001508;GO:0007268;GO:0086009;GO:0086013;GO:0098915;GO:0006936;GO:0097623;GO:0071805;GO:0006813;GO:0051260;GO:0051262;GO:0008016;GO:0086091;GO:0099625
P05937,Calbindin 1,Kidney,GO:0030424;GO:0044305;GO:0032437;GO:0005829;GO:0030425;GO:0043197;GO:0070062;GO:0098982;GO:0098978;GO:0098686;GO:0043025;GO:0005634;GO:0099524;GO:0099523;GO:0032420;GO:0045202;GO:0043195;GO:0005509;GO:0099567;GO:0099534;GO:0005499;GO:0008270;GO:0090102;GO:0007626;GO:0007616;GO:0072205;GO:0072286;GO:0072221;GO:0035502;GO:1900271;GO:0099509;GO:0010996;GO:0010842;GO:0007614
P23435,Cerebellin 1 precursor,Brain,GO:0062023;GO:0005576;GO:0098978;GO:0098688;GO:0045211;GO:0043083;GO:0042802;GO:0021707;GO:0007268;GO:0051649;GO:0007157;GO:0099558;GO:0090394;GO:1905703;GO:0007399;GO:1900454;GO:0051965;GO:0009306;GO:0099151;GO:1905606;GO:0007416;GO:0050808;GO:0099550
Q9Y223,Glucosamine (UDP-N-acetyl)-2-epimerase/N-acetylmannosamine kinase,Liver,GO:0005829;GO:0005524;GO:0004553;GO:0046872;GO:0009384;GO:0008761;GO:0006055;GO:0070085;GO:0006045;GO:0046380;GO:0006047
Q9Y5I3,Protocadherin alpha 1,Testis,GO:0005783;GO:0005576;GO:0005886;GO:0005509;GO:0007155;GO:0007156;GO:0007399
Q04756,HGF activator,Liver,GO:0005829;GO:0005576;GO:0005615;GO:0005791;GO:0004252;GO:0008236;GO:0007596;GO:0006508;GO:0031638
Q9UPZ6,Thrombospondin type 1 domain containing 7A,Kidney,GO:0042995;GO:0005576;GO:0005886;GO:0030036;GO:0001525;GO:0030154
O76054,SEC14 like lipid binding 2,Liver,GO:0005737;GO:0005829;GO:0070062;GO:0005654;GO:0005634;GO:0005543;GO:0008431;GO:0045893;GO:0045540
Q8N0W7,FMR1 neighbor,Testis,GO:0016020
P18505,Gamma-aminobutyric acid type A receptor subunit beta1,Heart,GO:0034707;GO:0030425;GO:1902711;GO:0098982;GO:0043005;GO:0005635;GO:0005886;GO:0099634;GO:0048787;GO:0098685;GO:0045202;GO:1902495;GO:0150047;GO:0050811;GO:0004890;GO:0022851;GO:0015276;GO:0099507;GO:0030594;GO:1904315;GO:0071420;GO:0021954;GO:1902476;GO:0007214;GO:0006811;GO:0042698;GO:0032570;GO:0009636;GO:0007165
O75916,Regulator of G protein signaling 9,Brain,GO:0005737;GO:0098978;GO:0043005;GO:0005886;GO:0098839;GO:0042734;GO:0005096;GO:0003924;GO:1990603;GO:0007212;GO:0007186;GO:0035556;GO:0036367;GO:0009968;GO:0007399;GO:1905912;GO:0008277;GO:0001975;GO:0032355;GO:0007601
Q92563,"SPARC (osteonectin), cwcv and kazal like domains proteoglycan 2",Brain,GO:0031012;GO:0005576;GO:0005509;GO:0050840;GO:0005539;GO:0008191;GO:1990830;GO:0030198;GO:0010951;GO:2000147;GO:0010811;GO:0045595;GO:0007416
Q9Y5R5,Doublesex and mab-3 related transcription factor 2,Kidney,GO:0000785;GO:0005634;GO:0001228;GO:0000981;GO:0042802;GO:0046872;GO:0000978;GO:0048706;GO:0061055;GO:2000287;GO:0014807;GO:0006357;GO:0007548
Q9Y5H0,"Protocadherin gamma subfamily A, 3",Brain,GO:0005886;GO:0005509;GO:0007155;GO:0008333;GO:0007156;GO:0060989;GO:0007399
P41219,Peripherin,Testis,GO:0030424;GO:0005737;GO:0070062;GO:0005882;GO:0016020;GO:0043204;GO:0005886;GO:0045098;GO:0005198
A8MVX0,Rho guanine nucleotide exchange factor 33,Brain,GO:0005085
P28472,Gamma-aminobutyric acid type A receptor subunit beta3,Brain,GO:0034707;GO:0030659;GO:0043197;GO:1902711;GO:0043005;GO:0005886;GO:0045211;GO:0099634;GO:0045202;GO:1902495;GO:0004890;GO:0022851;GO:0042802;GO:0030594;GO:0071420;GO:1902476;GO:0007214;GO:1904862;GO:0060021;GO:0007165;GO:0051932
Q8TD22,Sideroflexin 5,Liver,GO:0005743;GO:0005739;GO:0015137;GO:0015075;GO:0006865;GO:0015746;GO:1990542;GO:0120162
A8MTL3,Ring finger protein 212B,Kidney,GO:0000795;GO:0046872;GO:0019789;GO:0061630;GO:0051026;GO:0007129;GO:0016567
P20853,Cytochrome P450 family 2 subfamily A member 7,Liver,GO:0005737;GO:0005789;GO:0043231;GO:0008392;GO:0020037;GO:0005506;GO:0016712;GO:0019825;GO:0009804;GO:0019373;GO:0006805
Q96D42,Hepatitis A virus cellular receptor 1,Kidney,GO:0009986;GO:0031514;GO:0005886;GO:0001786;GO:0001618;GO:0006911;GO:0033005
Q9H3R5,Centromere protein H,Testis,GO:0005694;GO:0005829;GO:0000939;GO:0000776;GO:0005730;GO:0005654;GO:0005634;GO:0043515;GO:0007059;GO:0051382;GO:0051383;GO:0007052
Q9HC10,Otoferlin,Brain,GO:0016323;GO:0042995;GO:0005829;GO:0005789;GO:0000139;GO:0016020;GO:0042734;GO:0030672;GO:0005509;GO:0061025;GO:0046928;GO:0007605;GO:0016079
Q16612,Neuronal regeneration related protein,Brain,GO:0005737;GO:0031103;GO:0045664;GO:0017015
Q9NQU5,P21 (RAC1) activated kinase 6,Brain,GO:0030054;GO:0005737;GO:0005829;GO:0001650;GO:0005654;GO:0014069;GO:0004676;GO:0004679;GO:0005524;GO:0045296;GO:0004677;GO:0004694;GO:0044024;GO:0072371;GO:1990244;GO:0035979;GO:0044025;GO:0140823;GO:0035175;GO:0044022;GO:0140855;GO:0035402;GO:0072354;GO:0140857;GO:0035403;GO:0044023;GO:0106310;GO:0004674;GO:0072518;GO:0004711;GO:0006915;GO:0009267;GO:0007010;GO:0035556;GO:0007612;GO:0007626;GO:0007613;GO:0140058;GO:1990138;GO:0006355;GO:0043408
Q8TEA1,NOP2/Sun RNA methyltransferase 6,Liver,GO:0005737;GO:0005829;GO:0016428;GO:0000049;GO:0001510;GO:0002946;GO:0030488;GO:0006400
Q8NHE4,ATPase H+ transporting V0 subunit e2,Brain,GO:0030665;GO:0010008;GO:0005765;GO:0016020;GO:0030670;GO:0030672;GO:0000220;GO:0042625;GO:0046961;GO:1902600;GO:0016241;GO:0055085;GO:0007035
Q5VWP3,Muscular LMNA interacting protein,Heart,GO:0005829;GO:0005635;GO:0031981;GO:0005634;GO:0016605;GO:0042383;GO:0005521;GO:0003714;GO:0010614;GO:1903243;GO:0000122;GO:0045944;GO:0006366
O60282,Kinesin family member 5C,Brain,GO:1904115;GO:0044295;GO:0035253;GO:0005737;GO:0032839;GO:0150034;GO:0098982;GO:0005871;GO:0005874;GO:0043025;GO:0099524;GO:0034190;GO:0005524;GO:0016887;GO:0008017;GO:0003777;GO:0008574;GO:0099641;GO:0098964;GO:0098971;GO:0007411;GO:0008298;GO:0008045;GO:0051028;GO:0006996;GO:0048489
Q96JQ2,Calmin,Testis,GO:0005737;GO:0034993;GO:0005640;GO:0051015;GO:0008285;GO:0031175;GO:0007097
Q13634,Cadherin 18,Brain,GO:0005912;GO:0016342;GO:0005886;GO:0008013;GO:0045296;GO:0005509;GO:0034332;GO:0016339;GO:0016477;GO:0000902;GO:0044331;GO:0007043;GO:0007156
P78348,Acid sensing ion channel subunit 1,Brain,GO:0009986;GO:0098978;GO:0005794;GO:0005886;GO:0098839;GO:0098793;GO:0015280;GO:0022839;GO:0160128;GO:0008306;GO:0001662;GO:0070588;GO:0071467;GO:0007613;GO:0046929;GO:0007269;GO:0070207;GO:0042391;GO:0150052;GO:0010447;GO:0001975;GO:0050915;GO:0035725;GO:0006814
Q14194,Collapsin response mediator protein 1,Brain,GO:0005813;GO:0005829;GO:0030426;GO:0030496;GO:0043204;GO:0005819;GO:0031005;GO:0016812;GO:0042802;GO:0010977;GO:0007399;GO:0006139
Q8TF21,Ankyrin repeat domain 24,Brain,GO:0005886;GO:0032420;GO:0003779;GO:0060088;GO:0007605
P23471,Protein tyrosine phosphatase receptor type Z1,Brain,GO:0005576;GO:0072534;GO:0005886;GO:0045202;GO:0140793;GO:0005178;GO:0004726;GO:0004725;GO:0030946;GO:0005001;GO:0007409;GO:0007417;GO:0002244;GO:0007611;GO:0043524;GO:0031175;GO:0048709;GO:0035335;GO:0048714;GO:0006470;GO:0031641;GO:0070445;GO:0007165
P0DP58,Ly6/neurotoxin 1,Heart,GO:0030425;GO:0005783;GO:0005886;GO:0098552;GO:0045202;GO:0033130;GO:0030548;GO:0095500;GO:0099601
Q32M84,BTB domain containing 16,Testis,
P34096,Ribonuclease A family member 4,Liver,GO:0005576;GO:0005615;GO:0003676;GO:0004522;GO:0004540;GO:0019731;GO:0050830
Q6ZSI9,Calpain 12,Liver,GO:0005737;GO:0005509;GO:0004198;GO:0006508
O43749,Olfactory receptor family 1 subfamily F member 1,Brain,GO:0005886;GO:0004930;GO:0004984;GO:0007165
Q86VV4,RAN binding protein 3 like,Brain,GO:0005737;GO:0005643;GO:0046332;GO:1901706;GO:0045668;GO:0045663;GO:0006611
P30304,Cell division cycle 25A,Testis,GO:0005737;GO:0005829;GO:0005654;GO:0005634;GO:0140793;GO:0004726;GO:0004721;GO:0019901;GO:0004725;GO:0030946;GO:0051087;GO:0051301;GO:0008283;GO:0034644;GO:0000082;GO:0000086;GO:0045740;GO:0010971;GO:0110032;GO:0000079;GO:0009314
P07306,Asialoglycoprotein receptor 1,Liver,GO:0009897;GO:0005576;GO:0005886;GO:0004873;GO:0005537;GO:0042806;GO:0042802;GO:0046872;GO:0038187;GO:0006955;GO:0006898
Q58EX2,Sidekick cell adhesion molecule 2,Testis,GO:0005886;GO:0045202;GO:0060219;GO:0007156;GO:0010842;GO:0007416
O94812,BAI1 associated protein 3,Brain,GO:0005829;GO:0098982;GO:0031902;GO:0005886;GO:0098793;GO:0055038;GO:0099503;GO:0032588;GO:0005509;GO:0005543;GO:0000149;GO:0019905;GO:1990502;GO:0006887;GO:0007186;GO:0035774;GO:0001956;GO:0050795;GO:1905413;GO:0032228;GO:0042147
Q06418,TYRO3 protein tyrosine kinase,Brain,GO:0009986;GO:0005789;GO:0005635;GO:0005634;GO:0005886;GO:0043235;GO:0005524;GO:0008288;GO:0060175;GO:0005006;GO:0005007;GO:0005004;GO:0005008;GO:0140801;GO:0035401;GO:0005009;GO:0005010;GO:0005011;GO:0043548;GO:0036332;GO:0005018;GO:0005019;GO:0004713;GO:0038062;GO:0005020;GO:0004714;GO:0005005;GO:0005021;GO:0001618;GO:0043277;GO:0007155;GO:0016477;GO:0007169;GO:0051649;GO:0021885;GO:0001779;GO:0050728;GO:0045824;GO:0051250;GO:0043524;GO:0034122;GO:0007399;GO:0051402;GO:0070050;GO:0001764;GO:0007218;GO:0042698;GO:0006909;GO:0043491;GO:0030168;GO:0070527;GO:0051897;GO:1903902;GO:0046777;GO:0032940;GO:0007165;GO:0007283;GO:0034446;GO:0060068
O95757,Heat shock protein family A (Hsp70) member 4 like,Testis,GO:0005737;GO:0005829;GO:0005634;GO:0000774;GO:0005524;GO:0140662;GO:0006457;GO:0006986
Q9UQB3,Catenin delta 2,Brain,GO:0005912;GO:0005737;GO:0030425;GO:0005634;GO:0043204;GO:0005886;GO:0014069;GO:0008013;GO:0045296;GO:0007155;GO:0098609;GO:0060997;GO:0060828;GO:0007165;GO:0050808;GO:0016055
A0A0U1RQF7,DPEP2 neighbor,Testis,
P0C5Y9,H2A.B variant histone 1,Testis,GO:0000791;GO:0000786;GO:0005634;GO:0003677;GO:0046982;GO:0030527;GO:0031507;GO:0006397;GO:0006334
Q9NXZ2,DEAD-box helicase 43,Testis,GO:0005524;GO:0016887;GO:0140849;GO:0140665;GO:0140584;GO:0061775;GO:0003689;GO:0003729;GO:0003723;GO:0003724
P16860,Natriuretic peptide B,Heart,GO:0005737;GO:0005576;GO:0005615;GO:0032991;GO:0008613;GO:0005179;GO:0051427;GO:0005102;GO:0097746;GO:0007589;GO:0003161;GO:0007166;GO:0006182;GO:0019934;GO:0016525;GO:0030308;GO:0003085;GO:0007218;GO:0035815;GO:0035810;GO:0006457;GO:0007168;GO:0008217;GO:0043114;GO:0042311
Q6UWT2,Energy homeostasis associated,Brain,GO:0005576;GO:0005886;GO:0005179;GO:0045747
Q5T481,RNA binding motif protein 20,Heart,GO:0036464;GO:0005634;GO:0003729;GO:0097157;GO:0003723;GO:1990935;GO:0008270;GO:0060914;GO:0048025;GO:0033120;GO:0000381;GO:0048024;GO:0043484;GO:0160091
Q7RTU7,Scleraxis bHLH transcription factor,Brain,GO:0000785;GO:0005634;GO:0005667;GO:0043425;GO:0003677;GO:0001228;GO:0000981;GO:0070888;GO:0046983;GO:0000977;GO:0043565;GO:0030509;GO:0030154;GO:0071260;GO:0071560;GO:0002062;GO:0030199;GO:0035993;GO:0032502;GO:0006351;GO:0048706;GO:0001958;GO:0060325;GO:0003188;GO:0003179;GO:0001707;GO:0043066;GO:0045892;GO:0061036;GO:0008284;GO:0032967;GO:0045893;GO:2000543;GO:0010628;GO:0045944;GO:0061035;GO:0006357;GO:0061056;GO:0060008;GO:0035914;GO:0035990;GO:0035989;GO:0035992;GO:0001894
Q9BX51,Gamma-glutamyltransferase light chain 1,Testis,GO:0036374;GO:0006751;GO:1901750
O43300,Leucine rich repeat transmembrane neuronal 2,Brain,GO:0060076;GO:0005615;GO:0098982;GO:0098978;GO:0098686;GO:0098839;GO:0099634;GO:0098685;GO:0042043;GO:0060291;GO:0002091;GO:0051965;GO:0099151;GO:0050808
Q3KP22,Membrane anchored junction protein,Testis,GO:0000781;GO:0005637;GO:0003677;GO:1990918;GO:0007129;GO:0070197;GO:0045141;GO:0048477;GO:0007283
Q86SS6,Synaptotagmin 9,Brain,GO:0030669;GO:0031045;GO:0070382;GO:0098686;GO:0005886;GO:0030672;GO:0061891;GO:0005544;GO:0042802;GO:0046872;GO:0005546;GO:0001786;GO:0000149;GO:0099502;GO:0031340;GO:0017158;GO:0016192
Q63HM9,Phosphatidylinositol specific phospholipase C X domain containing 3,Brain,GO:0005737;GO:0045202;GO:0008081;GO:0016042;GO:0007165
A6NDN3,Golgin A6 family member B,Liver,GO:0005801;GO:0000137;GO:0032580;GO:0007030
Q8WWY6,Methyl-CpG binding domain protein 3 like 1,Testis,GO:0005634;GO:0008327;GO:0006346;GO:0000122
Q5RHP9,Glutamate rich 3,Testis,GO:0005737;GO:0097730;GO:0060271
P53673,Crystallin beta A4,Testis,GO:0042802;GO:0005212;GO:0043010;GO:0002088;GO:0007601
Q16553,Lymphocyte antigen 6 family member E,Liver,GO:0005576;GO:0005886;GO:0098552;GO:0045202;GO:0033130;GO:0030550;GO:0095500;GO:0007166;GO:0046597
Q9BQS6,Heat shock protein family B (small) member 9,Testis,GO:0005737;GO:0005829;GO:0043231;GO:0005654;GO:0005634
P20265,POU class 3 homeobox 2,Brain,GO:0000785;GO:0005654;GO:0005667;GO:0003677;GO:0001228;GO:0003700;GO:0000981;GO:0042802;GO:0000978;GO:1990837;GO:0021799;GO:0008544;GO:0021897;GO:0021869;GO:0021979;GO:0022011;GO:0010629;GO:0007399;GO:0061101;GO:0021985;GO:0048666;GO:0030182;GO:0048663;GO:0048665;GO:0008284;GO:0040018;GO:0045944;GO:0050770;GO:0045595;GO:0006357
P51690,Arylsulfatase L,Liver,GO:0005788;GO:0070062;GO:0005794;GO:0005795;GO:0004065;GO:0046872;GO:0001501
Q9P2E7,Protocadherin 10,Brain,GO:0098978;GO:0005886;GO:0045211;GO:0005509;GO:0007155;GO:0007156;GO:0007399
P00325,"Alcohol dehydrogenase 1B (class I), beta polypeptide",Liver,GO:0005829;GO:0005654;GO:0005886;GO:0004022;GO:0004745;GO:0008270;GO:0042573;GO:0001523;GO:0042572
Q9Y6L7,Tolloid like 2,Heart,GO:0005576;GO:0005615;GO:0005509;GO:0004222;GO:0004252;GO:0008270;GO:0030154;GO:0030199;GO:0009953;GO:0048632;GO:0016485
P42263,Glutamate ionotropic receptor AMPA type subunit 3,Brain,GO:0032281;GO:0043197;GO:0030666;GO:0098688;GO:0005886;GO:0098839;GO:0045211;GO:0004971;GO:0001540;GO:0022849;GO:0004970;GO:0099507;GO:1904315;GO:0007215;GO:0060291;GO:0050804;GO:0051290;GO:0051289;GO:0035249
Q96K78,Adhesion G protein-coupled receptor G7,Liver,GO:0016020;GO:0005886;GO:0004930;GO:0007189;GO:0007166;GO:0007186
Q8N972,Zinc finger protein 709,Testis,GO:0005634;GO:0000981;GO:0046872;GO:0000977;GO:0006357
O43897,Tolloid like 1,Brain,GO:0005576;GO:0005615;GO:0005509;GO:0004222;GO:0004252;GO:0008270;GO:0030154;GO:0030199;GO:0009953;GO:0016485;GO:0001501
Q9HBW1,Leucine rich repeat containing 4,Brain,GO:0043197;GO:0060076;GO:0098978;GO:0005886;GO:0098839;GO:0098685;GO:1904861;GO:0050804;GO:0097119;GO:0099560
P10243,MYB proto-oncogene like 1,Testis,GO:0005654;GO:0005634;GO:0001228;GO:0000981;GO:0000978;GO:0030154;GO:0007141;GO:0000278;GO:0045893;GO:0140543;GO:0045944;GO:0007283
Q9C0H2,Tweety family member 3,Brain,GO:0034707;GO:0070062;GO:0005886;GO:0005509;GO:0005254;GO:0005229;GO:0072320;GO:0006821;GO:0015813;GO:0034220
A6NJ69,IgA inducing protein,Brain,GO:0005576
Q494V2,Cilia and flagella associated protein 100,Testis,GO:0097545;GO:0036064;GO:0031514;GO:0070840;GO:0003341;GO:0036159
O75973,Complement C1q like 1,Kidney,GO:0150053;GO:0044301;GO:0005581;GO:0005737;GO:0098793;GO:0043083;GO:0005102;GO:0007626;GO:0099558;GO:0061743;GO:0016322;GO:1905806
Q5T5J6,SWT1 RNA endoribonuclease homolog,Testis,GO:0005634
A6NEL2,Sosondowah ankyrin repeat domain family member B,Liver,
Q9ULZ0,TP53 target 3 family member F,Testis,GO:0005737;GO:0005634
Q8NDW8,Tetratricopeptide repeat domain 21A,Testis,GO:0005929;GO:0030991;GO:0030317;GO:0035721;GO:0061512;GO:0007286
P23975,Solute carrier family 6 member 2,Testis,GO:0030424;GO:0009986;GO:0016020;GO:0032809;GO:0005886;GO:0042734;GO:0030672;GO:0003779;GO:0043014;GO:0048487;GO:0005330;GO:0046872;GO:0008504;GO:0005326;GO:0005328;GO:0005334;GO:0006865;GO:0007268;GO:0051583;GO:0015844;GO:0070050;GO:0006836;GO:0015874;GO:0051620;GO:0048265;GO:0009410;GO:0035725
A6NJT0,UNC homeobox,Brain,GO:0000785;GO:0005634;GO:0000981;GO:1990837;GO:0001502;GO:0035726;GO:0021516;GO:0021889;GO:0007389;GO:0045595;GO:0010468
Q9H903,Methylenetetrahydrofolate dehydrogenase (NADP+ dependent) 2 like,Liver,GO:0005743;GO:0005759;GO:0005739;GO:0004477;GO:0004487;GO:0004488;GO:0009256;GO:0046655;GO:0000105;GO:0009086;GO:0006164;GO:0035999
O75638,Cancer/testis antigen 2,Testis,GO:0005813;GO:0070525
Q8NI17,Interleukin 31 receptor A,Testis,GO:0030424;GO:0009897;GO:0016020;GO:0005886;GO:0042734;GO:0043235;GO:0019955;GO:0004896;GO:0019901;GO:0003713;GO:0002438;GO:0007169;GO:0007259;GO:0019221;GO:0006952;GO:0098542;GO:0002067;GO:0042592;GO:0030225;GO:0000165;GO:0030224;GO:0043066;GO:0043031;GO:0008284;GO:0045893;GO:0042531
P43681,Cholinergic receptor nicotinic alpha 4 subunit,Brain,GO:0005892;GO:0030425;GO:0009897;GO:0016020;GO:0043005;GO:0043025;GO:0005886;GO:0045211;GO:0045202;GO:0042166;GO:0015464;GO:0022848;GO:0015276;GO:0095500;GO:0001508;GO:0042113;GO:0035095;GO:0006816;GO:0007268;GO:0050890;GO:0006281;GO:0060080;GO:0051899;GO:0006811;GO:0050877;GO:0014059;GO:0042391;GO:0001666;GO:0035094;GO:0006979;GO:0019233;GO:0007165;GO:0007271
I3L3R5,Coiled-coil glutamate rich protein 2,Brain,GO:0005576
Q96L12,Calreticulin 3,Testis,GO:0005788;GO:0005789;GO:0005635;GO:0030246;GO:0046872;GO:0044183;GO:0051082;GO:0030154;GO:0036503;GO:0006457;GO:0007283
Q86WA6,Biphenyl hydrolase like,Liver,GO:0005741;GO:0005739;GO:0047658;GO:0006520;GO:0009636;GO:0006805
Q8TCG5,Carnitine palmitoyltransferase 1C,Brain,GO:0032281;GO:0030424;GO:0030425;GO:0005783;GO:0005789;GO:0098978;GO:0098794;GO:0016746;GO:0008474;GO:0009437;GO:0006631;GO:0099072
P17813,Endoglin,Heart,GO:0009986;GO:0072563;GO:0009897;GO:0005615;GO:0005925;GO:0016604;GO:0005886;GO:0043235;GO:0048185;GO:0015026;GO:0005534;GO:0005539;GO:0042802;GO:0042803;GO:0030546;GO:0050431;GO:0005024;GO:0004888;GO:0034713;GO:0005114;GO:0048844;GO:0055009;GO:1905222;GO:0030509;GO:0060348;GO:0001569;GO:0003209;GO:0003208;GO:0007155;GO:0060326;GO:0016477;GO:0003273;GO:0048870;GO:0071260;GO:0022009;GO:0070483;GO:0035912;GO:0003203;GO:0001837;GO:0003198;GO:0070278;GO:0022617;GO:0001947;GO:0030336;GO:0001937;GO:0010629;GO:0060392;GO:0000122;GO:0030512;GO:0003148;GO:0045766;GO:0030513;GO:0032967;GO:1905007;GO:0010628;GO:0051897;GO:0060391;GO:0003084;GO:0045944;GO:1905065;GO:0030155;GO:0042127;GO:0006355;GO:0042325;GO:0017015;GO:0001666;GO:0009410;GO:0048745;GO:0007179;GO:0097084;GO:0001570;GO:0048845;GO:0003222;GO:0042060
Q6UW01,Cerebellin 3 precursor,Brain,GO:0005783;GO:0005615;GO:0005794;GO:0098688;GO:0045202;GO:0043083;GO:0099558
Q00604,Norrin cystine knot growth factor NDP,Brain,GO:0009986;GO:0062023;GO:0005615;GO:0005125;GO:0005109;GO:0042803;GO:0001508;GO:0001525;GO:0001974;GO:0060070;GO:0071456;GO:1904390;GO:0046697;GO:0060996;GO:0045446;GO:0060856;GO:1990963;GO:0035640;GO:0035426;GO:0006749;GO:0006544;GO:0006954;GO:0002088;GO:0014004;GO:0061518;GO:0000278;GO:0007399;GO:0051402;GO:0110135;GO:0021554;GO:0045893;GO:0051897;GO:0006622;GO:0016567;GO:0000320;GO:0048678;GO:0097601;GO:0010842;GO:0061304;GO:0031290;GO:0003406;GO:0060221;GO:0007224;GO:0006366;GO:0007179;GO:0006099;GO:0070086;GO:0007033;GO:0007601
Q96LL3,Chromosome 16 open reading frame 92,Testis,GO:0005886;GO:0009566;GO:0007342
Q9Y2T3,Guanine deaminase,Kidney,GO:0005829;GO:0008892;GO:0008270;GO:0000255;GO:0043605;GO:0006161;GO:0046055;GO:0046038;GO:0006147;GO:0046098;GO:0007399;GO:0006139
Q9C0H9,SRC kinase signaling inhibitor 1,Brain,GO:0015629;GO:0030424;GO:0005737;GO:0030425;GO:0098978;GO:0014069;GO:0098793;GO:0045202;GO:0019901;GO:0006887;GO:0061099;GO:0061098;GO:0098974;GO:0030334;GO:0061001;GO:0034446
Q8IVU9,Ciliary associated calcium binding coiled-coil 1,Testis,GO:0005813;GO:0005737;GO:0036126;GO:0005509
Q8NE18,NOP2/Sun RNA methyltransferase family member 7,Testis,GO:0008168;GO:0003723;GO:0001510;GO:0006396
Q9UBN1,Calcium voltage-gated channel auxiliary subunit gamma 4,Brain,GO:0032281;GO:0044297;GO:0009986;GO:0030666;GO:0098978;GO:1990454;GO:0005886;GO:0098839;GO:0036477;GO:0005246;GO:0016247;GO:0035255;GO:0005245;GO:0099590;GO:0098943;GO:0051968;GO:0098970;GO:2000311;GO:0042220;GO:0019226
D6REC4,Cilia and flagella associated protein 99,Testis,GO:0031514
P56373,Purinergic receptor P2X 3,Liver,GO:0030424;GO:0098686;GO:0005886;GO:0098794;GO:0043235;GO:0098685;GO:0005524;GO:0004931;GO:0046872;GO:0001614;GO:0048266;GO:0070588;GO:0071318;GO:0051649;GO:0098662;GO:0007274;GO:0030432;GO:0010524;GO:0050850;GO:0070207;GO:0048167;GO:0009743;GO:0009409;GO:0009408;GO:0001666;GO:0009612;GO:0050909;GO:0007165;GO:0014832
O43173,"ST8 alpha-N-acetyl-neuraminide alpha-2,8-sialyltransferase 3",Brain,GO:0000139;GO:0003828;GO:0042802;GO:0033691;GO:0001574;GO:0009100;GO:0006688;GO:0006491;GO:0009311;GO:0006486;GO:0097503
Q96LI6,Heat shock transcription factor Y-linked 1,Testis,GO:0000785;GO:0005829;GO:0005654;GO:0005634;GO:0003700;GO:0000981;GO:0000978;GO:1990837;GO:0006357
Q8N878,FERM domain containing 1,Kidney,GO:0098592;GO:0005856;GO:0035332
P10451,Secreted phosphoprotein 1,Brain,GO:0042995;GO:0005788;GO:0070062;GO:0005576;GO:0005615;GO:0005794;GO:0048471;GO:0005125;GO:0050840;GO:0005178;GO:0036094;GO:0006710;GO:0031214;GO:0007155;GO:0071394;GO:0046697;GO:0007566;GO:0048685;GO:0001649;GO:0045780;GO:0045893;GO:2000866;GO:1904612;GO:0036005;GO:0048545;GO:0033280
Q92954,Proteoglycan 4,Liver,GO:0062023;GO:0005615;GO:0030247;GO:0005044;GO:0006955
Q9UNU6,Cytochrome P450 family 8 subfamily B member 1,Liver,GO:0005789;GO:0033779;GO:0033778;GO:0020037;GO:0005506;GO:0019825;GO:0008397;GO:0006699;GO:0045797;GO:0070723;GO:0031667;GO:0016125
Q9ULM0,"Pleckstrin homology, MyTH4 and FERM domain containing H1",Brain,GO:0005856
A2A2Y4,FERM domain containing 3,Heart,GO:0005856;GO:0016020;GO:0008092;GO:0031032
B3KU38,IQCJ-SCHIP1 readthrough,Brain,GO:0043194;GO:0030054;GO:0005737;GO:0005886;GO:0051494;GO:0035332
Q9H477,Ribokinase,Liver,GO:0005829;GO:0005634;GO:0005524;GO:0042802;GO:0046872;GO:0004747;GO:0019303;GO:0006098
Q1ZYL8,IZUMO family member 4,Testis,GO:0005576;GO:0005634
A6NJJ6,Chromosome 19 open reading frame 67,Testis,
Q9C0H5,Rho GTPase activating protein 39,Testis,GO:0005737;GO:0005856;GO:0005829;GO:0098978;GO:0005634;GO:0005096;GO:0099173;GO:0051056;GO:0007165
Q96EV8,Dystrobrevin binding protein 1,Brain,GO:0030424;GO:1904115;GO:0031083;GO:0005737;GO:0005829;GO:0043197;GO:0005789;GO:0010008;GO:0098978;GO:0030426;GO:0098686;GO:0033162;GO:0015630;GO:0030496;GO:0043005;GO:0043025;GO:0005634;GO:0005886;GO:0014069;GO:0045211;GO:0042383;GO:0016528;GO:0098685;GO:0030672;GO:0030036;GO:0008089;GO:0048490;GO:0007596;GO:0060271;GO:0048813;GO:0001822;GO:0032438;GO:0007613;GO:0061002;GO:0031175;GO:0048812;GO:0060155;GO:0010628;GO:0061646;GO:0001956;GO:0002092;GO:0071806;GO:0060159;GO:0014059;GO:0009966;GO:2000300;GO:0060041
Q8IYU4,Ubiquilin like,Testis,GO:0005829;GO:0031593;GO:0006511
Q8IZ96,CKLF like MARVEL transmembrane domain containing 1,Testis,GO:0005615;GO:0016020;GO:0005125;GO:0006935
Q8IXM7,Outer dense fiber of sperm tails 3 like 1,Testis,GO:0005856
P48050,Potassium inwardly rectifying channel subfamily J member 4,Heart,GO:0016323;GO:0030659;GO:0005886;GO:0045211;GO:0008076;GO:0005242;GO:0030165;GO:1990573;GO:0006813;GO:0034765
P12755,SKI proto-oncogene,Brain,GO:0005813;GO:0005737;GO:0016604;GO:0005654;GO:0005634;GO:0016605;GO:0032991;GO:0005667;GO:0017053;GO:0000981;GO:0140297;GO:0001227;GO:0046811;GO:0042802;GO:0019904;GO:0019901;GO:0000978;GO:0046332;GO:0031625;GO:0008270;GO:0009948;GO:0060349;GO:0043010;GO:0048593;GO:0060038;GO:0048870;GO:0030326;GO:0060325;GO:0002089;GO:0022011;GO:0014902;GO:0032926;GO:0030514;GO:0008285;GO:0048147;GO:0045668;GO:0010626;GO:0060392;GO:0000122;GO:0030512;GO:0001843;GO:0043585;GO:0021772;GO:0043388;GO:0045944;GO:0030177;GO:0060041;GO:0060021;GO:0048741;GO:0035019;GO:0007179
O75096,LDL receptor related protein 4,Brain,GO:0009986;GO:0030425;GO:0031594;GO:0043025;GO:0005886;GO:0044853;GO:0014069;GO:0097060;GO:0034185;GO:0005509;GO:0015026;GO:0042803;GO:0030971;GO:0097110;GO:0150094;GO:0048813;GO:0009953;GO:0042733;GO:0006897;GO:0007167;GO:0048699;GO:0001942;GO:0001822;GO:0060173;GO:0050771;GO:0090090;GO:0030279;GO:0042475;GO:0050731;GO:1901631;GO:0035022;GO:1904395;GO:0097104;GO:0097105;GO:0009954;GO:0150052;GO:0071340;GO:0050808;GO:0051124;GO:0016055
P08684,Cytochrome P450 family 3 subfamily A member 4,Liver,GO:0005737;GO:0005789;GO:0043231;GO:0102320;GO:0062181;GO:0062188;GO:0062189;GO:0062187;GO:0034875;GO:0019899;GO:0101020;GO:0101021;GO:0020037;GO:0005506;GO:0004497;GO:0016491;GO:0016712;GO:0019825;GO:0050591;GO:0008401;GO:0005496;GO:0008395;GO:0050649;GO:0070576;GO:0030343;GO:0046222;GO:0009822;GO:0008209;GO:0008203;GO:0008210;GO:0002933;GO:0006629;GO:0042759;GO:0016098;GO:0070989;GO:0042573;GO:0042572;GO:0006706;GO:0008202;GO:0042369;GO:0042359;GO:0042178;GO:0006805
A6NFD8,Helt bHLH transcription factor,Kidney,GO:0000785;GO:0005634;GO:0005667;GO:0000981;GO:0001227;GO:0042802;GO:0046983;GO:0000978;GO:0009952;GO:0007417;GO:0021858;GO:0035264;GO:0045944;GO:0009791;GO:0050767;GO:0006357;GO:0001967;GO:0006366
Q9Y238,DLEC1 cilia and flagella associated protein,Testis,GO:0005929;GO:0005737;GO:0005829;GO:0043014;GO:0048487;GO:0015631;GO:0030154;GO:0002357;GO:0008285;GO:0007283
Q15043,Solute carrier family 39 member 14,Liver,GO:0016324;GO:0016323;GO:0031901;GO:0031902;GO:0005765;GO:0016020;GO:0005886;GO:0015086;GO:0015093;GO:0005381;GO:0005384;GO:0015296;GO:0140410;GO:0005385;GO:0071333;GO:0032869;GO:0002062;GO:0006094;GO:0098739;GO:0098662;GO:0008286;GO:0030003;GO:0006882;GO:0033212;GO:0034755;GO:0055071;GO:0071421;GO:0045745;GO:0010817;GO:0071578;GO:0071577
Q8TAG5,V-set and transmembrane domain containing 2A,Brain,GO:0005576;GO:0016020;GO:0042802;GO:0030154;GO:0071773;GO:0090336;GO:0010628;GO:0010884;GO:0070352
Q14DG7,Transmembrane protein 132B,Brain,GO:0016020
P0C7N4,Transmembrane protein 191B,Testis,GO:0016020
Q96NX5,Calcium/calmodulin dependent protein kinase IG,Brain,GO:0005954;GO:0005737;GO:0000139;GO:0005886;GO:0005524;GO:0004683;GO:0005516;GO:0106310;GO:0007165
Q8NFZ4,Neuroligin 2,Brain,GO:0030424;GO:0009986;GO:0043198;GO:0098691;GO:0060076;GO:0098690;GO:0060077;GO:0016020;GO:0005886;GO:0045211;GO:0099634;GO:0042734;GO:0097470;GO:0098983;GO:0045202;GO:0050839;GO:0042802;GO:0042043;GO:0038023;GO:0098609;GO:0045217;GO:0007268;GO:0097116;GO:1904862;GO:1901142;GO:0007630;GO:0035641;GO:0050804;GO:0050885;GO:0007158;GO:0072578;GO:0008284;GO:0060999;GO:2000463;GO:0097151;GO:0032024;GO:1902474;GO:0051965;GO:0032230;GO:0051968;GO:2000809;GO:1904034;GO:0097119;GO:0097104;GO:0099054;GO:0097105;GO:0034394;GO:0035418;GO:2000311;GO:1905606;GO:0002087;GO:0019233;GO:0035176;GO:0007416;GO:0050808;GO:0051932;GO:0048488;GO:0072553;GO:0001966
Q5U5Z8,AGBL carboxypeptidase 2,Testis,GO:0005814;GO:0036064;GO:0005737;GO:0005829;GO:0015630;GO:0004181;GO:0015631;GO:0008270;GO:0035610;GO:0006508
O43247,Testis expressed 33,Testis,GO:0001669;GO:0036126
P33121,Acyl-CoA synthetase long chain family member 1,Liver,GO:0005783;GO:0005789;GO:0016020;GO:0005741;GO:0005739;GO:0005778;GO:0047676;GO:0005524;GO:0004467;GO:0090434;GO:0050197;GO:0070251;GO:0043539;GO:0033211;GO:0015908;GO:0008610;GO:0044539;GO:0001676;GO:0035338;GO:0120162;GO:0010747;GO:0007584;GO:0034201;GO:0014070;GO:0019432;GO:0000038;GO:0042178
Q8N5U0,Chromosome 11 open reading frame 42,Testis,
A0A1B0GTY4,Testis expressed 50,Testis,GO:0016020
Q5THR3,EF-hand calcium binding domain 6,Testis,GO:0160111;GO:0005654;GO:0036126;GO:0005509;GO:0030317
P78333,Glypican 5,Brain,GO:0009986;GO:0062023;GO:0005576;GO:0005796;GO:0043202;GO:0016020;GO:0005886;GO:0098552;GO:0016477;GO:0090263;GO:1905475
Q9UIH9,KLF transcription factor 15,Liver,GO:0000785;GO:0043231;GO:0016607;GO:0005654;GO:0005634;GO:0001228;GO:0000981;GO:0046872;GO:0000978;GO:0000977;GO:1990837;GO:0000976;GO:0014898;GO:1901653;GO:0010001;GO:0001678;GO:2000757;GO:0072112;GO:0046326;GO:0045944;GO:0006357;GO:0030111;GO:0032868
Q96DB2,Histone deacetylase 11,Testis,GO:0000118;GO:0005634;GO:0005886;GO:0140297;GO:0004407;GO:0031078;GO:1990162;GO:0032129;GO:0140937;GO:0034739;GO:0180032;GO:0180033;GO:0006325;GO:0040029;GO:0014003
A6NCL1,Geminin coiled-coil domain containing,Liver,GO:0005634;GO:0003682;GO:0060271;GO:0006260;GO:0045786;GO:0030174
Q7L622,G2/M-phase specific E3 ubiquitin protein ligase,Testis,GO:0005829;GO:0005794;GO:0043231;GO:0005730;GO:0005634;GO:0046872;GO:0004842;GO:0006915;GO:0016567
P98182,Zinc finger protein 200,Testis,GO:0005634;GO:0046872
Q8IXR5,Family with sequence similarity 178 member B,Testis,
Q14315,Filamin C,Heart,GO:0043034;GO:0005737;GO:0005856;GO:0005829;GO:0005925;GO:0045171;GO:0005886;GO:0042383;GO:0016528;GO:0030018;GO:0051015;GO:0030506;GO:0008092;GO:0042802;GO:0045214
Q9Y3S1,WNK lysine deficient protein kinase 2,Heart,GO:0005737;GO:0005829;GO:0005886;GO:0004676;GO:0004679;GO:0005524;GO:0004677;GO:0004694;GO:0044024;GO:0072371;GO:1990244;GO:0035979;GO:0044025;GO:0140823;GO:0035175;GO:0044022;GO:0140855;GO:0035402;GO:0072354;GO:0140857;GO:0035403;GO:0044023;GO:0106310;GO:0004674;GO:0072518;GO:0004711;GO:0035556;GO:0050801;GO:0008285;GO:0070373;GO:0090263;GO:2000651;GO:0046777;GO:0006468
Q9BQI0,Allograft inflammatory factor 1 like,Kidney,GO:0015629;GO:0005737;GO:0070062;GO:0005925;GO:0032587;GO:0051015;GO:0005509;GO:0051017;GO:0097178
P60201,Proteolipid protein 1,Brain,GO:0034683;GO:0043209;GO:0005886;GO:0045202;GO:0042802;GO:0044877;GO:0019911;GO:0005198;GO:0098990;GO:0014002;GO:0061564;GO:0008366;GO:0022010;GO:0007268;GO:0006954;GO:0042759;GO:1904427;GO:0030335;GO:0010628;GO:0021762
Q05940,Solute carrier family 18 member A2,Brain,GO:0030424;GO:0005813;GO:0070083;GO:0030425;GO:0098691;GO:0043231;GO:0016020;GO:0005886;GO:0030667;GO:0008021;GO:0030672;GO:0043195;GO:0008504;GO:0015311;GO:0005335;GO:0015842;GO:0007268;GO:0015872;GO:0002553;GO:0051615;GO:0007626;GO:0015844;GO:1903427;GO:0098700;GO:0006836;GO:0009791;GO:0001975;GO:0009636;GO:0042137;GO:0002552;GO:0051610;GO:0099123
Q8TC71,Spermatogenesis associated 18,Testis,GO:0005737;GO:0043231;GO:0043232;GO:0005741;GO:0005739;GO:1901612;GO:0042802;GO:0140693;GO:0006974;GO:0035694;GO:0035695;GO:1900210
Q9NS26,SPANX family member A2,Testis,GO:0005737;GO:0005634;GO:0007283
Q92633,Lysophosphatidic acid receptor 1,Brain,GO:0009986;GO:0005737;GO:0043198;GO:0043197;GO:0005768;GO:0098982;GO:0098978;GO:0043025;GO:0005886;GO:0045211;GO:0042734;GO:0004930;GO:0001965;GO:0035727;GO:0070915;GO:0030165;GO:0007189;GO:0007193;GO:0032060;GO:0060326;GO:1904566;GO:0071453;GO:0021549;GO:0022038;GO:0007186;GO:0042552;GO:0043951;GO:1902018;GO:0010977;GO:0022008;GO:0014003;GO:0021554;GO:0007200;GO:0043065;GO:0043123;GO:0007204;GO:0060999;GO:0043410;GO:0035025;GO:0071673;GO:0051496;GO:0008360;GO:0019222;GO:0099149;GO:0098693
P59025,Receptor transporter protein 1,Brain,GO:0009986;GO:0005886;GO:0046872;GO:0031849;GO:0001580;GO:0051205;GO:0006612
Q96RR4,Calcium/calmodulin dependent protein kinase kinase 2,Brain,GO:0005829;GO:0043005;GO:0005654;GO:0005524;GO:0005509;GO:0004683;GO:0005516;GO:0106310;GO:0004674;GO:0004713;GO:0019722;GO:0061762;GO:0034614;GO:0000165;GO:1903599;GO:0045893;GO:0001934;GO:0046777;GO:0006468;GO:0045859
A5A3E0,POTE ankyrin domain family member F,Testis,GO:0005884;GO:0030424;GO:0072562;GO:0005938;GO:0005737;GO:0070062;GO:0005615;GO:0016020;GO:0035267;GO:0045202;GO:0019901;GO:0098973;GO:0007409;GO:0048870
Q14940,Solute carrier family 9 member A5,Brain,GO:0032591;GO:0005925;GO:0016020;GO:0044309;GO:0005886;GO:0045211;GO:0055038;GO:0045202;GO:1990763;GO:0015386;GO:0015385;GO:0006811;GO:0071805;GO:0051453;GO:0098719;GO:0035725
P02649,Apolipoprotein E,Liver,GO:0072562;GO:0042627;GO:0034360;GO:0030669;GO:0062023;GO:0005737;GO:0030425;GO:0034365;GO:0005769;GO:0071682;GO:0005783;GO:0005788;GO:0070062;GO:0031012;GO:0005576;GO:0005615;GO:1903561;GO:0098978;GO:0005794;GO:0034364;GO:0034363;GO:1990777;GO:0034362;GO:0042470;GO:0016020;GO:0097487;GO:0043025;GO:0005634;GO:0005886;GO:0043083;GO:0034361;GO:0001540;GO:0016209;GO:0120020;GO:0019899;GO:0043395;GO:0008201;GO:0042802;GO:0008289;GO:0005319;GO:0071813;GO:0050750;GO:0046911;GO:0060228;GO:0005543;GO:0046983;GO:0042803;GO:0044877;GO:0048018;GO:0005102;GO:0005198;GO:0048156;GO:0070326;GO:0055090;GO:0097113;GO:0042982;GO:0048844;GO:0071402;GO:0006707;GO:0033344;GO:0042632;GO:0008203;GO:0034382;GO:0007010;GO:0055089;GO:0007186;GO:0010467;GO:0034380;GO:0034384;GO:0034375;GO:0071831;GO:0006874;GO:0046907;GO:0010877;GO:0042158;GO:0042159;GO:0035641;GO:0015909;GO:0007616;GO:0034374;GO:0051651;GO:0032438;GO:1905907;GO:1902430;GO:0030195;GO:0043537;GO:0090090;GO:0045541;GO:0010596;GO:0001937;GO:0010629;GO:0050728;GO:1900272;GO:0043407;GO:0010977;GO:0010544;GO:0051248;GO:0050709;GO:0048662;GO:0090209;GO:0031175;GO:0038060;GO:0097114;GO:0033700;GO:0044794;GO:1905908;GO:1900223;GO:0010875;GO:0090205;GO:1905920;GO:0060999;GO:1902952;GO:0045893;GO:0045807;GO:0070374;GO:0046889;GO:1903002;GO:0140077;GO:0032805;GO:0051044;GO:0010976;GO:0045429;GO:1902995;GO:0017038;GO:0006898;GO:1905906;GO:1902991;GO:1900221;GO:0042981;GO:0030516;GO:2000822;GO:0032489;GO:1905890;GO:0090181;GO:0045088;GO:0048168;GO:0061136;GO:0051246;GO:0043254;GO:0061771;GO:0002021;GO:0000302;GO:0043691;GO:0007271;GO:0070328;GO:0006641;GO:0071830;GO:0042311;GO:0034447;GO:0034372;GO:0019068
Q8IZ02,Leucine rich repeat containing 34,Testis,GO:0005737;GO:0005730;GO:0030154
Q96MC2,Dynein regulatory complex subunit 1,Testis,GO:0005858;GO:0005930;GO:0005829;GO:0036126;GO:0070286;GO:0060285;GO:0007368;GO:0007507;GO:0003352;GO:0007338;GO:0120316
Q5TDP6,"Lengsin, lens protein with glutamine synthetase domain",Kidney,GO:0005737;GO:0016020;GO:0005886
Q16623,Syntaxin 1A,Brain,GO:0030424;GO:0005829;GO:0012505;GO:0005576;GO:0043005;GO:0031965;GO:0005886;GO:0048787;GO:0031201;GO:0008021;GO:0030672;GO:0070044;GO:0019855;GO:0019869;GO:0042802;GO:0019900;GO:0005484;GO:0000149;GO:0017156;GO:0006887;GO:0030073;GO:0006886;GO:0045956;GO:0033605;GO:2000463;GO:0001956;GO:0010701;GO:0016925;GO:0050796;GO:0010807;GO:0032940;GO:0048488;GO:0016079;GO:0031629;GO:0048278
Q9UDX4,SEC14 like lipid binding 3,Liver,GO:0005737;GO:0070062;GO:0008289
Q96DG6,Carboxymethylenebutenolidase homolog,Liver,GO:0005829;GO:0070062;GO:0016787;GO:0006805
Q9H221,ATP binding cassette subfamily G member 8,Liver,GO:0016324;GO:0043190;GO:0005886;GO:0043235;GO:0140359;GO:0005524;GO:0016887;GO:0042626;GO:0120020;GO:0046872;GO:0046982;GO:0033344;GO:0042632;GO:0030299;GO:0045796;GO:0010949;GO:0015914;GO:0014850;GO:0007584;GO:0009410;GO:0015918;GO:0055085;GO:0070328
Q16827,Protein tyrosine phosphatase receptor type O,Brain,GO:0016324;GO:0030424;GO:0043197;GO:0070062;GO:0098982;GO:0098978;GO:0030426;GO:0030027;GO:0016328;GO:0016020;GO:0043005;GO:0005886;GO:0098839;GO:0045296;GO:0140793;GO:0004726;GO:0016791;GO:0042803;GO:0004725;GO:0030946;GO:0005001;GO:0017147;GO:0007411;GO:0000902;GO:0032835;GO:0030032;GO:0002548;GO:0090090;GO:0010812;GO:0003105;GO:0010977;GO:0090260;GO:0035335;GO:0072112;GO:0006470;GO:0003093;GO:0050807;GO:0036060
O14594,Neurocan,Brain,GO:0005576;GO:0005615;GO:0005796;GO:0043202;GO:0072534;GO:0045202;GO:0005509;GO:0030246;GO:0005540;GO:0007155;GO:0007417;GO:0010001;GO:0002052;GO:0001501
P51955,NIMA related kinase 2,Testis,GO:0005813;GO:0000794;GO:0005737;GO:0005829;GO:0000776;GO:0005874;GO:0030496;GO:0005730;GO:0005654;GO:0005634;GO:0032991;GO:0000922;GO:0004676;GO:0004679;GO:0005524;GO:0004677;GO:0004694;GO:0044024;GO:0072371;GO:1990244;GO:0035979;GO:0044025;GO:0140823;GO:0035175;GO:0044022;GO:0140855;GO:0035402;GO:0072354;GO:0140857;GO:0035403;GO:0044023;GO:0046872;GO:0004672;GO:0019903;GO:0106310;GO:0004674;GO:0072518;GO:0004711;GO:0001824;GO:0051301;GO:0051299;GO:0007059;GO:0051321;GO:0000278;GO:0090307;GO:1903126;GO:0032206;GO:0046777;GO:0006468;GO:0051988;GO:0046602;GO:0007088;GO:0051225
P43005,Solute carrier family 1 member 1,Kidney,GO:0097440;GO:0016324;GO:0032279;GO:0030424;GO:0043679;GO:0071944;GO:0030425;GO:0043198;GO:0043197;GO:0150002;GO:0031901;GO:0005783;GO:0009897;GO:0070062;GO:0097386;GO:0031902;GO:0016020;GO:0045121;GO:0043025;GO:0043204;GO:0099544;GO:0005886;GO:0098793;GO:1990635;GO:0055038;GO:0098685;GO:0043083;GO:0015108;GO:0033229;GO:0140010;GO:0016595;GO:0015501;GO:0005314;GO:0042802;GO:0015183;GO:0005313;GO:0046872;GO:0005253;GO:0030534;GO:0001662;GO:0048514;GO:0007420;GO:0071242;GO:1903926;GO:0071314;GO:0071288;GO:0071407;GO:0034599;GO:0007268;GO:1902476;GO:1990708;GO:0042883;GO:0019221;GO:0070779;GO:0070777;GO:0042417;GO:0007212;GO:0010467;GO:0007215;GO:0006750;GO:0007625;GO:0060047;GO:0090461;GO:0006882;GO:0140009;GO:0070778;GO:0051938;GO:0098712;GO:0015813;GO:0007626;GO:0060291;GO:0035633;GO:0007613;GO:0006811;GO:0061744;GO:0097049;GO:0043524;GO:0022008;GO:0098877;GO:0006836;GO:0010460;GO:0099170;GO:0090313;GO:0001975;GO:0072347;GO:0048678;GO:0036293;GO:0043278;GO:0009410;GO:0010842;GO:0060013;GO:0006801;GO:0050808;GO:0070633;GO:0150104;GO:0071577
Q9HCK4,Roundabout guidance receptor 2,Brain,GO:0030673;GO:0009986;GO:0070062;GO:0005886;GO:0008046;GO:0042802;GO:0035904;GO:0003180;GO:0061364;GO:0007411;GO:0016199;GO:0007420;GO:0098609;GO:0032870;GO:0007417;GO:0006935;GO:0003272;GO:0003129;GO:0007156;GO:0001656;GO:0050925;GO:0051964;GO:0021891;GO:0003148;GO:0050772;GO:0045747;GO:0003184;GO:0031290;GO:0001657;GO:0060412
Q76N89,"HECT, C2 and WW domain containing E3 ubiquitin protein ligase 1",Kidney,GO:0005737;GO:0005829;GO:0061630;GO:0090090;GO:0016567;GO:0048814;GO:0006511
O96020,Cyclin E2,Brain,GO:0097134;GO:0097135;GO:0005737;GO:0005829;GO:0005815;GO:0005654;GO:0005634;GO:0016538;GO:0019901;GO:0051301;GO:0006270;GO:0000082;GO:0007129;GO:1900087;GO:0000079;GO:0032880;GO:0000723
Q96HU8,DIRAS family GTPase 2,Brain,GO:0005886;GO:0019003;GO:0005525;GO:0003924;GO:0007165
Q9P0K1,ADAM metallopeptidase domain 22,Brain,GO:0030424;GO:0016020;GO:0005886;GO:0098839;GO:0005178;GO:0004222;GO:0007155;GO:0007417;GO:0007162;GO:0006508
Q8NCW6,Polypeptide N-acetylgalactosaminyltransferase 11,Kidney,GO:0005794;GO:0000139;GO:0030246;GO:0046872;GO:0005112;GO:0004653;GO:0060271;GO:0007368;GO:0007220;GO:0061314;GO:0016266;GO:0006493;GO:0018243;GO:0008593
Q02978,Solute carrier family 25 member 11,Heart,GO:0005743;GO:0005739;GO:0005634;GO:0005886;GO:0015297;GO:0015140;GO:0015131;GO:0015367;GO:0003723;GO:0015141;GO:0015116;GO:0015117;GO:0006094;GO:0006869;GO:0071423;GO:0043490;GO:0015729;GO:0035435;GO:0071422;GO:1902358;GO:0015709
Q502X0,MORN repeat containing 2,Testis,GO:0001669;GO:0005634;GO:0030154;GO:0007283
O75335,PTPRF interacting protein alpha 4,Brain,GO:0009986;GO:0005829;GO:0048786;GO:0045202;GO:0050808
Q96LP2,Family with sequence similarity 81 member B,Testis,GO:0005634
P0C7M6,IQ motif containing F3,Testis,GO:0005516
Q9BZW2,Solute carrier family 13 member 1,Kidney,GO:0016324;GO:0005886;GO:0015373;GO:0015382;GO:0006814;GO:1902358;GO:0055085
H3BQL2,Golgin A8 family member T,Testis,GO:0005801;GO:0000137;GO:0032580;GO:0007030
Q6PF18,MORN repeat containing 3,Testis,GO:0001669;GO:0005634;GO:0030674;GO:1901797
Q05925,Engrailed homeobox 1,Brain,GO:0000785;GO:0005634;GO:0000981;GO:0001227;GO:0000978;GO:1990837;GO:0008344;GO:0009653;GO:0021549;GO:0071542;GO:0009953;GO:0042756;GO:1990403;GO:0035115;GO:0030901;GO:0030917;GO:0061743;GO:0035264;GO:0043524;GO:0000122;GO:0048666;GO:0030182;GO:0043473;GO:0045944;GO:0009954;GO:0006357;GO:0042220;GO:0001501;GO:0035176
Q6IQ19,"Centriole, cilia and spindle associated protein",Brain,GO:0030424;GO:0005930;GO:0005814;GO:0005813;GO:0036064;GO:0035869;GO:0005929;GO:0072686;GO:0061673;GO:0005819;GO:0008017;GO:0051301;GO:1990755;GO:0045995;GO:1901673
O00555,Calcium voltage-gated channel subunit alpha1 A,Brain,GO:0042995;GO:0005737;GO:0016020;GO:0043025;GO:0005634;GO:0005886;GO:0045202;GO:0005891;GO:0001540;GO:0008331;GO:0046872;GO:0019905;GO:0005245;GO:0098703;GO:0070588;GO:1904646;GO:0007268;GO:0050804;GO:0007204;GO:1904645
P14920,D-amino acid oxidase,Liver,GO:0042995;GO:0005737;GO:0005829;GO:0005576;GO:0005782;GO:0048786;GO:0003884;GO:0071949;GO:0043799;GO:0042802;GO:0055130;GO:0019478;GO:0036088;GO:0070178;GO:0007586;GO:0042416;GO:0070945;GO:0006562
Q9BZC7,ATP binding cassette subfamily A member 2,Brain,GO:0043190;GO:0031410;GO:0005768;GO:0010008;GO:0043231;GO:0005765;GO:0005764;GO:0016020;GO:0005815;GO:0005886;GO:0140359;GO:0005524;GO:0016887;GO:0042626;GO:0099038;GO:0061135;GO:0005319;GO:0000166;GO:0032289;GO:0099040;GO:0042632;GO:0001573;GO:0006687;GO:0090156;GO:0006629;GO:0006869;GO:0007626;GO:0090370;GO:0032384;GO:0071072;GO:1905601;GO:0090155;GO:0045939;GO:0042986;GO:1902993;GO:1902004;GO:0032805;GO:0032383;GO:1901873;GO:0060049;GO:1904375;GO:2000008;GO:0019218;GO:0070723;GO:0048545;GO:0009410;GO:0006684;GO:0046512;GO:0055085;GO:0150104
Q8N0S2,Synaptonemal complex central element protein 1,Brain,GO:0000801;GO:0005694;GO:0000795;GO:0051301;GO:0007130
Q9NNX9,Variable charge X-linked 3A,Testis,GO:0005730;GO:0005634;GO:0007420
Q9UF12,Proline dehydrogenase 2,Kidney,GO:0005743;GO:0005739;GO:0071949;GO:0016645;GO:0004657;GO:0006562;GO:0010133
Q8IZ16,Sperm acrosome developmental regulator,Testis,GO:0001669;GO:0005634;GO:0007286
Q9UQ52,Contactin 6,Brain,GO:0030424;GO:0098688;GO:0005886;GO:0042734;GO:0098552;GO:0045202;GO:0098632;GO:0007411;GO:0007155;GO:0007417;GO:0070593;GO:0007156;GO:0007219;GO:0045747;GO:0050808
P17516,Aldo-keto reductase family 1 member C4,Liver,GO:0005737;GO:0005829;GO:0070062;GO:0047024;GO:0004033;GO:0004032;GO:0047044;GO:0047023;GO:0032052;GO:0015125;GO:0047743;GO:0009055;GO:0004303;GO:0047086;GO:0016655;GO:0001758;GO:0047045;GO:0047035;GO:0008209;GO:0015721;GO:0006699;GO:0071395;GO:0044597;GO:0044598;GO:0042448;GO:0006693;GO:0001523;GO:0008202
Q9UI15,Transgelin 3,Brain,GO:0015629;GO:0005634;GO:0045202;GO:0051015;GO:0007015;GO:0007417;GO:0000122
O75676,Ribosomal protein S6 kinase A4,Brain,GO:0005737;GO:0005829;GO:0005654;GO:0005634;GO:0045202;GO:0004676;GO:0004679;GO:0005524;GO:0004677;GO:0004694;GO:0044024;GO:0072371;GO:1990244;GO:0035979;GO:0044025;GO:0140823;GO:0035175;GO:0044022;GO:0140855;GO:0035402;GO:0072354;GO:0140857;GO:0035403;GO:0044023;GO:0000287;GO:0106310;GO:0004674;GO:0072518;GO:0004711;GO:0006954;GO:0070498;GO:0035556;GO:0001818;GO:0032793;GO:0051092;GO:0045944;GO:0043687;GO:0006468;GO:0006355;GO:0038202
Q96PU8,"QKI, KH domain containing RNA binding",Brain,GO:0010494;GO:0005829;GO:0005634;GO:0045202;GO:0003677;GO:0160089;GO:0035198;GO:0003730;GO:0003729;GO:0003723;GO:0017124;GO:0003713;GO:0008298;GO:0042759;GO:0014004;GO:0048255;GO:0051028;GO:0042552;GO:1990764;GO:1905869;GO:0016525;GO:0120163;GO:0045650;GO:2000626;GO:0017148;GO:0032480;GO:0045542;GO:0010628;GO:0031643;GO:0048714;GO:0048710;GO:0010717;GO:0045649;GO:0048024;GO:0007286;GO:0160091;GO:0035886;GO:0001570
Q5T848,G protein-coupled receptor 158,Brain,GO:0042995;GO:0005634;GO:0005886;GO:0098839;GO:0045211;GO:0042734;GO:0008047;GO:0160079;GO:0004888;GO:0007420;GO:0050890;GO:0007186;GO:0001956;GO:0072659;GO:0008277;GO:0050807
Q9UPW6,SATB homeobox 2,Brain,GO:0000785;GO:0000118;GO:0016363;GO:0005654;GO:0005667;GO:0003682;GO:0001228;GO:0000981;GO:0042826;GO:0000978;GO:0000977;GO:0051216;GO:0006338;GO:0009880;GO:0048704;GO:0000122;GO:0001764;GO:0002076;GO:0045944;GO:0006357;GO:0060021
P14621,Acylphosphatase 2,Brain,GO:0005739;GO:0003998;GO:0042802;GO:0006796
P48065,Solute carrier family 6 member 12,Liver,GO:0016323;GO:0042995;GO:0016020;GO:0005886;GO:0098793;GO:0015171;GO:0005332;GO:0008028;GO:0006865;GO:0051936;GO:0015812;GO:0031460;GO:0015718;GO:0035725
Q8TDW4,Suppression of tumorigenicity 7 like,Testis,GO:0016020;GO:0030308
Q8N7C3,Tripartite motif family like 2,Testis,GO:0005737;GO:0042802;GO:0061630;GO:0008270;GO:0045087;GO:0016567;GO:0010468;GO:0032526
Q8WXS4,Transmembrane protein 37,Kidney,GO:0034702;GO:0005262;GO:0005244
Q8TEC5,SH3 domain containing ring finger 2,Heart,GO:0005654;GO:0005634;GO:0046872;GO:0019902;GO:0008157;GO:0004864;GO:0061630;GO:0043066;GO:0046329;GO:0031397;GO:0030335;GO:0046330;GO:0032436;GO:0051865;GO:0016567
Q8N100,Atonal bHLH transcription factor 7,Kidney,GO:0030424;GO:0000785;GO:0005634;GO:0043204;GO:0003700;GO:0000981;GO:0070888;GO:0046983;GO:1990837;GO:0000976;GO:0061564;GO:0007623;GO:0043153;GO:0003407;GO:0048663;GO:0021554;GO:1902336;GO:0045944;GO:0006357;GO:0010996;GO:0007423
Q8WWL7,Cyclin B3,Brain,GO:0000307;GO:0005737;GO:0005815;GO:0016607;GO:0005634;GO:0016538;GO:0051301;GO:0000082;GO:0051321
Q99956,Dual specificity phosphatase 9,Kidney,GO:0005737;GO:0005829;GO:0005634;GO:0033192;GO:0140791;GO:0140793;GO:1990439;GO:0033550;GO:0017017;GO:0017018;GO:0004726;GO:0004721;GO:0030946;GO:0008138;GO:0008330;GO:0180006;GO:0180007;GO:0180008;GO:0180005;GO:0180004;GO:0070371;GO:0007254;GO:0000165;GO:0070373;GO:0006470;GO:0007165
A6NGN9,IgLON family member 5,Brain,GO:0005576
Q9UMX2,Ornithine decarboxylase antizyme 3,Testis,GO:0072562;GO:0005737;GO:0005829;GO:0005654;GO:0005634;GO:0008073;GO:1902268;GO:0006596;GO:0090316;GO:0045732;GO:0007283;GO:0075523
Q9NYL5,Cytochrome P450 family 39 subfamily A member 1,Liver,GO:0005789;GO:0043231;GO:0033782;GO:0020037;GO:0005506;GO:0008396;GO:0008387;GO:0006699;GO:0006707;GO:0042632;GO:0007586;GO:0016125
Q99523,Sortilin 1,Brain,GO:0009986;GO:0150053;GO:0005905;GO:0030136;GO:0031410;GO:0005829;GO:0005769;GO:0005789;GO:0010008;GO:0005794;GO:0032580;GO:0005765;GO:0005764;GO:0016020;GO:0031965;GO:0048471;GO:0005886;GO:0030140;GO:0019899;GO:0048406;GO:0010465;GO:0030379;GO:1905394;GO:0046323;GO:0006897;GO:0008333;GO:0032509;GO:0008625;GO:0007186;GO:0006895;GO:0090160;GO:0099558;GO:0014902;GO:0045599;GO:0051005;GO:0007218;GO:0048011;GO:0001503;GO:0048227;GO:0006622;GO:0010468;GO:0032868;GO:0016050
Q8IZ40,REST corepressor 2,Brain,GO:0000118;GO:0005667;GO:0019899;GO:0003714;GO:0045892;GO:0006357
P35504,UDP glucuronosyltransferase family 1 member A5,Liver,GO:0005783;GO:0005789;GO:0019899;GO:0015020;GO:0046982;GO:0042803;GO:0052695
P30518,Arginine vasopressin receptor 2,Kidney,GO:0030669;GO:0030139;GO:0005783;GO:0005768;GO:0005794;GO:0016020;GO:0048471;GO:0005886;GO:0005000;GO:0007190;GO:0007188;GO:0032870;GO:0007186;GO:0007599;GO:0008285;GO:0008284;GO:0010628;GO:1902533;GO:0003084;GO:0045907;GO:0001992;GO:0003092;GO:0034097;GO:0021537
Q99988,Growth differentiation factor 15,Kidney,GO:0005737;GO:0070062;GO:0005576;GO:0005615;GO:0005794;GO:0005634;GO:0005125;GO:0008083;GO:0005179;GO:0042803;GO:0007267;GO:0062197;GO:0160144;GO:0032099;GO:0060400;GO:0002686;GO:0040015;GO:0060392;GO:0030512;GO:0046321;GO:0043410;GO:1901741;GO:0051897;GO:0002023;GO:1901558;GO:0007165;GO:0007179
Q5SRR4,Lymphocyte antigen 6 family member G5C,Brain,GO:0009897;GO:0005576;GO:0032991;GO:0042802
Q99674,Cell growth regulator with EF-hand domain 1,Brain,GO:0005576;GO:0005509;GO:0007155;GO:0008285;GO:0051726
P53816,Phospholipase A and acyltransferase 3,Brain,GO:0005737;GO:0005829;GO:0005783;GO:0005789;GO:0005765;GO:0005764;GO:0031966;GO:0005739;GO:0005635;GO:0048471;GO:0005778;GO:0005777;GO:0005886;GO:0016746;GO:0047498;GO:0047499;GO:0008289;GO:0016410;GO:0052739;GO:0008970;GO:0004623;GO:0046485;GO:0070306;GO:0016042;GO:0030397;GO:0070292;GO:1903008;GO:0007031;GO:0036152;GO:0008654;GO:0006644;GO:1904177;GO:0009617;GO:0006641
P60983,Glia maturation factor beta,Brain,GO:0030864;GO:0003779;GO:0071933;GO:0008047;GO:0008083;GO:0004860;GO:0071846;GO:0034316;GO:0007399;GO:0006468
Q96D59,Ring finger protein 183,Kidney,GO:0033106;GO:0005783;GO:0005789;GO:0005765;GO:0046872;GO:0061630;GO:0006915;GO:1902237;GO:0051865;GO:0000209;GO:0016567;GO:0034976
Q8WVF5,Potassium channel tetramerization domain containing 4,Brain,GO:0042802;GO:0051260
Q96PU9,Outer dense fiber of sperm tails 3,Testis,GO:0005737;GO:0005856;GO:0001520;GO:0030154;GO:0007283
P34913,Epoxide hydrolase 2,Liver,GO:0005829;GO:0070062;GO:0005782;GO:0005777;GO:0033885;GO:0004301;GO:0042577;GO:0052642;GO:0000287;GO:0016791;GO:0042803;GO:0015643;GO:0042632;GO:0016311;GO:0097176;GO:0046839;GO:0010628;GO:0001558;GO:0090181;GO:0009636;GO:0046272
P32745,Somatostatin receptor 3,Testis,GO:0060170;GO:0005929;GO:0043005;GO:0097730;GO:0005886;GO:0004930;GO:0042923;GO:0005102;GO:0004994;GO:0007267;GO:0071392;GO:0071385;GO:0021549;GO:0030900;GO:0007187;GO:0008628;GO:0008285;GO:0007218;GO:0042594;GO:0007283
P02748,Complement C9,Liver,GO:0072562;GO:0070062;GO:0005576;GO:0005615;GO:0005579;GO:0044218;GO:0005886;GO:0001906;GO:0006956;GO:0006957;GO:0006958;GO:0031640;GO:0050778;GO:0051260
P78329,Cytochrome P450 family 4 subfamily F member 2,Liver,GO:0016324;GO:0005737;GO:0005789;GO:0043231;GO:0097259;GO:0097258;GO:0018685;GO:0052871;GO:0008392;GO:0052869;GO:0020037;GO:0005506;GO:0050051;GO:0102033;GO:0004497;GO:0016709;GO:0019369;GO:0007596;GO:0019373;GO:0010430;GO:0006690;GO:0036101;GO:0006691;GO:0001676;GO:0042361;GO:0032304;GO:0097267;GO:0042376;GO:0032305;GO:0003095;GO:0008217;GO:0003091;GO:0055078;GO:0000038;GO:0042360;GO:0042377;GO:0006805
Q9NSC2,Spalt like transcription factor 1,Brain,GO:0010369;GO:0005737;GO:0000792;GO:0005654;GO:0005634;GO:0008013;GO:0000981;GO:0001227;GO:0046872;GO:0000978;GO:0030325;GO:0001658;GO:0048566;GO:0042733;GO:0008406;GO:0007507;GO:0031129;GO:0001822;GO:0072073;GO:0060173;GO:0003337;GO:0045892;GO:0000122;GO:0021889;GO:0061034;GO:0021553;GO:0021983;GO:0045893;GO:0045944;GO:0030177;GO:0006357;GO:0001657;GO:0072092;GO:0003281
Q01538,Myelin transcription factor 1,Brain,GO:0000785;GO:0005829;GO:0005654;GO:0005634;GO:0003677;GO:0003700;GO:0000981;GO:0008270;GO:0030154;GO:0007399;GO:0006355
P48728,Aminomethyltransferase,Liver,GO:0005960;GO:0005759;GO:0005739;GO:0005654;GO:0004047;GO:0008483;GO:0006546;GO:0019464
P22891,"Protein Z, vitamin K dependent plasma glycoprotein",Liver,GO:0005788;GO:0070062;GO:0005615;GO:0005796;GO:0005509;GO:0004252;GO:0007596;GO:0006508
Q9BVG8,Kinesin family member C3,Kidney,GO:0005813;GO:0030659;GO:0070062;GO:0005794;GO:0005871;GO:0005874;GO:0015630;GO:0005739;GO:0005915;GO:0005524;GO:0042802;GO:0008017;GO:0003777;GO:0090136;GO:0007030;GO:0007018;GO:0007017;GO:0007601;GO:0045218
A2A368,MAGE family member B16,Testis,GO:0005634;GO:0000122
Q96PE5,Oligodendrocytic myelin paranodal and inner loop protein,Brain,GO:0044291;GO:0005794;GO:0005886;GO:0048713
Q9Y3Q8,TSC22 domain family member 4,Brain,GO:0005737;GO:0030425;GO:0005634;GO:0045202;GO:0042593;GO:0045892;GO:0000122;GO:0070050;GO:1990138;GO:0006970
P38435,Gamma-glutamyl carboxylase,Liver,GO:0005789;GO:0016020;GO:0008488;GO:0019842;GO:0007596;GO:0036211;GO:0042373
Q8IUH8,Signal peptide peptidase like 2C,Testis,GO:0098554;GO:0005789;GO:0030660;GO:0098553;GO:0005765;GO:0042500;GO:0060090;GO:0042803;GO:0001675;GO:0007342;GO:0006874;GO:0033619;GO:0050821;GO:0035036
Q9NP71,MLX interacting protein like,Liver,GO:0000785;GO:0005737;GO:0005829;GO:0005654;GO:0005634;GO:0005667;GO:0035538;GO:0003677;GO:0001216;GO:0001228;GO:0003700;GO:0000981;GO:0140297;GO:0001227;GO:0046982;GO:0000978;GO:0061629;GO:0009653;GO:0097009;GO:0055089;GO:0042593;GO:0010255;GO:0008610;GO:0045892;GO:0090324;GO:0033137;GO:0008284;GO:0045893;GO:0045723;GO:0045821;GO:0046889;GO:0045944;GO:0000432;GO:0006355;GO:0006357;GO:0070328
P15882,Chimerin 1,Brain,GO:0005829;GO:0046875;GO:0005096;GO:0046872;GO:0048013;GO:0008045;GO:0050770;GO:0051056
Q7Z7B0,Filamin A interacting protein 1,Heart,GO:0015629;GO:0005829;GO:0098978;GO:0005730;GO:0005886;GO:0099010;GO:1903119
E9PKD4,Nuclear pore complex interacting protein family member A5,Brain,
Q6ZU15,Septin 14,Testis,GO:0001669;GO:0030424;GO:0032153;GO:0005737;GO:0005856;GO:0030425;GO:0015630;GO:0043204;GO:0048471;GO:0031105;GO:0005940;GO:0005525;GO:0003924;GO:0060090;GO:0061640;GO:0001764;GO:0008104;GO:1905719;GO:0007286
Q8WXK1,Ankyrin repeat and SOCS box containing 15,Heart,GO:0005829;GO:0010008;GO:0031267;GO:0090160;GO:0035556;GO:0016567;GO:0042147
Q6IPT2,Golgi associated RAB2 interactor 5A,Testis,GO:0005794;GO:0051607;GO:0045087;GO:0032481
Q01534,Testis specific protein Y-linked 1,Testis,GO:0000785;GO:0005737;GO:0005634;GO:0003682;GO:0042393;GO:0030154;GO:0007506;GO:0006334;GO:0007548;GO:0007283
Q9NSC2,Spalt like transcription factor 1,Liver,GO:0010369;GO:0005737;GO:0000792;GO:0005654;GO:0005634;GO:0008013;GO:0000981;GO:0001227;GO:0046872;GO:0000978;GO:0030325;GO:0001658;GO:0048566;GO:0042733;GO:0008406;GO:0007507;GO:0031129;GO:0001822;GO:0072073;GO:0060173;GO:0003337;GO:0045892;GO:0000122;GO:0021889;GO:0061034;GO:0021553;GO:0021983;GO:0045893;GO:0045944;GO:0030177;GO:0006357;GO:0001657;GO:0072092;GO:0003281
Q96DY2,IQ motif containing D,Testis,GO:0036064;GO:0005737;GO:0031514
O60309,Leucine rich repeat containing 37 member A3,Testis,GO:0016020
P54707,ATPase H+/K+ transporting non-gastric alpha2 subunit,Kidney,GO:0015629;GO:0016324;GO:0016323;GO:0005829;GO:0005886;GO:0005889;GO:0005524;GO:0016887;GO:0046872;GO:0008900;GO:0005391;GO:0030007;GO:0006883;GO:1990573;GO:1902600;GO:0006885;GO:0036376
Q5H9J7,Brain expressed X-linked 5,Brain,GO:0005737;GO:0046872;GO:0005102;GO:0007165
Q8WZ59,Transmembrane protein 190,Testis,GO:0002079;GO:0005634;GO:0042802;GO:0002244
P41143,Opioid receptor delta 1,Brain,GO:0043679;GO:0032590;GO:0043005;GO:0098992;GO:0005886;GO:0098839;GO:0042734;GO:0097444;GO:0030672;GO:0038046;GO:0004985;GO:0042923;GO:0033612;GO:0007193;GO:0008344;GO:0071363;GO:0071456;GO:0097237;GO:0042755;GO:0038003;GO:0007186;GO:0007187;GO:0006955;GO:0010629;GO:0031333;GO:0007218;GO:0007200;GO:0032793;GO:0033138;GO:0051924;GO:0051881;GO:0045471;GO:0035094
A6NK44,Glyoxalase domain containing 5,Liver,
Q9H6K5,Proline rich 36,Brain,
Q3SY00,Testis specific 10 interacting protein,Testis,GO:0005856;GO:0032391;GO:0044782
Q16763,Ubiquitin conjugating enzyme E2 S,Testis,GO:0005680;GO:0005829;GO:0005654;GO:0005634;GO:0010997;GO:0005524;GO:0061631;GO:0004842;GO:0031145;GO:0051301;GO:0010458;GO:0010994;GO:1904668;GO:0043161;GO:0070979;GO:0044314;GO:0035519;GO:0085020;GO:0070534;GO:0036211;GO:0000209;GO:0006511
Q9Y2F9,BTB domain containing 3,Brain,GO:0005829;GO:0005634;GO:0042802;GO:0021987;GO:0048813;GO:0022008
Q8TBF2,Peroxiredoxin like 2B,Brain,GO:0005737;GO:0005829;GO:0005783;GO:0070062;GO:0005739;GO:0043209;GO:0016616;GO:0047017;GO:0001516
P30837,Aldehyde dehydrogenase 1 family member B1,Liver,GO:0005829;GO:0005759;GO:0005739;GO:0005654;GO:0004029;GO:0051287;GO:0005975;GO:0006068
Q8TAD2,Interleukin 17D,Brain,GO:0005615;GO:0005125;GO:0042803;GO:0048018;GO:0006954;GO:1903707;GO:1900017;GO:0032725;GO:0032755;GO:0032757
Q9H892,Tetratricopeptide repeat domain 12,Testis,GO:0005813;GO:0005737;GO:0070286;GO:0007288
Q5VU69,Cilia and flagella associated protein 141,Testis,GO:0160111;GO:0005879;GO:0036126;GO:0030317
O95631,Netrin 1,Heart,GO:0015629;GO:0005604;GO:0005829;GO:0005576;GO:0098978;GO:0005654;GO:0000981;GO:0000978;GO:0033564;GO:0006915;GO:0032488;GO:0098609;GO:0061643;GO:0014009;GO:0042472;GO:0060603;GO:0097475;GO:0030517;GO:0007097;GO:0045773;GO:2000147;GO:0060252;GO:0007265;GO:1903975;GO:0051963;GO:0006357;GO:0006930
Q02577,Nescient helix-loop-helix 2,Brain,GO:0000785;GO:0005634;GO:0005667;GO:0001228;GO:0000981;GO:0046983;GO:0000978;GO:0061629;GO:1990837;GO:0006915;GO:0021535;GO:0007417;GO:0021888;GO:0008584;GO:0060179;GO:0042698;GO:0007422;GO:0051091;GO:0045944;GO:0006357
Q5SW96,Low density lipoprotein receptor adaptor protein 1,Brain,GO:0030424;GO:0009925;GO:0030669;GO:0009898;GO:0005829;GO:0005769;GO:0005883;GO:0005886;GO:0055037;GO:0001540;GO:0035650;GO:0035612;GO:0035615;GO:0030276;GO:0050750;GO:0005546;GO:0001784;GO:0035591;GO:0030159;GO:0042982;GO:0071345;GO:0042632;GO:0008203;GO:0030301;GO:0034383;GO:0090205;GO:1905581;GO:0048260;GO:1905602;GO:1904707;GO:0031623;GO:0006898;GO:0090118;GO:0043393;GO:1903076
O60346,PH domain and leucine rich repeat protein phosphatase 1,Brain,GO:0005737;GO:0005829;GO:0005634;GO:0005886;GO:0033192;GO:0140791;GO:1990439;GO:0046872;GO:0017018;GO:0004722;GO:0180006;GO:0180007;GO:0180008;GO:0180005;GO:0180004;GO:0006915;GO:0009649;GO:0035556;GO:0051898;GO:0042981;GO:0046328;GO:0043408;GO:1900744;GO:0002667
Q9UJV8,Purine rich element binding protein G,Brain,GO:0005634;GO:0045202;GO:0000981;GO:0032422;GO:0003723;GO:0000977;GO:0006357
Q86XI6,Protein phosphatase 1 regulatory subunit 3B,Liver,GO:0042587;GO:0000164;GO:0050196;GO:2001069;GO:0008157;GO:0019888;GO:0005977;GO:0045818;GO:0045725;GO:0005979
A0PJX0,Calcium and integrin binding family member 4,Testis,GO:0005509;GO:0000287
O95819,Mitogen-activated protein kinase kinase kinase kinase 4,Brain,GO:0005737;GO:0005925;GO:0004676;GO:0004679;GO:0005524;GO:0004111;GO:0004677;GO:0004694;GO:0044024;GO:0072371;GO:1990244;GO:0035979;GO:0044025;GO:0140823;GO:0035175;GO:0044022;GO:0140855;GO:0035402;GO:0072354;GO:0140857;GO:0035403;GO:0044023;GO:0008349;GO:0008017;GO:0106310;GO:0004674;GO:0072518;GO:0004711;GO:0035556;GO:0000165;GO:0043066;GO:0001953;GO:0048812;GO:0032014;GO:0030335;GO:0051894;GO:0120183;GO:0043547;GO:0035332;GO:0051549;GO:0006468;GO:0046328;GO:0043408
Q6UWR7,Ectonucleotide pyrophosphatase/phosphodiesterase 6,Kidney,GO:0070062;GO:0005576;GO:0005886;GO:0098552;GO:0047390;GO:0008889;GO:0046872;GO:0008081;GO:0019695;GO:0046475;GO:0006629
Q71H61,Immunoglobulin like domain containing receptor 2,Testis,GO:0005923;GO:0005789;GO:0016020;GO:0005634;GO:0070160;GO:0030154;GO:0048873;GO:0030073;GO:0050868;GO:0031016;GO:0043484;GO:0009749
Q2M3C7,"SPHK1 interactor, AKAP domain containing",Brain,GO:0005737;GO:0005739;GO:0051018
Q12979,ABR activator of RhoGEF and GTPase,Brain,GO:0030424;GO:0005829;GO:0043197;GO:0098978;GO:0016020;GO:0098685;GO:0005096;GO:0005085;GO:0090630;GO:0050804;GO:0051056;GO:0007264
Q5BLP8,Chromosome 4 open reading frame 48,Brain,GO:0005615;GO:0048471;GO:0003730;GO:1990459;GO:0070935;GO:0007283
Q9Y2T4,Protein phosphatase 2 regulatory subunit Bgamma,Brain,GO:0005829;GO:0000159;GO:0019888
Q15493,Regucalcin,Liver,GO:0005737;GO:0005634;GO:0005509;GO:0030234;GO:0004341;GO:0008270;GO:0006874;GO:0001822;GO:0019853;GO:0097421;GO:0043066;GO:1903011;GO:2000279;GO:1903625;GO:0050680;GO:1901318;GO:0045019;GO:1902679;GO:0032781;GO:0045723;GO:0010907;GO:1903052;GO:0010867;GO:0050848;GO:0007283
Q16385,SSX family member 2B,Testis,GO:0005634;GO:0006355
Q8N0S2,Synaptonemal complex central element protein 1,Testis,GO:0000801;GO:0005694;GO:0000795;GO:0051301;GO:0007130
A8MYZ0,MINDY family member 4B,Brain,GO:0004843;GO:1990380;GO:0071108
A5PLL1,Ankyrin repeat domain 34B,Brain,GO:0005634;GO:0071546
Q8NFJ6,Prokineticin receptor 2,Brain,GO:0005886;GO:0004983;GO:0007623;GO:0007186
O94779,Contactin 5,Brain,GO:0030424;GO:0005576;GO:0098982;GO:0005886;GO:0042734;GO:0098552;GO:0098632;GO:0007411;GO:0007420;GO:0098609;GO:0099054;GO:0007605
P32754,4-hydroxyphenylpyruvate dioxygenase,Liver,GO:0005829;GO:0005789;GO:0070062;GO:0000139;GO:0003868;GO:0046872;GO:0042803;GO:0006559;GO:0006572
P51693,Amyloid beta precursor like protein 1,Brain,GO:0005604;GO:0005794;GO:0005654;GO:0048471;GO:0005886;GO:0031694;GO:0031695;GO:0031696;GO:0008201;GO:0042802;GO:0046914;GO:0009887;GO:0006915;GO:0007409;GO:0007155;GO:0071874;GO:0007417;GO:0180011;GO:0006897;GO:0030198;GO:0030900;GO:0106072;GO:0007399;GO:0006417
Q9HCE9,Anoctamin 8,Brain,GO:0005788;GO:0005886;GO:0005254;GO:0005229;GO:1902476;GO:0034220
O14561,NADH:ubiquinone oxidoreductase subunit AB1,Heart,GO:1990229;GO:0099128;GO:0005743;GO:0005759;GO:0031966;GO:0005739;GO:0005654;GO:0045271;GO:0000035;GO:0000036;GO:0005509;GO:0005504;GO:0140978;GO:0044571;GO:0009060;GO:0006633;GO:0016226;GO:0006120;GO:0032981;GO:0009249;GO:0042776
O60330,"Protocadherin gamma subfamily A, 12",Brain,GO:0005911;GO:0005886;GO:0005509;GO:0007155;GO:0007156;GO:0007399
Q9NZP6,Nuclear pore associated protein 1,Testis,GO:0043231;GO:0005637;GO:0005643;GO:0005654;GO:0005886;GO:0008139;GO:0017056;GO:0030154;GO:0006606;GO:0006405;GO:0007283
P54710,FXYD domain containing ion transport regulator 2,Kidney,GO:0070062;GO:0005886;GO:0005890;GO:0001671;GO:0030674;GO:0017080;GO:0010248;GO:0030007;GO:0006883;GO:1903408;GO:1903278;GO:1990573;GO:1902600;GO:0036376;GO:0055085
P41145,Opioid receptor kappa 1,Brain,GO:0043679;GO:0005829;GO:0030425;GO:0016020;GO:0005739;GO:0043005;GO:0005654;GO:0043204;GO:0005886;GO:0045211;GO:0042734;GO:0016529;GO:0030672;GO:0030315;GO:0038048;GO:0004985;GO:0042923;GO:0033612;GO:0007193;GO:0031635;GO:0048148;GO:0071333;GO:0071222;GO:0007268;GO:1990708;GO:0051607;GO:0042755;GO:0044849;GO:0038003;GO:0006955;GO:0007626;GO:0042711;GO:0033685;GO:0007218;GO:0007200;GO:0033603;GO:1904000;GO:1900745;GO:1901381;GO:0046877;GO:1903937;GO:0043627;GO:0045471;GO:0032868;GO:0035094;GO:0007600;GO:0019233;GO:0050951
Q8TC20,Cancer antigen 1,Testis,
P78417,Glutathione S-transferase omega 1,Liver,GO:0005737;GO:0005829;GO:0070062;GO:0045174;GO:0004364;GO:0050610;GO:0016491;GO:0071243;GO:0006749;GO:0019852;GO:0060315;GO:0060316;GO:0014810;GO:0010881;GO:0010880;GO:0042178
Q86WA6,Biphenyl hydrolase like,Kidney,GO:0005741;GO:0005739;GO:0047658;GO:0006520;GO:0009636;GO:0006805
P57723,Poly(rC) binding protein 4,Brain,GO:0005737;GO:0005829;GO:0005634;GO:1990904;GO:0003677;GO:0003730;GO:0003729;GO:0003723;GO:0048025;GO:0043488;GO:0006357
Q96EX2,"Ring finger protein, transmembrane 2",Testis,GO:0016020;GO:0046872;GO:0061630;GO:1904294
P35557,Glucokinase,Liver,GO:0005829;GO:0005739;GO:0005654;GO:0005524;GO:0005536;GO:0008865;GO:0004340;GO:0141089;GO:0019158;GO:0070509;GO:0061621;GO:0032869;GO:0044320;GO:0051156;GO:0006007;GO:0042593;GO:0006006;GO:0006096;GO:0001678;GO:0006739;GO:0045721;GO:0045725;GO:0032024;GO:0006110;GO:0050796;GO:0043266;GO:0009749
O43761,Synaptogyrin 3,Brain,GO:0016020;GO:0031594;GO:0008021;GO:0030672;GO:0042169;GO:0032411;GO:0045055;GO:0051580;GO:0010807;GO:0021762
Q96L50,Leucine rich repeat protein 1,Testis,GO:0005829;GO:0005634;GO:0035556;GO:0016567
Q9P1V8,Sterile alpha motif domain containing 15,Testis,GO:0043539;GO:0007165
Q5M8T2,Solute carrier family 35 member D3,Brain,GO:0031901;GO:0005783;GO:0005789;GO:0005794;GO:0030672;GO:0015297;GO:0030674;GO:0005460;GO:0097009;GO:0060155;GO:0010508;GO:0070863;GO:0032527;GO:0055085;GO:0015786
Q13387,Mitogen-activated protein kinase 8 interacting protein 2,Brain,GO:0005737;GO:0043025;GO:0014069;GO:0032991;GO:0001540;GO:0008432;GO:0019894;GO:0005078;GO:0030295;GO:0019901;GO:0044877;GO:0005198;GO:0001662;GO:0048813;GO:0060079;GO:0007254;GO:0000165;GO:0007617;GO:2001234;GO:0046958;GO:0032874;GO:2000311;GO:0046328;GO:2000310;GO:0010469;GO:0051966;GO:0007172;GO:0035176
Q05193,Dynamin 1,Brain,GO:0042995;GO:0042583;GO:0005905;GO:0005737;GO:0030139;GO:0070062;GO:0098978;GO:0030117;GO:0005874;GO:0001917;GO:0098684;GO:0005886;GO:0098793;GO:0098835;GO:0045202;GO:0019003;GO:0005525;GO:0003924;GO:0042802;GO:1990606;GO:0008017;GO:0005547;GO:0005546;GO:0042803;GO:0019901;GO:0003723;GO:0099049;GO:0006897;GO:0007032;GO:0050804;GO:0051260;GO:0051289;GO:0031623;GO:0006898;GO:0097494;GO:0016185;GO:0099050
Q9P2W7,"Beta-1,3-glucuronyltransferase 1",Brain,GO:0005789;GO:0005576;GO:0000139;GO:0043231;GO:0016020;GO:0015018;GO:0046872;GO:0005975;GO:0050650;GO:0006024;GO:0006486;GO:0008542
Q7L190,Developmental pluripotency associated 4,Testis,GO:0005654;GO:0005634;GO:0003682;GO:0060484;GO:0048731
Q9Y6H8,Gap junction protein alpha 3,Heart,GO:0005922;GO:0005886;GO:0005243;GO:0055077;GO:0007267;GO:1990349;GO:0007601
P22794,Ecotropic viral integration site 2A,Brain,GO:0016020;GO:0004888
Q96E66,Leucine rich repeat containing 51,Testis,GO:0005737
Q99748,Neurturin,Heart,GO:0030424;GO:0005576;GO:0005615;GO:0030116;GO:0008083;GO:1904399;GO:0030971;GO:0005102;GO:0007169;GO:0035860;GO:0000165;GO:0021675;GO:0007399;GO:0001755;GO:0031175
Q499Z3,Schlafen like 1,Testis,GO:0005524
Q99250,Sodium voltage-gated channel alpha subunit 2,Brain,GO:0030424;GO:0098978;GO:0014704;GO:0016020;GO:0033268;GO:0033270;GO:0005886;GO:0042734;GO:0030315;GO:0001518;GO:0005516;GO:0005248;GO:0086002;GO:0071456;GO:0021542;GO:0008340;GO:0008627;GO:0007613;GO:0042552;GO:0021675;GO:0007399;GO:0051402;GO:0019228;GO:0035725;GO:0006814
Q6ZSJ8,Chromosome 1 open reading frame 122,Brain,
Q9UF12,Proline dehydrogenase 2,Liver,GO:0005743;GO:0005739;GO:0071949;GO:0016645;GO:0004657;GO:0006562;GO:0010133
Q96JD6,Aldo-keto reductase family 1 member E2,Testis,GO:0005829;GO:0050571;GO:0004032;GO:0016491
Q5QGT7,Receptor transporter protein 2,Testis,GO:0009986;GO:0005886;GO:0046872;GO:0031849;GO:0001580;GO:0051205;GO:0006612
O00451,GDNF family receptor alpha 2,Testis,GO:0009897;GO:0019898;GO:0005886;GO:0043235;GO:0016167;GO:1904399;GO:0007169;GO:0035860;GO:0007399
A8MYZ5,IQ motif containing F6,Testis,GO:0005516
B2RC85,Radial spoke head 10 homolog B2,Testis,GO:0097729;GO:0005737;GO:0005856
Q53FD0,Zinc finger C2HC-type containing 1C,Testis,GO:0046872
Q9P1A6,DLG associated protein 2,Brain,GO:0098978;GO:0005883;GO:0005886;GO:0014069;GO:0099572;GO:0060090;GO:0050804;GO:0007270
Q9NQ35,Nuclear receptor interacting protein 3,Brain,GO:0004190;GO:0006508
Q969F0,Fetal and adult testis expressed 1,Testis,GO:0005783;GO:0005789;GO:0044233;GO:0005741;GO:0042802;GO:0031625;GO:0006915;GO:0043066;GO:0051562
Q5VU57,AGBL carboxypeptidase 4,Brain,GO:1904115;GO:0005814;GO:0036064;GO:0005737;GO:0005829;GO:0005794;GO:0015630;GO:0004181;GO:0015631;GO:0008270;GO:0098957;GO:0035609;GO:0021954;GO:0051607;GO:0008285;GO:2000060;GO:0035608;GO:0035610;GO:0006508;GO:0120222;GO:0098958
P0C6S8,Leucine rich repeat and Ig domain containing 3,Brain,GO:0031012;GO:0005615;GO:0016020
Q9UK05,Growth differentiation factor 2,Liver,GO:0070062;GO:0005576;GO:0005615;GO:0005125;GO:0008083;GO:0043539;GO:0032924;GO:0001525;GO:0048514;GO:0030509;GO:0001569;GO:0051216;GO:0071773;GO:0006879;GO:0016525;GO:0043537;GO:0030308;GO:0008156;GO:0010596;GO:0001937;GO:0001503;GO:0001649;GO:0045766;GO:1903348;GO:0030513;GO:0061036;GO:0045893;GO:0045603;GO:0001938;GO:0030858;GO:0032757;GO:0045747;GO:0060391;GO:0045944;GO:0006366;GO:0001570
Q8IY84,NIM1 serine/threonine protein kinase,Brain,GO:0004676;GO:0004679;GO:0005524;GO:0004677;GO:0004694;GO:0044024;GO:0072371;GO:1990244;GO:0035979;GO:0044025;GO:0140823;GO:0035175;GO:0044022;GO:0140855;GO:0035402;GO:0072354;GO:0140857;GO:0035403;GO:0044023;GO:0000287;GO:0106310;GO:0004674;GO:0072518;GO:0004711;GO:0006468
Q60I27,ALS2 C-terminal like,Kidney,GO:0005737;GO:0031410;GO:0005829;GO:0005096;GO:0005085;GO:0031267;GO:0016197
O00144,Frizzled class receptor 9,Brain,GO:0009986;GO:0005737;GO:0005789;GO:0031527;GO:0098978;GO:0005794;GO:0016020;GO:0031966;GO:0048471;GO:0005886;GO:0098794;GO:0004930;GO:0046982;GO:0042803;GO:0042813;GO:0017147;GO:0030183;GO:1990523;GO:0060070;GO:0007611;GO:0051902;GO:1901029;GO:0060546;GO:0043524;GO:1904394;GO:0007399;GO:0007405;GO:0035567;GO:0001503;GO:0043065;GO:0030501;GO:0090263;GO:2000179;GO:0099173;GO:0051726;GO:0051480;GO:0099566;GO:1904393;GO:0001836
O75382,Tripartite motif containing 3,Brain,GO:0005737;GO:0030425;GO:0005769;GO:0005794;GO:0042802;GO:0030371;GO:0061630;GO:0008270;GO:0017148;GO:0007399;GO:0061351;GO:0034141;GO:0043161;GO:0070534;GO:0000209;GO:0015031
Q96KN8,Phospholipase A and acyltransferase 5,Testis,GO:0005737;GO:0005829;GO:0047498;GO:0047499;GO:0016410;GO:0052739;GO:0008970;GO:0004623;GO:0070292
Q86TA1,MOB kinase activator 3B,Brain,GO:0005737;GO:0005634;GO:0046872;GO:0030295;GO:0035330;GO:0007165
Q9H0C1,Zinc finger MYND-type containing 12,Testis,GO:0036126;GO:0046872;GO:0030317;GO:0007288
A0A1B0GVN3,Chromosome 2 open reading frame 92,Testis,GO:0016020
P07360,Complement C8 gamma chain,Liver,GO:0072562;GO:0070062;GO:0005576;GO:0005579;GO:0005886;GO:0001848;GO:0044877;GO:0019841;GO:0006957;GO:0006958;GO:0031640;GO:0050778
Q13319,Cyclin dependent kinase 5 regulatory subunit 2,Brain,GO:0000307;GO:0005737;GO:0030426;GO:0016020;GO:0043005;GO:0005886;GO:0098793;GO:0016533;GO:0003779;GO:0061575;GO:0008289;GO:0019901;GO:0007411;GO:0007420;GO:0021549;GO:0021766;GO:0021819;GO:0001764;GO:0045956;GO:0000079;GO:0021722
Q8NEP7,Kelch domain containing 9,Testis,GO:0030332
O75200,Nuclear pore complex interacting protein family member B7,Testis,GO:0005576
Q6PEW1,Zinc finger CCHC-type containing 12,Brain,GO:0005634;GO:0003676;GO:0008270
O43237,Dynein cytoplasmic 1 light intermediate chain 2,Brain,GO:0005813;GO:0005868;GO:0005829;GO:0030286;GO:0000776;GO:0005770;GO:0016020;GO:0005874;GO:0005524;GO:0045504;GO:0042802;GO:1990090;GO:0051642;GO:0000226;GO:0007018
Q9Y467,Spalt like transcription factor 2,Brain,GO:0005634;GO:0001228;GO:0000981;GO:0046872;GO:0000978;GO:0000977;GO:0001654;GO:0045944;GO:0006357
Q8TBY8,Polyamine modulated factor 1 binding protein 1,Testis,GO:0005737;GO:0036126;GO:0061827;GO:0120212;GO:0010467;GO:0008104;GO:0065003;GO:0032880;GO:0007286;GO:0007283
Q15334,LLGL scribble cell polarity complex component 1,Brain,GO:0005912;GO:0030424;GO:0030864;GO:0005737;GO:0005856;GO:0031901;GO:0000137;GO:0000139;GO:0005886;GO:0032588;GO:0005096;GO:0045159;GO:0019901;GO:0005198;GO:0007409;GO:0030866;GO:0051294;GO:0045197;GO:0006887;GO:0006893;GO:0065003;GO:0032878;GO:0008593
Q9UEW3,Macrophage receptor with collagenous structure,Liver,GO:0005581;GO:0062023;GO:0005737;GO:0030666;GO:0005886;GO:0001540;GO:0038024;GO:0001664;GO:0038187;GO:0004888;GO:0007193;GO:0097242;GO:0043277;GO:0007166;GO:0045087;GO:0006911;GO:0070374;GO:0006898
A0A1B0GUA5,Small integral membrane protein 32,Kidney,GO:0016020
Q12950,Forkhead box D4,Brain,GO:0000785;GO:0005634;GO:0008301;GO:0003700;GO:0000981;GO:0000978;GO:0043565;GO:0009653;GO:0030154;GO:0006357
P0DKB6,Mitochondrial pyruvate carrier 1 like,Testis,GO:0005743;GO:0050833;GO:0006850
Q8N111,Cell cycle exit and neuronal differentiation 1,Brain,GO:0016020;GO:0007628;GO:0021686;GO:0021702;GO:0021941;GO:0021933
Q8IYM0,Family with sequence similarity 186 member B,Testis,GO:0032991
Q7Z403,Transmembrane channel like 6,Brain,GO:0005737;GO:0005783;GO:0005789;GO:0070062;GO:0005794;GO:0000139;GO:0031965;GO:0005886;GO:0035579;GO:0070821;GO:0008381;GO:0006882;GO:0050821
Q96IY4,Carboxypeptidase B2,Liver,GO:0070062;GO:0005576;GO:0005615;GO:0004181;GO:0008270;GO:0007596;GO:0071333;GO:0042730;GO:0097421;GO:0051918;GO:2000346;GO:0010757;GO:0003331;GO:0030163;GO:0006508;GO:0009410
Q9NY30,BTG anti-proliferation factor 4,Testis,GO:0005737;GO:0005634;GO:0008285;GO:0030182;GO:0051726
P06307,Cholecystokinin,Brain,GO:0030424;GO:0005576;GO:0005615;GO:0005179;GO:0005184;GO:0051428;GO:0007409;GO:0007586;GO:0042755;GO:0001764;GO:0007165
Q7Z6G3,N-terminal EF-hand calcium binding protein 2,Brain,GO:0030424;GO:0005737;GO:0030425;GO:0005886;GO:0098794;GO:0098793;GO:0031687;GO:0005509;GO:0042802;GO:0031802;GO:1904021;GO:0060168;GO:0070374;GO:1900451;GO:1905477;GO:0042984
Q8TDI0,Chromodomain helicase DNA binding protein 5,Testis,GO:0000785;GO:0005829;GO:0000792;GO:0016020;GO:0016607;GO:0005654;GO:0005634;GO:0016581;GO:0005524;GO:0016887;GO:0140658;GO:0140849;GO:0140665;GO:0003682;GO:0140584;GO:0061775;GO:0003677;GO:0003689;GO:0036121;GO:0061749;GO:0009378;GO:0061628;GO:0042393;GO:0046872;GO:1990518;GO:0021895;GO:0006338;GO:0008285;GO:1901798;GO:0006357;GO:0035092
Q9Y6X6,Myosin XVI,Liver,GO:0005737;GO:0016459;GO:0005654;GO:0048471;GO:0005886;GO:0051015;GO:0005524;GO:0003774;GO:0019903;GO:0021549;GO:0008285;GO:2000134;GO:0048812;GO:0043491
Q9UPW8,Unc-13 homolog A,Brain,GO:0031594;GO:0043005;GO:0005886;GO:0048786;GO:0098831;GO:0042734;GO:0030672;GO:0043195;GO:0005509;GO:0005516;GO:0019992;GO:0005543;GO:0017075;GO:0030154;GO:0061789;GO:0099011;GO:0007269;GO:1903861;GO:0099525;GO:0051966;GO:0035249;GO:0016081;GO:0016082
Q8N5N4,Chromosome 3 open reading frame 22,Testis,
Q9NPB0,SAYSVFN motif domain containing 1,Testis,GO:0030659;GO:0005783;GO:0005789;GO:0043231;GO:0141185;GO:0006515;GO:0072344
P0C874,SPATA31 subfamily D member 3,Testis,GO:0016020;GO:0030154;GO:0007283
Q9Y233,Phosphodiesterase 10A,Brain,GO:0005829;GO:0099147;GO:0098978;GO:0043204;GO:0004119;GO:0004118;GO:0004115;GO:0047555;GO:0004114;GO:0030552;GO:0030553;GO:0046872;GO:0006198;GO:0019933;GO:0046069;GO:0043951;GO:0010754
Q0ZLH3,Pejvakin,Testis,GO:0035253;GO:0030864;GO:0005737;GO:0043025;GO:0005778;GO:0120044;GO:0050910;GO:0000425;GO:0097468;GO:1900063;GO:0000302;GO:0007605;GO:0120045
A0A1B0GUV7,Testis expressed 48,Testis,
Q16385,SSX family member 2,Testis,GO:0005634;GO:0006355
P41586,ADCYAP receptor type I,Brain,GO:0005923;GO:0005901;GO:0009986;GO:0005768;GO:0043231;GO:0005886;GO:0043235;GO:0008179;GO:0008528;GO:0042923;GO:0017046;GO:0001634;GO:0038023;GO:0031267;GO:0004999;GO:0007189;GO:0007188;GO:0019933;GO:0030154;GO:0007166;GO:0046545;GO:0033555;GO:1901032;GO:0010524;GO:0043950;GO:0060732;GO:0051057;GO:0032355;GO:0045471;GO:0009410;GO:0007283
Q15555,Microtubule associated protein RP/EB family member 2,Brain,GO:0005737;GO:0005881;GO:0005925;GO:0015630;GO:0005815;GO:0035371;GO:0051233;GO:0042802;GO:0008017;GO:0051010;GO:0019901;GO:0051301;GO:0032014;GO:0120183;GO:0043547;GO:0051549;GO:0035372;GO:0031110;GO:0051225
Q6UXS0,C-type lectin domain containing 19A,Brain,GO:0005576;GO:0030246
P59190,"RAB15, member RAS oncogene family",Brain,GO:0005929;GO:0005737;GO:0010008;GO:0070062;GO:0048471;GO:0005886;GO:0005525;GO:0003924;GO:0006887;GO:1903307;GO:0015031;GO:0032482
P48169,Gamma-aminobutyric acid type A receptor subunit alpha4,Heart,GO:0034707;GO:0032590;GO:1902711;GO:0098982;GO:0043005;GO:0005886;GO:0098794;GO:0099634;GO:0045202;GO:1902495;GO:0008503;GO:0004890;GO:0022851;GO:1904315;GO:1902476;GO:0007214;GO:1904862;GO:0060078;GO:0051932
Q8NHS0,DnaJ heat shock protein family (Hsp40) member B8,Testis,GO:0005737;GO:0005829;GO:0005634;GO:0030544;GO:0044183;GO:0051087;GO:0051082;GO:0061077;GO:0090084
Q9H9H5,MAP6 domain containing 1,Brain,GO:0005801;GO:0005798;GO:0005874;GO:0005516;GO:0008017;GO:0030705;GO:0000226;GO:0007026;GO:0070507
Q8WXC3,Pyrin domain containing 1,Brain,GO:0005829;GO:0008385;GO:0005634;GO:0120283;GO:0030291;GO:0045087;GO:0043124;GO:2000660;GO:0010804;GO:0032731
Q562F6,Shugoshin 2,Testis,GO:0000775;GO:0005829;GO:0000776;GO:0030892;GO:0016604;GO:0005654;GO:0051301;GO:0007059;GO:0051321;GO:0051177
Q8N257,H2B clustered histone 26,Brain,GO:0005829;GO:0005654;GO:0000786;GO:0005634;GO:0003677;GO:0046982;GO:0030527
O43506,ADAM metallopeptidase domain 20,Testis,GO:0009897;GO:0005886;GO:1990913;GO:0046872;GO:0004222;GO:0008237;GO:0008584;GO:0006508;GO:0007338
Q9Y466,Nuclear receptor subfamily 2 group E member 1,Brain,GO:0000785;GO:0005654;GO:0001228;GO:0000981;GO:0001227;GO:0042826;GO:0004879;GO:0003707;GO:0000978;GO:1990837;GO:0008270;GO:0002118;GO:0021764;GO:0001525;GO:0021960;GO:0006915;GO:0043615;GO:0048708;GO:0001662;GO:0030154;GO:0045165;GO:0021895;GO:0021542;GO:0030198;GO:0021872;GO:0021819;GO:0060291;GO:0043066;GO:0048712;GO:2000178;GO:0045665;GO:0000122;GO:0007399;GO:0007405;GO:0021772;GO:0045766;GO:0045787;GO:0002052;GO:2000648;GO:0090049;GO:0048814;GO:0060164;GO:0060041;GO:0035176;GO:0035019;GO:0007601
A0PJX4,Shisa family member 3,Heart,GO:0005789;GO:0090090
Q9NP64,Zinc finger CCHC-type containing 17,Brain,GO:0022625;GO:0005730;GO:0042802;GO:0003723;GO:0008270;GO:0043489
O14599,Basic charge Y-linked 2,Testis,GO:0005634;GO:0032399;GO:0007338;GO:0007283
Q8TDM5,Sperm acrosome associated 4,Testis,GO:0005576;GO:0002079;GO:0016020;GO:0002081;GO:0005886;GO:0098552;GO:0007339;GO:0007155;GO:0009566;GO:0035036
Q8N2G6,Zinc finger CCHC-type containing 24,Brain,GO:0003723;GO:0008270
Q9Y278,Heparan sulfate-glucosamine 3-sulfotransferase 2,Brain,GO:0000139;GO:0016020;GO:0008467;GO:0033871;GO:0008146;GO:0006024;GO:0015015
Q8IUQ0,Clavesin 1,Brain,GO:0030136;GO:0031901;GO:0005768;GO:0005802;GO:0032588;GO:1902936;GO:0080025;GO:0007040
P08910,"Abhydrolase domain containing 2, acylglycerol lipase",Liver,GO:0001669;GO:0036126;GO:0097524;GO:0008126;GO:0120516;GO:0042562;GO:0047372;GO:0003707;GO:0004806;GO:0007340;GO:0046464;GO:0051792;GO:0051793;GO:0014912;GO:0032570;GO:0009611;GO:0014909;GO:0048240;GO:0043401
P41732,Tetraspanin 7,Brain,GO:0005886
Q9H3V2,Membrane spanning 4-domains A5,Testis,GO:0005886;GO:0007166
Q9H0H5,Rac GTPase activating protein 1,Testis,GO:0001669;GO:0097149;GO:0032154;GO:0009898;GO:0005829;GO:0070062;GO:0090543;GO:0005874;GO:0030496;GO:0005739;GO:0072686;GO:0005654;GO:0005634;GO:0005819;GO:0051233;GO:0043014;GO:0048487;GO:0043015;GO:0005096;GO:0046872;GO:0008017;GO:0005547;GO:0019901;GO:0030674;GO:0000915;GO:0030218;GO:0000281;GO:0051256;GO:0006811;GO:0007405;GO:0032467;GO:0051988;GO:0045995;GO:0051056;GO:0007266;GO:0007283;GO:1902358
O00755,Wnt family member 7A,Brain,GO:0009986;GO:0030666;GO:0005788;GO:0070062;GO:0031012;GO:0005576;GO:0005615;GO:0098978;GO:0005796;GO:0005886;GO:0098793;GO:0098685;GO:0005125;GO:0005109;GO:0048018;GO:0005102;GO:0001525;GO:0006915;GO:0045167;GO:0007409;GO:0060070;GO:0001502;GO:0045165;GO:0021846;GO:0071560;GO:0022009;GO:0021707;GO:0002062;GO:0060997;GO:0009953;GO:0000578;GO:0042733;GO:0035115;GO:0035116;GO:0060856;GO:0030010;GO:1904861;GO:0070307;GO:0043066;GO:0050768;GO:0030182;GO:0007269;GO:0060066;GO:0045893;GO:0010595;GO:0060054;GO:2000463;GO:1904891;GO:0010628;GO:0046330;GO:1905386;GO:0051247;GO:0051965;GO:0045944;GO:0099068;GO:0099054;GO:0031133;GO:0099175;GO:1905606;GO:2000300;GO:0032355;GO:0043627;GO:0062009;GO:0007548;GO:0014719;GO:0014834;GO:0048103;GO:0035019;GO:0048864;GO:0036465;GO:0061038;GO:0060071;GO:0035313
Q14449,Growth factor receptor bound protein 14,Liver,GO:0005737;GO:0005829;GO:0010008;GO:0043231;GO:0005886;GO:0060090;GO:0030674;GO:0030971;GO:0008286;GO:0046627;GO:0007165
Q9BZ19,Ankyrin repeat domain 60,Testis,
P33763,S100 calcium binding protein A5,Kidney,GO:0043025;GO:0005634;GO:0005509;GO:0048306;GO:0005507;GO:0042803;GO:0008270
Q99999,Galactose-3-O-sulfotransferase 1,Brain,GO:0000139;GO:0016020;GO:0005886;GO:0001733;GO:0008146;GO:0006682;GO:0006681;GO:0046486;GO:0006688;GO:0042552;GO:0006487;GO:0007283;GO:0006665
Q8NBB4,Zinc finger and SCAN domain containing 1,Brain,GO:0000785;GO:0005634;GO:0000981;GO:0046872;GO:0000978;GO:1990837;GO:0006357
Q5JUK3,Potassium sodium-activated channel subfamily T member 1,Brain,GO:0005886;GO:0005228;GO:0015271;GO:0071805;GO:0051289
Q6PIV7,Solute carrier family 25 member 34,Brain,GO:0005743;GO:0001835
O60656,UDP glucuronosyltransferase family 1 member A9,Kidney,GO:0005783;GO:0005789;GO:0019899;GO:0004857;GO:0015020;GO:0042802;GO:0046982;GO:0042803;GO:0001972;GO:0052695;GO:0051552;GO:0052696;GO:0001889;GO:2001030;GO:0045922;GO:0042573;GO:0052697;GO:0006805
P49747,Cartilage oligomeric matrix protein,Heart,GO:0062023;GO:0070062;GO:0031012;GO:0005576;GO:0005615;GO:0032991;GO:0036122;GO:0005509;GO:0005518;GO:0005201;GO:0043395;GO:0008201;GO:0005178;GO:0002020;GO:0043394;GO:0009887;GO:0006915;GO:0048844;GO:0030509;GO:0030282;GO:1990079;GO:0090398;GO:0002063;GO:0035988;GO:0030199;GO:0003417;GO:0060173;GO:0035264;GO:0050881;GO:0043066;GO:1900047;GO:0070527;GO:1902732;GO:0051260;GO:0016485;GO:0009306;GO:0030500;GO:0010468;GO:0006986;GO:0001501;GO:0043588;GO:0035989;GO:0097084;GO:0014829
Q9P286,P21 (RAC1) activated kinase 5,Brain,GO:0005737;GO:0005829;GO:0005739;GO:0031965;GO:0005654;GO:0005886;GO:0045202;GO:0004676;GO:0004679;GO:0005524;GO:0004677;GO:0004694;GO:0044024;GO:0072371;GO:1990244;GO:0035979;GO:0044025;GO:0140823;GO:0035175;GO:0044022;GO:0140855;GO:0035402;GO:0072354;GO:0140857;GO:0035403;GO:0044023;GO:0106310;GO:0004674;GO:0072518;GO:0004711;GO:0006915;GO:0016477;GO:0008283;GO:0009267;GO:0007010;GO:0035556;GO:0007612;GO:0007626;GO:0007613;GO:2001237;GO:0001558;GO:0043408;GO:0007165
Q52WX2,SH3 domain binding kinase 1,Brain,GO:0005737;GO:0004676;GO:0004679;GO:0005524;GO:0004677;GO:0004694;GO:0044024;GO:0072371;GO:1990244;GO:0035979;GO:0044025;GO:0140823;GO:0035175;GO:0044022;GO:0140855;GO:0035402;GO:0072354;GO:0140857;GO:0035403;GO:0044023;GO:0106310;GO:0004674;GO:0072518;GO:0004711
Q92947,Glutaryl-CoA dehydrogenase,Liver,GO:0005759;GO:0005739;GO:0000062;GO:0050660;GO:0004361;GO:0033539;GO:0046949;GO:0006568
P37058,Hydroxysteroid 17-beta dehydrogenase 3,Liver,GO:0005783;GO:0005789;GO:0043231;GO:0072582;GO:0004303;GO:0047045;GO:0030283;GO:0006702;GO:0030539;GO:0006694;GO:0061370
Q8N123,CPX chromosome region candidate 1,Testis,
P61366,Osteocrin,Brain,GO:0005615;GO:0005179;GO:0005102;GO:0030154;GO:0007166;GO:0003416;GO:0009755;GO:0046325;GO:1903860;GO:0045668
P05091,Aldehyde dehydrogenase 2 family member,Liver,GO:0070062;GO:0005759;GO:0005739;GO:0004029;GO:0004030;GO:0106435;GO:0009055;GO:0051287;GO:0008957;GO:0006066;GO:0046185;GO:0005975;GO:0006068;GO:0018937;GO:1903179;GO:1905627
A6NE01,Family with sequence similarity 186 member A,Testis,
O60242,Adhesion G protein-coupled receptor B3,Brain,GO:0150053;GO:0016020;GO:0005886;GO:0098794;GO:0098839;GO:0043083;GO:0004930;GO:0005096;GO:0007189;GO:0007166;GO:0007186;GO:0099558;GO:0061743;GO:0007520;GO:0016525;GO:0016322;GO:0051965;GO:0048814;GO:0090128;GO:1905806
Q9UN70,"Protocadherin gamma subfamily C, 3",Brain,GO:0016020;GO:0005886;GO:0005509;GO:0016339;GO:0007155;GO:0007156;GO:0043524;GO:0007399;GO:0050808
Q8N2G4,LY6/PLAUR domain containing 1,Brain,GO:0005576;GO:0005886;GO:0098552;GO:0045202;GO:0033130;GO:0030550;GO:0095500;GO:0001662;GO:1903077;GO:0072659;GO:0035094;GO:0007271
Q8NCQ7,Protein interacting with cyclin A1,Testis,GO:0030332;GO:0004623;GO:0050482;GO:0006644
P30039,Phenazine biosynthesis like protein domain containing,Kidney,GO:0005737;GO:0070062;GO:0042802;GO:0016853;GO:0009058;GO:0030277;GO:0030512
O75052,Nitric oxide synthase 1 adaptor protein,Brain,GO:0070161;GO:0005901;GO:0005829;GO:0030175;GO:0098978;GO:0005739;GO:0005634;GO:0048471;GO:0002102;GO:0042383;GO:0033017;GO:0030315;GO:0030018;GO:0050998;GO:0030235;GO:0035591;GO:0006809;GO:1905026;GO:2000170;GO:1901381;GO:0098974;GO:1902514;GO:0098901;GO:0003062;GO:1901841;GO:0045428;GO:0050999;GO:0060307
O14525,Astrotactin 1,Brain,GO:0030136;GO:0005768;GO:0009897;GO:0016020;GO:0043204;GO:0007626;GO:0007158;GO:0001764
O60861,Growth arrest specific 7,Brain,GO:0005884;GO:0005737;GO:0005886;GO:0051015;GO:0042802;GO:0030041;GO:0048812
P04628,Wnt family member 1,Brain,GO:0009986;GO:0005737;GO:0030666;GO:0005788;GO:0070062;GO:0005576;GO:0005615;GO:0005796;GO:0005886;GO:0005125;GO:0005109;GO:0016015;GO:0019904;GO:0048018;GO:0031100;GO:0036520;GO:0060348;GO:0001658;GO:0060070;GO:0045165;GO:0033278;GO:0007267;GO:0071375;GO:0021551;GO:0021588;GO:0021536;GO:0000578;GO:1990403;GO:0045444;GO:0021797;GO:0071425;GO:0070365;GO:0042472;GO:0030901;GO:1904948;GO:0022004;GO:0007520;GO:0043066;GO:0030514;GO:0022408;GO:0010812;GO:2000773;GO:0045599;GO:1903377;GO:0030512;GO:2000059;GO:0030182;GO:0048664;GO:0008284;GO:0061184;GO:0051091;GO:0045893;GO:0048146;GO:1902035;GO:0043568;GO:0010592;GO:0045747;GO:0045944;GO:0009611;GO:0042770;GO:0060061;GO:0021527;GO:0033077;GO:0016055
Q9NS93,Transmembrane 7 superfamily member 3,Kidney,GO:0070062;GO:0005886;GO:0034620;GO:0043069;GO:0032024
P34896,Serine hydroxymethyltransferase 1,Kidney,GO:0005737;GO:0005829;GO:0070062;GO:0005739;GO:0005654;GO:0005634;GO:0016832;GO:0004372;GO:0042802;GO:0048027;GO:0000900;GO:0042803;GO:0030170;GO:0070905;GO:0036094;GO:0045329;GO:1990830;GO:1904482;GO:0006231;GO:0046655;GO:0019264;GO:0006544;GO:0006565;GO:0006563;GO:0017148;GO:0051289;GO:0009113;GO:0035999;GO:0046653
Q12951,Forkhead box I1,Kidney,GO:0000785;GO:0043231;GO:0005730;GO:0005634;GO:0008301;GO:0001228;GO:0003700;GO:0000981;GO:0000978;GO:0043565;GO:1990837;GO:0000976;GO:0009653;GO:0030154;GO:0009792;GO:0042472;GO:0045944;GO:0006357
Q92186,"ST8 alpha-N-acetyl-neuraminide alpha-2,8-sialyltransferase 2",Heart,GO:0005769;GO:0005576;GO:0005794;GO:0000139;GO:0048471;GO:0005886;GO:0055037;GO:0003828;GO:0000166;GO:0033691;GO:0005975;GO:0001574;GO:0006491;GO:0007399;GO:1990138;GO:0009311;GO:0043525;GO:0051965;GO:0006486;GO:0036211;GO:0042220;GO:0097503
Q9NV23,Oleoyl-ACP hydrolase,Testis,GO:0005829;GO:0016297;GO:0008610;GO:0051792
Q9P2D8,"Unc-79 homolog, NALCN channel complex subunit",Brain,GO:0005886
O00624,Solute carrier family 17 member 2,Liver,GO:0016324;GO:0016020;GO:0005886;GO:0005436;GO:0022857;GO:0015143;GO:0006820;GO:0006796;GO:0006814
Q9UQC2,GRB2 associated binding protein 2,Brain,GO:0005737;GO:0005829;GO:0045121;GO:0005886;GO:0005547;GO:0043325;GO:0005068;GO:0030316;GO:0043491;GO:0008284;GO:0043306;GO:0007165
P46098,5-hydroxytryptamine receptor 3A,Brain,GO:0032154;GO:0043005;GO:0005886;GO:0045211;GO:1904602;GO:0045202;GO:1902495;GO:0005231;GO:0042802;GO:0099507;GO:0051378;GO:0022850;GO:1904315;GO:0098662;GO:0007210;GO:0140227
Q15465,Sonic hedgehog signaling molecule,Liver,GO:0009986;GO:0062023;GO:0005829;GO:0005783;GO:0005788;GO:0005789;GO:0005576;GO:0005615;GO:0005794;GO:0000139;GO:0045121;GO:0005886;GO:0005509;GO:0140853;GO:0004175;GO:0005539;GO:0043237;GO:0016015;GO:0005113;GO:0008233;GO:0008270;GO:0046632;GO:0008209;GO:0048645;GO:0097190;GO:0060840;GO:0007411;GO:0060020;GO:0007596;GO:0001569;GO:0060445;GO:0001658;GO:0048754;GO:0060447;GO:0043010;GO:0060070;GO:0043369;GO:0048468;GO:0001708;GO:0007267;GO:0071285;GO:0007417;GO:0021930;GO:0003140;GO:0071542;GO:0021904;GO:0009953;GO:0007398;GO:0048557;GO:0042733;GO:0048617;GO:0035115;GO:0035116;GO:0030326;GO:0009880;GO:0048706;GO:0006897;GO:0060767;GO:0060664;GO:0060684;GO:0090162;GO:0030900;GO:0048859;GO:0031069;GO:0007507;GO:0001947;GO:0030902;GO:0007442;GO:0048839;GO:0016539;GO:0045109;GO:0060459;GO:0060174;GO:0030324;GO:0060428;GO:0060463;GO:0060484;GO:0002320;GO:0030539;GO:0097152;GO:0060916;GO:0060783;GO:0072205;GO:0072136;GO:0001656;GO:0030901;GO:0045445;GO:0046639;GO:0043066;GO:0090090;GO:0045596;GO:0030336;GO:0090370;GO:1904339;GO:0010629;GO:2000357;GO:2001054;GO:0032435;GO:0033085;GO:0042130;GO:0000122;GO:0034244;GO:2000062;GO:0045060;GO:0001755;GO:0007405;GO:0048663;GO:0042475;GO:0014003;GO:0048709;GO:0002076;GO:0031016;GO:0007389;GO:0009949;GO:0046638;GO:0048711;GO:0051781;GO:0008284;GO:0021940;GO:0045893;GO:0060769;GO:0010628;GO:0033092;GO:2000358;GO:2000729;GO:0002052;GO:0048714;GO:0042307;GO:0061189;GO:0014858;GO:0048643;GO:0045880;GO:0051155;GO:0033089;GO:0045944;GO:2000063;GO:0030177;GO:0045059;GO:0060516;GO:0060523;GO:0030850;GO:0016540;GO:0006606;GO:0042127;GO:0010468;GO:0060251;GO:0060782;GO:1900107;GO:0042481;GO:0060685;GO:1900180;GO:0030162;GO:0072091;GO:0060458;GO:0060021;GO:0060662;GO:0097264;GO:0014856;GO:0098528;GO:0048745;GO:0007224;GO:0061053;GO:0021513;GO:0021522;GO:0048864;GO:0072089;GO:0033077;GO:0042098;GO:0021978;GO:0021794;GO:0048538;GO:0030878;GO:0060439;GO:1905327;GO:0036484;GO:0001570;GO:0007418
Q3MIN7,Ral guanine nucleotide dissociation stimulator like 3,Kidney,GO:0005829;GO:0005886;GO:0005085;GO:0031267;GO:0007265
Q9BWX1,PHD finger protein 7,Testis,GO:0005829;GO:0005794;GO:0016607;GO:0005654;GO:0005634;GO:0005886;GO:0046872
Q99735,Microsomal glutathione S-transferase 2,Liver,GO:0005783;GO:0005789;GO:0043231;GO:0016020;GO:0005635;GO:0005886;GO:0008047;GO:0043295;GO:0004602;GO:0004364;GO:0042802;GO:0004464;GO:0006750;GO:0019370;GO:0006629;GO:0046466;GO:0050729;GO:0032496
Q5T4I8,Chromosome 6 open reading frame 52,Testis,GO:0005634;GO:0000049;GO:0001514
P41222,Prostaglandin D2 synthase,Testis,GO:0005789;GO:0070062;GO:0005576;GO:0005615;GO:0005794;GO:0031965;GO:0048471;GO:0005791;GO:0005504;GO:0004667;GO:0005501;GO:0019371;GO:0010467;GO:0043303;GO:2000255;GO:0001516;GO:0045187;GO:0051384
O15466,"ST8 alpha-N-acetyl-neuraminide alpha-2,8-sialyltransferase 5",Brain,GO:0000139;GO:0003828;GO:0008373;GO:0005975;GO:0006688;GO:0006491;GO:0009311;GO:0006486
Q5T0L3,Spermatogenesis associated 46,Testis,GO:0031965;GO:0030154;GO:0009566;GO:0007342;GO:0007283
A6NEV1,Proline rich 23A,Testis,
P33778,H2B clustered histone 3,Testis,GO:0000781;GO:0005829;GO:0005654;GO:0000786;GO:0005634;GO:0003677;GO:0046982;GO:0030527;GO:0006334
P09972,"Aldolase, fructose-bisphosphate C",Brain,GO:0005856;GO:0005829;GO:0070062;GO:0005576;GO:1904813;GO:0034774;GO:1904724;GO:0008092;GO:0004332;GO:0030855;GO:0030388;GO:0006000;GO:0006094;GO:0006096
Q9Y2G0,EFR3 homolog B,Brain,GO:0015629;GO:0005829;GO:0005886;GO:0046854;GO:0072659
A8MXK1,V-set and transmembrane domain containing 5,Brain,GO:0030424;GO:0030425;GO:0016020;GO:0005886;GO:0046847;GO:0006955;GO:1904891;GO:0051260;GO:0021517
P14416,Dopamine receptor D2,Brain,GO:0001669;GO:0030424;GO:0043679;GO:0060170;GO:0005929;GO:0030425;GO:0043197;GO:0098691;GO:0030139;GO:0097648;GO:0098982;GO:0098978;GO:0000139;GO:0016328;GO:0097730;GO:0043204;GO:0005886;GO:0045211;GO:0042734;GO:0036126;GO:0045202;GO:0030672;GO:0035240;GO:0001591;GO:0004930;GO:0001965;GO:1901363;GO:0032795;GO:0042802;GO:0035255;GO:0015459;GO:0046717;GO:0021984;GO:0071880;GO:0007195;GO:0007628;GO:0050482;GO:0008306;GO:0031223;GO:0006914;GO:0007409;GO:0048148;GO:0048149;GO:0048755;GO:0071361;GO:0071300;GO:0021853;GO:0032922;GO:0042417;GO:0051583;GO:0042756;GO:0050673;GO:0060079;GO:0002031;GO:0007625;GO:1990384;GO:0006874;GO:0035556;GO:0007626;GO:0007616;GO:0007194;GO:0045776;GO:0030336;GO:0008285;GO:1900038;GO:0042321;GO:0051481;GO:0060160;GO:0033602;GO:0050680;GO:0045824;GO:0046676;GO:2001223;GO:0051898;GO:0050709;GO:0051967;GO:0001976;GO:0007405;GO:0007270;GO:0021769;GO:0030432;GO:0043491;GO:0060158;GO:0007200;GO:0043473;GO:0032467;GO:0051586;GO:0070374;GO:0045745;GO:1900168;GO:0060124;GO:1900273;GO:0043410;GO:0040018;GO:0002052;GO:0002092;GO:0035815;GO:0045944;GO:0035810;GO:0099170;GO:0060134;GO:0099171;GO:0008104;GO:0014059;GO:0051584;GO:0002027;GO:0090325;GO:0048169;GO:0043266;GO:0002028;GO:0051823;GO:0032228;GO:0051209;GO:0001975;GO:0048678;GO:0042220;GO:0032355;GO:0034776;GO:0001666;GO:0014854;GO:0010039;GO:0009416;GO:0043278;GO:0035094;GO:0009636;GO:0009410;GO:0007608;GO:0021756;GO:0007416;GO:0001659;GO:0008542;GO:0016055
P57739,Claudin 2,Kidney,GO:0005923;GO:0005911;GO:0005886;GO:0070160;GO:0042802;GO:0160187;GO:0005198;GO:0070830;GO:0016338;GO:0098609;GO:0002227;GO:0160184;GO:0120188;GO:1903985;GO:1904729
Q96T17,MAP7 domain containing 2,Brain,GO:0015630;GO:0000226
Q8N3H0,TAFA chemokine like family member 2,Brain,GO:0005737;GO:0005615;GO:0005634;GO:0048018;GO:0007613;GO:0008542
P50876,Ring finger protein 144A,Brain,GO:0005737;GO:0005789;GO:0010008;GO:0005794;GO:0043231;GO:0005886;GO:0000151;GO:0031624;GO:0061630;GO:0008270;GO:0002221;GO:0085020;GO:0016567;GO:0006511
P15941,"Mucin 1, cell surface associated",Kidney,GO:0016324;GO:0000785;GO:0070062;GO:0005615;GO:0005796;GO:0005634;GO:0005886;GO:0031982;GO:0002039;GO:0000978;GO:0003712;GO:0030330;GO:0006977;GO:0033629;GO:1902166;GO:0010944;GO:0045944
Q06710,Paired box 8,Kidney,GO:0000785;GO:0005654;GO:0005634;GO:0003677;GO:0001228;GO:0003700;GO:0000981;GO:0000978;GO:1990837;GO:0004996;GO:0000976;GO:0009653;GO:0001658;GO:0071371;GO:0007417;GO:0006351;GO:0042472;GO:0001822;GO:0003337;GO:0001823;GO:0072278;GO:0072221;GO:0072207;GO:0072289;GO:0072284;GO:1900215;GO:1900218;GO:0010667;GO:0072305;GO:1900212;GO:0007399;GO:0071599;GO:0090190;GO:0045893;GO:0072108;GO:2000594;GO:2000611;GO:0045944;GO:0039003;GO:0048793;GO:0042981;GO:0072307;GO:2000612;GO:0006357;GO:0007423;GO:0006790;GO:0030878;GO:0001655;GO:0003281
P12532,"Creatine kinase, mitochondrial 1B",Brain,GO:0005743;GO:0005739;GO:0005524;GO:0004111;GO:0046314
Q13554,Calcium/calmodulin dependent protein kinase II beta,Brain,GO:0005954;GO:0005813;GO:0005737;GO:0005829;GO:0030666;GO:0043005;GO:0005654;GO:0014069;GO:0033017;GO:0003779;GO:0005524;GO:0004683;GO:0005516;GO:0042802;GO:0042803;GO:0106310;GO:0030154;GO:0007399;GO:0061003;GO:0010976;GO:0090129;GO:0046777;GO:0006468;GO:0051924;GO:0060998;GO:0048169;GO:2001222;GO:0048168;GO:1903076;GO:0014733;GO:0051823;GO:0007165
P53350,Polo like kinase 1,Testis,GO:0034451;GO:0005814;GO:0005813;GO:0000785;GO:0005737;GO:0005829;GO:0000776;GO:0015630;GO:0030496;GO:0097431;GO:0005654;GO:0005634;GO:0000940;GO:0005819;GO:0051233;GO:0000922;GO:0000795;GO:0010997;GO:0005524;GO:0042802;GO:0000287;GO:0008017;GO:0004672;GO:0019901;GO:0106310;GO:0004674;GO:0007098;GO:0006302;GO:0097681;GO:0000132;GO:0045184;GO:0016321;GO:0000086;GO:0048313;GO:0045143;GO:0007091;GO:0001578;GO:0000278;GO:0007076;GO:0000281;GO:0007095;GO:0007077;GO:0000070;GO:0007094;GO:0007052;GO:0043066;GO:0045736;GO:2000042;GO:0000122;GO:0051081;GO:0018105;GO:0010800;GO:0032436;GO:1900182;GO:0045862;GO:1904668;GO:0051443;GO:0031648;GO:0071168;GO:0090435;GO:0006468;GO:0016567;GO:1905784;GO:0051726;GO:0032465;GO:0007346;GO:1901990;GO:0030071;GO:1901673;GO:0043393;GO:1904776;GO:0007062;GO:0070194
P60673,Profilin 3,Testis,GO:0005737;GO:0005856;GO:0005634;GO:0003779;GO:0008289;GO:0030036;GO:0032233;GO:0030833
P35612,Adducin 2,Brain,GO:0031410;GO:0005856;GO:0005829;GO:0008290;GO:0005886;GO:0044853;GO:0014069;GO:0003779;GO:0051015;GO:0005516;GO:0046983;GO:0046982;GO:0042803;GO:0019901;GO:0030507;GO:0005200;GO:0030036;GO:0051017;GO:0051016;GO:0030097;GO:0050900;GO:0050901;GO:0032092;GO:0065003;GO:0007416
P59095,StAR related lipid transfer domain containing 6,Testis,GO:0008289;GO:0006869
A6NKD2,Testis specific protein Y-linked 2,Testis,GO:0000785;GO:0005737;GO:0005634;GO:0003682;GO:0042393;GO:0030154;GO:0007506;GO:0006334;GO:0007283
Q96QH8,Sperm acrosome associated 5,Testis,GO:0001669;GO:0005576;GO:0036126;GO:0003796;GO:0007342
P0DMU9,Cancer/testis antigen family 45 member A10,Testis,GO:0042802
Q9HDD0,Phospholipase A and acyltransferase 1,Testis,GO:0005737;GO:0005829;GO:0005783;GO:0005764;GO:0016020;GO:0005739;GO:0005641;GO:0005634;GO:0047498;GO:0047499;GO:0016410;GO:0008374;GO:0052739;GO:0008970;GO:0004623;GO:0070306;GO:0016042;GO:0070292;GO:1903008;GO:0046470
Q86W67,Family with sequence similarity 228 member A,Testis,
Q96S95,Calcium/calmodulin dependent protein kinase II inhibitor 2,Brain,GO:0005829;GO:0005634;GO:0045202;GO:0008427;GO:0019901
P00748,Coagulation factor XII,Liver,GO:0062023;GO:0070062;GO:0005576;GO:0005615;GO:0005886;GO:0005791;GO:0005509;GO:0051787;GO:0004252;GO:0007596;GO:0007597;GO:0002542;GO:0042730;GO:0045087;GO:0002353;GO:0030194;GO:0051919;GO:0010756;GO:0016540;GO:0016485;GO:0051788;GO:0031638
P54284,Calcium voltage-gated channel auxiliary subunit beta 3,Brain,GO:0005829;GO:1990454;GO:0016020;GO:0045202;GO:0005891;GO:0005246;GO:0008331;GO:0005245;GO:0061577;GO:0006816;GO:0060402;GO:0007268;GO:1901843;GO:0072659;GO:0098903;GO:0050852
Q8N7U6,EF-hand domain family member B,Testis,GO:0160111;GO:0005879;GO:0036126;GO:0005509;GO:0061891;GO:0006816;GO:0030317;GO:0032091;GO:0070884;GO:2001256
P28330,Acyl-CoA dehydrogenase long chain,Liver,GO:0005737;GO:0005759;GO:0031966;GO:0005739;GO:0000062;GO:0050660;GO:0042802;GO:0004466;GO:0016401;GO:0042413;GO:0019254;GO:0033539;GO:0016042;GO:0042758;GO:0045717;GO:0046322;GO:0120162;GO:0090181;GO:0001659
P23327,Histidine rich calcium binding protein,Heart,GO:0005788;GO:0033018;GO:0033017;GO:0030018;GO:0051117;GO:0005509;GO:0044325;GO:0006936;GO:0045823;GO:0010460;GO:1901899;GO:1903169;GO:0010881;GO:1901844;GO:0051480;GO:0002027;GO:0033135;GO:0010880;GO:0060314
Q03828,Even-skipped homeobox 2,Testis,GO:0000785;GO:0005634;GO:0000981;GO:0000978;GO:1990837;GO:0035108;GO:0006357
P35346,Somatostatin receptor 5,Kidney,GO:0043005;GO:0005886;GO:0042923;GO:0004994;GO:0071385;GO:0007186;GO:0007187;GO:0008285;GO:0007218;GO:0032467;GO:0050796
Q9H6L5,Reticulophagy regulator 1,Heart,GO:0005801;GO:0005783;GO:0005789;GO:0016604;GO:0005730;GO:0140506;GO:0030574;GO:0007029;GO:0000423;GO:0043524;GO:0061709;GO:0019233;GO:0050872
Q14781,Chromobox 2,Testis,GO:0000791;GO:0000792;GO:0005654;GO:0005634;GO:0031519;GO:0035102;GO:0003682;GO:0003677;GO:0035064;GO:0030154;GO:0006325;GO:0045137;GO:0000122
Q7Z5A7,TAFA chemokine like family member 5,Brain,GO:0005737;GO:0005615;GO:0005125;GO:0001664;GO:0048018;GO:0007186;GO:1904753;GO:1904706;GO:0061044
Q49A17,Polypeptide N-acetylgalactosaminyltransferase like 6,Brain,GO:0005794;GO:0000139;GO:0030246;GO:0046872;GO:0004653;GO:0006493;GO:0018243
Q96NA2,Rab interacting lysosomal protein,Heart,GO:0036064;GO:0005737;GO:0005770;GO:0031902;GO:0005765;GO:0005764;GO:0030670;GO:0032991;GO:0051959;GO:0046983;GO:0031267;GO:0060271;GO:0045022;GO:0008333;GO:0032509;GO:0070676;GO:0042177;GO:0045732;GO:0015031
Q96FF7,MISP family member 3,Kidney,
O75949,NALCN channel auxiliary factor 2,Heart,GO:0005886;GO:0098703
Q9H596,Dual specificity phosphatase 21,Testis,GO:0160111;GO:0005737;GO:0005743;GO:0005759;GO:0005634;GO:0036126;GO:0033192;GO:0140791;GO:0140793;GO:1990439;GO:0017017;GO:0017018;GO:0004726;GO:0004725;GO:0030946;GO:0180006;GO:0180007;GO:0180008;GO:0180005;GO:0180004;GO:0030317;GO:0035335
Q96L42,Potassium voltage-gated channel subfamily H member 8,Brain,GO:0034702;GO:0005886;GO:0005251;GO:0005249;GO:0071805;GO:0006813;GO:0042391
A1L1A6,Immunoglobulin superfamily member 23,Liver,GO:0005886;GO:0030316
Q13639,5-hydroxytryptamine receptor 4,Heart,GO:0005737;GO:0030425;GO:0010008;GO:0098978;GO:0016020;GO:0005886;GO:0098794;GO:0004993;GO:0030594;GO:0099589;GO:0007189;GO:0007192;GO:0007188;GO:0007268;GO:0007186;GO:0007187;GO:0120056;GO:0030277;GO:0070254;GO:0032098;GO:0150052
Q9P2S6,Ankyrin repeat and MYND domain containing 1,Testis,GO:0046872
Q6ICL7,Solute carrier family 35 member E4,Testis,GO:0005794;GO:0016020;GO:0015297;GO:0055085
Q9UL51,Hyperpolarization activated cyclic nucleotide gated potassium and sodium channel 2,Brain,GO:0030424;GO:0030425;GO:0098855;GO:0005886;GO:0008076;GO:0030552;GO:0042802;GO:0005222;GO:0005249;GO:0005248;GO:0072488;GO:0007267;GO:0071320;GO:0071321;GO:0086012;GO:1990573;GO:0071805;GO:0003254;GO:0042391;GO:0098719;GO:0035725
P29120,Proprotein convertase subtilisin/kexin type 1,Brain,GO:0043679;GO:0030425;GO:0005615;GO:0016020;GO:0043005;GO:0043204;GO:0048471;GO:0034774;GO:0005802;GO:0030133;GO:0042802;GO:0004252;GO:0007267;GO:0030070;GO:0022008;GO:0031016;GO:0043043;GO:0016486;GO:0021983;GO:0050714;GO:0016540;GO:0006508;GO:0048678;GO:0051592;GO:0010157;GO:0070542;GO:0051384;GO:0009749;GO:0070555;GO:0032496;GO:0031667;GO:0043434;GO:0009410
P60323,Nanos C2HC-type zinc finger 3,Testis,GO:0005737;GO:0010494;GO:0005829;GO:0005654;GO:0005634;GO:0000932;GO:0048471;GO:0008047;GO:0003729;GO:0003723;GO:0008270;GO:0097190;GO:0007281;GO:0061157;GO:2001234;GO:0017148;GO:0048477;GO:0051726;GO:0006417;GO:0007283
P98161,"Polycystin 1, transient receptor potential channel interacting",Brain,GO:0016323;GO:0034704;GO:0034703;GO:0009986;GO:0060170;GO:0005929;GO:0005737;GO:0005783;GO:0070062;GO:0005794;GO:0000139;GO:0030660;GO:0016328;GO:0016020;GO:0140494;GO:0031514;GO:0005634;GO:0005886;GO:0002133;GO:0005262;GO:0030246;GO:0019904;GO:0019901;GO:0140416;GO:0044325;GO:0042813;GO:0009653;GO:0048754;GO:0070588;GO:0006816;GO:0007161;GO:0001502;GO:0051216;GO:0007166;GO:0007259;GO:0007160;GO:0050982;GO:0048565;GO:0001892;GO:0090162;GO:0048806;GO:0007507;GO:0007156;GO:0001701;GO:0001822;GO:0001889;GO:0060428;GO:0036303;GO:0072177;GO:0072164;GO:0072218;GO:0072205;GO:0072287;GO:0072237;GO:0160040;GO:0021915;GO:0071941;GO:0018105;GO:0060674;GO:0007204;GO:0045944;GO:0006611;GO:0051290;GO:0030155;GO:0051726;GO:2000045;GO:0060236;GO:0061136;GO:0034405;GO:0043588;GO:0021510;GO:0016055
Q16384,SSX family member 1,Testis,GO:0005737;GO:0005856;GO:0005634;GO:0036126;GO:0003714;GO:0000122;GO:0007283
Q96GR2,Acyl-CoA synthetase bubblegum family member 1,Brain,GO:0005737;GO:0031410;GO:0005829;GO:0005783;GO:0005886;GO:0005524;GO:0004467;GO:0031957;GO:0042759;GO:0001676;GO:0035338;GO:0042552;GO:0051384;GO:0000038
Q96P65,Pyroglutamylated RFamide peptide receptor,Kidney,GO:0016020;GO:0005886;GO:0004930;GO:0004983;GO:0032870;GO:0007186
A8MWE9,EF-hand calcium binding domain 8,Testis,GO:0005509
P57103,Solute carrier family 8 member A3,Brain,GO:0070161;GO:0030424;GO:0043679;GO:0030425;GO:0043197;GO:0005789;GO:0005741;GO:0031594;GO:0043025;GO:0043204;GO:0048471;GO:0005886;GO:0098794;GO:0014069;GO:0042383;GO:0016528;GO:0045202;GO:0005432;GO:0005516;GO:0046872;GO:0098703;GO:0070588;GO:0007154;GO:0071456;GO:0002244;GO:0006874;GO:0007612;GO:0007611;GO:0060291;GO:0007613;GO:0051560;GO:0006851;GO:0098815;GO:0006811;GO:0042552;GO:0071901;GO:0048709;GO:1903779;GO:0014819;GO:0035725;GO:0050808
Q9NS25,SPANX family member B1,Testis,GO:0005737;GO:0005634;GO:0007286
Q96C45,Unc-51 like kinase 4,Testis,GO:0004676;GO:0004679;GO:0005524;GO:0004677;GO:0004694;GO:0044024;GO:0072371;GO:1990244;GO:0035979;GO:0044025;GO:0140823;GO:0035175;GO:0044022;GO:0140855;GO:0035402;GO:0072354;GO:0140857;GO:0035403;GO:0044023;GO:0106310;GO:0072518;GO:0004711;GO:0000226;GO:0042313;GO:0046328;GO:0043408;GO:2001222;GO:0010975;GO:1900744
Q96RN1,Solute carrier family 26 member 8,Testis,GO:0005886;GO:0097227;GO:0015106;GO:0005254;GO:0015108;GO:0019531;GO:0015116;GO:0160044;GO:0030154;GO:1902476;GO:0006821;GO:0051321;GO:0019532;GO:0007283;GO:1902358
Q9UBS5,Gamma-aminobutyric acid type B receptor subunit 1,Brain,GO:0005737;GO:0030425;GO:0005576;GO:1902712;GO:0038039;GO:0098982;GO:0005886;GO:0045211;GO:0042734;GO:0098685;GO:0004965;GO:0099579;GO:0150047;GO:0007193;GO:0007214;GO:0150099;GO:0051932
P32745,Somatostatin receptor 3,Brain,GO:0060170;GO:0005929;GO:0043005;GO:0097730;GO:0005886;GO:0004930;GO:0042923;GO:0005102;GO:0004994;GO:0007267;GO:0071392;GO:0071385;GO:0021549;GO:0030900;GO:0007187;GO:0008628;GO:0008285;GO:0007218;GO:0042594;GO:0007283
Q99959,Plakophilin 2,Heart,GO:0005912;GO:0030054;GO:0051286;GO:0005911;GO:0001533;GO:0005737;GO:0030057;GO:0014704;GO:0005882;GO:0016020;GO:0005654;GO:0005634;GO:0005886;GO:0045294;GO:0045296;GO:0086083;GO:0003677;GO:0019215;GO:0060090;GO:0005080;GO:0017080;GO:0044325;GO:0086073;GO:0086002;GO:0086064;GO:0098609;GO:0007267;GO:0002159;GO:0002934;GO:0007507;GO:0045110;GO:0048496;GO:0099017;GO:0010765;GO:0072659;GO:0010810;GO:0086091;GO:1900024;GO:0098911;GO:0086005;GO:0055010
P15907,"ST6 beta-galactoside alpha-2,6-sialyltransferase 1",Liver,GO:0005576;GO:0005794;GO:0032580;GO:0005797;GO:0000139;GO:0000138;GO:0003835;GO:0042803;GO:0008373;GO:0006959;GO:0006054;GO:0050922;GO:2000110;GO:0016266;GO:0032946;GO:0018279;GO:1900024;GO:0045471;GO:0097503;GO:0019082
Q96CM8,Acyl-CoA synthetase family member 2,Kidney,GO:0005759;GO:0005739;GO:0005524;GO:0004467;GO:0031956;GO:0006637;GO:0006631
Q8TBE3,Fibronectin type III domain containing 9,Brain,GO:0016020
Q6ZMY6,WD repeat domain 88,Testis,
A4FU28,CTAGE family member 9,Testis,GO:0070971;GO:0005789;GO:0006888;GO:0009306;GO:0035459
Q9H7T9,Aurora kinase A and ninein interacting protein,Testis,GO:0005813;GO:0005737;GO:0005634;GO:0090734;GO:0000922;GO:0003684;GO:0000724;GO:2001033;GO:0007051
O14832,Phytanoyl-CoA 2-hydroxylase,Liver,GO:0097731;GO:0005829;GO:0005782;GO:0005777;GO:0031406;GO:0008198;GO:0031418;GO:0048244;GO:0019606;GO:0006103;GO:0001561;GO:0006720;GO:0097089
P35368,Adrenoceptor alpha 1B,Liver,GO:0005901;GO:0005737;GO:0031965;GO:0005634;GO:0005886;GO:0004937;GO:0046982;GO:0071880;GO:0007188;GO:0007267;GO:0007186;GO:0035556;GO:0150099;GO:0007200;GO:0007204;GO:0043410;GO:0055117;GO:0019229
O75445,Usherin,Liver,GO:0016324;GO:0005604;GO:0036064;GO:0005737;GO:0005576;GO:1990075;GO:0032391;GO:0001917;GO:0002141;GO:0002142;GO:0032421;GO:0060171;GO:1990696;GO:0005518;GO:0042802;GO:0017022;GO:0051649;GO:0045184;GO:0035315;GO:0042491;GO:0060113;GO:0048496;GO:0045494;GO:0050953;GO:0007605;GO:0007601
Q6ZUJ8,Phosphoinositide-3-kinase adaptor protein 1,Liver,GO:0005829;GO:0016020;GO:0005886;GO:0042802;GO:0036312;GO:0005102;GO:0051897;GO:0050727;GO:0034134;GO:0034142;GO:0034154;GO:0034162
Q8N100,Atonal bHLH transcription factor 7,Liver,GO:0030424;GO:0000785;GO:0005634;GO:0043204;GO:0003700;GO:0000981;GO:0070888;GO:0046983;GO:1990837;GO:0000976;GO:0061564;GO:0007623;GO:0043153;GO:0003407;GO:0048663;GO:0021554;GO:1902336;GO:0045944;GO:0006357;GO:0010996;GO:0007423
Q6P2M8,Pregnancy up-regulated nonubiquitous CaM kinase,Brain,GO:0005737;GO:0005634;GO:0005524;GO:0004683;GO:0005516;GO:0106310;GO:0007165
Q02325,Plasminogen like B2,Liver,GO:0005576
Q6UX53,Methyltransferase like 7B,Liver,GO:0005829;GO:0005789;GO:0005811;GO:0008757;GO:0018708;GO:0032259
P10911,MCF.2 cell line derived transforming sequence,Brain,GO:0005737;GO:0005856;GO:0005829;GO:0019898;GO:0016020;GO:0005085;GO:1990830;GO:0016358;GO:0035556;GO:0050771;GO:0051056
Q96CS4,Zinc finger protein 689,Testis,GO:0005634;GO:0000981;GO:0046872;GO:0000978;GO:0006357;GO:0035914
Q9HBG6,Intraflagellar transport 122,Testis,GO:0036064;GO:0097542;GO:0005929;GO:0005737;GO:0030991;GO:0016020;GO:0097730;GO:0032391;GO:0048593;GO:0060271;GO:0010172;GO:0035115;GO:0035050;GO:0060971;GO:0072594;GO:0035556;GO:0035720;GO:0035721;GO:0042073;GO:0060173;GO:0045879;GO:0001843;GO:1905515;GO:0061512;GO:0021513
P78324,Signal regulatory protein alpha,Brain,GO:0009986;GO:0070062;GO:0101003;GO:0016020;GO:0005886;GO:0070821;GO:0098632;GO:0030695;GO:1990405;GO:0086080;GO:0019903;GO:0004864;GO:1990782;GO:0017124;GO:0007155;GO:0016477;GO:0070301;GO:0071347;GO:0071349;GO:0071346;GO:0035696;GO:0043124;GO:0071650;GO:1900016;GO:0070373;GO:0050728;GO:0032688;GO:0032715;GO:0046329;GO:0031665;GO:0071641;GO:0045019;GO:0050765;GO:0032720;GO:0050766;GO:2000379;GO:0050870;GO:0010468;GO:0032651;GO:0032675;GO:0045428;GO:0032680;GO:0032649
P48039,Melatonin receptor 1A,Kidney,GO:0005886;GO:0043235;GO:0004930;GO:0042562;GO:0008502;GO:0097159;GO:0007193;GO:0007623;GO:0007186;GO:0007187;GO:0007617
Q6ICG6,KIAA0930,Brain,
Q8TE49,OTU deubiquitinase 7A,Brain,GO:0005737;GO:0005829;GO:0005634;GO:0004843;GO:0003677;GO:0070530;GO:0008270;GO:0016579;GO:0071947;GO:0035871
Q92935,Exostosin like glycosyltransferase 1,Brain,GO:0005789;GO:0005794;GO:0008375;GO:0050508;GO:0015020;GO:0015012;GO:0006486;GO:0001501
Q9UPU9,Sterile alpha motif domain containing 4A,Testis,GO:0030054;GO:0005829;GO:0030425;GO:0001650;GO:0000932;GO:0045202;GO:0003729;GO:0003723;GO:0030371;GO:0000289;GO:0045727
P00367,Glutamate dehydrogenase 1,Liver,GO:0005737;GO:0005783;GO:0005759;GO:0005739;GO:0043531;GO:0005524;GO:0004352;GO:0004354;GO:0004353;GO:0005525;GO:0070728;GO:0070403;GO:0042803;GO:0006537;GO:0006538;GO:0006541;GO:0032024;GO:0021762;GO:0072350
Q92496,Complement factor H related 4,Liver,GO:0005576;GO:0005615;GO:0001851;GO:0005319;GO:0006956
Q8WTQ4,Chromosome 16 open reading frame 78,Testis,GO:0005634
Q8N6D2,Ring finger protein 182,Brain,GO:0005737;GO:0016020;GO:0046872;GO:0004842;GO:0016567
P52569,Solute carrier family 7 member 2,Liver,GO:0030054;GO:0005886;GO:0015171;GO:0015174;GO:0015179;GO:0061459;GO:0015189;GO:0000064;GO:0089718;GO:0006865;GO:1902475;GO:0015807;GO:0097638;GO:1903826;GO:1903352;GO:0150104
Q9HCN6,Glycoprotein VI platelet,Testis,GO:0009986;GO:0070062;GO:0045121;GO:0005886;GO:0097197;GO:0005518;GO:0038064;GO:1990782;GO:0038023;GO:0004888;GO:0038065;GO:0038063;GO:0007167;GO:0002764;GO:0030168;GO:0070527;GO:1901731
A6PVI3,Nuclear cap binding protein subunit 2 like,Testis,GO:0005846;GO:0000339;GO:0045292;GO:0000398
Q8WXS3,BAALC binder of MAP3K1 and KLF4,Brain,GO:0005737;GO:0005829;GO:0045121;GO:0043005;GO:0005654;GO:0014069;GO:0016528
P43362,MAGE family member A9B,Testis,GO:0005634;GO:0042826;GO:0000122
Q9BT04,Fuzzy planar cell polarity protein,Testis,GO:0005929;GO:0005737;GO:0005856;GO:0070062;GO:0035091;GO:0060271;GO:0010172;GO:0048704;GO:0001736;GO:0001942;GO:0042073;GO:0090090;GO:0030336;GO:0008285;GO:2000314;GO:0090301;GO:0001843;GO:0021915;GO:1905515;GO:0045724;GO:0015031;GO:1902017;GO:0008589;GO:0016192
A0A1B0GUX0,ATP6V1F neighbor,Brain,
Q03591,Complement factor H related 1,Liver,GO:0072562;GO:0005576;GO:0005615;GO:0032991;GO:0001851;GO:0042802;GO:0006956;GO:0051838;GO:0032091
Q9P255,Zinc finger protein 492,Testis,GO:0005634;GO:0000981;GO:0046872;GO:0000978;GO:0006355
P35462,Dopamine receptor D3,Brain,GO:0005886;GO:0045202;GO:0001591;GO:0004930;GO:0046717;GO:0071880;GO:0007191;GO:0007195;GO:0050482;GO:0048148;GO:0032922;GO:0042417;GO:0002031;GO:0007186;GO:0006874;GO:0007612;GO:0007611;GO:0007626;GO:0050883;GO:0045776;GO:0051481;GO:0048715;GO:0051898;GO:0050709;GO:0051967;GO:0060158;GO:0032467;GO:0060161;GO:0043410;GO:0045840;GO:0060134;GO:0014059;GO:0051584;GO:0043266;GO:0042220;GO:0034776;GO:0043278;GO:0009410;GO:0035176;GO:0008542
Q75V66,Anoctamin 5,Heart,GO:0005789;GO:0005886;GO:0031982;GO:0005254;GO:0005229;GO:0046983;GO:1902476;GO:0034220;GO:0001778
Q8NCF0,C-type lectin domain family 18 member C,Kidney,GO:0005783;GO:0005768;GO:0005615;GO:0005794;GO:0030247
Q14192,Four and a half LIM domains 2,Heart,GO:0005925;GO:0005654;GO:0005634;GO:0030018;GO:0043425;GO:0042802;GO:0046872;GO:0003714;GO:0008134;GO:0055014;GO:0060347;GO:0043066;GO:0070885;GO:0000122;GO:0001649;GO:0009725;GO:0055015
Q9NPH3,Interleukin 1 receptor accessory protein,Liver,GO:0009986;GO:0005576;GO:0098978;GO:0016020;GO:0005886;GO:0015026;GO:0004908;GO:0002114;GO:0003953;GO:0061809;GO:0019221;GO:0006955;GO:0006954;GO:0045087;GO:0070498;GO:0038172;GO:0032736;GO:0032753;GO:0032754;GO:0032755;GO:0051965;GO:0065003;GO:0099151;GO:1905606;GO:0099560;GO:0099545
Q6ZTZ1,Myb/SANT DNA binding domain containing 1,Brain,GO:0016604;GO:0045893
Q14973,Solute carrier family 10 member 1,Liver,GO:0016323;GO:0005886;GO:0015125;GO:0008508;GO:0001618;GO:0015721;GO:0071466;GO:0043627;GO:0045471;GO:0031667;GO:0014070
P04035,3-hydroxy-3-methylglutaryl-CoA reductase,Liver,GO:0005783;GO:0005789;GO:0005778;GO:0120225;GO:0030695;GO:0004420;GO:0070402;GO:0006695;GO:0015936;GO:0008299;GO:0060291;GO:1900222;GO:0042177;GO:0050709;GO:0070372;GO:0016126;GO:0008542
Q9Y5R6,Doublesex and mab-3 related transcription factor 1,Testis,GO:0000785;GO:0005737;GO:0001674;GO:0005634;GO:0003682;GO:0000987;GO:0001228;GO:0000981;GO:0042802;GO:0046872;GO:0000978;GO:1990837;GO:0000902;GO:0008354;GO:0035556;GO:0002176;GO:0030238;GO:0046661;GO:0007127;GO:0045835;GO:0000122;GO:0048599;GO:2000020;GO:0060903;GO:0045840;GO:0045944;GO:1900107;GO:0006357;GO:0060009;GO:0060008;GO:0007548;GO:0007283
Q96J92,WNK lysine deficient protein kinase 4,Kidney,GO:0005923;GO:0044297;GO:0005737;GO:0005829;GO:0016020;GO:0032991;GO:0004676;GO:0004679;GO:0005524;GO:0031404;GO:0004677;GO:0004694;GO:0044024;GO:0072371;GO:1990244;GO:0035979;GO:0044025;GO:0140823;GO:0035175;GO:0044022;GO:0140855;GO:0035402;GO:0072354;GO:0140857;GO:0035403;GO:0044023;GO:0008200;GO:0004672;GO:0106310;GO:0004674;GO:0072518;GO:0004711;GO:0035932;GO:0055074;GO:0071466;GO:0006821;GO:0072156;GO:0070371;GO:0010467;GO:0006954;GO:0030644;GO:0035556;GO:0042116;GO:0050801;GO:0090188;GO:1903077;GO:0010766;GO:0071805;GO:0008104;GO:0006468;GO:0008217;GO:1903764;GO:0070294;GO:0003096;GO:0002021;GO:0007165;GO:0035725
O75920,Small EDRK-rich factor 1A,Testis,GO:0005829;GO:0005634;GO:0032991;GO:1990000;GO:0007399;GO:0031648
Q9H819,DnaJ heat shock protein family (Hsp40) member C18,Testis,GO:0005789;GO:0030544;GO:0071218;GO:0051085
Q8IYG6,Leucine rich repeat containing 56,Testis,GO:0005929;GO:0030030
Q13117,Deleted in azoospermia 2,Testis,GO:0005737;GO:0005634;GO:0032991;GO:0003730;GO:0003723;GO:0008494;GO:0070935;GO:0030154;GO:0045948;GO:0007338;GO:0007283
O15244,Solute carrier family 22 member 2,Kidney,GO:0016324;GO:0009925;GO:0016323;GO:0070062;GO:0016020;GO:0005886;GO:0098793;GO:0005277;GO:0005275;GO:0015220;GO:0015562;GO:0015179;GO:0061459;GO:0008504;GO:0005326;GO:0008514;GO:0015101;GO:0015132;GO:0015489;GO:0015214;GO:0015651;GO:0015606;GO:0015234;GO:0019534;GO:0042910;GO:0015870;GO:0015837;GO:0089718;GO:0007589;GO:1990748;GO:0015871;GO:0015872;GO:0090494;GO:0048241;GO:0140115;GO:0051608;GO:0051615;GO:1902475;GO:0097638;GO:0006812;GO:0006836;GO:0015874;GO:0051620;GO:0015695;GO:0015732;GO:0072530;GO:0015847;GO:0006837;GO:0051610;GO:0015848;GO:0071934;GO:0150104;GO:0042908;GO:1990962
Q8TC84,Fibronectin type III and ankyrin repeat domains 1,Testis,GO:0000785;GO:0036064;GO:0097546;GO:0005929;GO:0005737;GO:0005829;GO:0005654;GO:0005634;GO:0043066;GO:0043065;GO:0051091;GO:0045893
P31644,Gamma-aminobutyric acid type A receptor subunit alpha5,Brain,GO:0034707;GO:0005829;GO:0032590;GO:1902711;GO:0098982;GO:0043005;GO:0032809;GO:0005654;GO:0005886;GO:0098794;GO:0099634;GO:0042734;GO:0045202;GO:1902495;GO:0050811;GO:0004890;GO:0022851;GO:0099507;GO:0038023;GO:1904315;GO:0008306;GO:0001662;GO:1902476;GO:0090102;GO:0007214;GO:1904862;GO:0060119;GO:0060384;GO:0060078;GO:0007165;GO:0051932
Q9UM73,ALK receptor tyrosine kinase,Testis,GO:0070062;GO:0005886;GO:0032991;GO:0043235;GO:0005524;GO:0008288;GO:0060175;GO:0005006;GO:0005007;GO:0005004;GO:0008201;GO:0005008;GO:0140801;GO:0035401;GO:0042802;GO:0005009;GO:0005010;GO:0005011;GO:0036332;GO:0005018;GO:0005019;GO:0004713;GO:0038062;GO:0030298;GO:0005020;GO:0004714;GO:0005005;GO:0005021;GO:0030534;GO:0007169;GO:0097009;GO:0021766;GO:0050995;GO:0048666;GO:0038083;GO:0016310;GO:1900006;GO:0051092;GO:0046777;GO:0042981;GO:0042127;GO:0060159;GO:0045664;GO:0090648;GO:0006950;GO:0007165;GO:0036269
Q8N715,Coiled-coil domain containing 185,Testis,
Q13491,Glycoprotein M6B,Brain,GO:0045121;GO:0043209;GO:0005886;GO:0019911;GO:0061564;GO:0022010;GO:0085029;GO:2000009;GO:0051612;GO:0007399;GO:0001503;GO:0030501;GO:0015031;GO:0032956;GO:0051893
Q6ZUT3,FERM domain containing 7,Kidney,GO:0005856;GO:0005829;GO:0005615;GO:0030426;GO:0043005;GO:0043025;GO:0005654;GO:0005886;GO:0005085;GO:0051497;GO:0007399;GO:0010592;GO:0051057;GO:0010975
Q9Y614,Actin like 7B,Testis,GO:0015629;GO:0005737;GO:0005634;GO:0005200
Q8NGZ9,Olfactory receptor family 2 subfamily T member 10,Kidney,GO:0005886;GO:0004930;GO:0004984;GO:0050911
P78369,Claudin 10,Kidney,GO:0005923;GO:0005737;GO:0005886;GO:0070160;GO:0042802;GO:0160187;GO:0005198;GO:0070830;GO:0016338;GO:0007155;GO:0006811;GO:0160184;GO:0043269
Q5HYA8,Transmembrane protein 67,Heart,GO:0005813;GO:0060170;GO:0035869;GO:0030659;GO:0005789;GO:0036038;GO:0031005;GO:0051082;GO:0060271;GO:0036503;GO:0010826;GO:0035567
Q9BSE5,Agmatinase,Kidney,GO:0005739;GO:0008783;GO:0004053;GO:0047971;GO:0047972;GO:0046872;GO:0097055;GO:0033389;GO:0000050
Q6ICH7,Aspartate beta-hydroxylase domain containing 2,Brain,GO:0016020;GO:0051213;GO:0046872
P24310,Cytochrome c oxidase subunit 7A1,Heart,GO:0005743;GO:0005739;GO:0098803;GO:0045277;GO:0004129;GO:0006091;GO:0006123;GO:0097250;GO:0002082
A0A1W2PP97,Thrombospondin type 1 domain containing 8,Testis,
A8MVX0,Rho guanine nucleotide exchange factor 33,Testis,GO:0005085
A0A1B0GTS1,"Heat shock transcription factor family, X-linked member 4",Testis,GO:0005634;GO:0003700;GO:0000978;GO:0006357
Q6PGQ1,Aspartate rich 1,Testis,
Q7RTP0,NIPA magnesium transporter 1,Brain,GO:0005769;GO:0016020;GO:0005886;GO:0015095;GO:0015693;GO:0055085
P80294,Metallothionein 1H,Liver,GO:0005737;GO:0005634;GO:0046872;GO:0008270;GO:0071276;GO:0071280;GO:0071294;GO:0010273;GO:0006882;GO:0045926
Q8N371,Lysine demethylase 8,Liver,GO:0005694;GO:0005829;GO:0005654;GO:0005634;GO:0004177;GO:0003682;GO:0004175;GO:0051864;GO:0046872;GO:0035064;GO:0002039;GO:0106157;GO:0032922;GO:0048144;GO:0000086;GO:0001701;GO:0045892;GO:0045893;GO:0031648;GO:0006508;GO:1901796
Q3SX64,Outer dense fiber of sperm tails 3 like 2,Testis,GO:0005881;GO:0005856
Q8NEY3,Spermatogenesis associated 4,Testis,GO:0005930;GO:0005634;GO:0008017;GO:0051493
Q8NHV9,Rhox homeobox family member 1,Testis,GO:0000785;GO:0005829;GO:0005654;GO:0005634;GO:0003677;GO:0003700;GO:0000981;GO:0000977;GO:1990837;GO:0030521;GO:0010628;GO:0006355;GO:0006357
P48048,Potassium inwardly rectifying channel subfamily J member 1,Kidney,GO:0034702;GO:0005886;GO:0005524;GO:0015272;GO:0005242;GO:0005546;GO:0005267;GO:1990573;GO:0034765
Q5JUK2,Spermatogenesis and oogenesis specific basic helix-loop-helix 1,Brain,GO:0000785;GO:0005737;GO:0005634;GO:0000981;GO:0046982;GO:0042803;GO:0000976;GO:0030154;GO:0009994;GO:0007283
P02787,Transferrin,Liver,GO:0016324;GO:0045178;GO:0009925;GO:0072562;GO:0009986;GO:0030669;GO:0005905;GO:0031410;GO:0005769;GO:0030139;GO:0005788;GO:0010008;GO:0070062;GO:0005576;GO:0005615;GO:1990712;GO:0005770;GO:0048471;GO:0005886;GO:0055037;GO:0034774;GO:0031982;GO:0019899;GO:0008199;GO:0008198;GO:0034986;GO:1990459;GO:0044325;GO:0007015;GO:0019731;GO:0071281;GO:0070371;GO:0006879;GO:0006826;GO:0060586;GO:0030316;GO:0045780;GO:2000147;GO:0045893;GO:0042327;GO:0032436;GO:0048260;GO:0034756;GO:0031647
Q9Y4D2,Diacylglycerol lipase alpha,Brain,GO:0005737;GO:0032590;GO:0032591;GO:0031901;GO:0005886;GO:0098839;GO:0045211;GO:0043196;GO:0004465;GO:0046872;GO:0047372;GO:0019369;GO:1901696;GO:0046340;GO:0006640;GO:0007405;GO:0150077;GO:0098921
Q9HCC0,Methylcrotonyl-CoA carboxylase subunit 2,Liver,GO:0005829;GO:1905202;GO:0005759;GO:0005739;GO:0005524;GO:0004485;GO:0009083;GO:0015936;GO:0006552
Q9Y5G6,"Protocadherin gamma subfamily A, 7",Brain,GO:0005886;GO:0005509;GO:0007155;GO:0007156;GO:0007399
Q9ULS6,Potassium voltage-gated channel modifier subfamily S member 2,Brain,GO:0016020;GO:0048471;GO:0005886;GO:0008076;GO:0015459;GO:0005249;GO:0001508;GO:0071805;GO:0006813;GO:0051260;GO:1901379
P23434,Glycine cleavage system protein H,Brain,GO:0005960;GO:0005759;GO:0005739;GO:0004047;GO:0006546;GO:0019464;GO:0009249
Q9ULW0,TPX2 microtubule nucleation factor,Testis,GO:0043203;GO:0005829;GO:0045171;GO:0005874;GO:0015630;GO:0072686;GO:0005654;GO:0005634;GO:0005819;GO:0000922;GO:0061676;GO:0060090;GO:0019901;GO:0032147;GO:0006915;GO:0051301;GO:0007020;GO:0000278;GO:0090307;GO:0007026;GO:0060236
P0C7Q6,Solute carrier family 35 member G6,Testis,GO:0016020
Q9HAR2,Adhesion G protein-coupled receptor L3,Brain,GO:0030424;GO:0005911;GO:0098978;GO:0016020;GO:0005886;GO:0005509;GO:0030246;GO:0004930;GO:0007189;GO:0007166;GO:0098742;GO:0007186;GO:0001764;GO:0007416
P53805,Regulator of calcineurin 1,Liver,GO:0005737;GO:0005634;GO:0008597;GO:0042802;GO:0003676;GO:0033173;GO:0019722;GO:0031987;GO:0070885;GO:0002931;GO:0006979;GO:0007614;GO:0048741
Q5JRC9,Family with sequence similarity 47 member A,Testis,
Q9BZE3,BarH like homeobox 1,Brain,GO:0000785;GO:0005634;GO:0001228;GO:0000981;GO:0000977;GO:1990837;GO:0030901;GO:1905586;GO:0001764;GO:1905584;GO:0006357;GO:0007605
Q8N7F7,Ubiquitin like 4B,Testis,GO:0005737;GO:1903955
Q9UBM8,MGAT4 family member C,Brain,GO:0000139;GO:0008375;GO:0008454;GO:0046872;GO:0006487;GO:0019082
Q9HD40,Sep (O-phosphoserine) tRNA:Sec (selenocysteine) tRNA synthase,Liver,GO:0005737;GO:0005829;GO:0005634;GO:0098621;GO:0000049;GO:0001717;GO:0001514
Q15327,Ankyrin repeat domain 1,Heart,GO:0005737;GO:0005829;GO:0001650;GO:0031674;GO:0005654;GO:0005634;GO:0005667;GO:0003677;GO:0042826;GO:0002039;GO:0070412;GO:0061629;GO:0031432;GO:0003713;GO:0003714;GO:0055008;GO:0071347;GO:0071222;GO:0071260;GO:0071560;GO:0071356;GO:0071466;GO:2000279;GO:0141212;GO:0043065;GO:0043517;GO:0050714;GO:0006357;GO:0035994;GO:0045214;GO:0035914
Q8TC99,Fibronectin type III domain containing 8,Testis,GO:0005634
Q9P121,Neurotrimin,Brain,GO:0005576;GO:0005886;GO:0098552;GO:0007155;GO:0008038
Q9Y5F7,"Protocadherin gamma subfamily C, 4",Brain,GO:0005886;GO:0005509;GO:0007155;GO:0007156;GO:0043524;GO:0007399;GO:0050808
P46821,Microtubule associated protein 1B,Brain,GO:0097440;GO:0030424;GO:0097441;GO:0005829;GO:0030425;GO:0043197;GO:0098978;GO:0030426;GO:0097457;GO:0005874;GO:0005875;GO:0043025;GO:0043204;GO:0048471;GO:0001750;GO:0005886;GO:0014069;GO:0036477;GO:0045202;GO:0043196;GO:0003779;GO:0008017;GO:0005543;GO:0044877;GO:0005198;GO:0048675;GO:0007409;GO:0071363;GO:0071375;GO:0016358;GO:0021700;GO:0061162;GO:0051915;GO:0001578;GO:0000226;GO:0047497;GO:0032387;GO:0007026;GO:0001764;GO:0031175;GO:0071895;GO:0014012;GO:0045773;GO:0031116;GO:0045666;GO:0031114;GO:0150052;GO:0009743;GO:0032355;GO:0017085;GO:0009612;GO:0033189;GO:0009410;GO:0007416
Q9H6Z9,Egl-9 family hypoxia inducible factor 3,Heart,GO:0005737;GO:0005829;GO:0005654;GO:0005634;GO:0016706;GO:0008198;GO:0160082;GO:0031418;GO:0031545;GO:0006915;GO:0071456;GO:0006974;GO:2001056;GO:0018126;GO:0042127;GO:0043523;GO:0001666
P02749,Apolipoprotein H,Liver,GO:0009986;GO:0042627;GO:0062023;GO:0070062;GO:0005576;GO:0005615;GO:0034364;GO:0031089;GO:0034361;GO:0008201;GO:0042802;GO:0008289;GO:0060230;GO:0005543;GO:0007597;GO:0016525;GO:0030195;GO:0010596;GO:0001937;GO:0051918;GO:0033033;GO:0034392;GO:0031639;GO:0030194;GO:0051006;GO:0051917;GO:0006641;GO:0034197
A0A1B0GVQ3,Coiled-coil domain containing 200,Testis,
Q8WW27,Apolipoprotein B mRNA editing enzyme catalytic polypeptide like 4,Testis,GO:0016787;GO:0046872;GO:0006397
Q9BWW8,Apolipoprotein L6,Liver,GO:0005737;GO:0005576;GO:0008289;GO:0006869;GO:0042157
Q5VTJ3,Kelch domain containing 7A,Kidney,GO:0016020
Q5SQI0,Alpha tubulin acetyltransferase 1,Brain,GO:0030424;GO:0005905;GO:0005829;GO:0005925;GO:0005794;GO:0005874;GO:0097427;GO:0072686;GO:0004468;GO:0019799;GO:0071929;GO:0060271;GO:0021542;GO:0000226;GO:0048666;GO:0044546;GO:1900227;GO:0045598;GO:0070507;GO:0009612;GO:0048265;GO:0007283
Q5SZJ8,BEN domain containing 6,Brain,GO:0005634;GO:0003682;GO:0003677;GO:0003714;GO:0045746;GO:0007399;GO:0045666
Q53TS8,C2 calcium dependent domain containing 6,Testis,GO:0036128;GO:0097228;GO:0030317;GO:0048240;GO:0007283;GO:0098876
P15313,ATPase H+ transporting V1 subunit B1,Kidney,GO:0016324;GO:0016323;GO:0005737;GO:0005829;GO:0070062;GO:0098850;GO:0016328;GO:0005902;GO:0016471;GO:0000221;GO:0005524;GO:0044877;GO:0015078;GO:0046961;GO:0030534;GO:0046034;GO:0055074;GO:0055064;GO:0042472;GO:0042048;GO:0001503;GO:0045851;GO:0055075;GO:0006693;GO:1902600;GO:0010468;GO:0016241;GO:0006885;GO:0035812;GO:0003096;GO:0097254;GO:0003091;GO:0007605;GO:0097401;GO:0007035;GO:0070072
P09417,Quinoid dihydropteridine reductase,Brain,GO:0005737;GO:0005829;GO:0070062;GO:0005739;GO:0004155;GO:0009055;GO:0070404;GO:0070402;GO:0006520;GO:0051066;GO:0006559;GO:0006729
P29034,S100 calcium binding protein A2,Kidney,GO:0005509;GO:0048306;GO:0042802;GO:0046914;GO:0043542
Q9BXF6,RAB11 family interacting protein 5,Testis,GO:0034451;GO:0005769;GO:0031901;GO:0005794;GO:0000139;GO:0043231;GO:0005741;GO:0005739;GO:0045335;GO:0055037;GO:0055038;GO:0030141;GO:0030658;GO:0043015;GO:0031267;GO:0071468;GO:0035773;GO:0070164;GO:0045055;GO:2000008
P58400,Neurexin 1,Brain,GO:0044295;GO:0009986;GO:0030139;GO:0005783;GO:0098982;GO:0098978;GO:0031594;GO:0043025;GO:0031965;GO:0005886;GO:0098793;GO:0042734;GO:0098635;GO:0098820;GO:0031982;GO:0048306;GO:0050839;GO:0046872;GO:0097109;GO:0005102;GO:0004888;GO:0005105;GO:0030534;GO:0098990;GO:0001525;GO:0016339;GO:0071277;GO:0021707;GO:0045184;GO:0097112;GO:0097116;GO:0097117;GO:0007157;GO:0007612;GO:0051490;GO:0010629;GO:0097118;GO:0007158;GO:0031175;GO:0048812;GO:0023041;GO:0097114;GO:0098989;GO:0043950;GO:0070374;GO:2000463;GO:0045743;GO:0010628;GO:1900075;GO:0051897;GO:1900738;GO:1905520;GO:1903078;GO:0051965;GO:0032230;GO:0051968;GO:0097119;GO:0097104;GO:0097105;GO:0035418;GO:0090126;GO:0097120;GO:0007165;GO:0035176;GO:0007416;GO:0097091;GO:0071625
Q11130,Fucosyltransferase 7,Brain,GO:0005794;GO:0032580;GO:0000139;GO:0016020;GO:0005802;GO:0017083;GO:0046920;GO:0008417;GO:0002361;GO:0006672;GO:0007566;GO:0036065;GO:0006954;GO:0042355;GO:0002522;GO:0002523;GO:0097022;GO:0009312;GO:0045785;GO:0022409;GO:1904996;GO:1903238;GO:1902624;GO:0006486;GO:0060353;GO:0022407;GO:0046626;GO:1903037;GO:1903236;GO:2000389;GO:0001807;GO:0072678
Q5JNZ3,Zinc finger protein 311,Testis,GO:0005634;GO:0000981;GO:0046872;GO:0000978;GO:0006357
Q14571,"Inositol 1,4,5-trisphosphate receptor type 2",Liver,GO:0005938;GO:0005783;GO:0005789;GO:0016020;GO:0005654;GO:0005886;GO:0031095;GO:0043235;GO:0016529;GO:0033017;GO:0030667;GO:0030658;GO:0005524;GO:0005509;GO:0015085;GO:0070679;GO:0005220;GO:0035091;GO:0097110;GO:0044325;GO:0071320;GO:0071361;GO:0051209;GO:0001666;GO:0007165
Q96KW9,Sperm acrosome associated 7,Testis,GO:0043160;GO:0001669;GO:0005576;GO:0007338
Q8IW70,Transmembrane protein 151B,Brain,GO:0016020
Q9NSC2,Spalt like transcription factor 1,Kidney,GO:0010369;GO:0005737;GO:0000792;GO:0005654;GO:0005634;GO:0008013;GO:0000981;GO:0001227;GO:0046872;GO:0000978;GO:0030325;GO:0001658;GO:0048566;GO:0042733;GO:0008406;GO:0007507;GO:0031129;GO:0001822;GO:0072073;GO:0060173;GO:0003337;GO:0045892;GO:0000122;GO:0021889;GO:0061034;GO:0021553;GO:0021983;GO:0045893;GO:0045944;GO:0030177;GO:0006357;GO:0001657;GO:0072092;GO:0003281
Q8IY82,Dynein regulatory complex subunit 7,Testis,GO:0005737;GO:0005856;GO:0031514;GO:0030317;GO:0007288;GO:0007283
Q6ZMN8,Cyclin I family member 2,Brain,GO:0000307;GO:0005737;GO:0005634;GO:0016538;GO:0000082
Q9H6Y5,"MAGI family member, X-linked",Liver,
Q8NA61,Chibby family member 2,Testis,GO:0031410;GO:0042802
P61966,Adaptor related protein complex 1 subunit sigma 1,Brain,GO:0030121;GO:0005905;GO:0030659;GO:0005829;GO:0005769;GO:0005794;GO:0000139;GO:0043231;GO:0005765;GO:0016020;GO:0032588;GO:0035615;GO:0110010;GO:0006886;GO:1903232;GO:0060155;GO:0006898;GO:0009615;GO:0016192
Q96NZ8,"WAP, follistatin/kazal, immunoglobulin, kunitz and netrin domain containing 1",Kidney,GO:0005615;GO:0048019;GO:0004867;GO:0050431;GO:0055001;GO:0030512;GO:0060021;GO:0001501;GO:0007179
Q6UWN8,Serine peptidase inhibitor Kazal type 6,Brain,GO:0005576;GO:0004867
P14672,Solute carrier family 2 member 4,Heart,GO:0005905;GO:0030136;GO:0030659;GO:0005829;GO:0012505;GO:0009897;GO:0070062;GO:0032593;GO:0016020;GO:0045121;GO:0005771;GO:0048471;GO:0005886;GO:0098793;GO:0042383;GO:0016529;GO:0030315;GO:0005802;GO:0030140;GO:0012506;GO:0055056;GO:0015304;GO:0010021;GO:0050873;GO:0005975;GO:0071456;GO:0032869;GO:0071470;GO:0071356;GO:0046323;GO:1904659;GO:0070837;GO:0042593;GO:0044381;GO:0007611;GO:0007616;GO:0031550;GO:0098694;GO:0045471;GO:0007614;GO:0150104;GO:0070343
P59768,G protein subunit gamma 2,Testis,GO:0070062;GO:0005834;GO:0016020;GO:0005886;GO:0045202;GO:0031681;GO:0007191;GO:0071870;GO:0071380;GO:0048144;GO:0007186
P07864,Lactate dehydrogenase C,Testis,GO:0005829;GO:0070062;GO:0005739;GO:0031514;GO:0005634;GO:1990204;GO:0004459;GO:0006754;GO:0030317;GO:0019244;GO:0006089;GO:0042867;GO:0006090
Q9HD64,X antigen family member 1B,Testis,
Q96GM1,Phospholipid phosphatase related 2,Brain,GO:0005886;GO:0008195;GO:0046839;GO:0006644;GO:0007165
Q9NP08,H6 family homeobox 1,Testis,GO:0000785;GO:0005634;GO:0003677;GO:0000981;GO:0001227;GO:0000977;GO:1990837;GO:0045892;GO:0006357
Q99932,Sperm associated antigen 8,Testis,GO:0001669;GO:0160111;GO:0005879;GO:0005737;GO:0001673;GO:0016020;GO:0005815;GO:0005634;GO:0036126;GO:0005819;GO:0008017;GO:0030154;GO:0030317;GO:0045944;GO:0007338;GO:0007283
Q9BXU8,Ferritin heavy chain like 17,Testis,GO:0005737;GO:0008199;GO:0008198;GO:0006879;GO:0006826
Q86SE5,RALY RNA binding protein like,Kidney,GO:0005654;GO:0005634;GO:0042802;GO:0003723
Q00535,Cyclin dependent kinase 5,Brain,GO:0030424;GO:0030054;GO:0000307;GO:0005737;GO:0005829;GO:0030425;GO:0030175;GO:0030426;GO:0030027;GO:0016020;GO:0031594;GO:0043005;GO:0043025;GO:0005654;GO:0005634;GO:0043204;GO:0005886;GO:0014069;GO:0098793;GO:0016533;GO:0004676;GO:0030549;GO:0004679;GO:0005524;GO:0004693;GO:0004677;GO:0005176;GO:0043125;GO:0004694;GO:0044024;GO:0072371;GO:1990244;GO:0035979;GO:0044025;GO:0140823;GO:0035175;GO:0044022;GO:0140855;GO:0035402;GO:0072354;GO:0140857;GO:0035403;GO:0044023;GO:0051879;GO:0016301;GO:0002039;GO:0004672;GO:0106310;GO:0004674;GO:0072518;GO:0004711;GO:0048156;GO:0050321;GO:0030036;GO:0048675;GO:0007409;GO:0048148;GO:0070509;GO:0051301;GO:0007160;GO:1904646;GO:0021954;GO:0021697;GO:0007268;GO:0022038;GO:0048813;GO:0060079;GO:0021766;GO:0006886;GO:0021819;GO:0000226;GO:0008045;GO:0030517;GO:0045786;GO:0045892;GO:0046826;GO:0031397;GO:0045861;GO:0031914;GO:0051402;GO:0030182;GO:0001764;GO:0031175;GO:0048709;GO:0018105;GO:0018107;GO:0016310;GO:0045956;GO:0043525;GO:0090314;GO:0035418;GO:0006468;GO:0032801;GO:0043113;GO:0042981;GO:0051726;GO:1901987;GO:0030334;GO:0061001;GO:0016241;GO:1903076;GO:0048167;GO:0051966;GO:1903421;GO:0048511;GO:0014044;GO:0019233;GO:0007519;GO:0007416;GO:0001963;GO:0035249;GO:0048488;GO:0016079;GO:0048489;GO:0008542
Q9HBZ2,Aryl hydrocarbon receptor nuclear translocator 2,Brain,GO:0034751;GO:0000785;GO:0005737;GO:0005654;GO:0005634;GO:0005667;GO:0017162;GO:0001228;GO:0003700;GO:0000981;GO:0046982;GO:0000978;GO:1990837;GO:0007420;GO:0007417;GO:0001701;GO:0045893;GO:0045944;GO:0006355;GO:0006357;GO:0001666
Q8TCT1,Phosphoethanolamine/phosphocholine phosphatase 1,Testis,GO:0005829;GO:0031012;GO:0065010;GO:0046872;GO:0016791;GO:0052731;GO:0052732;GO:0016462;GO:0030282;GO:0035630;GO:0001958;GO:0030500
Q07444,Killer cell lectin like receptor C3,Brain,GO:0009897;GO:0005886;GO:0043235;GO:0030246;GO:0004888;GO:0006968;GO:0045954;GO:0032814;GO:0002223
P09210,Glutathione S-transferase alpha 2,Liver,GO:0005829;GO:0070062;GO:0004364;GO:0030855;GO:0006749;GO:0006805
Q8N568,Doublecortin like kinase 2,Brain,GO:0005737;GO:0005856;GO:0004676;GO:0004679;GO:0005524;GO:0004677;GO:0004694;GO:0044024;GO:0072371;GO:1990244;GO:0035979;GO:0044025;GO:0140823;GO:0035175;GO:0044022;GO:0140855;GO:0035402;GO:0072354;GO:0140857;GO:0035403;GO:0044023;GO:0008017;GO:0106310;GO:0004674;GO:0072518;GO:0004711;GO:0021766;GO:0035556;GO:0000226;GO:1900181;GO:0034504;GO:0021860
P29803,Pyruvate dehydrogenase E1 subunit alpha 2,Testis,GO:0005759;GO:0005739;GO:0005730;GO:0005634;GO:0045254;GO:0046872;GO:0004739;GO:0034604;GO:0006086;GO:0006006;GO:0006090;GO:0006099
Q9NXB9,ELOVL fatty acid elongase 2,Liver,GO:0005783;GO:0005789;GO:0009922;GO:0036109;GO:0034625;GO:0034626;GO:0019367;GO:0043651;GO:0035338;GO:0030148;GO:0006636;GO:0042761
Q8IWE5,Pleckstrin homology and RUN domain containing M2,Brain,GO:0010008;GO:0005765;GO:0019894;GO:0007030;GO:0032418;GO:0042267;GO:0032880
Q8N841,Tubulin tyrosine ligase like 6,Testis,GO:0097731;GO:0036064;GO:0005829;GO:0005874;GO:0005524;GO:0046872;GO:0070739;GO:0106438;GO:0106437;GO:0015631;GO:0070740;GO:0001578;GO:0051013;GO:0003353;GO:0018095;GO:0060296
Q2TAP0,Golgin A7 family member B,Brain,GO:0000139;GO:0002178;GO:0005886;GO:0019899;GO:0006612
Q5U5X8,Family with sequence similarity 222 member A,Brain,
Q02779,Mitogen-activated protein kinase kinase kinase 10,Brain,GO:0005737;GO:0005524;GO:0043425;GO:0004706;GO:0042803;GO:0004672;GO:0106310;GO:0004674;GO:0003714;GO:0006915;GO:0007254;GO:0043433;GO:0045892;GO:0018105;GO:0018107;GO:0043065;GO:0046330;GO:0043507;GO:0046777;GO:0007165;GO:0007224
Q9NTU7,Cerebellin 4 precursor,Brain,GO:0062023;GO:0005576;GO:0005615;GO:0098982;GO:0098978;GO:0045202;GO:0043083;GO:1904862;GO:0009306;GO:0099550
Q8N9I0,Synaptotagmin 2,Brain,GO:0030424;GO:0042584;GO:0030669;GO:0031045;GO:0070382;GO:0005886;GO:0030672;GO:0061891;GO:0005544;GO:0043533;GO:0046872;GO:0000149;GO:0099502;GO:0030154;GO:1903861;GO:0017158;GO:2000300;GO:0016192
O75973,Complement C1q like 1,Brain,GO:0150053;GO:0044301;GO:0005581;GO:0005737;GO:0098793;GO:0043083;GO:0005102;GO:0007626;GO:0099558;GO:0061743;GO:0016322;GO:1905806
P21810,Biglycan,Heart,GO:0009986;GO:0062023;GO:0070062;GO:0031012;GO:0005576;GO:0005615;GO:0005796;GO:0043202;GO:0042383;GO:0030133;GO:0019955;GO:0050840;GO:0005201;GO:0030021;GO:0005539;GO:0061975;GO:0060348
O75044,SLIT-ROBO Rho GTPase activating protein 2,Brain,GO:0005737;GO:0005829;GO:0044327;GO:0030027;GO:0005634;GO:0045335;GO:0005886;GO:0014069;GO:0045211;GO:0005096;GO:0042802;GO:0042803;GO:0031267;GO:0051014;GO:0060996;GO:1904861;GO:0021816;GO:0046847;GO:1904862;GO:0003363;GO:0030336;GO:2001223;GO:0048812;GO:0043547;GO:0051056;GO:0007165;GO:0034446
Q8TD94,KLF transcription factor 14,Testis,GO:0000785;GO:0005634;GO:0003682;GO:0000981;GO:0046872;GO:0000978;GO:0043565;GO:1990837;GO:1902070;GO:0045944;GO:0006357
Q14D04,Ventricular zone expressed PH domain containing 1,Kidney,GO:0005886;GO:0010314;GO:0060392;GO:0030512;GO:0009966
H3BTG2,Testis expressed 46,Testis,GO:0007338
Q9NVF9,Ethanolamine kinase 2,Testis,GO:0005737;GO:0005829;GO:0005524;GO:0004305;GO:0001701;GO:0035264;GO:0006646;GO:0001890;GO:0009791
P53597,Succinate-CoA ligase GDP/ADP-forming subunit alpha,Kidney,GO:0005759;GO:0005739;GO:0009361;GO:0045244;GO:0000166;GO:0003723;GO:0004775;GO:0004776;GO:1901289;GO:0006099
Q8N475,Follistatin like 5,Brain,GO:0005576;GO:0005509;GO:0030154;GO:0030510
Q6ZUB1,SPATA31 subfamily E member 1,Testis,GO:0016020;GO:0030154;GO:0007283
Q969I6,Solute carrier family 38 member 4,Liver,GO:0031528;GO:0005886;GO:0015655;GO:0015171;GO:0005283;GO:0015179;GO:0061459;GO:0005295;GO:0003333;GO:0006865;GO:1904273;GO:0015804
Q86UN6,A-kinase anchoring protein 14,Testis,GO:0005930;GO:0005952;GO:0034237
P0C0L4,Complement C4A (Rodgers blood group),Liver,GO:0030424;GO:0072562;GO:0030425;GO:0005788;GO:0070062;GO:0005576;GO:0005615;GO:0043025;GO:0005886;GO:0045202;GO:0001849;GO:0004866;GO:0006956;GO:0006958;GO:0006954;GO:0045087;GO:2000427
Q3B7S5,Small integral membrane protein 21,Testis,GO:0016020
O96000,NADH:ubiquinone oxidoreductase subunit B10,Heart,GO:0005743;GO:0005739;GO:0045271;GO:0008137;GO:0009060;GO:0006120;GO:0032981;GO:0042776
P0DUX1,Speedy/RINGO cell cycle regulator family member E12,Testis,GO:0019901
A1L4L8,PLAC8 like 1,Testis,
Q6UXV1,IZUMO family member 2,Testis,GO:0016020
O95500,Claudin 14,Liver,GO:0005923;GO:0005783;GO:0005886;GO:0042802;GO:0005198;GO:0070830;GO:0016338;GO:0007155;GO:0065003
Q96M83,Coiled-coil domain containing 7,Testis,
Q9Y2T3,Guanine deaminase,Brain,GO:0005829;GO:0008892;GO:0008270;GO:0000255;GO:0043605;GO:0006161;GO:0046055;GO:0046038;GO:0006147;GO:0046098;GO:0007399;GO:0006139
P03891,Mitochondrially encoded NADH:ubiquinone oxidoreductase core subunit 2,Brain,GO:0005743;GO:0005739;GO:0045271;GO:0035255;GO:0008137;GO:0019901;GO:0009060;GO:0006120;GO:0032981;GO:0042776;GO:0072593;GO:0001666
Q8N9E0,Family with sequence similarity 133 member A,Brain,
Q86UD5,Solute carrier family 9 member B2,Liver,GO:0016324;GO:0016323;GO:0005743;GO:0031966;GO:0005739;GO:0005886;GO:0055037;GO:0055038;GO:0097228;GO:0030672;GO:0042802;GO:0010348;GO:0015385;GO:0072583;GO:0030317;GO:0098662;GO:0010351;GO:0034220;GO:2001206;GO:0061178;GO:0055078;GO:0006814
Q3ZCM7,Tubulin beta 8 class VIII,Testis,GO:0005737;GO:0070062;GO:0045171;GO:0072687;GO:0005874;GO:0015630;GO:0072686;GO:0005525;GO:0003924;GO:0046872;GO:0005200;GO:0000226;GO:0000278;GO:0001556;GO:0007056
Q8N1I0,Dedicator of cytokinesis 4,Brain,GO:0005737;GO:0005829;GO:0098978;GO:0005794;GO:0016020;GO:0005730;GO:0005886;GO:0098794;GO:0032420;GO:0032421;GO:0005096;GO:0005085;GO:0030165;GO:0030971;GO:0017124;GO:0031267;GO:0060326;GO:1904694;GO:1904754;GO:0150052;GO:0007264
Q8IZA3,H1.8 linker histone,Testis,GO:0005737;GO:0070062;GO:0000786;GO:0005634;GO:0003690;GO:0031492;GO:0030527;GO:0030261;GO:0040029;GO:0051321;GO:0045910;GO:0006334
P16118,"6-phosphofructo-2-kinase/fructose-2,6-biphosphatase 1",Liver,GO:0043540;GO:0005829;GO:0003873;GO:0005524;GO:0004331;GO:0070095;GO:0042802;GO:0019900;GO:0031100;GO:0006003;GO:0006000;GO:0006094;GO:0006096;GO:1904539;GO:1904540;GO:0051591;GO:0033762;GO:0051384;GO:0032868;GO:0042594
Q24JP5,Transmembrane protein 132A,Brain,GO:0005783;GO:0005788;GO:0005789;GO:0070062;GO:0000139;GO:0005886;GO:0042803;GO:0042177;GO:0061357;GO:0030177
Q8IYR6,Transmembrane protein with EGF like and two follistatin like domains 1,Testis,GO:0005886;GO:0141069;GO:0046597
Q5T8I9,HEN methyltransferase 1,Testis,GO:0005737;GO:0005634;GO:0043186;GO:0046872;GO:0008171;GO:0003723;GO:0008173;GO:0090486;GO:0034587;GO:0001510;GO:0030422
Q01814,ATPase plasma membrane Ca2+ transporting 2,Brain,GO:0016324;GO:0016323;GO:0005737;GO:0032591;GO:0070062;GO:0098982;GO:0098978;GO:0043231;GO:0032809;GO:0098688;GO:0005886;GO:0098839;GO:0048787;GO:0005524;GO:0016887;GO:0005509;GO:0005516;GO:0035254;GO:0046872;GO:0005388;GO:1905059;GO:0030165;GO:0006816;GO:0034220;GO:0003407;GO:0030182;GO:1903779;GO:0051480;GO:0007605
Q8WXA3,RUN and FYVE domain containing 2,Brain,GO:0005737;GO:0005768;GO:0005634;GO:0046872;GO:0017124;GO:0030100
O95452,Gap junction protein beta 6,Brain,GO:0005884;GO:0016324;GO:0030054;GO:0005922;GO:0005921;GO:0051015;GO:0048487;GO:0005243;GO:1903763;GO:0008017;GO:0007267;GO:0071333;GO:0042471;GO:0016264;GO:1990349;GO:0048839;GO:0035633;GO:0008285;GO:0051602;GO:0032496;GO:0007605;GO:0003163;GO:0055085
Q96FL8,Solute carrier family 47 member 1,Kidney,GO:0016324;GO:0016323;GO:0016020;GO:0005886;GO:0015297;GO:0015179;GO:0061459;GO:0015101;GO:0140968;GO:0015489;GO:0015234;GO:0022857;GO:0042910;GO:0089718;GO:1902475;GO:0097638;GO:0015695;GO:0015847;GO:0055085;GO:1990961;GO:0006855;GO:0042908
Q9H320,Variable charge X-linked,Testis,GO:0005730;GO:0005634;GO:0003682;GO:0007420;GO:0006325;GO:0042255;GO:0007283
Q96MN9,Zinc finger protein 488,Brain,GO:0005634;GO:0003677;GO:0046872;GO:0045892;GO:0014003;GO:0031643;GO:0048714;GO:0006355
Q8NCR6,Chromosome 9 open reading frame 24,Brain,GO:0160111;GO:0005829;GO:0002177;GO:0005739;GO:0005654;GO:0005634;GO:0048471;GO:0097225;GO:0043014;GO:0030154;GO:0030317;GO:0065003;GO:0007283
P17252,Protein kinase C alpha,Brain,GO:0035866;GO:0036064;GO:0005737;GO:0005829;GO:0005783;GO:0070062;GO:0031966;GO:0005739;GO:0005654;GO:0048471;GO:0005886;GO:0005524;GO:0004698;GO:0019992;GO:0004697;GO:0004699;GO:0019899;GO:0035403;GO:0005178;GO:0004672;GO:0106310;GO:0004674;GO:0008270;GO:0001525;GO:0097190;GO:0007155;GO:0002159;GO:0035556;GO:0007077;GO:0034351;GO:0018107;GO:0106071;GO:0045766;GO:0110063;GO:0043536;GO:0045780;GO:0010613;GO:0045785;GO:0030335;GO:2000707;GO:0010595;GO:0001938;GO:0070374;GO:0032024;GO:0031666;GO:0045651;GO:0045931;GO:0043687;GO:0006468;GO:0043488;GO:0090330;GO:0070555
Q5MJ09,SPANX family member N3,Testis,
Q9Y5P2,CSAG family member 3,Testis,GO:0009410
Q17RD7,Synaptotagmin 16,Testis,GO:0042802;GO:0005543
P00966,Argininosuccinate synthase 1,Liver,GO:0070852;GO:0005737;GO:0005829;GO:0070062;GO:0005741;GO:0005654;GO:0043204;GO:0016597;GO:0004055;GO:0005524;GO:0042802;GO:0003723;GO:0015643;GO:0006953;GO:0000053;GO:0006531;GO:0071418;GO:0071230;GO:0071242;GO:0071320;GO:0071549;GO:0071377;GO:0071499;GO:0071222;GO:0071400;GO:0071356;GO:0071346;GO:0007623;GO:0000052;GO:0060539;GO:0001822;GO:0006526;GO:0001889;GO:0007494;GO:1903038;GO:0045429;GO:0032355;GO:0060416;GO:0010046;GO:0007584;GO:0009410;GO:0010043;GO:0000050
P21108,Phosphoribosyl pyrophosphate synthetase 1 like 1,Testis,GO:0005737;GO:0005524;GO:0016301;GO:0000287;GO:0042803;GO:0004749;GO:0006015;GO:0008584;GO:0006164;GO:0009156
O15479,MAGE family member B2,Testis,GO:0005634;GO:0000122
Q14093,Cylicin 2,Testis,GO:0033150;GO:0005634;GO:0005200;GO:0030154;GO:0007283
Q8WXD9,CASK interacting protein 1,Brain,GO:0005737;GO:0098978;GO:0098794;GO:0042802;GO:0099151;GO:0007165
Q9NV56,MRG domain binding protein,Testis,GO:0035267;GO:0005654;GO:0000786;GO:0006325;GO:0045893;GO:1905168;GO:0042981;GO:0051726;GO:2000779;GO:0006357
A1L429,G antigen 12D,Testis,
Q9ULH4,Leucine rich repeat and fibronectin type III domain containing 2,Brain,GO:0009986;GO:0005886;GO:0098839;GO:0098793;GO:0098685;GO:0050804;GO:0099175
P11597,Cholesteryl ester transfer protein,Liver,GO:0070062;GO:0005576;GO:0005615;GO:0034364;GO:0031982;GO:0015485;GO:0120020;GO:0008289;GO:0031210;GO:0005548;GO:0017129;GO:0042632;GO:0008203;GO:0030301;GO:0034375;GO:0055088;GO:0006869;GO:0034374;GO:0010745;GO:0046470;GO:0055091;GO:0032376;GO:2001140;GO:0010874;GO:0043691;GO:0070328;GO:0006641;GO:0034197;GO:0034372
Q9H322,Variable charge X-linked 2,Testis,GO:0007420
P0DP42,Transmembrane protein 225B,Testis,GO:0016020
Q9BQM9,Chromosome 20 open reading frame 144,Testis,
Q969U6,F-box and WD repeat domain containing 5,Testis,GO:0080008;GO:0005737;GO:0005829;GO:0019005;GO:0019901;GO:0043161;GO:0016567;GO:0010824;GO:0007088;GO:0031146
Q9ULZ1,Apelin,Brain,GO:0005576;GO:0005615;GO:0031704;GO:0005179;GO:0005102;GO:0001525;GO:0060183;GO:0060976;GO:0042756;GO:0007369;GO:0006955;GO:0007595;GO:0045776;GO:0040037;GO:0010629;GO:1904706;GO:1904022;GO:0045823;GO:1902895;GO:1905564;GO:0007165
P38432,Coilin,Testis,GO:0015030;GO:0005829;GO:0001650;GO:0016020;GO:0016604;GO:0005730;GO:0005654;GO:0005634;GO:0042802;GO:0030619;GO:0030620;GO:0000387
Q6ZNE9,RUN and FYVE domain containing 4,Brain,GO:0005776;GO:0031410;GO:0046872;GO:0032266;GO:0000045;GO:0071353;GO:0016239
P43355,MAGE family member A1,Testis,GO:0005737;GO:0005634;GO:0005886;GO:0042826;GO:0045746;GO:0000122
P19883,Follistatin,Liver,GO:0005737;GO:0005576;GO:0005615;GO:0005634;GO:0048185;GO:0038102;GO:0043395;GO:0036305;GO:0030509;GO:0030154;GO:0008585;GO:0007276;GO:0031069;GO:0002244;GO:0043616;GO:0032926;GO:0030857;GO:0000122;GO:0042475;GO:0007389;GO:0051798;GO:0030510;GO:0014070;GO:0001501
Q04917,Tyrosine 3-monooxygenase/tryptophan 5-monooxygenase activation protein eta,Brain,GO:0150048;GO:0005737;GO:0005829;GO:0070062;GO:0014704;GO:0005739;GO:0005886;GO:0098793;GO:0003779;GO:0019899;GO:0042802;GO:0005159;GO:0035259;GO:0019904;GO:0046982;GO:0017080;GO:0044325;GO:0006713;GO:0006886;GO:0086010;GO:0050774;GO:0042921;GO:0045893;GO:0099171;GO:0008104;GO:0045664;GO:2000649;GO:0002028;GO:0048167;GO:0007165;GO:0021762
Q8NA31,Telomere repeat binding bouquet formation protein 1,Testis,GO:0000781;GO:0005637;GO:0070187;GO:1990918;GO:0007129;GO:0070197;GO:0045141
Q96KC9,"Calcium binding protein, spermatid associated 1",Testis,GO:0001669;GO:0005743;GO:0031514;GO:0097228;GO:0005509;GO:0030317;GO:0007283
Q8ND23,Capping protein regulator and myosin 1 linker 3,Brain,GO:0005737;GO:0098978;GO:0030027;GO:0005886;GO:0098794;GO:0016477;GO:0034315;GO:0150052
H3BNL8,Armadillo like helical domain containing 2,Testis,
Q9NQW5,PR/SET domain 7,Testis,GO:0005694;GO:0005634;GO:0046975;GO:0042800;GO:0010844;GO:0032259;GO:0010845;GO:0006355;GO:0010468
Q9H511,Kelch like family member 31,Heart,GO:0005737;GO:0005634;GO:0046329;GO:0001933
Q9UF33,EPH receptor A6,Testis,GO:0030425;GO:0005654;GO:0005886;GO:0005524;GO:0008288;GO:0060175;GO:0005006;GO:0005007;GO:0005004;GO:0005008;GO:0140801;GO:0035401;GO:0005009;GO:0005010;GO:0005011;GO:0036332;GO:0005018;GO:0005019;GO:0038062;GO:0005020;GO:0005005;GO:0005021;GO:0007411;GO:0048013
Q8IYE1,Coiled-coil domain containing 13,Testis,GO:0042995;GO:0034451;GO:0005813;GO:0005829;GO:0005654;GO:0031122;GO:0006974;GO:1905515
Q9GZP7,Vomeronasal 1 receptor 1,Brain,GO:0005886;GO:0016503;GO:0019236;GO:0007606
P08582,Melanotransferrin,Kidney,GO:0009986;GO:0005769;GO:0005788;GO:0070062;GO:0005576;GO:0005615;GO:0005886;GO:0055037;GO:0098552;GO:0005506;GO:0006826;GO:1900025;GO:0090091;GO:0010756
Q9BR09,Neuralized E3 ubiquitin protein ligase 2,Kidney,GO:0005829;GO:0061630;GO:0035556;GO:0016567
A6NG13,MGAT4 family member D,Testis,GO:0005783;GO:0005789;GO:0005793;GO:0000139;GO:0005795;GO:0008375;GO:0030154;GO:0060051;GO:0006487;GO:0007283
Q9UKB3,DnaJ heat shock protein family (Hsp40) member C12,Liver,GO:0005737
Q9NPD3,Exosome component 4,Testis,GO:0005737;GO:0000177;GO:0005829;GO:0000791;GO:0000178;GO:0043231;GO:0000176;GO:0101019;GO:0005730;GO:0005654;GO:0005634;GO:0000175;GO:0035925;GO:0003723;GO:0051607;GO:0045006;GO:0071044;GO:0000460;GO:0071028;GO:0000956;GO:0071051;GO:0030307;GO:0006401;GO:0006396;GO:0016075;GO:0006364;GO:0034475
Q2M243,Coiled-coil domain containing 27,Testis,
O94983,Calmodulin binding transcription activator 2,Brain,GO:0000785;GO:0005634;GO:0003682;GO:0003690;GO:0042826;GO:0043565;GO:0003713;GO:0003712;GO:0014898;GO:0045944;GO:0006357
Q14993,Collagen type XIX alpha 1 chain,Brain,GO:0005581;GO:0062023;GO:0005788;GO:0031012;GO:0005576;GO:0005615;GO:0005201;GO:0030020;GO:0030674;GO:0007155;GO:0030154;GO:0098609;GO:0030198;GO:0007519;GO:0001501
Q33E94,Regulatory factor X4,Testis,GO:0000785;GO:0005634;GO:0001228;GO:0000981;GO:0000978;GO:1990837;GO:0060271;GO:0045879;GO:0045944;GO:0070613;GO:0006357;GO:0021537
Q92698,RAD54 like,Testis,GO:0005654;GO:0005634;GO:0032991;GO:0005524;GO:0016887;GO:0036310;GO:0140849;GO:0140665;GO:0140584;GO:0061775;GO:0003689;GO:0015616;GO:0036121;GO:0061749;GO:0009378;GO:0046872;GO:1990518;GO:0008340;GO:0006310;GO:0006281;GO:0045003;GO:0051321;GO:0007131;GO:0010212;GO:0009410
Q6UWM9,UDP glucuronosyltransferase family 2 member A3,Liver,GO:0016020;GO:0015020;GO:0052695;GO:0008210
P32455,Guanylate binding protein 1,Liver,GO:0015629;GO:0005737;GO:0031410;GO:0030659;GO:0005829;GO:0005576;GO:0005794;GO:0000139;GO:0005886;GO:0106139;GO:0012506;GO:0003779;GO:0019955;GO:0019899;GO:0003925;GO:0019003;GO:0004382;GO:0005525;GO:0003924;GO:0051879;GO:0042802;GO:0001530;GO:1990606;GO:0042803;GO:0030507;GO:0071347;GO:0071356;GO:0071346;GO:0051715;GO:0042742;GO:0042832;GO:0051607;GO:0045087;GO:0070373;GO:0032703;GO:1903077;GO:1900025;GO:0050860;GO:0160075;GO:0140639;GO:0072665;GO:0050848;GO:1903076
Q9UQ05,Potassium voltage-gated channel subfamily H member 4,Brain,GO:0005886;GO:0008076;GO:0005249;GO:0071805;GO:0006813;GO:0042391
Q9H694,BicC family RNA binding protein 1,Kidney,GO:0005737;GO:0003723;GO:0007368;GO:0007507;GO:0001822;GO:0090090
Q96N03,V-set and transmembrane domain containing 2 like,Heart,GO:0005737;GO:0005576;GO:0016020;GO:0043524
Q969P0,Immunoglobulin superfamily member 8,Brain,GO:0070062;GO:0098686;GO:0043231;GO:0016020;GO:0005886;GO:0042734;GO:0038023;GO:0048870;GO:0007399;GO:0030335;GO:0007338;GO:0007519
Q9Y2T5,G protein-coupled receptor 52,Brain,GO:0005886;GO:0008020;GO:0004930;GO:0071482;GO:0007186;GO:0007626;GO:0007602;GO:0009410
Q9HAE3,Calaxin,Testis,GO:0005929;GO:0005737;GO:0005856;GO:0005509;GO:0003341;GO:0036158;GO:0003352;GO:1901317;GO:0009966
Q9BT88,Synaptotagmin 11,Brain,GO:0030424;GO:0030665;GO:0030425;GO:0043197;GO:0098691;GO:0032009;GO:0060076;GO:0070382;GO:0060077;GO:0005765;GO:0005764;GO:0043005;GO:0043204;GO:0001891;GO:0045335;GO:0005886;GO:0014069;GO:0098793;GO:0048787;GO:0055037;GO:0055038;GO:0045202;GO:0008021;GO:0005802;GO:0031982;GO:0048487;GO:0061891;GO:0005544;GO:0042802;GO:0046872;GO:0000149;GO:0031369;GO:0031625;GO:0006914;GO:1990927;GO:0099502;GO:0051650;GO:0007612;GO:0007613;GO:0001818;GO:0033602;GO:0045806;GO:0032715;GO:1903979;GO:0046929;GO:0050765;GO:0032720;GO:0001778;GO:1905171;GO:0017158;GO:1900424;GO:1905162;GO:1900242;GO:0006906;GO:0016192
Q9BX26,Synaptonemal complex protein 2,Testis,GO:0000779;GO:0000800;GO:0005634;GO:0000795;GO:0003677;GO:0006915;GO:0051301;GO:0035234;GO:0007143;GO:0009566;GO:0048808;GO:0007140;GO:0051598;GO:0043066;GO:0051093;GO:0007130
P05177,Cytochrome P450 family 1 subfamily A member 2,Liver,GO:0005789;GO:0043231;GO:0034875;GO:0032451;GO:0009055;GO:0019899;GO:0101020;GO:0101021;GO:0020037;GO:0106256;GO:0005506;GO:0004497;GO:0016491;GO:0016712;GO:0046222;GO:0009820;GO:0045333;GO:0071276;GO:0008203;GO:0018894;GO:0019373;GO:0008210;GO:0050665;GO:0042759;GO:0030324;GO:0032259;GO:0032787;GO:0016098;GO:0097267;GO:0070989;GO:0006778;GO:0009791;GO:0010468;GO:0042572;GO:0006706;GO:0009403;GO:0042178;GO:0006805
Q96FF9,Cell division cycle associated 5,Testis,GO:0000785;GO:0005694;GO:0000775;GO:0005737;GO:0005829;GO:0005654;GO:0005634;GO:0003682;GO:0044877;GO:0051301;GO:0006302;GO:0000278;GO:0007076;GO:0007080;GO:0007064;GO:0031536
Q8N967,Leucine rich repeats and transmembrane domains 2,Brain,GO:0016020;GO:0008201;GO:0048495;GO:0007411;GO:0050919;GO:0051965
B1AL88,NALCN channel auxiliary factor 1,Brain,GO:0005886;GO:0098703
O75154,RAB11 family interacting protein 3,Kidney,GO:0034451;GO:0005813;GO:0032154;GO:0005829;GO:0030139;GO:0030666;GO:0005768;GO:0000139;GO:0045171;GO:0043231;GO:0030496;GO:0005739;GO:0005654;GO:0098944;GO:0055037;GO:0055038;GO:0032588;GO:0005509;GO:0051959;GO:0042802;GO:0060090;GO:0042803;GO:0044877;GO:0030674;GO:0031267;GO:0051301;GO:0061502;GO:0032456;GO:0043001;GO:0070164;GO:0045724;GO:1903438;GO:0061512;GO:1905345;GO:1902017;GO:0032465;GO:1902954;GO:2001135;GO:1904779;GO:0060627;GO:0016192
A6NKF7,Transmembrane protein 88B,Brain,GO:0005886;GO:0090090
O14756,Hydroxysteroid 17-beta dehydrogenase 6,Liver,GO:0031901;GO:0005783;GO:0043231;GO:0047024;GO:0004745;GO:0047044;GO:0047023;GO:0003824;GO:0009055;GO:0004303;GO:0016491;GO:0047045;GO:0047035;GO:0006702;GO:0006710;GO:0062175;GO:0042572;GO:0008202
Q8TAE7,Potassium voltage-gated channel modifier subfamily G member 3,Brain,GO:0005783;GO:0016020;GO:0005886;GO:0008076;GO:0015459;GO:0005249;GO:0001508;GO:0071805;GO:0051260;GO:1901379;GO:0043266
P02787,Transferrin,Brain,GO:0016324;GO:0045178;GO:0009925;GO:0072562;GO:0009986;GO:0030669;GO:0005905;GO:0031410;GO:0005769;GO:0030139;GO:0005788;GO:0010008;GO:0070062;GO:0005576;GO:0005615;GO:1990712;GO:0005770;GO:0048471;GO:0005886;GO:0055037;GO:0034774;GO:0031982;GO:0019899;GO:0008199;GO:0008198;GO:0034986;GO:1990459;GO:0044325;GO:0007015;GO:0019731;GO:0071281;GO:0070371;GO:0006879;GO:0006826;GO:0060586;GO:0030316;GO:0045780;GO:2000147;GO:0045893;GO:0042327;GO:0032436;GO:0048260;GO:0034756;GO:0031647
P02790,Hemopexin,Liver,GO:0072562;GO:0062023;GO:0071682;GO:0070062;GO:0005576;GO:0005615;GO:0015232;GO:0046872;GO:0042168;GO:0015886;GO:0020027;GO:0006879;GO:0002925;GO:0002639;GO:0060335;GO:0051246;GO:0060333
P0DP58,Ly6/neurotoxin 1,Brain,GO:0030425;GO:0005783;GO:0005886;GO:0098552;GO:0045202;GO:0033130;GO:0030548;GO:0095500;GO:0099601
P07315,Crystallin gamma C,Testis,GO:0005737;GO:0005634;GO:0005212;GO:0002088;GO:0007601
Q96GL9,Family with sequence similarity 163 member A,Testis,GO:0016020
Q9BYF1,Angiotensin converting enzyme 2,Kidney,GO:0016324;GO:0031526;GO:0009986;GO:0005929;GO:0030666;GO:0005788;GO:0070062;GO:0005576;GO:0005615;GO:0016020;GO:0045121;GO:0005886;GO:0004180;GO:0004175;GO:0042802;GO:0008237;GO:0008241;GO:0001618;GO:0008270;GO:0002003;GO:0003051;GO:0097746;GO:0098670;GO:0060135;GO:0061025;GO:0070373;GO:2000272;GO:0048662;GO:0051957;GO:0060452;GO:1903598;GO:1905737;GO:2000379;GO:0019065;GO:0046813;GO:1903779;GO:0042127;GO:0001817;GO:0050727;GO:0003081;GO:0022898;GO:0019229;GO:0046718;GO:0015827;GO:0019058
Q9NS39,Adenosine deaminase RNA specific B2 (inactive),Brain,GO:0005737;GO:0005730;GO:0004000;GO:0003726;GO:0003725;GO:0046872;GO:0003723;GO:0003727;GO:0008251;GO:0006382;GO:0006397;GO:0006396
Q9Y463,Dual specificity tyrosine phosphorylation regulated kinase 1B,Testis,GO:0005694;GO:0005730;GO:0005654;GO:0005634;GO:0005524;GO:0140801;GO:0035401;GO:0004672;GO:0106310;GO:0004674;GO:0004712;GO:0003713;GO:0060612;GO:0006281;GO:0007520;GO:0045893;GO:0006468
P40225,Thrombopoietin,Liver,GO:0005576;GO:0005615;GO:0005125;GO:0008083;GO:0005179;GO:0005102;GO:0008283;GO:0097696;GO:0035855;GO:0030219;GO:0008284;GO:0070374;GO:1902035;GO:0043410;GO:0045654;GO:0051897;GO:0001934;GO:0038163
Q9UBL0,CAMP regulated phosphoprotein 21,Brain,GO:0005737;GO:0005516;GO:0003676
P19086,G protein subunit alpha z,Brain,GO:0044297;GO:0005737;GO:0030425;GO:0005783;GO:0005834;GO:0005635;GO:0005886;GO:0045202;GO:0010855;GO:0001664;GO:0031821;GO:0031683;GO:0005525;GO:0003924;GO:0046872;GO:0007193;GO:0007188;GO:0007186;GO:0098664;GO:0046676
Q969D9,Thymic stromal lymphopoietin,Liver,GO:0005576;GO:0005615;GO:0005125;GO:0005139;GO:0061844;GO:0007259;GO:0019221;GO:0050832;GO:0050829;GO:0038111;GO:0043066;GO:0008284;GO:0071654;GO:0032722;GO:0001961;GO:0071657;GO:0050729;GO:0032733;GO:0032736;GO:0032754;GO:0032755;GO:0033005;GO:1904894
Q13214,Semaphorin 3B,Brain,GO:0062023;GO:0005783;GO:0005576;GO:0005886;GO:0045499;GO:0038191;GO:0030215;GO:0007411;GO:0007267;GO:0061643;GO:0050919;GO:0001755;GO:0030335;GO:0071526
P55064,Aquaporin 5,Testis,GO:0016324;GO:0009925;GO:0030659;GO:0005783;GO:0070062;GO:0005902;GO:0005886;GO:0042802;GO:0015250;GO:0048593;GO:0015670;GO:0071476;GO:0042476;GO:0030157;GO:0051289;GO:0046541;GO:0006833
P03928,Mitochondrially encoded ATP synthase membrane subunit 8,Heart,GO:0005743;GO:0005739;GO:0045259;GO:0045263;GO:0015078;GO:0015986;GO:0042776
Q5QGS0,Neurite extension and migration factor,Brain,GO:0005829;GO:0030496;GO:0005654;GO:0005634;GO:0033629;GO:2000048;GO:0001953;GO:2001223;GO:0007399
Q8WY54,"Protein phosphatase, Mg2+/Mn2+ dependent 1E",Brain,GO:0005737;GO:0005730;GO:0005654;GO:0005634;GO:0032991;GO:0033192;GO:0140791;GO:1990439;GO:0046872;GO:0017018;GO:0004722;GO:0180006;GO:0180007;GO:0180008;GO:0180005;GO:0180004;GO:0071222;GO:0071466;GO:0006469;GO:0035970;GO:0051496;GO:0007165
Q02218,Oxoglutarate dehydrogenase,Heart,GO:0005759;GO:0031966;GO:0005739;GO:0005634;GO:0045252;GO:0046872;GO:0034602;GO:0004591;GO:0030976;GO:0006103;GO:0021695;GO:0006091;GO:0006096;GO:0021766;GO:0061034;GO:0021860;GO:0021756;GO:0006104;GO:0022028;GO:0021794;GO:0006099
O15335,Chondroadherin,Liver,GO:0031012;GO:0005615;GO:0060348;GO:1900155
Q16653,Myelin oligodendrocyte glycoprotein,Brain,GO:0009897;GO:0005886;GO:0005102;GO:0001618;GO:0007155;GO:0007417;GO:0001817;GO:0050852
A8MYA2,Chromosome X open reading frame 49B,Testis,
B2RV13,CFAP97 domain containing 1,Testis,GO:0007288
P13637,ATPase Na+/K+ transporting subunit alpha 3,Brain,GO:0030424;GO:0005783;GO:1903561;GO:0005794;GO:0016020;GO:0098984;GO:0043025;GO:0032809;GO:0031090;GO:0001917;GO:0060342;GO:0005886;GO:0005890;GO:0045202;GO:0001540;GO:0005524;GO:0016887;GO:0046872;GO:0005391;GO:0051087;GO:1990239;GO:0086064;GO:1904646;GO:0071383;GO:0030007;GO:0006883;GO:1990535;GO:1990573;GO:1902600;GO:0060075;GO:1903416;GO:0036376
Q7L8S5,OTU deubiquitinase 6A,Testis,GO:0004843;GO:0035871;GO:1990167;GO:0035523;GO:1990168;GO:0006508
Q6UXY1,BAR/IMD domain containing adaptor protein 2 like 2,Kidney,GO:0044291;GO:0071439;GO:0030659;GO:0005829;GO:0005654;GO:0005886;GO:0012506;GO:0005543;GO:0051764;GO:0051017;GO:0061024;GO:0007009;GO:0030838
Q9H106,Signal regulatory protein delta,Testis,GO:0005576;GO:0005886
Q16849,Protein tyrosine phosphatase receptor type N,Brain,GO:0043679;GO:0005768;GO:0005794;GO:0043025;GO:0005634;GO:0043204;GO:0005886;GO:0030141;GO:0045202;GO:0030658;GO:0030507;GO:0008134;GO:0044389;GO:1990502;GO:0030073;GO:0035773;GO:0001553;GO:0045944;GO:1904692;GO:0051046;GO:0000302
Q6ZMT1,SH3 and cysteine rich domain 2,Brain,GO:0009898;GO:0005829;GO:0042383;GO:0046872;GO:1903078;GO:1901387;GO:0003009
O60262,G protein subunit gamma 7,Brain,GO:0070062;GO:0005834;GO:0005886;GO:0045202;GO:0031681;GO:0001662;GO:0007186;GO:0007626;GO:0007168;GO:0008277
Q9BVV2,Fibronectin type III domain containing 11,Testis,
Q5TBE3,Chromosome 9 open reading frame 153,Testis,
Q5T871,Late cornified envelope like proline rich 1,Testis,
Q96N16,Janus kinase and microtubule interacting protein 1,Brain,GO:0005737;GO:0016020;GO:0005874;GO:1990904;GO:0050811;GO:0019900;GO:0008017;GO:0003723;GO:0050890;GO:0015031
Q9C0H5,Rho GTPase activating protein 39,Brain,GO:0005737;GO:0005856;GO:0005829;GO:0098978;GO:0005634;GO:0005096;GO:0099173;GO:0051056;GO:0007165
Q07866,Kinesin light chain 1,Brain,GO:0005737;GO:0031410;GO:0005829;GO:0030426;GO:0005871;GO:0016020;GO:0005874;GO:0003774;GO:0019894;GO:0007155;GO:0007018;GO:0035617
A2VDF0,Fucose mutarotase,Liver,GO:0005829;GO:0042806;GO:0036373;GO:0016857;GO:0006004;GO:0036065
P23276,Kell metallo-endopeptidase (Kell blood group),Testis,GO:0005829;GO:0005794;GO:0016020;GO:0005654;GO:0005886;GO:0046872;GO:0004222;GO:0051649;GO:0006874;GO:0010961;GO:0042552;GO:1901380;GO:0071805;GO:0016485;GO:0031133;GO:0008361;GO:0048741;GO:0042310
Q9H0X6,Ring finger protein 208,Brain,GO:0005829;GO:0005654;GO:0046872;GO:0061630;GO:0004842;GO:0051865;GO:0016567
P43358,MAGE family member A4,Testis,GO:0005634;GO:0042826;GO:0043066;GO:0000122;GO:0045787
Q9NPD5,Solute carrier organic anion transporter family member 1B3,Liver,GO:0009925;GO:0016323;GO:0005886;GO:0015125;GO:0008514;GO:0004867;GO:0015347;GO:0015721;GO:0042167;GO:0006811;GO:0015711;GO:0043252;GO:0006805
P34998,Corticotropin releasing hormone receptor 1,Brain,GO:0005768;GO:0098978;GO:0016020;GO:0043005;GO:0005886;GO:0098839;GO:0015056;GO:0051424;GO:0043404;GO:0008528;GO:0004930;GO:0007190;GO:0007189;GO:0030325;GO:0048149;GO:0007166;GO:0071376;GO:0051458;GO:0035640;GO:0042596;GO:0007565;GO:0051867;GO:0006955;GO:1901386;GO:0007567;GO:2000852
Q8WW59,SPRY domain containing 4,Liver,GO:0005739;GO:0005634
Q6L8G9,Keratin associated protein 5-6,Liver,GO:0005829;GO:0005882
O00570,SRY-box transcription factor 1,Brain,GO:0000785;GO:0005634;GO:0003677;GO:0001228;GO:0003700;GO:0000981;GO:0000978;GO:0007420;GO:1990830;GO:0006325;GO:0021884;GO:1904936;GO:0002089;GO:0000122;GO:0030182;GO:0045944;GO:0006355;GO:0048713;GO:0021521
Q15466,Nuclear receptor subfamily 0 group B member 2,Liver,GO:0000785;GO:0005737;GO:0043231;GO:0005654;GO:0005634;GO:0032991;GO:0046965;GO:0046966;GO:0042975;GO:0019904;GO:0042803;GO:0044877;GO:0003714;GO:0140416;GO:0031100;GO:0015721;GO:0008203;GO:0032922;GO:0007623;GO:0043433;GO:0045892;GO:0010629;GO:0000122;GO:0007219;GO:0045893;GO:0010628;GO:0032024;GO:0045471;GO:0009749;GO:0014070
Q8N695,Solute carrier family 5 member 8,Kidney,GO:0016324;GO:0070062;GO:0000811;GO:0005886;GO:0160081;GO:0015129;GO:0140161;GO:0008028;GO:0005343;GO:0015552;GO:0006846;GO:0006915;GO:0006821;GO:0015705;GO:0015727;GO:0006811;GO:0034356;GO:2001142;GO:0015706;GO:0015730;GO:0006848;GO:0006814
O94967,WD repeat domain 47,Brain,GO:0005737;GO:0030425;GO:0030426;GO:0005874;GO:0043025;GO:0008344;GO:0021960;GO:0006914;GO:0021801;GO:0022038;GO:0120168;GO:0000226;GO:0061744;GO:0007026;GO:0061351;GO:0097150
Q8N4F4,Solute carrier family 22 member 24,Kidney,GO:0005886;GO:0022857;GO:0006811;GO:0015711;GO:0008202;GO:0035382
Q6XR72,Solute carrier family 30 member 10,Liver,GO:0005769;GO:0031901;GO:0005794;GO:0000139;GO:0016020;GO:0005886;GO:0055037;GO:0055038;GO:0140983;GO:0005384;GO:0005385;GO:1904385;GO:0010312;GO:0007173;GO:0030026;GO:0006882;GO:0140048;GO:0006828;GO:0070374;GO:0062111;GO:0071577
Q03014,Hematopoietically expressed homeobox,Liver,GO:0000785;GO:0005737;GO:0016604;GO:0005634;GO:0032993;GO:0008301;GO:0001228;GO:0000981;GO:0140297;GO:0001227;GO:0008190;GO:0042803;GO:0000978;GO:0043565;GO:0017025;GO:0000976;GO:0009952;GO:0030183;GO:0030154;GO:0071103;GO:0006406;GO:0016525;GO:0045736;GO:0045892;GO:0010944;GO:0000122;GO:0010621;GO:0030948;GO:0016973;GO:0090263;GO:0045893;GO:0045944;GO:0030177;GO:0034504;GO:0070663;GO:0006357;GO:0016055
O00444,Polo like kinase 4,Testis,GO:0005814;GO:0005813;GO:0032154;GO:0005829;GO:0098536;GO:0005730;GO:0005634;GO:0120098;GO:0120099;GO:0001741;GO:0005524;GO:0042802;GO:0106310;GO:0004674;GO:0007099;GO:0060271;GO:0098535;GO:0046601;GO:0006468;GO:0060707
Q92629,Sarcoglycan delta,Heart,GO:0005856;GO:0016010;GO:0005886;GO:0016012;GO:0042383;GO:0016529;GO:0055074;GO:0019722;GO:0086003;GO:0055013;GO:0048738;GO:0060977;GO:0060047;GO:0007517;GO:0031503
Q16822,"Phosphoenolpyruvate carboxykinase 2, mitochondrial",Liver,GO:0005759;GO:0005739;GO:0005525;GO:0030145;GO:0004613;GO:0004611;GO:0071549;GO:0071333;GO:0032869;GO:0071356;GO:0006094;GO:0046327;GO:0070365;GO:0006116;GO:0006107;GO:0032024;GO:0019543;GO:0032496;GO:0042594
A6NC42,Developmental pluripotency associated 5,Testis,GO:0005737;GO:0003729;GO:0010468
B1AK53,Espin,Testis,GO:0005903;GO:0005737;GO:0031941;GO:0005902;GO:0032420;GO:0032426;GO:0051015;GO:0017124;GO:0051017;GO:0030034;GO:0007605
Q8WZ42,Titin,Heart,GO:0000794;GO:0005829;GO:0070062;GO:0005576;GO:0031674;GO:0031430;GO:0005865;GO:0030018;GO:0004676;GO:0051015;GO:0042805;GO:0004679;GO:0005524;GO:0005509;GO:0005516;GO:0004677;GO:0019899;GO:0004694;GO:0044024;GO:0072371;GO:1990244;GO:0035979;GO:0044025;GO:0140823;GO:0035175;GO:0044022;GO:0140855;GO:0035402;GO:0072354;GO:0140857;GO:0035403;GO:0044023;GO:0042802;GO:0051371;GO:0002020;GO:0042803;GO:0019901;GO:0019887;GO:0106310;GO:0004674;GO:0004713;GO:0072518;GO:0004711;GO:0008307;GO:0097493;GO:0031433;GO:0055013;GO:0060048;GO:0003300;GO:0055008;GO:0055003;GO:0035995;GO:0007076;GO:0006936;GO:0010628;GO:0050714;GO:0010737;GO:0051592;GO:0045214;GO:0048769;GO:0030241;GO:0030240;GO:0006941
P47898,5-hydroxytryptamine receptor 5A,Brain,GO:0030425;GO:0043204;GO:0005886;GO:0099634;GO:0004993;GO:0001586;GO:0030594;GO:0051378;GO:0099589;GO:0007189;GO:0007198;GO:0007268;GO:0007186;GO:0007187;GO:0021766;GO:0032355
